Recall,FP_h,TP,FP,evaluator,th,alpha,pctl
0.049265341400172864,16.084257206208427,57,403,eval_at,0.41558820636430954,0.0,70.0
0.049265341400172864,15.964523281596454,57,400,eval_at,0.4203068656684982,0.0,70.1
0.05012964563526361,16.084257206208427,58,403,eval_at,0.4255244876850884,0.0,70.19999999999999
0.05012964563526361,16.124168514412418,58,404,eval_at,0.42895647627160405,0.0,70.29999999999998
0.05012964563526361,16.084257206208427,58,403,eval_at,0.4336947790907851,0.0,70.39999999999998
0.05012964563526361,16.283813747228383,58,408,eval_at,0.4375834931093561,0.0,70.49999999999997
0.04840103716508211,16.403547671840357,56,411,eval_at,0.44208623203124836,0.0,70.59999999999997
0.04840103716508211,16.483370288248338,56,413,eval_at,0.44537958462797217,0.0,70.69999999999996
0.04840103716508211,16.243902439024392,56,407,eval_at,0.44947651153267787,0.0,70.79999999999995
0.04840103716508211,16.243902439024392,56,407,eval_at,0.4531551070233486,0.0,70.89999999999995
0.046672428694900604,16.124168514412418,54,404,eval_at,0.45771036742349586,0.0,70.99999999999994
0.045808124459809856,16.084257206208427,53,403,eval_at,0.4612793753034556,0.0,71.09999999999994
0.045808124459809856,15.964523281596454,53,400,eval_at,0.46676184888558364,0.0,71.19999999999993
0.046672428694900604,16.044345898004437,54,402,eval_at,0.4711492527646485,0.0,71.29999999999993
0.045808124459809856,16.044345898004437,53,402,eval_at,0.47562740896883615,0.0,71.39999999999992
0.045808124459809856,16.124168514412418,53,404,eval_at,0.4812525548156463,0.0,71.49999999999991
0.045808124459809856,16.004434589800443,53,401,eval_at,0.48570248075637934,0.0,71.59999999999991
0.045808124459809856,15.924611973392462,53,399,eval_at,0.4896446667506674,0.0,71.6999999999999
0.045808124459809856,16.044345898004437,53,402,eval_at,0.4950199420191521,0.0,71.7999999999999
0.046672428694900604,16.004434589800443,54,401,eval_at,0.49995443325318006,0.0,71.89999999999989
0.04753673292999136,16.164079822616408,55,405,eval_at,0.5040273989087831,0.0,71.99999999999989
0.04840103716508211,16.283813747228383,56,408,eval_at,0.5103225165578853,0.0,72.09999999999988
0.04840103716508211,16.203991130820402,56,406,eval_at,0.5166745603892863,0.0,72.19999999999987
0.04840103716508211,16.164079822616408,56,405,eval_at,0.5209503998340484,0.0,72.29999999999987
0.04840103716508211,16.243902439024392,56,407,eval_at,0.52483682988768,0.0,72.39999999999986
0.04840103716508211,15.924611973392462,56,399,eval_at,0.5294430684683875,0.0,72.49999999999986
0.04840103716508211,15.884700665188472,56,398,eval_at,0.5345130694186978,0.0,72.59999999999985
0.049265341400172864,15.84478935698448,57,397,eval_at,0.5386540925434149,0.0,72.69999999999985
0.04840103716508211,15.884700665188472,56,398,eval_at,0.5430989443788953,0.0,72.79999999999984
0.05012964563526361,15.80487804878049,58,396,eval_at,0.5488243033216741,0.0,72.89999999999984
0.05012964563526361,15.80487804878049,58,396,eval_at,0.5530528985235503,0.0,72.99999999999983
0.05012964563526361,15.964523281596454,58,400,eval_at,0.5579071691576724,0.0,73.09999999999982
0.049265341400172864,15.884700665188472,57,398,eval_at,0.5628981534756208,0.0,73.19999999999982
0.05012964563526361,15.605321507760534,58,391,eval_at,0.5673266411798787,0.0,73.29999999999981
0.05012964563526361,15.645232815964524,58,392,eval_at,0.5735486334602866,0.0,73.3999999999998
0.05012964563526361,15.80487804878049,58,396,eval_at,0.5790275503556976,0.0,73.4999999999998
0.052722558340535866,15.80487804878049,61,396,eval_at,0.5833689166744004,0.0,73.5999999999998
0.052722558340535866,15.924611973392462,61,399,eval_at,0.5882056686338433,0.0,73.69999999999979
0.052722558340535866,15.84478935698448,61,397,eval_at,0.5935586661844733,0.0,73.79999999999978
0.05185825410544512,15.964523281596454,60,400,eval_at,0.5982205599654716,0.0,73.89999999999978
0.05185825410544512,16.203991130820402,60,406,eval_at,0.6036874980699434,0.0,73.99999999999977
0.052722558340535866,15.924611973392462,61,399,eval_at,0.6087241744673572,0.0,74.09999999999977
0.05358686257562662,16.044345898004437,62,402,eval_at,0.6136070967494961,0.0,74.19999999999976
0.05358686257562662,15.725055432372507,62,394,eval_at,0.6177913112991168,0.0,74.29999999999976
0.05445116681071737,15.645232815964524,63,392,eval_at,0.623646779442427,0.0,74.39999999999975
0.05445116681071737,15.685144124168515,63,393,eval_at,0.6298727874128195,0.0,74.49999999999974
0.055315471045808126,15.764966740576497,64,395,eval_at,0.6343425829521657,0.0,74.59999999999974
0.055315471045808126,15.725055432372507,64,394,eval_at,0.6401804299245256,0.0,74.69999999999973
0.055315471045808126,15.764966740576497,64,395,eval_at,0.6452014336463258,0.0,74.79999999999973
0.055315471045808126,15.685144124168515,64,393,eval_at,0.650149674993451,0.0,74.89999999999972
0.055315471045808126,15.685144124168515,64,393,eval_at,0.6549485801216566,0.0,74.99999999999972
0.055315471045808126,15.764966740576497,64,395,eval_at,0.6585385839357425,0.0,75.09999999999971
0.055315471045808126,15.84478935698448,64,397,eval_at,0.6632318306962343,0.0,75.1999999999997
0.055315471045808126,15.685144124168515,64,393,eval_at,0.6685316900536051,0.0,75.2999999999997
0.056179775280898875,15.685144124168515,65,393,eval_at,0.6731255725244493,0.0,75.3999999999997
0.05790838375108038,15.764966740576497,67,395,eval_at,0.676941652121851,0.0,75.49999999999969
0.05790838375108038,15.725055432372507,67,394,eval_at,0.682615287906101,0.0,75.59999999999968
0.05790838375108038,15.725055432372507,67,394,eval_at,0.6899371531123225,0.0,75.69999999999968
0.058772687986171135,15.80487804878049,68,396,eval_at,0.6942551157911072,0.0,75.79999999999967
0.059636992221261884,15.645232815964524,69,392,eval_at,0.6992627155161052,0.0,75.89999999999966
0.058772687986171135,15.764966740576497,68,395,eval_at,0.7044456555361622,0.0,75.99999999999966
0.058772687986171135,15.84478935698448,68,397,eval_at,0.7098675152775663,0.0,76.09999999999965
0.059636992221261884,15.884700665188472,69,398,eval_at,0.7157878987570973,0.0,76.19999999999965
0.06050129645635264,16.084257206208427,70,403,eval_at,0.7196635289795676,0.0,76.29999999999964
0.06050129645635264,16.283813747228383,70,408,eval_at,0.7235907664497444,0.0,76.39999999999964
0.06050129645635264,16.363636363636363,70,410,eval_at,0.7289311025136269,0.0,76.49999999999963
0.06050129645635264,16.283813747228383,70,408,eval_at,0.7342708900745445,0.0,76.59999999999962
0.06136560069144339,16.443458980044348,71,412,eval_at,0.7393324634218242,0.0,76.69999999999962
0.06136560069144339,16.363636363636363,71,410,eval_at,0.7441319555102471,0.0,76.79999999999961
0.06222990492653414,16.164079822616408,72,405,eval_at,0.7511719059399445,0.0,76.89999999999961
0.06136560069144339,16.203991130820402,71,406,eval_at,0.7555446339867231,0.0,76.9999999999996
0.06136560069144339,16.004434589800443,71,401,eval_at,0.7614783131699858,0.0,77.0999999999996
0.06222990492653414,15.964523281596454,72,400,eval_at,0.7677586318838237,0.0,77.19999999999959
0.06050129645635264,16.164079822616408,70,405,eval_at,0.7715687072875509,0.0,77.29999999999959
0.06222990492653414,16.124168514412418,72,404,eval_at,0.7766472372198132,0.0,77.39999999999958
0.06136560069144339,16.004434589800443,71,401,eval_at,0.7825783038205474,0.0,77.49999999999957
0.06050129645635264,15.80487804878049,70,396,eval_at,0.7874662518863309,0.0,77.59999999999957
0.06222990492653414,15.84478935698448,72,397,eval_at,0.7927371788439307,0.0,77.69999999999956
0.06136560069144339,15.964523281596454,71,400,eval_at,0.7983539542556224,0.0,77.79999999999956
0.06050129645635264,16.044345898004437,70,402,eval_at,0.8047800557254173,0.0,77.89999999999955
0.06136560069144339,15.884700665188472,71,398,eval_at,0.8101654639608814,0.0,77.99999999999955
0.059636992221261884,16.044345898004437,69,402,eval_at,0.8149162708530394,0.0,78.09999999999954
0.059636992221261884,15.84478935698448,69,397,eval_at,0.8186641400347487,0.0,78.19999999999953
0.06309420916162489,15.84478935698448,73,397,eval_at,0.8231779361864162,0.0,78.29999999999953
0.06395851339671564,15.685144124168515,74,393,eval_at,0.8279457746692034,0.0,78.39999999999952
0.06309420916162489,15.685144124168515,73,393,eval_at,0.8325679665559913,0.0,78.49999999999952
0.06309420916162489,15.725055432372507,73,394,eval_at,0.8365471768662233,0.0,78.59999999999951
0.06309420916162489,15.80487804878049,73,396,eval_at,0.8420247901303413,0.0,78.6999999999995
0.06309420916162489,15.80487804878049,73,396,eval_at,0.846585749917844,0.0,78.7999999999995
0.06309420916162489,15.924611973392462,73,399,eval_at,0.8521410905995743,0.0,78.8999999999995
0.06395851339671564,16.164079822616408,74,405,eval_at,0.8576282076151294,0.0,78.99999999999949
0.06395851339671564,16.203991130820402,74,406,eval_at,0.8629311611581381,0.0,79.09999999999948
0.06482281763180639,16.124168514412418,75,404,eval_at,0.8689035735960868,0.0,79.19999999999948
0.06568712186689715,16.124168514412418,76,404,eval_at,0.8740513842324663,0.0,79.29999999999947
0.0665514261019879,16.164079822616408,77,405,eval_at,0.8784433031505243,0.0,79.39999999999947
0.0665514261019879,16.124168514412418,77,404,eval_at,0.8825275635464034,0.0,79.49999999999946
0.0665514261019879,16.283813747228383,77,408,eval_at,0.8877705200033142,0.0,79.59999999999945
0.0665514261019879,16.283813747228383,77,408,eval_at,0.8928624640605457,0.0,79.69999999999945
0.06482281763180639,16.363636363636363,75,410,eval_at,0.8976214712636078,0.0,79.79999999999944
0.06568712186689715,16.483370288248338,76,413,eval_at,0.9026043296302736,0.0,79.89999999999944
0.06568712186689715,16.363636363636363,76,410,eval_at,0.9071461495084164,0.0,79.99999999999943
0.06568712186689715,16.243902439024392,76,407,eval_at,0.9133227958401596,0.0,80.09999999999943
0.0665514261019879,16.203991130820402,77,406,eval_at,0.918949033632605,0.0,80.19999999999942
0.06568712186689715,16.363636363636363,76,410,eval_at,0.9241929086918682,0.0,80.29999999999941
0.06482281763180639,16.483370288248338,75,413,eval_at,0.9290466872023339,0.0,80.39999999999941
0.06482281763180639,16.483370288248338,75,413,eval_at,0.9332867848528899,0.0,80.4999999999994
0.06309420916162489,16.563192904656322,73,415,eval_at,0.9379359903486421,0.0,80.5999999999994
0.06309420916162489,16.762749445676278,73,420,eval_at,0.9421829621363693,0.0,80.69999999999939
0.06309420916162489,16.762749445676278,73,420,eval_at,0.947291684534079,0.0,80.79999999999939
0.06309420916162489,16.84257206208426,73,422,eval_at,0.9522220143554082,0.0,80.89999999999938
0.06222990492653414,16.962305986696233,72,425,eval_at,0.9580622526134824,0.0,80.99999999999937
0.06136560069144339,17.16186252771619,71,430,eval_at,0.9633685219961539,0.0,81.09999999999937
0.06050129645635264,17.16186252771619,70,430,eval_at,0.9689626309776591,0.0,81.19999999999936
0.06050129645635264,17.24168514412417,70,432,eval_at,0.9736910067922546,0.0,81.29999999999936
0.06050129645635264,16.922394678492243,70,424,eval_at,0.9798635161609227,0.0,81.39999999999935
0.06050129645635264,16.84257206208426,70,422,eval_at,0.9850836308499378,0.0,81.49999999999935
0.06136560069144339,16.722838137472284,71,419,eval_at,0.9904428887763977,0.0,81.59999999999934
0.06136560069144339,16.643015521064303,71,417,eval_at,0.995184471211539,0.0,81.69999999999933
0.06222990492653414,16.563192904656322,72,415,eval_at,0.9997874228658058,0.0,81.79999999999933
0.06309420916162489,16.443458980044348,73,412,eval_at,1.004774260023674,0.0,81.89999999999932
0.06222990492653414,16.603104212860313,72,416,eval_at,1.01071027689044,0.0,81.99999999999932
0.06136560069144339,16.603104212860313,71,416,eval_at,1.0152430807834205,0.0,82.09999999999931
0.06136560069144339,16.603104212860313,71,416,eval_at,1.0210373522123348,0.0,82.1999999999993
0.06050129645635264,16.802660753880268,70,421,eval_at,1.0263237091451833,0.0,82.2999999999993
0.059636992221261884,16.603104212860313,69,416,eval_at,1.0316502060438166,0.0,82.3999999999993
0.059636992221261884,16.483370288248338,69,413,eval_at,1.0373161867501222,0.0,82.49999999999929
0.059636992221261884,16.563192904656322,69,415,eval_at,1.0435517149315852,0.0,82.59999999999928
0.059636992221261884,16.643015521064303,69,417,eval_at,1.0489315066032072,0.0,82.69999999999928
0.06050129645635264,16.802660753880268,70,421,eval_at,1.0539015073599696,0.0,82.79999999999927
0.059636992221261884,16.603104212860313,69,416,eval_at,1.0596231144996868,0.0,82.89999999999927
0.059636992221261884,16.643015521064303,69,417,eval_at,1.065675644872504,0.0,82.99999999999926
0.06050129645635264,16.643015521064303,70,417,eval_at,1.0706593033714864,0.0,83.09999999999926
0.059636992221261884,16.563192904656322,69,415,eval_at,1.0756155279168251,0.0,83.19999999999925
0.059636992221261884,16.603104212860313,69,416,eval_at,1.081104443254151,0.0,83.29999999999924
0.058772687986171135,16.443458980044348,68,412,eval_at,1.0858188384292382,0.0,83.39999999999924
0.06050129645635264,16.323725055432373,70,409,eval_at,1.089937284756139,0.0,83.49999999999923
0.06136560069144339,16.363636363636363,71,410,eval_at,1.0951321852015021,0.0,83.59999999999923
0.06136560069144339,16.283813747228383,71,408,eval_at,1.0996201597551545,0.0,83.69999999999922
0.06136560069144339,16.203991130820402,71,406,eval_at,1.1037028369264001,0.0,83.79999999999922
0.06050129645635264,15.884700665188472,70,398,eval_at,1.1095395907551486,0.0,83.89999999999921
0.059636992221261884,15.80487804878049,69,396,eval_at,1.1138603468599098,0.0,83.9999999999992
0.059636992221261884,15.924611973392462,69,399,eval_at,1.1194211746282159,0.0,84.0999999999992
0.059636992221261884,15.884700665188472,69,398,eval_at,1.1246536544911452,0.0,84.19999999999919
0.05790838375108038,15.884700665188472,67,398,eval_at,1.129604340734136,0.0,84.29999999999919
0.06050129645635264,15.884700665188472,70,398,eval_at,1.1359280015157327,0.0,84.39999999999918
0.06222990492653414,16.044345898004437,72,402,eval_at,1.1429820488903137,0.0,84.49999999999918
0.06136560069144339,16.004434589800443,71,401,eval_at,1.1489422909192561,0.0,84.59999999999917
0.058772687986171135,16.203991130820402,68,406,eval_at,1.1540657723682224,0.0,84.69999999999916
0.05790838375108038,16.283813747228383,67,408,eval_at,1.159338924880291,0.0,84.79999999999916
0.05790838375108038,16.403547671840357,67,411,eval_at,1.1641673093807663,0.0,84.89999999999915
0.059636992221261884,16.203991130820402,69,406,eval_at,1.1694302403175818,0.0,84.99999999999915
0.06050129645635264,16.044345898004437,70,402,eval_at,1.1745439177311672,0.0,85.09999999999914
0.06050129645635264,15.764966740576497,70,395,eval_at,1.1796338191605644,0.0,85.19999999999914
0.058772687986171135,15.764966740576497,68,395,eval_at,1.1860446122035544,0.0,85.29999999999913
0.05790838375108038,15.725055432372507,67,394,eval_at,1.1914132593782987,0.0,85.39999999999912
0.05790838375108038,15.645232815964524,67,392,eval_at,1.1969657755582506,0.0,85.49999999999912
0.056179775280898875,15.565410199556542,65,390,eval_at,1.2023509887593193,0.0,85.59999999999911
0.05445116681071737,15.48558758314856,63,388,eval_at,1.206891195244424,0.0,85.69999999999911
0.05445116681071737,15.525498891352552,63,389,eval_at,1.2127726769475011,0.0,85.7999999999991
0.05358686257562662,15.565410199556542,62,390,eval_at,1.2180733696999875,0.0,85.8999999999991
0.05185825410544512,15.246119733924614,60,382,eval_at,1.2233086545682332,0.0,85.99999999999909
0.05012964563526361,15.206208425720622,58,381,eval_at,1.2285800143763763,0.0,86.09999999999908
0.049265341400172864,15.206208425720622,57,381,eval_at,1.233958707498461,0.0,86.19999999999908
0.049265341400172864,15.325942350332596,57,384,eval_at,1.240395361854557,0.0,86.29999999999907
0.05012964563526361,15.246119733924614,58,382,eval_at,1.2454724899126404,0.0,86.39999999999907
0.04840103716508211,15.325942350332596,56,384,eval_at,1.2510364529871396,0.0,86.49999999999906
0.04840103716508211,15.365853658536587,56,385,eval_at,1.256172617468452,0.0,86.59999999999906
0.04840103716508211,15.126385809312639,56,379,eval_at,1.2616011340374929,0.0,86.69999999999905
0.049265341400172864,15.006651884700666,57,376,eval_at,1.2662765191590917,0.0,86.79999999999905
0.049265341400172864,14.926829268292684,57,374,eval_at,1.2736731540715338,0.0,86.89999999999904
0.04753673292999136,14.966740576496676,55,375,eval_at,1.2799214356294626,0.0,86.99999999999903
0.04753673292999136,14.727272727272728,55,369,eval_at,1.2853585977022821,0.0,87.09999999999903
0.04840103716508211,14.487804878048781,56,363,eval_at,1.2907938298805863,0.0,87.19999999999902
0.049265341400172864,14.44789356984479,57,362,eval_at,1.2974739773104231,0.0,87.29999999999902
0.05012964563526361,14.44789356984479,58,362,eval_at,1.3013474692158546,0.0,87.39999999999901
0.049265341400172864,14.328159645232818,57,359,eval_at,1.307368387302577,0.0,87.499999999999
0.049265341400172864,14.368070953436808,57,360,eval_at,1.312767769568731,0.0,87.599999999999
0.04840103716508211,14.368070953436808,56,360,eval_at,1.3176248547553064,0.0,87.699999999999
0.05012964563526361,14.288248337028826,58,358,eval_at,1.3226510714072264,0.0,87.79999999999899
0.05012964563526361,14.208425720620843,58,356,eval_at,1.3284218736330522,0.0,87.89999999999898
0.049265341400172864,14.168514412416853,57,355,eval_at,1.3328115084148897,0.0,87.99999999999898
0.049265341400172864,13.889135254988915,57,348,eval_at,1.339503897260852,0.0,88.09999999999897
0.049265341400172864,13.849223946784923,57,347,eval_at,1.3452784056223097,0.0,88.19999999999897
0.04840103716508211,13.609756097560977,56,341,eval_at,1.3510035220991006,0.0,88.29999999999896
0.046672428694900604,13.529933481152995,54,339,eval_at,1.3562497892605965,0.0,88.39999999999895
0.0449438202247191,13.450110864745012,52,337,eval_at,1.3618651632614975,0.0,88.49999999999895
0.0449438202247191,13.090909090909092,52,328,eval_at,1.3665534989738801,0.0,88.59999999999894
0.04235090751944685,13.01108647450111,49,326,eval_at,1.3740670155079164,0.0,88.69999999999894
0.04148660328435609,12.971175166297119,48,325,eval_at,1.380039313704253,0.0,88.79999999999893
0.04062229904926534,13.01108647450111,47,326,eval_at,1.3861131037393173,0.0,88.89999999999893
0.04235090751944685,12.851441241685146,49,322,eval_at,1.3914408813045012,0.0,88.99999999999892
0.04235090751944685,12.851441241685146,49,322,eval_at,1.398037375512785,0.0,89.09999999999891
0.04235090751944685,12.811529933481154,49,321,eval_at,1.4040059053814147,0.0,89.19999999999891
0.043215211754537596,12.891352549889136,50,323,eval_at,1.4094020581078188,0.0,89.2999999999989
0.04235090751944685,12.811529933481154,49,321,eval_at,1.4154608779356685,0.0,89.3999999999989
0.04062229904926534,12.651884700665189,47,317,eval_at,1.4206579657995275,0.0,89.49999999999889
0.04062229904926534,12.532150776053216,47,314,eval_at,1.42476128376995,0.0,89.59999999999889
0.04062229904926534,12.252771618625278,47,307,eval_at,1.4296870804686521,0.0,89.69999999999888
0.03889369057908384,12.053215077605323,45,302,eval_at,1.4351398298741036,0.0,89.79999999999887
0.03975799481417459,12.053215077605323,46,302,eval_at,1.4415412171345776,0.0,89.89999999999887
0.03975799481417459,11.853658536585368,46,297,eval_at,1.4493495381541424,0.0,89.99999999999886
0.03975799481417459,11.813747228381375,46,296,eval_at,1.4568917760534228,0.0,90.09999999999886
0.03975799481417459,11.65410199556541,46,292,eval_at,1.4642123261830289,0.0,90.19999999999885
0.04148660328435609,11.61419068736142,48,291,eval_at,1.472756726632171,0.0,90.29999999999885
0.043215211754537596,11.57427937915743,50,290,eval_at,1.4786874924291424,0.0,90.39999999999884
0.04062229904926534,11.414634146341465,47,286,eval_at,1.4867738412877296,0.0,90.49999999999883
0.03975799481417459,11.414634146341465,46,286,eval_at,1.4927250114471482,0.0,90.59999999999883
0.03802938634399308,11.374722838137473,44,285,eval_at,1.499253596616971,0.0,90.69999999999882
0.03802938634399308,11.29490022172949,44,283,eval_at,1.5056648683288658,0.0,90.79999999999882
0.03889369057908384,10.935698447893571,45,274,eval_at,1.5127344090311619,0.0,90.89999999999881
0.037165082108902334,10.855875831485589,43,272,eval_at,1.520721377715208,0.0,90.9999999999988
0.036300777873811585,10.696230598669624,42,268,eval_at,1.5272429127634655,0.0,91.0999999999988
0.037165082108902334,10.456762749445677,43,262,eval_at,1.5317671383015659,0.0,91.1999999999988
0.037165082108902334,10.257206208425721,43,257,eval_at,1.539552951013429,0.0,91.29999999999879
0.036300777873811585,10.177383592017739,42,255,eval_at,1.545802636320419,0.0,91.39999999999878
0.03543647363872083,10.097560975609756,41,253,eval_at,1.5519598314030087,0.0,91.49999999999878
0.03457216940363008,9.977827050997783,40,250,eval_at,1.5592711423061552,0.0,91.59999999999877
0.03457216940363008,9.658536585365855,40,242,eval_at,1.5661036374982764,0.0,91.69999999999877
0.032843560933448576,9.53880266075388,38,239,eval_at,1.5734520098078564,0.0,91.79999999999876
0.03197925669835782,9.379157427937917,37,235,eval_at,1.5807238041711749,0.0,91.89999999999876
0.03111495246326707,9.219512195121952,36,231,eval_at,1.587262043938695,0.0,91.99999999999875
0.03111495246326707,8.900221729490022,36,223,eval_at,1.5948378131175585,0.0,92.09999999999874
0.03025064822817632,8.940133037694014,35,224,eval_at,1.603094043528628,0.0,92.19999999999874
0.029386343993085567,8.860310421286032,34,222,eval_at,1.6115936062218053,0.0,92.29999999999873
0.027657735522904063,8.82039911308204,32,221,eval_at,1.6203302777513353,0.0,92.39999999999873
0.027657735522904063,8.74057649667406,32,219,eval_at,1.6297158097449795,0.0,92.49999999999872
0.02592912705272256,8.261640798226164,30,207,eval_at,1.637062705543254,0.0,92.59999999999872
0.02679343128781331,8.261640798226164,31,207,eval_at,1.6472414424002404,0.0,92.69999999999871
0.02592912705272256,8.062084257206209,30,202,eval_at,1.6607034221138584,0.0,92.7999999999987
0.024200518582541054,7.902439024390245,28,198,eval_at,1.6696746401122329,0.0,92.8999999999987
0.023336214347450302,7.7028824833702885,27,193,eval_at,1.6785148123562286,0.0,92.99999999999869
0.024200518582541054,7.543237250554324,28,189,eval_at,1.6924293881119463,0.0,93.09999999999869
0.024200518582541054,7.423503325942351,28,186,eval_at,1.7030150924883223,0.0,93.19999999999868
0.023336214347450302,7.303769401330378,27,183,eval_at,1.7148347426205603,0.0,93.29999999999868
0.02247191011235955,7.343680709534369,26,184,eval_at,1.7242912860769717,0.0,93.39999999999867
0.021607605877268798,7.02439024390244,25,176,eval_at,1.7352292401362814,0.0,93.49999999999866
0.020743301642178046,7.02439024390244,24,176,eval_at,1.7449283539162137,0.0,93.59999999999866
0.019878997407087293,7.144124168514413,23,179,eval_at,1.7567977888187658,0.0,93.69999999999865
0.019878997407087293,7.1042128603104215,23,178,eval_at,1.7675281012163422,0.0,93.79999999999865
0.01901469317199654,7.1042128603104215,22,178,eval_at,1.7767467578882183,0.0,93.89999999999864
0.01901469317199654,7.06430155210643,22,177,eval_at,1.7869658098361128,0.0,93.99999999999864
0.018150388936905792,6.984478935698449,21,175,eval_at,1.7991719906232497,0.0,94.09999999999863
0.018150388936905792,6.824833702882484,21,171,eval_at,1.8156199971377145,0.0,94.19999999999862
0.01901469317199654,6.705099778270511,22,168,eval_at,1.8253717507926999,0.0,94.29999999999862
0.01901469317199654,6.625277161862528,22,166,eval_at,1.838546805778211,0.0,94.39999999999861
0.019878997407087293,6.385809312638582,23,160,eval_at,1.8524817272400396,0.0,94.49999999999861
0.019878997407087293,6.146341463414634,23,154,eval_at,1.8662301551598486,0.0,94.5999999999986
0.018150388936905792,6.146341463414634,21,154,eval_at,1.8808220312683137,0.0,94.6999999999986
0.016421780466724288,6.106430155210644,19,153,eval_at,1.8917652365706734,0.0,94.79999999999859
0.014693171996542784,5.787139689578715,17,145,eval_at,1.9061999511201593,0.0,94.89999999999858
0.014693171996542784,6.066518847006653,17,152,eval_at,1.9228178658320376,0.0,94.99999999999858
0.014693171996542784,6.066518847006653,17,152,eval_at,1.9381295551453093,0.0,95.09999999999857
0.013828867761452032,5.827050997782705,16,146,eval_at,1.9526113163434662,0.0,95.19999999999857
0.012100259291270527,5.62749445676275,14,141,eval_at,1.9664617885540787,0.0,95.29999999999856
0.011235955056179775,5.547671840354767,13,139,eval_at,1.9845062151175075,0.0,95.39999999999856
0.010371650821089023,5.348115299334812,12,134,eval_at,2.0033568003275715,0.0,95.49999999999855
0.00864304235090752,5.388026607538803,10,135,eval_at,2.0170342747806327,0.0,95.59999999999854
0.00864304235090752,5.2682926829268295,10,132,eval_at,2.0375499116314684,0.0,95.69999999999854
0.00864304235090752,4.988913525498892,10,125,eval_at,2.0519957572451615,0.0,95.79999999999853
0.00864304235090752,5.188470066518847,10,130,eval_at,2.072119148991748,0.0,95.89999999999853
0.00864304235090752,5.028824833702883,10,126,eval_at,2.0918401914763844,0.0,95.99999999999852
0.006914433880726016,5.028824833702883,8,126,eval_at,2.112159271327484,0.0,96.09999999999852
0.007778738115816767,4.9490022172949,9,124,eval_at,2.1289352320312602,0.0,96.19999999999851
0.007778738115816767,4.9490022172949,9,124,eval_at,2.1456490197279106,0.0,96.2999999999985
0.00864304235090752,5.148558758314857,10,129,eval_at,2.1633059760780764,0.0,96.3999999999985
0.00950734658599827,5.108647450110865,11,128,eval_at,2.182199207440338,0.0,96.4999999999985
0.00950734658599827,5.188470066518847,11,130,eval_at,2.19960974175701,0.0,96.59999999999849
0.00950734658599827,5.108647450110865,11,128,eval_at,2.218435725906848,0.0,96.69999999999848
0.00864304235090752,5.108647450110865,10,128,eval_at,2.2379045647210174,0.0,96.79999999999848
0.007778738115816767,5.188470066518847,9,130,eval_at,2.2522009472524,0.0,96.89999999999847
0.007778738115816767,5.108647450110865,9,128,eval_at,2.2711060711122264,0.0,96.99999999999847
0.007778738115816767,4.9490022172949,9,124,eval_at,2.286757734721987,0.0,97.09999999999846
0.007778738115816767,4.869179600886918,9,122,eval_at,2.2998201948575456,0.0,97.19999999999845
0.010371650821089023,5.028824833702883,12,126,eval_at,2.313626163024873,0.0,97.29999999999845
0.010371650821089023,4.9490022172949,12,124,eval_at,2.322594434017125,0.0,97.39999999999844
0.00864304235090752,5.108647450110865,10,128,eval_at,2.3347944901307587,0.0,97.49999999999844
0.00864304235090752,5.028824833702883,10,126,eval_at,2.3458123605266152,0.0,97.59999999999843
0.00864304235090752,5.228381374722838,10,131,eval_at,2.3575484335039776,0.0,97.69999999999843
0.007778738115816767,4.9490022172949,9,124,eval_at,2.3649404274528383,0.0,97.79999999999842
0.006914433880726016,4.829268292682928,8,121,eval_at,2.373030365369957,0.0,97.89999999999841
0.006914433880726016,4.749445676274945,8,119,eval_at,2.3807337745129913,0.0,97.99999999999841
0.006050129645635264,4.549889135254989,7,114,eval_at,2.390654264089148,0.0,98.0999999999984
0.006050129645635264,4.430155210643016,7,111,eval_at,2.3989027624968617,0.0,98.1999999999984
0.006050129645635264,4.190687361419069,7,105,eval_at,2.408674528288141,0.0,98.29999999999839
0.006050129645635264,3.9512195121951224,7,99,eval_at,2.4202500008094403,0.0,98.39999999999839
0.006914433880726016,3.7516629711751666,8,94,eval_at,2.4317803223911905,0.0,98.49999999999838
0.006914433880726016,3.5521064301552108,8,89,eval_at,2.4427595174095713,0.0,98.59999999999837
0.006914433880726016,3.6718403547671845,8,92,eval_at,2.4561832703178843,0.0,98.69999999999837
0.007778738115816767,3.5521064301552108,9,89,eval_at,2.4691612550298756,0.0,98.79999999999836
0.006050129645635264,3.592017738359202,7,90,eval_at,2.4832338373536076,0.0,98.89999999999836
0.00432152117545376,3.1130820399113084,5,78,eval_at,2.492092479115672,0.0,98.99999999999835
0.003457216940363008,2.7937915742793793,4,70,eval_at,2.5038635339063413,0.0,99.09999999999835
0.003457216940363008,2.5543237250554327,4,64,eval_at,2.5145573516767317,0.0,99.19999999999834
0.0025929127052722557,2.2350332594235036,3,56,eval_at,2.529416685479667,0.0,99.29999999999833
0.001728608470181504,1.9955654101995568,2,50,eval_at,2.5457703909746634,0.0,99.39999999999833
0.001728608470181504,1.5964523281596454,2,40,eval_at,2.5709455489220723,0.0,99.49999999999832
0.000864304235090752,1.3170731707317074,1,33,eval_at,2.5923208275073004,0.0,99.59999999999832
0.0,0.9578713968957873,0,24,eval_at,2.622335117375377,0.0,99.69999999999831
0.0,0.6385809312638582,0,16,eval_at,2.6796924957203414,0.0,99.7999999999983
0.0,0.47893569844789363,0,12,eval_at,2.735277140845182,0.0,99.8999999999983
0.07605877268798616,20.833702882483372,88,522,eval_at,0.3988299959101244,0.1,70.0
0.07433016421780467,20.634146341463417,86,517,eval_at,0.4024781275763685,0.1,70.1
0.07433016421780467,20.753880266075388,86,520,eval_at,0.40608462656831484,0.1,70.19999999999999
0.07433016421780467,20.873614190687363,86,523,eval_at,0.41104258201793176,0.1,70.29999999999998
0.07346585998271392,20.873614190687363,85,523,eval_at,0.41525358819967206,0.1,70.39999999999998
0.07346585998271392,20.873614190687363,85,523,eval_at,0.42076241363988615,0.1,70.49999999999997
0.07260155574762317,20.674057649667407,84,518,eval_at,0.4247754148813386,0.1,70.59999999999997
0.07260155574762317,20.554323725055433,84,515,eval_at,0.4283284536988075,0.1,70.69999999999996
0.07173725151253241,20.43458980044346,83,512,eval_at,0.43177086550539295,0.1,70.79999999999995
0.07173725151253241,20.43458980044346,83,512,eval_at,0.43535471263766484,0.1,70.89999999999995
0.07000864304235091,20.195121951219512,81,506,eval_at,0.4391982817191799,0.1,70.99999999999994
0.07000864304235091,20.07538802660754,81,503,eval_at,0.44412033565071973,0.1,71.09999999999994
0.06914433880726016,20.155210643015522,80,505,eval_at,0.44908424780165257,0.1,71.19999999999993
0.06914433880726016,20.03547671840355,80,502,eval_at,0.4526579840822346,0.1,71.29999999999993
0.06914433880726016,19.915742793791576,80,499,eval_at,0.45703858238602757,0.1,71.39999999999992
0.0682800345721694,19.955654101995567,79,500,eval_at,0.46171405533769533,0.1,71.49999999999991
0.0682800345721694,19.875831485587586,79,498,eval_at,0.46448712404746495,0.1,71.59999999999991
0.06914433880726016,19.7960088691796,80,496,eval_at,0.46798062882913377,0.1,71.6999999999999
0.07000864304235091,19.75609756097561,81,495,eval_at,0.47271687376385235,0.1,71.7999999999999
0.07000864304235091,19.835920177383592,81,497,eval_at,0.4770463131726171,0.1,71.89999999999989
0.07087294727744166,20.03547671840355,82,502,eval_at,0.48146898833645024,0.1,71.99999999999989
0.07173725151253241,20.03547671840355,83,502,eval_at,0.48590029445907773,0.1,72.09999999999988
0.07346585998271392,19.955654101995567,85,500,eval_at,0.488682891517452,0.1,72.19999999999987
0.07346585998271392,19.955654101995567,85,500,eval_at,0.49345667674823407,0.1,72.29999999999987
0.07260155574762317,19.875831485587586,84,498,eval_at,0.4971759505940812,0.1,72.39999999999986
0.07173725151253241,19.875831485587586,83,498,eval_at,0.5013987395116845,0.1,72.49999999999986
0.07173725151253241,19.915742793791576,83,499,eval_at,0.5062423201804245,0.1,72.59999999999985
0.07260155574762317,19.915742793791576,84,499,eval_at,0.5112818290900263,0.1,72.69999999999985
0.07173725151253241,20.11529933481153,83,504,eval_at,0.5153693718106819,0.1,72.79999999999984
0.07260155574762317,20.274944567627497,84,508,eval_at,0.5201576398313495,0.1,72.89999999999984
0.07260155574762317,20.195121951219512,84,506,eval_at,0.5245910240571282,0.1,72.99999999999983
0.07260155574762317,20.274944567627497,84,508,eval_at,0.5283869697288758,0.1,73.09999999999982
0.07260155574762317,20.354767184035477,84,510,eval_at,0.5334857134274814,0.1,73.19999999999982
0.07346585998271392,20.274944567627497,85,508,eval_at,0.5376577516147478,0.1,73.29999999999981
0.07260155574762317,20.235033259423506,84,507,eval_at,0.5425119311939002,0.1,73.3999999999998
0.07260155574762317,20.07538802660754,84,503,eval_at,0.5462992939540868,0.1,73.4999999999998
0.07260155574762317,19.955654101995567,84,500,eval_at,0.5504240288415597,0.1,73.5999999999998
0.07260155574762317,19.75609756097561,84,495,eval_at,0.5549310039133285,0.1,73.69999999999979
0.07260155574762317,19.636363636363637,84,492,eval_at,0.5589432765790696,0.1,73.79999999999978
0.07173725151253241,19.556541019955656,83,490,eval_at,0.5633731628406472,0.1,73.89999999999978
0.07087294727744166,19.47671840354767,82,488,eval_at,0.5674056772676233,0.1,73.99999999999977
0.07087294727744166,19.43680709534368,82,487,eval_at,0.5731525794762032,0.1,74.09999999999977
0.07087294727744166,19.516629711751666,82,489,eval_at,0.5772392263583611,0.1,74.19999999999976
0.06914433880726016,19.596452328159646,80,491,eval_at,0.5827741565951318,0.1,74.29999999999976
0.0682800345721694,19.43680709534368,79,487,eval_at,0.5882318130172314,0.1,74.39999999999975
0.0682800345721694,19.3569844789357,79,485,eval_at,0.5928688480693934,0.1,74.49999999999974
0.06741573033707865,19.277161862527716,78,483,eval_at,0.5978736019153312,0.1,74.59999999999974
0.0682800345721694,18.99778270509978,79,476,eval_at,0.603323890788648,0.1,74.69999999999973
0.06914433880726016,19.03769401330377,80,477,eval_at,0.6071508481579466,0.1,74.79999999999973
0.06914433880726016,19.03769401330377,80,477,eval_at,0.6116560692324423,0.1,74.89999999999972
0.07000864304235091,18.798226164079825,81,471,eval_at,0.6164871770890011,0.1,74.99999999999972
0.07087294727744166,19.03769401330377,82,477,eval_at,0.6196820246497409,0.1,75.09999999999971
0.07000864304235091,18.95787139689579,81,475,eval_at,0.6248147928624391,0.1,75.1999999999997
0.07260155574762317,19.157427937915745,84,480,eval_at,0.6303208408307197,0.1,75.2999999999997
0.07173725151253241,19.157427937915745,83,480,eval_at,0.6340675219913235,0.1,75.3999999999997
0.07260155574762317,19.03769401330377,84,477,eval_at,0.638062896342927,0.1,75.49999999999969
0.07260155574762317,19.03769401330377,84,477,eval_at,0.6419604647481639,0.1,75.59999999999968
0.07173725151253241,19.237250554323726,83,482,eval_at,0.6463118484908038,0.1,75.69999999999968
0.07173725151253241,19.39689578713969,83,486,eval_at,0.6505467155085812,0.1,75.79999999999967
0.07087294727744166,19.556541019955656,82,490,eval_at,0.6551387191608223,0.1,75.89999999999966
0.07087294727744166,19.596452328159646,82,491,eval_at,0.6606055054662476,0.1,75.99999999999966
0.07087294727744166,19.75609756097561,82,495,eval_at,0.6653250873099489,0.1,76.09999999999965
0.07173725151253241,19.636363636363637,83,492,eval_at,0.6708674126911063,0.1,76.19999999999965
0.07260155574762317,19.47671840354767,84,488,eval_at,0.6762991951889533,0.1,76.29999999999964
0.07346585998271392,19.596452328159646,85,491,eval_at,0.6810677967987323,0.1,76.39999999999964
0.07173725151253241,19.67627494456763,83,493,eval_at,0.685137039033449,0.1,76.49999999999963
0.07260155574762317,19.596452328159646,84,491,eval_at,0.6901125616678757,0.1,76.59999999999962
0.07173725151253241,19.71618625277162,83,494,eval_at,0.6950501512968954,0.1,76.69999999999962
0.07087294727744166,19.71618625277162,82,494,eval_at,0.6991169111120997,0.1,76.79999999999961
0.07087294727744166,19.596452328159646,82,491,eval_at,0.7044398677699906,0.1,76.89999999999961
0.07173725151253241,19.636363636363637,83,492,eval_at,0.7094294444769262,0.1,76.9999999999996
0.07173725151253241,19.596452328159646,83,491,eval_at,0.714017607931383,0.1,77.0999999999996
0.07260155574762317,19.47671840354767,84,488,eval_at,0.7194166827840712,0.1,77.19999999999959
0.07260155574762317,19.636363636363637,84,492,eval_at,0.723270763382195,0.1,77.29999999999959
0.07173725151253241,19.7960088691796,83,496,eval_at,0.7287086927122761,0.1,77.39999999999958
0.07173725151253241,19.71618625277162,83,494,eval_at,0.733925475961825,0.1,77.49999999999957
0.07087294727744166,19.67627494456763,82,493,eval_at,0.7378802892812372,0.1,77.59999999999957
0.07087294727744166,19.995565410199557,82,501,eval_at,0.7420214783527375,0.1,77.69999999999956
0.07000864304235091,20.155210643015522,81,505,eval_at,0.7465201491406762,0.1,77.79999999999956
0.06741573033707865,20.07538802660754,78,503,eval_at,0.7510681140138611,0.1,77.89999999999955
0.0682800345721694,20.155210643015522,79,505,eval_at,0.7542378983932257,0.1,77.99999999999955
0.0682800345721694,20.11529933481153,79,504,eval_at,0.7590946418135669,0.1,78.09999999999954
0.0682800345721694,20.07538802660754,79,503,eval_at,0.7636134905264269,0.1,78.19999999999953
0.0682800345721694,19.955654101995567,79,500,eval_at,0.7690549762395325,0.1,78.29999999999953
0.0682800345721694,19.75609756097561,79,495,eval_at,0.7747758923284482,0.1,78.39999999999952
0.06741573033707865,19.43680709534368,78,487,eval_at,0.7798368210147183,0.1,78.49999999999952
0.0665514261019879,19.67627494456763,77,493,eval_at,0.7843987252937205,0.1,78.59999999999951
0.06568712186689715,19.7960088691796,76,496,eval_at,0.7904736675142332,0.1,78.6999999999995
0.06482281763180639,19.995565410199557,75,501,eval_at,0.7943620123250077,0.1,78.7999999999995
0.06482281763180639,20.155210643015522,75,505,eval_at,0.7981354449052873,0.1,78.8999999999995
0.06482281763180639,20.195121951219512,75,506,eval_at,0.8026008635000134,0.1,78.99999999999949
0.06482281763180639,20.195121951219512,75,506,eval_at,0.8068945412456533,0.1,79.09999999999948
0.06395851339671564,19.955654101995567,74,500,eval_at,0.8123809355478709,0.1,79.19999999999948
0.06482281763180639,19.835920177383592,75,497,eval_at,0.8189532135423562,0.1,79.29999999999947
0.06568712186689715,19.67627494456763,76,493,eval_at,0.8235516397253833,0.1,79.39999999999947
0.06741573033707865,19.71618625277162,78,494,eval_at,0.8285778679457471,0.1,79.49999999999946
0.06741573033707865,19.7960088691796,78,496,eval_at,0.835027647570006,0.1,79.59999999999945
0.06741573033707865,19.835920177383592,78,497,eval_at,0.840393256708847,0.1,79.69999999999945
0.06741573033707865,19.835920177383592,78,497,eval_at,0.8455441871083791,0.1,79.79999999999944
0.0682800345721694,19.75609756097561,79,495,eval_at,0.8501395935083668,0.1,79.89999999999944
0.0682800345721694,19.71618625277162,79,494,eval_at,0.8545713667106257,0.1,79.99999999999943
0.0682800345721694,19.71618625277162,79,494,eval_at,0.8595087967150679,0.1,80.09999999999943
0.0682800345721694,19.71618625277162,79,494,eval_at,0.8636178272772066,0.1,80.19999999999942
0.0682800345721694,19.75609756097561,79,495,eval_at,0.8681628101189405,0.1,80.29999999999941
0.07000864304235091,19.835920177383592,81,497,eval_at,0.8728534501388479,0.1,80.39999999999941
0.07000864304235091,19.955654101995567,81,500,eval_at,0.8772021712767211,0.1,80.4999999999994
0.07087294727744166,19.995565410199557,82,501,eval_at,0.8825004729712627,0.1,80.5999999999994
0.06914433880726016,20.155210643015522,80,505,eval_at,0.888149465240264,0.1,80.69999999999939
0.06914433880726016,20.235033259423506,80,507,eval_at,0.891961302296119,0.1,80.79999999999939
0.06914433880726016,20.354767184035477,80,510,eval_at,0.8964705369588015,0.1,80.89999999999938
0.06914433880726016,20.235033259423506,80,507,eval_at,0.901039241387706,0.1,80.99999999999937
0.06914433880726016,20.195121951219512,80,506,eval_at,0.9066796432786438,0.1,81.09999999999937
0.06914433880726016,20.11529933481153,80,504,eval_at,0.9121850948275104,0.1,81.19999999999936
0.06914433880726016,20.11529933481153,80,504,eval_at,0.9169506658995074,0.1,81.29999999999936
0.06914433880726016,20.07538802660754,80,503,eval_at,0.9213478759196608,0.1,81.39999999999935
0.0682800345721694,20.195121951219512,79,506,eval_at,0.9258527042594672,0.1,81.49999999999935
0.06741573033707865,20.155210643015522,78,505,eval_at,0.9301193859387527,0.1,81.59999999999934
0.06568712186689715,20.155210643015522,76,505,eval_at,0.9341090013247183,0.1,81.69999999999933
0.06568712186689715,20.235033259423506,76,507,eval_at,0.9390624661078186,0.1,81.79999999999933
0.0665514261019879,20.11529933481153,77,504,eval_at,0.9440060875219701,0.1,81.89999999999932
0.0665514261019879,20.03547671840355,77,502,eval_at,0.9484482984289333,0.1,81.99999999999932
0.06568712186689715,20.11529933481153,76,504,eval_at,0.9523874218771295,0.1,82.09999999999931
0.06568712186689715,20.03547671840355,76,502,eval_at,0.9567287970227847,0.1,82.1999999999993
0.0665514261019879,20.11529933481153,77,504,eval_at,0.9619034021940251,0.1,82.2999999999993
0.06741573033707865,19.915742793791576,78,499,eval_at,0.965428073519091,0.1,82.3999999999993
0.0665514261019879,19.71618625277162,77,494,eval_at,0.970670067278948,0.1,82.49999999999929
0.0665514261019879,19.47671840354767,77,488,eval_at,0.9746625590428175,0.1,82.59999999999928
0.0665514261019879,19.556541019955656,77,490,eval_at,0.9787142853041677,0.1,82.69999999999928
0.06482281763180639,19.71618625277162,75,494,eval_at,0.9834094138679078,0.1,82.79999999999927
0.06395851339671564,19.75609756097561,74,495,eval_at,0.9884791878896612,0.1,82.89999999999927
0.06136560069144339,19.71618625277162,71,494,eval_at,0.9938839295481201,0.1,82.99999999999926
0.06222990492653414,19.636363636363637,72,492,eval_at,0.9986033081894033,0.1,83.09999999999926
0.06222990492653414,19.75609756097561,72,495,eval_at,1.0026944641445992,0.1,83.19999999999925
0.06222990492653414,19.71618625277162,72,494,eval_at,1.0065248994935967,0.1,83.29999999999924
0.06222990492653414,19.71618625277162,72,494,eval_at,1.0106336737982828,0.1,83.39999999999924
0.06136560069144339,19.556541019955656,71,490,eval_at,1.0153546977325187,0.1,83.49999999999923
0.06222990492653414,19.43680709534368,72,487,eval_at,1.0213812183864566,0.1,83.59999999999923
0.06222990492653414,19.39689578713969,72,486,eval_at,1.0257120007628573,0.1,83.69999999999922
0.06136560069144339,19.47671840354767,71,488,eval_at,1.0306575096595771,0.1,83.79999999999922
0.06136560069144339,19.39689578713969,71,486,eval_at,1.0344904542119644,0.1,83.89999999999921
0.06050129645635264,19.47671840354767,70,488,eval_at,1.0387771070222147,0.1,83.9999999999992
0.06050129645635264,19.556541019955656,70,490,eval_at,1.0429258103209327,0.1,84.0999999999992
0.059636992221261884,19.43680709534368,69,487,eval_at,1.047972872971089,0.1,84.19999999999919
0.059636992221261884,19.31707317073171,69,484,eval_at,1.0527530972484092,0.1,84.29999999999919
0.059636992221261884,19.237250554323726,69,482,eval_at,1.0568831586278793,0.1,84.39999999999918
0.058772687986171135,19.197339246119736,68,481,eval_at,1.0613775882152765,0.1,84.49999999999918
0.058772687986171135,18.99778270509978,68,476,eval_at,1.0677227026889764,0.1,84.59999999999917
0.058772687986171135,18.917960088691796,68,474,eval_at,1.0723667649227702,0.1,84.69999999999916
0.059636992221261884,18.838137472283815,69,472,eval_at,1.0781691355315084,0.1,84.79999999999916
0.06050129645635264,18.758314855875835,70,470,eval_at,1.0829959730582082,0.1,84.89999999999915
0.059636992221261884,18.878048780487806,69,473,eval_at,1.088551480672974,0.1,84.99999999999915
0.05704407951598963,19.117516629711755,66,479,eval_at,1.0931700777964874,0.1,85.09999999999914
0.05790838375108038,19.157427937915745,67,480,eval_at,1.0977315152656384,0.1,85.19999999999914
0.05790838375108038,18.917960088691796,67,474,eval_at,1.1020452982280335,0.1,85.29999999999913
0.05704407951598963,18.838137472283815,66,472,eval_at,1.1067093818746507,0.1,85.39999999999912
0.05790838375108038,18.23946784922395,67,457,eval_at,1.112677665234258,0.1,85.49999999999912
0.05704407951598963,18.478935698447895,66,463,eval_at,1.1163947077410317,0.1,85.59999999999911
0.056179775280898875,18.27937915742794,65,458,eval_at,1.123343524432124,0.1,85.69999999999911
0.056179775280898875,18.039911308203994,65,452,eval_at,1.1285088703120674,0.1,85.7999999999991
0.055315471045808126,17.88026607538803,64,448,eval_at,1.1341872175374093,0.1,85.8999999999991
0.05445116681071737,17.88026607538803,63,448,eval_at,1.139152101519513,0.1,85.99999999999909
0.05358686257562662,18.119733924611975,62,454,eval_at,1.1442600267724208,0.1,86.09999999999908
0.05358686257562662,17.88026607538803,62,448,eval_at,1.1493978261061806,0.1,86.19999999999908
0.05445116681071737,17.760532150776054,63,445,eval_at,1.154960534322904,0.1,86.29999999999907
0.055315471045808126,17.64079822616408,64,442,eval_at,1.1616182945631894,0.1,86.39999999999907
0.056179775280898875,17.64079822616408,65,442,eval_at,1.1671040927759042,0.1,86.49999999999906
0.05790838375108038,17.401330376940134,67,436,eval_at,1.1720527404930958,0.1,86.59999999999906
0.056179775280898875,17.361419068736144,65,435,eval_at,1.177909076583253,0.1,86.69999999999905
0.055315471045808126,17.16186252771619,64,430,eval_at,1.1826237118525909,0.1,86.79999999999905
0.056179775280898875,16.88248337028825,65,423,eval_at,1.1882322814404955,0.1,86.89999999999904
0.055315471045808126,16.762749445676278,64,420,eval_at,1.1938322802986376,0.1,86.99999999999903
0.05445116681071737,16.682926829268293,63,418,eval_at,1.200176041145594,0.1,87.09999999999903
0.05445116681071737,16.722838137472284,63,419,eval_at,1.2048405596838547,0.1,87.19999999999902
0.055315471045808126,16.603104212860313,64,416,eval_at,1.2117638935924095,0.1,87.29999999999902
0.055315471045808126,16.483370288248338,64,413,eval_at,1.21736889973494,0.1,87.39999999999901
0.05445116681071737,16.483370288248338,63,413,eval_at,1.2221684414096887,0.1,87.499999999999
0.052722558340535866,16.243902439024392,61,407,eval_at,1.228090378222022,0.1,87.599999999999
0.052722558340535866,16.084257206208427,61,403,eval_at,1.2344095219275257,0.1,87.699999999999
0.05358686257562662,15.924611973392462,62,399,eval_at,1.239077332621219,0.1,87.79999999999899
0.05445116681071737,15.84478935698448,63,397,eval_at,1.2452569279481558,0.1,87.89999999999898
0.05445116681071737,15.645232815964524,63,392,eval_at,1.2509942015633166,0.1,87.99999999999898
0.052722558340535866,15.565410199556542,61,390,eval_at,1.2579965659296017,0.1,88.09999999999897
0.05185825410544512,15.445676274944569,60,387,eval_at,1.263644866673972,0.1,88.19999999999897
0.05185825410544512,15.286031042128604,60,383,eval_at,1.2691833509757415,0.1,88.29999999999896
0.05185825410544512,15.166297117516631,60,380,eval_at,1.2748619002765014,0.1,88.39999999999895
0.052722558340535866,15.206208425720622,61,381,eval_at,1.2801653986530295,0.1,88.49999999999895
0.05099394987035436,15.246119733924614,59,382,eval_at,1.2865146744924485,0.1,88.59999999999894
0.05012964563526361,15.046563192904658,58,377,eval_at,1.293021135347567,0.1,88.69999999999894
0.05012964563526361,15.006651884700666,58,376,eval_at,1.2989994038747912,0.1,88.79999999999893
0.04840103716508211,14.807095343680711,56,371,eval_at,1.306223103108818,0.1,88.89999999999893
0.04753673292999136,14.847006651884701,55,372,eval_at,1.3133803766270005,0.1,88.99999999999892
0.04753673292999136,14.687361419068738,55,368,eval_at,1.3183046652661348,0.1,89.09999999999891
0.04753673292999136,14.647450110864746,55,367,eval_at,1.3250038193197917,0.1,89.19999999999891
0.04753673292999136,14.4079822616408,55,361,eval_at,1.330901396926779,0.1,89.2999999999989
0.046672428694900604,14.4079822616408,54,361,eval_at,1.336302762187774,0.1,89.3999999999989
0.046672428694900604,14.527716186252773,54,364,eval_at,1.3422151800517774,0.1,89.49999999999889
0.045808124459809856,14.368070953436808,53,360,eval_at,1.347874270664356,0.1,89.59999999999889
0.04407951598962835,14.44789356984479,51,362,eval_at,1.3541351154043257,0.1,89.69999999999888
0.0449438202247191,14.368070953436808,52,360,eval_at,1.3592141713904866,0.1,89.79999999999887
0.04407951598962835,14.12860310421286,51,354,eval_at,1.364309208574147,0.1,89.89999999999887
0.04407951598962835,13.68957871396896,51,343,eval_at,1.3715514317707518,0.1,89.99999999999886
0.04407951598962835,13.72949002217295,51,344,eval_at,1.3777712484264883,0.1,90.09999999999886
0.043215211754537596,13.769401330376942,50,345,eval_at,1.385202014026078,0.1,90.19999999999885
0.043215211754537596,13.849223946784923,50,347,eval_at,1.393070597690993,0.1,90.29999999999885
0.043215211754537596,13.569844789356985,50,340,eval_at,1.400871303011887,0.1,90.39999999999884
0.043215211754537596,13.450110864745012,50,337,eval_at,1.408930514635727,0.1,90.49999999999883
0.043215211754537596,13.250554323725057,50,332,eval_at,1.4157198623487601,0.1,90.59999999999883
0.043215211754537596,13.170731707317074,50,330,eval_at,1.4224818480958803,0.1,90.69999999999882
0.04235090751944685,13.050997782705101,49,327,eval_at,1.4290029682950631,0.1,90.79999999999882
0.043215211754537596,12.891352549889136,50,323,eval_at,1.4354032470336175,0.1,90.89999999999881
0.043215211754537596,12.492239467849226,50,313,eval_at,1.441502563010165,0.1,90.9999999999988
0.04235090751944685,12.33259423503326,49,309,eval_at,1.447354448749212,0.1,91.0999999999988
0.04235090751944685,12.212860310421288,49,306,eval_at,1.454461565624346,0.1,91.1999999999988
0.04062229904926534,11.97339246119734,47,300,eval_at,1.4612306066686922,0.1,91.29999999999879
0.04062229904926534,12.172949002217296,47,305,eval_at,1.4672220731067402,0.1,91.39999999999878
0.037165082108902334,12.292682926829269,43,308,eval_at,1.4743951770076074,0.1,91.49999999999878
0.036300777873811585,12.133037694013305,42,304,eval_at,1.4797151969155036,0.1,91.59999999999877
0.037165082108902334,11.933481152993348,43,299,eval_at,1.487033944291274,0.1,91.69999999999877
0.036300777873811585,11.853658536585368,42,297,eval_at,1.4959835756366369,0.1,91.79999999999876
0.036300777873811585,11.534368070953438,42,289,eval_at,1.504413172304549,0.1,91.89999999999876
0.036300777873811585,11.29490022172949,42,283,eval_at,1.5127039819757597,0.1,91.99999999999875
0.033707865168539325,11.135254988913527,39,279,eval_at,1.5223648209642264,0.1,92.09999999999874
0.032843560933448576,10.855875831485589,38,272,eval_at,1.5291606621113334,0.1,92.19999999999874
0.032843560933448576,10.536585365853659,38,264,eval_at,1.5367455206902583,0.1,92.29999999999873
0.03025064822817632,10.376940133037694,35,260,eval_at,1.545676630546177,0.1,92.39999999999873
0.029386343993085567,10.416851441241686,34,261,eval_at,1.5544668793674352,0.1,92.49999999999872
0.028522039757994815,10.376940133037694,33,260,eval_at,1.5636163164706784,0.1,92.59999999999872
0.028522039757994815,10.257206208425721,33,257,eval_at,1.5718501195758507,0.1,92.69999999999871
0.028522039757994815,10.337028824833704,33,259,eval_at,1.5804583711579852,0.1,92.7999999999987
0.027657735522904063,10.297117516629713,32,258,eval_at,1.5863491526290405,0.1,92.8999999999987
0.02592912705272256,10.137472283813748,30,254,eval_at,1.596657628592596,0.1,92.99999999999869
0.02592912705272256,10.177383592017739,30,255,eval_at,1.6047351336991276,0.1,93.09999999999869
0.02592912705272256,10.057649667405766,30,252,eval_at,1.6136352118942168,0.1,93.19999999999868
0.02592912705272256,9.8980044345898,30,248,eval_at,1.6238451063773574,0.1,93.29999999999868
0.02592912705272256,9.818181818181818,30,246,eval_at,1.6329062686446654,0.1,93.39999999999867
0.02592912705272256,9.49889135254989,30,238,eval_at,1.6406116615816486,0.1,93.49999999999866
0.024200518582541054,9.578713968957873,28,240,eval_at,1.6511686507605887,0.1,93.59999999999866
0.024200518582541054,9.339246119733925,28,234,eval_at,1.6606863767809357,0.1,93.69999999999865
0.02247191011235955,9.219512195121952,26,231,eval_at,1.671077571412705,0.1,93.79999999999865
0.02247191011235955,9.059866962305987,26,227,eval_at,1.6798883127657582,0.1,93.89999999999864
0.02247191011235955,8.860310421286032,26,222,eval_at,1.6928919831459588,0.1,93.99999999999864
0.021607605877268798,8.700665188470067,25,218,eval_at,1.7055696748645475,0.1,94.09999999999863
0.019878997407087293,8.660753880266077,23,217,eval_at,1.7145880560486857,0.1,94.19999999999862
0.019878997407087293,8.660753880266077,23,217,eval_at,1.7231006255703563,0.1,94.29999999999862
0.018150388936905792,8.461197339246121,21,212,eval_at,1.7342820122009355,0.1,94.39999999999861
0.018150388936905792,8.301552106430156,21,208,eval_at,1.743957148919946,0.1,94.49999999999861
0.016421780466724288,8.261640798226164,19,207,eval_at,1.7553344744607386,0.1,94.5999999999986
0.01728608470181504,8.022172949002218,20,201,eval_at,1.767118086725288,0.1,94.6999999999986
0.018150388936905792,7.7028824833702885,21,193,eval_at,1.778607938719468,0.1,94.79999999999859
0.018150388936905792,7.543237250554324,21,189,eval_at,1.793544403889623,0.1,94.89999999999858
0.018150388936905792,7.184035476718404,21,180,eval_at,1.803701734871728,0.1,94.99999999999858
0.01728608470181504,6.824833702882484,20,171,eval_at,1.8128778383977764,0.1,95.09999999999857
0.01728608470181504,6.745011086474501,20,169,eval_at,1.8230479934054087,0.1,95.19999999999857
0.014693171996542784,6.625277161862528,17,166,eval_at,1.8366135889240323,0.1,95.29999999999856
0.015557476231633534,6.505543237250555,18,163,eval_at,1.848047100806265,0.1,95.39999999999856
0.014693171996542784,6.305986696230599,17,158,eval_at,1.8634690090474093,0.1,95.49999999999855
0.013828867761452032,6.146341463414634,16,154,eval_at,1.8776379182319562,0.1,95.59999999999854
0.013828867761452032,5.946784922394679,16,149,eval_at,1.8882054862989361,0.1,95.69999999999854
0.013828867761452032,5.707317073170732,16,143,eval_at,1.9043880582044734,0.1,95.79999999999853
0.011235955056179775,5.827050997782705,13,146,eval_at,1.9176458361429285,0.1,95.89999999999853
0.010371650821089023,5.667405764966741,12,142,eval_at,1.9383175203085947,0.1,95.99999999999852
0.00950734658599827,5.787139689578715,11,145,eval_at,1.9552036141919593,0.1,96.09999999999852
0.00864304235090752,5.667405764966741,10,142,eval_at,1.968816737826987,0.1,96.19999999999851
0.006914433880726016,5.787139689578715,8,145,eval_at,1.987119777269005,0.1,96.2999999999985
0.005185825410544511,5.62749445676275,6,141,eval_at,2.004712307345144,0.1,96.3999999999985
0.005185825410544511,5.547671840354767,6,139,eval_at,2.0234289836029618,0.1,96.4999999999985
0.006050129645635264,5.348115299334812,7,134,eval_at,2.0381994300296538,0.1,96.59999999999849
0.005185825410544511,5.2682926829268295,6,132,eval_at,2.054237398807562,0.1,96.69999999999848
0.006050129645635264,5.388026607538803,7,135,eval_at,2.0692892415200475,0.1,96.79999999999848
0.006050129645635264,5.667405764966741,7,142,eval_at,2.085317423806553,0.1,96.89999999999847
0.005185825410544511,5.707317073170732,6,143,eval_at,2.0991185180816267,0.1,96.99999999999847
0.006050129645635264,5.667405764966741,7,142,eval_at,2.1129036550440876,0.1,97.09999999999846
0.005185825410544511,5.62749445676275,6,141,eval_at,2.1249445001614635,0.1,97.19999999999845
0.00432152117545376,5.507760532150776,5,138,eval_at,2.1358848475398813,0.1,97.29999999999845
0.00432152117545376,5.587583148558759,5,140,eval_at,2.146719510593884,0.1,97.39999999999844
0.00432152117545376,5.507760532150776,5,138,eval_at,2.1585896817826904,0.1,97.49999999999844
0.00432152117545376,5.467849223946786,5,137,eval_at,2.1729631896550967,0.1,97.59999999999843
0.00432152117545376,5.62749445676275,5,141,eval_at,2.182964764424798,0.1,97.69999999999843
0.00432152117545376,5.467849223946786,5,137,eval_at,2.1938824271853723,0.1,97.79999999999842
0.005185825410544511,5.308203991130821,6,133,eval_at,2.2083055251461112,0.1,97.89999999999841
0.005185825410544511,5.108647450110865,6,128,eval_at,2.21828627337453,0.1,97.99999999999841
0.005185825410544511,4.669623059866963,6,117,eval_at,2.2276050519136095,0.1,98.0999999999984
0.005185825410544511,4.549889135254989,6,114,eval_at,2.2416441066479202,0.1,98.1999999999984
0.006050129645635264,4.3503325942350335,7,109,eval_at,2.2563042668431943,0.1,98.29999999999839
0.005185825410544511,4.270509977827051,6,107,eval_at,2.2748647757194207,0.1,98.39999999999839
0.00432152117545376,3.9911308203991136,5,100,eval_at,2.289816683441276,0.1,98.49999999999838
0.003457216940363008,3.911308203991131,4,98,eval_at,2.3049044205445433,0.1,98.59999999999837
0.003457216940363008,3.7117516629711753,4,93,eval_at,2.3201639283306714,0.1,98.69999999999837
0.003457216940363008,3.6319290465631933,4,91,eval_at,2.3345674923018875,0.1,98.79999999999836
0.003457216940363008,3.3525498891352554,4,84,eval_at,2.3472189649144948,0.1,98.89999999999836
0.003457216940363008,3.192904656319291,4,80,eval_at,2.3657178520111746,0.1,98.99999999999835
0.003457216940363008,2.953436807095344,4,74,eval_at,2.382698096185668,0.1,99.09999999999835
0.003457216940363008,2.6341463414634148,4,66,eval_at,2.3976234384175057,0.1,99.19999999999834
0.0025929127052722557,2.3148558758314857,3,58,eval_at,2.4126835322953024,0.1,99.29999999999833
0.001728608470181504,2.2350332594235036,2,56,eval_at,2.4387835932335222,0.1,99.39999999999833
0.000864304235090752,1.9157427937915745,1,48,eval_at,2.465923746534995,0.1,99.49999999999832
0.0,1.3968957871396896,0,35,eval_at,2.491246420718805,0.1,99.59999999999832
0.0,1.0376940133037695,0,26,eval_at,2.5339120599841753,0.1,99.69999999999831
0.0,0.7184035476718404,0,18,eval_at,2.596060538813573,0.1,99.7999999999983
0.0,0.47893569844789363,0,12,eval_at,2.661753847759405,0.1,99.8999999999983
0.1097666378565255,26.620842572062088,127,667,eval_at,0.4064002966757993,0.2,70.0
0.11063094209161625,26.461197339246123,128,663,eval_at,0.4093215290360044,0.2,70.1
0.11063094209161625,26.580931263858094,128,666,eval_at,0.41323339160190203,0.2,70.19999999999999
0.10803802938634399,26.580931263858094,125,666,eval_at,0.41661719595065483,0.2,70.29999999999998
0.10544511668107173,26.461197339246123,122,663,eval_at,0.41983099388232004,0.2,70.39999999999998
0.10544511668107173,26.38137472283814,122,661,eval_at,0.4232792278862447,0.2,70.49999999999997
0.10458081244598098,26.38137472283814,121,661,eval_at,0.4266498842959953,0.2,70.59999999999997
0.10458081244598098,26.181818181818183,121,656,eval_at,0.42921052814023614,0.2,70.69999999999996
0.10458081244598098,26.06208425720621,121,653,eval_at,0.4318584166711862,0.2,70.79999999999995
0.10458081244598098,25.902439024390247,121,649,eval_at,0.4357472034216302,0.2,70.89999999999995
0.10458081244598098,25.942350332594238,121,650,eval_at,0.43875496401362957,0.2,70.99999999999994
0.10458081244598098,26.101995565410203,121,654,eval_at,0.4430829539146676,0.2,71.09999999999994
0.10371650821089023,26.261640798226168,120,658,eval_at,0.44570608561740654,0.2,71.19999999999993
0.10285220397579949,26.181818181818183,119,656,eval_at,0.4487257548934163,0.2,71.29999999999993
0.10198789974070872,26.06208425720621,118,653,eval_at,0.45225158846364993,0.2,71.39999999999992
0.10025929127052723,26.06208425720621,116,653,eval_at,0.45555261816831416,0.2,71.49999999999991
0.10112359550561797,26.06208425720621,117,653,eval_at,0.4583994366904568,0.2,71.59999999999991
0.09939498703543648,25.982261640798228,115,651,eval_at,0.46244320687781826,0.2,71.6999999999999
0.10025929127052723,25.822616407982263,116,647,eval_at,0.46559020656752276,0.2,71.7999999999999
0.10025929127052723,25.662971175166298,116,643,eval_at,0.4695393628096979,0.2,71.89999999999989
0.10112359550561797,25.543237250554327,117,640,eval_at,0.4734822214189789,0.2,71.99999999999989
0.10198789974070872,25.463414634146343,118,638,eval_at,0.47823859390050627,0.2,72.09999999999988
0.10112359550561797,25.303769401330378,117,634,eval_at,0.4822113691770171,0.2,72.19999999999987
0.09939498703543648,25.223946784922397,115,632,eval_at,0.4853469595244515,0.2,72.29999999999987
0.09939498703543648,25.144124168514413,115,630,eval_at,0.4892285362185349,0.2,72.39999999999986
0.10025929127052723,25.104212860310422,116,629,eval_at,0.49289245368762247,0.2,72.49999999999986
0.10025929127052723,25.02439024390244,116,627,eval_at,0.4965340891354256,0.2,72.59999999999985
0.10198789974070872,25.02439024390244,118,627,eval_at,0.5012971309935247,0.2,72.69999999999985
0.10198789974070872,25.104212860310422,118,629,eval_at,0.5049013099579575,0.2,72.79999999999984
0.10112359550561797,25.104212860310422,117,629,eval_at,0.508103662290567,0.2,72.89999999999984
0.10025929127052723,24.98447893569845,116,626,eval_at,0.5124734078813028,0.2,72.99999999999983
0.09939498703543648,24.904656319290467,115,624,eval_at,0.5177667845265355,0.2,73.09999999999982
0.10025929127052723,25.064301552106432,116,628,eval_at,0.5218464023413791,0.2,73.19999999999982
0.10025929127052723,24.98447893569845,116,626,eval_at,0.5260825113961071,0.2,73.29999999999981
0.10112359550561797,24.824833702882486,117,622,eval_at,0.5291553240684903,0.2,73.3999999999998
0.10025929127052723,24.864745011086477,116,623,eval_at,0.5328928786634105,0.2,73.4999999999998
0.09853068280034573,24.62527716186253,114,617,eval_at,0.5361662225995308,0.2,73.5999999999998
0.09680207433016422,24.38580931263858,112,611,eval_at,0.5394143546932532,0.2,73.69999999999979
0.09507346585998272,24.425720620842576,110,612,eval_at,0.5434686696101798,0.2,73.79999999999978
0.09420916162489196,24.26607538802661,109,608,eval_at,0.5472536203805669,0.2,73.89999999999978
0.09420916162489196,24.3059866962306,109,609,eval_at,0.5523116008451392,0.2,73.99999999999977
0.09334485738980121,24.34589800443459,108,610,eval_at,0.5569909174009476,0.2,74.09999999999977
0.09248055315471046,24.3059866962306,107,609,eval_at,0.5616430707885014,0.2,74.19999999999976
0.09248055315471046,24.02660753880266,107,602,eval_at,0.5655809679972119,0.2,74.29999999999976
0.09248055315471046,24.106430155210646,107,604,eval_at,0.5703739163789415,0.2,74.39999999999975
0.09248055315471046,23.94678492239468,107,600,eval_at,0.5746317330656132,0.2,74.49999999999974
0.09248055315471046,24.106430155210646,107,604,eval_at,0.5785173597523843,0.2,74.59999999999974
0.09161624891961971,23.866962305986696,106,598,eval_at,0.5824459806322853,0.2,74.69999999999973
0.09161624891961971,23.866962305986696,106,598,eval_at,0.5882335314840588,0.2,74.79999999999973
0.0898876404494382,23.94678492239468,104,600,eval_at,0.5921184226391362,0.2,74.89999999999972
0.09075194468452895,23.98669623059867,105,601,eval_at,0.5960544168333011,0.2,74.99999999999972
0.0898876404494382,23.866962305986696,104,598,eval_at,0.6000423456326099,0.2,75.09999999999971
0.09075194468452895,23.98669623059867,105,601,eval_at,0.6042558147260881,0.2,75.1999999999997
0.0898876404494382,23.866962305986696,104,598,eval_at,0.608399042206436,0.2,75.2999999999997
0.0898876404494382,23.90687361419069,104,599,eval_at,0.6126270388605273,0.2,75.3999999999997
0.0881590319792567,23.94678492239468,102,600,eval_at,0.6170720660893219,0.2,75.49999999999969
0.0881590319792567,23.747228381374725,102,595,eval_at,0.6217828258424393,0.2,75.59999999999968
0.08902333621434745,23.747228381374725,103,595,eval_at,0.624807563793418,0.2,75.69999999999968
0.0898876404494382,23.66740576496674,104,593,eval_at,0.628923112581582,0.2,75.79999999999967
0.08902333621434745,23.747228381374725,103,595,eval_at,0.632853292339284,0.2,75.89999999999966
0.08902333621434745,23.866962305986696,103,598,eval_at,0.6373030376547383,0.2,75.99999999999966
0.0881590319792567,23.94678492239468,102,600,eval_at,0.6415363372050541,0.2,76.09999999999965
0.0881590319792567,24.066518847006655,102,603,eval_at,0.6459043722413653,0.2,76.19999999999965
0.0881590319792567,23.98669623059867,102,601,eval_at,0.6491408406572331,0.2,76.29999999999964
0.08643042350907519,23.98669623059867,100,601,eval_at,0.6540678443283474,0.2,76.39999999999964
0.08729472774416594,24.02660753880266,101,602,eval_at,0.6577634263118182,0.2,76.49999999999963
0.0881590319792567,24.02660753880266,102,602,eval_at,0.6619878224686074,0.2,76.59999999999962
0.08729472774416594,23.98669623059867,101,601,eval_at,0.6654633277792671,0.2,76.69999999999962
0.08729472774416594,24.066518847006655,101,603,eval_at,0.6705242121709856,0.2,76.79999999999961
0.08729472774416594,23.94678492239468,101,600,eval_at,0.6748278583704191,0.2,76.89999999999961
0.08729472774416594,23.827050997782706,101,597,eval_at,0.6789909958060544,0.2,76.9999999999996
0.08643042350907519,23.66740576496674,100,593,eval_at,0.6841185694570291,0.2,77.0999999999996
0.08643042350907519,23.707317073170735,100,594,eval_at,0.6878422224852757,0.2,77.19999999999959
0.08643042350907519,23.467849223946786,100,588,eval_at,0.691280402909623,0.2,77.29999999999959
0.08643042350907519,23.427937915742795,100,587,eval_at,0.6952951043696137,0.2,77.39999999999958
0.08643042350907519,23.30820399113082,100,584,eval_at,0.6992526179162426,0.2,77.49999999999957
0.08556611927398444,23.26829268292683,99,583,eval_at,0.7051945180955328,0.2,77.59999999999957
0.08643042350907519,23.18847006651885,100,581,eval_at,0.7084959320627019,0.2,77.69999999999956
0.0881590319792567,23.028824833702885,102,577,eval_at,0.7130733916671528,0.2,77.79999999999956
0.08902333621434745,23.14855875831486,103,580,eval_at,0.7172135676852756,0.2,77.89999999999955
0.08729472774416594,23.388026607538805,101,586,eval_at,0.722009600395807,0.2,77.99999999999955
0.08729472774416594,23.26829268292683,101,583,eval_at,0.72677828064047,0.2,78.09999999999954
0.08643042350907519,23.18847006651885,100,581,eval_at,0.7310531408595744,0.2,78.19999999999953
0.08556611927398444,23.22838137472284,99,582,eval_at,0.7357458913925143,0.2,78.29999999999953
0.08556611927398444,23.068736141906875,99,578,eval_at,0.7394647664229884,0.2,78.39999999999952
0.08643042350907519,22.988913525498894,100,576,eval_at,0.7449313323478045,0.2,78.49999999999952
0.08556611927398444,22.90909090909091,99,574,eval_at,0.7488436102663893,0.2,78.59999999999951
0.08383751080380294,22.82926829268293,97,572,eval_at,0.7524899671712625,0.2,78.6999999999995
0.08383751080380294,23.028824833702885,97,577,eval_at,0.7573773260404456,0.2,78.7999999999995
0.08383751080380294,23.028824833702885,97,577,eval_at,0.7628357094958752,0.2,78.8999999999995
0.08383751080380294,22.988913525498894,97,576,eval_at,0.7675851009574876,0.2,78.99999999999949
0.08383751080380294,22.82926829268293,97,572,eval_at,0.7709932696346161,0.2,79.09999999999948
0.08383751080380294,22.82926829268293,97,572,eval_at,0.7757677811809355,0.2,79.19999999999948
0.08383751080380294,22.86917960088692,97,573,eval_at,0.7811315627787752,0.2,79.29999999999947
0.08556611927398444,22.78935698447894,99,571,eval_at,0.7856511894991438,0.2,79.39999999999947
0.0847018150388937,22.669623059866964,98,568,eval_at,0.7904661796682452,0.2,79.49999999999946
0.0847018150388937,22.669623059866964,98,568,eval_at,0.7951866548702248,0.2,79.59999999999945
0.08383751080380294,22.58980044345898,97,566,eval_at,0.7999063112972286,0.2,79.69999999999945
0.08297320656871218,22.270509977827054,96,558,eval_at,0.8047266888869089,0.2,79.79999999999944
0.08383751080380294,22.11086474501109,97,554,eval_at,0.8102239897934496,0.2,79.89999999999944
0.08297320656871218,22.19068736141907,96,556,eval_at,0.8146968138745002,0.2,79.99999999999943
0.08124459809853068,21.991130820399114,94,551,eval_at,0.8195924399317422,0.2,80.09999999999943
0.08210890233362143,21.951219512195124,95,550,eval_at,0.8236581672020755,0.2,80.19999999999942
0.08297320656871218,22.11086474501109,96,554,eval_at,0.8285551313816105,0.2,80.29999999999941
0.08297320656871218,22.19068736141907,96,556,eval_at,0.8340396774963209,0.2,80.39999999999941
0.08210890233362143,21.991130820399114,95,551,eval_at,0.8382828158081321,0.2,80.4999999999994
0.08210890233362143,21.911308203991133,95,549,eval_at,0.8432906524126395,0.2,80.5999999999994
0.08210890233362143,21.951219512195124,95,550,eval_at,0.8469386090937564,0.2,80.69999999999939
0.08038029386343994,21.991130820399114,93,551,eval_at,0.8513318606422036,0.2,80.79999999999939
0.08038029386343994,21.951219512195124,93,550,eval_at,0.8565428443730252,0.2,80.89999999999938
0.08038029386343994,21.991130820399114,93,551,eval_at,0.8621001326915417,0.2,80.99999999999937
0.07951598962834917,21.871396895787143,92,548,eval_at,0.866361249164732,0.2,81.09999999999937
0.08038029386343994,21.911308203991133,93,549,eval_at,0.8727232118095518,0.2,81.19999999999936
0.07865168539325842,21.951219512195124,91,550,eval_at,0.8779712330452822,0.2,81.29999999999936
0.07951598962834917,22.0709534368071,92,553,eval_at,0.8821477613531836,0.2,81.39999999999935
0.07778738115816768,22.310421286031044,90,559,eval_at,0.8874297540444647,0.2,81.49999999999935
0.07865168539325842,22.310421286031044,91,559,eval_at,0.8928842646875433,0.2,81.59999999999934
0.07865168539325842,22.350332594235034,91,560,eval_at,0.8963930040615145,0.2,81.69999999999933
0.07778738115816768,22.509977827051,90,564,eval_at,0.9013445901685821,0.2,81.79999999999933
0.07692307692307693,22.669623059866964,89,568,eval_at,0.9058455100401914,0.2,81.89999999999932
0.07778738115816768,22.629711751662974,90,567,eval_at,0.910927251954424,0.2,81.99999999999932
0.07778738115816768,22.390243902439025,90,561,eval_at,0.916329748129072,0.2,82.09999999999931
0.07778738115816768,22.350332594235034,90,560,eval_at,0.9209129953597219,0.2,82.1999999999993
0.07692307692307693,22.230598669623063,89,557,eval_at,0.9245456291849052,0.2,82.2999999999993
0.07692307692307693,22.19068736141907,89,556,eval_at,0.9288689657352308,0.2,82.3999999999993
0.07519446845289542,22.270509977827054,87,558,eval_at,0.933283457698404,0.2,82.49999999999929
0.07346585998271392,21.951219512195124,85,550,eval_at,0.9385994914938535,0.2,82.59999999999928
0.07346585998271392,21.951219512195124,85,550,eval_at,0.9418703237923409,0.2,82.69999999999928
0.07346585998271392,22.230598669623063,85,557,eval_at,0.9459557274951428,0.2,82.79999999999927
0.07346585998271392,22.19068736141907,85,556,eval_at,0.9495370167559586,0.2,82.89999999999927
0.07260155574762317,22.230598669623063,84,557,eval_at,0.953141847675654,0.2,82.99999999999926
0.07173725151253241,22.0709534368071,83,553,eval_at,0.9568715875610662,0.2,83.09999999999926
0.07173725151253241,22.0709534368071,83,553,eval_at,0.9602388402412237,0.2,83.19999999999925
0.07087294727744166,22.19068736141907,82,556,eval_at,0.965130158542346,0.2,83.29999999999924
0.07087294727744166,22.15077605321508,82,555,eval_at,0.969521096437546,0.2,83.39999999999924
0.07087294727744166,22.19068736141907,82,556,eval_at,0.9735964761213621,0.2,83.49999999999923
0.07087294727744166,22.270509977827054,82,558,eval_at,0.9780122910313567,0.2,83.59999999999923
0.07087294727744166,22.270509977827054,82,558,eval_at,0.9821691535088191,0.2,83.69999999999922
0.07000864304235091,22.15077605321508,81,555,eval_at,0.9866203406245656,0.2,83.79999999999922
0.07000864304235091,21.951219512195124,81,550,eval_at,0.9928417852887736,0.2,83.89999999999921
0.07000864304235091,21.911308203991133,81,549,eval_at,0.9973041329160753,0.2,83.9999999999992
0.06914433880726016,22.031042128603104,80,552,eval_at,1.002064452611701,0.2,84.0999999999992
0.06914433880726016,21.911308203991133,80,549,eval_at,1.0075708928779596,0.2,84.19999999999919
0.06741573033707865,21.671840354767184,78,543,eval_at,1.0118285490181582,0.2,84.29999999999919
0.06741573033707865,21.631929046563194,78,542,eval_at,1.0163000852586415,0.2,84.39999999999918
0.0682800345721694,21.312638580931267,79,534,eval_at,1.0209854747385214,0.2,84.49999999999918
0.06914433880726016,21.392461197339248,80,536,eval_at,1.0256792916647821,0.2,84.59999999999917
0.06914433880726016,21.232815964523283,80,532,eval_at,1.0301375880768924,0.2,84.69999999999916
0.0682800345721694,21.073170731707318,79,528,eval_at,1.034647175970085,0.2,84.79999999999916
0.06741573033707865,21.073170731707318,78,528,eval_at,1.0386802143910323,0.2,84.89999999999915
0.06741573033707865,21.11308203991131,78,529,eval_at,1.0442804879268963,0.2,84.99999999999915
0.0665514261019879,21.073170731707318,77,528,eval_at,1.0499221366284732,0.2,85.09999999999914
0.06741573033707865,21.192904656319293,78,531,eval_at,1.0550277184729977,0.2,85.19999999999914
0.0665514261019879,20.993348115299337,77,526,eval_at,1.061024396218745,0.2,85.29999999999913
0.0665514261019879,21.073170731707318,77,528,eval_at,1.067136704203025,0.2,85.39999999999912
0.06741573033707865,20.793791574279382,78,521,eval_at,1.070963588766578,0.2,85.49999999999912
0.06741573033707865,20.634146341463417,78,517,eval_at,1.0757391680412685,0.2,85.59999999999911
0.0665514261019879,20.554323725055433,77,515,eval_at,1.0802895750262786,0.2,85.69999999999911
0.0665514261019879,20.514412416851442,77,514,eval_at,1.084760674585351,0.2,85.7999999999991
0.06741573033707865,20.474501108647452,78,513,eval_at,1.0889749728884524,0.2,85.8999999999991
0.06741573033707865,20.274944567627497,78,508,eval_at,1.0939596680556627,0.2,85.99999999999909
0.0682800345721694,20.03547671840355,79,502,eval_at,1.0989566201948058,0.2,86.09999999999908
0.0682800345721694,19.875831485587586,79,498,eval_at,1.1039379695990892,0.2,86.19999999999908
0.06741573033707865,19.75609756097561,78,495,eval_at,1.108475365784581,0.2,86.29999999999907
0.0682800345721694,19.67627494456763,79,493,eval_at,1.113492292922617,0.2,86.39999999999907
0.0665514261019879,19.556541019955656,77,490,eval_at,1.1196995481261174,0.2,86.49999999999906
0.06741573033707865,19.556541019955656,78,490,eval_at,1.1253756700167168,0.2,86.59999999999906
0.0665514261019879,19.516629711751666,77,489,eval_at,1.1310299579202363,0.2,86.69999999999905
0.06482281763180639,19.47671840354767,75,488,eval_at,1.1361564799849084,0.2,86.79999999999905
0.06482281763180639,19.117516629711755,75,479,eval_at,1.141970827785579,0.2,86.89999999999904
0.06395851339671564,19.157427937915745,74,480,eval_at,1.1473728074054779,0.2,86.99999999999903
0.06482281763180639,18.99778270509978,75,476,eval_at,1.1536969872295224,0.2,87.09999999999903
0.06482281763180639,19.07760532150776,75,478,eval_at,1.1581105359916577,0.2,87.19999999999902
0.06395851339671564,18.838137472283815,74,472,eval_at,1.1625652419509531,0.2,87.29999999999902
0.06309420916162489,18.798226164079825,73,471,eval_at,1.1672208271402849,0.2,87.39999999999901
0.06222990492653414,18.798226164079825,72,471,eval_at,1.1735248639554239,0.2,87.499999999999
0.06136560069144339,18.59866962305987,71,466,eval_at,1.1778127844708044,0.2,87.599999999999
0.06136560069144339,18.27937915742794,71,458,eval_at,1.1825636107819442,0.2,87.699999999999
0.059636992221261884,18.039911308203994,69,452,eval_at,1.1881431544104155,0.2,87.79999999999899
0.059636992221261884,17.64079822616408,69,442,eval_at,1.1925388486690875,0.2,87.89999999999898
0.058772687986171135,17.441241685144124,68,437,eval_at,1.1978172553248305,0.2,87.99999999999898
0.059636992221261884,17.52106430155211,69,439,eval_at,1.202942787372833,0.2,88.09999999999897
0.059636992221261884,17.52106430155211,69,439,eval_at,1.2089756667403828,0.2,88.19999999999897
0.059636992221261884,17.28159645232816,69,433,eval_at,1.2140561932082141,0.2,88.29999999999896
0.05790838375108038,17.16186252771619,67,430,eval_at,1.2202277931100463,0.2,88.39999999999895
0.058772687986171135,17.082039911308204,68,428,eval_at,1.225994440389943,0.2,88.49999999999895
0.058772687986171135,16.962305986696233,68,425,eval_at,1.232884134943358,0.2,88.59999999999894
0.056179775280898875,16.802660753880268,65,421,eval_at,1.2381941537748884,0.2,88.69999999999894
0.055315471045808126,16.563192904656322,64,415,eval_at,1.243872464756181,0.2,88.79999999999893
0.055315471045808126,16.243902439024392,64,407,eval_at,1.2509545761267296,0.2,88.89999999999893
0.05445116681071737,16.363636363636363,63,410,eval_at,1.2590871174952034,0.2,88.99999999999892
0.05358686257562662,16.363636363636363,62,410,eval_at,1.264041844542137,0.2,89.09999999999891
0.05358686257562662,16.283813747228383,62,408,eval_at,1.27016799164971,0.2,89.19999999999891
0.05358686257562662,16.243902439024392,62,407,eval_at,1.2763338569410496,0.2,89.2999999999989
0.052722558340535866,16.084257206208427,61,403,eval_at,1.2821954553307175,0.2,89.3999999999989
0.052722558340535866,16.203991130820402,61,406,eval_at,1.287133504260296,0.2,89.49999999999889
0.05185825410544512,16.323725055432373,60,409,eval_at,1.2926201661349939,0.2,89.59999999999889
0.05185825410544512,16.124168514412418,60,404,eval_at,1.297290986782671,0.2,89.69999999999888
0.05185825410544512,15.964523281596454,60,400,eval_at,1.303866459356851,0.2,89.79999999999887
0.05185825410544512,15.725055432372507,60,394,eval_at,1.3097633030196456,0.2,89.89999999999887
0.05185825410544512,15.645232815964524,60,392,eval_at,1.3152985554258168,0.2,89.99999999999886
0.05099394987035436,15.605321507760534,59,391,eval_at,1.3233385484573787,0.2,90.09999999999886
0.049265341400172864,15.685144124168515,57,393,eval_at,1.3279069756266786,0.2,90.19999999999885
0.05012964563526361,15.565410199556542,58,390,eval_at,1.3337370676642668,0.2,90.29999999999885
0.05012964563526361,15.405764966740577,58,386,eval_at,1.3413002281245647,0.2,90.39999999999884
0.049265341400172864,15.365853658536587,57,385,eval_at,1.3468091198094085,0.2,90.49999999999883
0.049265341400172864,15.286031042128604,57,383,eval_at,1.3515813991173204,0.2,90.59999999999883
0.05012964563526361,15.126385809312639,58,379,eval_at,1.3575169755556986,0.2,90.69999999999882
0.049265341400172864,15.046563192904658,57,377,eval_at,1.3633675645515464,0.2,90.79999999999882
0.049265341400172864,14.966740576496676,57,375,eval_at,1.3698119938990276,0.2,90.89999999999881
0.04840103716508211,14.727272727272728,56,369,eval_at,1.3783298941757716,0.2,90.9999999999988
0.04753673292999136,14.687361419068738,55,368,eval_at,1.3843674353538813,0.2,91.0999999999988
0.0449438202247191,14.607538802660756,52,366,eval_at,1.3900767962093472,0.2,91.1999999999988
0.0449438202247191,14.44789356984479,52,362,eval_at,1.396581632473986,0.2,91.29999999999879
0.043215211754537596,14.288248337028826,50,358,eval_at,1.4039170819532227,0.2,91.39999999999878
0.04235090751944685,14.008869179600888,49,351,eval_at,1.4098257054373944,0.2,91.49999999999878
0.04235090751944685,13.809312638580932,49,346,eval_at,1.4180525444182233,0.2,91.59999999999877
0.043215211754537596,13.609756097560977,50,341,eval_at,1.4260471664416312,0.2,91.69999999999877
0.04235090751944685,13.490022172949002,49,338,eval_at,1.434004047053551,0.2,91.79999999999876
0.043215211754537596,13.290465631929047,50,333,eval_at,1.4405849670606976,0.2,91.89999999999876
0.043215211754537596,13.01108647450111,50,326,eval_at,1.447478611427058,0.2,91.99999999999875
0.04062229904926534,13.01108647450111,47,326,eval_at,1.4540462900280162,0.2,92.09999999999874
0.03889369057908384,13.090909090909092,45,328,eval_at,1.459277949084771,0.2,92.19999999999874
0.037165082108902334,12.851441241685146,43,322,eval_at,1.4669003206308555,0.2,92.29999999999873
0.037165082108902334,12.572062084257206,43,315,eval_at,1.4752532406083556,0.2,92.39999999999873
0.036300777873811585,12.372505543237251,42,310,eval_at,1.4837746054312027,0.2,92.49999999999872
0.03543647363872083,12.212860310421288,41,306,eval_at,1.4892750620110702,0.2,92.59999999999872
0.03543647363872083,11.893569844789358,41,298,eval_at,1.4967253171719321,0.2,92.69999999999871
0.03457216940363008,11.773835920177385,40,295,eval_at,1.5055220493643333,0.2,92.7999999999987
0.03457216940363008,11.57427937915743,40,290,eval_at,1.5124368049895922,0.2,92.8999999999987
0.03457216940363008,11.414634146341465,40,286,eval_at,1.520149683133712,0.2,92.99999999999869
0.033707865168539325,11.29490022172949,39,283,eval_at,1.5308013383048833,0.2,93.09999999999869
0.032843560933448576,11.015521064301552,38,276,eval_at,1.5408820842156614,0.2,93.19999999999868
0.03197925669835782,10.736141906873614,37,269,eval_at,1.5510072444784058,0.2,93.29999999999868
0.03111495246326707,10.456762749445677,36,262,eval_at,1.5608798630332184,0.2,93.39999999999867
0.029386343993085567,10.257206208425721,34,257,eval_at,1.5690202986701542,0.2,93.49999999999866
0.028522039757994815,10.017738359201775,33,251,eval_at,1.5783847560284316,0.2,93.59999999999866
0.029386343993085567,9.937915742793793,34,249,eval_at,1.588998871526258,0.2,93.69999999999865
0.028522039757994815,9.49889135254989,33,238,eval_at,1.5978615416876205,0.2,93.79999999999865
0.027657735522904063,9.49889135254989,32,238,eval_at,1.6082432876651818,0.2,93.89999999999864
0.024200518582541054,9.299334811529935,28,233,eval_at,1.6197789347503235,0.2,93.99999999999864
0.023336214347450302,9.339246119733925,27,234,eval_at,1.6327128627763086,0.2,94.09999999999863
0.024200518582541054,9.219512195121952,28,231,eval_at,1.6436559528341717,0.2,94.19999999999862
0.024200518582541054,9.019955654101997,28,226,eval_at,1.6539757379607487,0.2,94.29999999999862
0.024200518582541054,8.860310421286032,28,222,eval_at,1.6618883262177373,0.2,94.39999999999861
0.025064822817631807,8.700665188470067,29,218,eval_at,1.6738808355748886,0.2,94.49999999999861
0.025064822817631807,8.74057649667406,29,219,eval_at,1.6817166339271725,0.2,94.5999999999986
0.02247191011235955,8.501108647450112,26,213,eval_at,1.6906649671746652,0.2,94.6999999999986
0.02247191011235955,8.42128603104213,26,211,eval_at,1.70337514618736,0.2,94.79999999999859
0.02247191011235955,8.221729490022174,26,206,eval_at,1.7152527004875602,0.2,94.89999999999858
0.02247191011235955,7.8625277161862535,26,197,eval_at,1.7256218175633076,0.2,94.99999999999858
0.021607605877268798,7.74279379157428,25,194,eval_at,1.7371965029381218,0.2,95.09999999999857
0.020743301642178046,7.623059866962307,24,191,eval_at,1.7527111280635623,0.2,95.19999999999857
0.020743301642178046,7.623059866962307,24,191,eval_at,1.7639789427122408,0.2,95.29999999999856
0.019878997407087293,7.623059866962307,23,191,eval_at,1.7749549343659656,0.2,95.39999999999856
0.019878997407087293,7.543237250554324,23,189,eval_at,1.7882942870805674,0.2,95.49999999999855
0.016421780466724288,7.383592017738359,19,185,eval_at,1.7998933802257437,0.2,95.59999999999854
0.01728608470181504,7.2638580931263865,20,182,eval_at,1.8143535723647326,0.2,95.69999999999854
0.01728608470181504,7.02439024390244,20,176,eval_at,1.8226963382306625,0.2,95.79999999999853
0.016421780466724288,7.184035476718404,19,180,eval_at,1.8327430308846508,0.2,95.89999999999853
0.016421780466724288,7.06430155210643,19,177,eval_at,1.8440494361255109,0.2,95.99999999999852
0.015557476231633534,7.1042128603104215,18,178,eval_at,1.8548083872497947,0.2,96.09999999999852
0.01296456352636128,7.144124168514413,15,179,eval_at,1.8691902865558854,0.2,96.19999999999851
0.012100259291270527,7.223946784922395,14,181,eval_at,1.8814697358442505,0.2,96.2999999999985
0.012100259291270527,7.06430155210643,14,177,eval_at,1.8932771024768813,0.2,96.3999999999985
0.012100259291270527,6.944567627494457,14,174,eval_at,1.9051387416641676,0.2,96.4999999999985
0.012100259291270527,6.864745011086475,14,172,eval_at,1.9164226117088456,0.2,96.59999999999849
0.011235955056179775,6.745011086474501,13,169,eval_at,1.9286647422393683,0.2,96.69999999999848
0.011235955056179775,6.7849223946784925,13,170,eval_at,1.9391722376724942,0.2,96.79999999999848
0.011235955056179775,6.545454545454546,13,164,eval_at,1.9500592290887784,0.2,96.89999999999847
0.00950734658599827,6.305986696230599,11,158,eval_at,1.9622956500516466,0.2,96.99999999999847
0.00864304235090752,6.226164079822617,10,156,eval_at,1.9753016033327724,0.2,97.09999999999846
0.00864304235090752,6.066518847006653,10,152,eval_at,1.988306664070191,0.2,97.19999999999845
0.007778738115816767,5.866962305986696,9,147,eval_at,2.0024555105490394,0.2,97.29999999999845
0.007778738115816767,5.827050997782705,9,146,eval_at,2.012884007558787,0.2,97.39999999999844
0.007778738115816767,5.747228381374724,9,144,eval_at,2.0229822059935176,0.2,97.49999999999844
0.007778738115816767,5.507760532150776,9,138,eval_at,2.035961565981737,0.2,97.59999999999843
0.00864304235090752,5.467849223946786,10,137,eval_at,2.0495088659700267,0.2,97.69999999999843
0.00864304235090752,5.4279379157427945,10,136,eval_at,2.0632871453064,0.2,97.79999999999842
0.00864304235090752,5.188470066518847,10,130,eval_at,2.0802289648150927,0.2,97.89999999999841
0.007778738115816767,4.909090909090909,9,123,eval_at,2.0944245302518123,0.2,97.99999999999841
0.006914433880726016,4.629711751662971,8,116,eval_at,2.111533152560729,0.2,98.0999999999984
0.006050129645635264,4.709534368070954,7,118,eval_at,2.127822675901131,0.2,98.1999999999984
0.006050129645635264,4.669623059866963,7,117,eval_at,2.1422783994113646,0.2,98.29999999999839
0.00432152117545376,4.5099778270509985,5,113,eval_at,2.1567739277574765,0.2,98.39999999999839
0.00432152117545376,4.3503325942350335,5,109,eval_at,2.1767420224238,0.2,98.49999999999838
0.003457216940363008,4.270509977827051,4,107,eval_at,2.193828381366491,0.2,98.59999999999837
0.003457216940363008,3.9512195121951224,4,99,eval_at,2.2079451718485403,0.2,98.69999999999837
0.003457216940363008,3.9512195121951224,4,99,eval_at,2.225484825244832,0.2,98.79999999999836
0.003457216940363008,3.6718403547671845,4,92,eval_at,2.2411154723272406,0.2,98.89999999999836
0.003457216940363008,3.3525498891352554,4,84,eval_at,2.2613815236068557,0.2,98.99999999999835
0.0025929127052722557,3.073170731707317,3,77,eval_at,2.2809487131911634,0.2,99.09999999999835
0.0025929127052722557,2.7937915742793793,3,70,eval_at,2.300768410125346,0.2,99.19999999999834
0.0025929127052722557,2.5543237250554327,3,64,eval_at,2.3250352085404558,0.2,99.29999999999833
0.000864304235090752,2.2749445676274944,1,57,eval_at,2.3474571316479103,0.2,99.39999999999833
0.000864304235090752,1.9157427937915745,1,48,eval_at,2.3767232399966094,0.2,99.49999999999832
0.0,1.476718403547672,0,37,eval_at,2.409791214769111,0.2,99.59999999999832
0.0,1.0776053215077606,0,27,eval_at,2.4473167983713324,0.2,99.69999999999831
0.0,0.7982261640798227,0,20,eval_at,2.5241222200205344,0.2,99.7999999999983
0.0,0.47893569844789363,0,12,eval_at,2.5986226295481267,0.2,99.8999999999983
0.13223854796888504,33.126385809312644,153,830,eval_at,0.4229568800179708,0.3,70.0
0.13223854796888504,32.966740576496676,153,826,eval_at,0.42708696741729735,0.3,70.1
0.1313742437337943,32.886917960088695,152,824,eval_at,0.4307571816677013,0.3,70.19999999999999
0.1313742437337943,32.72727272727273,152,820,eval_at,0.4339837593661431,0.3,70.29999999999998
0.13050993949870354,32.527716186252775,151,815,eval_at,0.4371291813342525,0.3,70.39999999999998
0.12964563526361278,32.407982261640804,150,812,eval_at,0.44014181117479967,0.3,70.49999999999997
0.12791702679343128,32.368070953436806,148,811,eval_at,0.4443199924761363,0.3,70.59999999999997
0.12878133102852204,32.288248337028826,149,809,eval_at,0.44770804652634566,0.3,70.69999999999996
0.12878133102852204,32.328159645232816,149,810,eval_at,0.450673685580661,0.3,70.79999999999995
0.12878133102852204,32.328159645232816,149,810,eval_at,0.454058930027122,0.3,70.89999999999995
0.12878133102852204,32.008869179600886,149,802,eval_at,0.457380459583232,0.3,70.99999999999994
0.12705272255834055,31.849223946784925,147,798,eval_at,0.4602832691124308,0.3,71.09999999999994
0.12618841832324978,31.849223946784925,146,798,eval_at,0.4631101260091978,0.3,71.19999999999993
0.12618841832324978,32.04878048780488,146,803,eval_at,0.46602332207008695,0.3,71.29999999999993
0.12532411408815902,31.889135254988915,145,799,eval_at,0.46808979775663495,0.3,71.39999999999992
0.12532411408815902,31.769401330376944,145,796,eval_at,0.4711340480729796,0.3,71.49999999999991
0.12359550561797752,31.60975609756098,143,792,eval_at,0.47469349448962767,0.3,71.59999999999991
0.12445980985306827,31.37028824833703,144,786,eval_at,0.47820983091907,0.3,71.6999999999999
0.12445980985306827,31.170731707317074,144,781,eval_at,0.48129151585516244,0.3,71.7999999999999
0.12532411408815902,31.050997782705103,145,778,eval_at,0.48391550056982613,0.3,71.89999999999989
0.12359550561797752,30.771618625277164,143,771,eval_at,0.48664513632320894,0.3,71.99999999999989
0.12359550561797752,30.771618625277164,143,771,eval_at,0.4901551809445237,0.3,72.09999999999988
0.12359550561797752,30.651884700665192,143,768,eval_at,0.49361407423219733,0.3,72.19999999999987
0.12359550561797752,30.492239467849227,143,764,eval_at,0.4975271636077606,0.3,72.29999999999987
0.12273120138288678,30.691796008869183,142,769,eval_at,0.5012523226765964,0.3,72.39999999999986
0.12273120138288678,30.6119733924612,142,767,eval_at,0.5037981445442484,0.3,72.49999999999986
0.12186689714779603,30.6119733924612,141,767,eval_at,0.507051151677002,0.3,72.59999999999985
0.12186689714779603,30.572062084257208,141,766,eval_at,0.5113449455308492,0.3,72.69999999999985
0.12013828867761452,30.532150776053218,139,765,eval_at,0.5144466581981569,0.3,72.79999999999984
0.12013828867761452,30.532150776053218,139,765,eval_at,0.5180153176331218,0.3,72.89999999999984
0.12013828867761452,30.292682926829272,139,759,eval_at,0.5219270174834362,0.3,72.99999999999983
0.11927398444252377,30.172949002217297,138,756,eval_at,0.5255745529341195,0.3,73.09999999999982
0.11927398444252377,30.172949002217297,138,756,eval_at,0.529237007124078,0.3,73.19999999999982
0.11927398444252377,30.093126385809317,138,754,eval_at,0.532588418718909,0.3,73.29999999999981
0.12013828867761452,29.93348115299335,139,750,eval_at,0.5361959036746782,0.3,73.3999999999998
0.12013828867761452,29.494456762749447,139,739,eval_at,0.5395629907104793,0.3,73.4999999999998
0.12013828867761452,29.694013303769403,139,744,eval_at,0.5421458717556821,0.3,73.5999999999998
0.12013828867761452,29.893569844789358,139,749,eval_at,0.5463325226596517,0.3,73.69999999999979
0.11927398444252377,29.773835920177387,138,746,eval_at,0.5495198359656949,0.3,73.79999999999978
0.11927398444252377,29.614190687361422,138,742,eval_at,0.5525774330414047,0.3,73.89999999999978
0.11927398444252377,29.57427937915743,138,741,eval_at,0.556098158141191,0.3,73.99999999999977
0.12100259291270528,29.614190687361422,140,742,eval_at,0.5591263757806767,0.3,74.09999999999977
0.12013828867761452,29.414634146341466,139,737,eval_at,0.5620696685606109,0.3,74.19999999999976
0.12013828867761452,29.414634146341466,139,737,eval_at,0.5660820221224012,0.3,74.29999999999976
0.12013828867761452,29.534368070953438,139,740,eval_at,0.5702291281235459,0.3,74.39999999999975
0.12100259291270528,29.733924611973396,140,745,eval_at,0.5737710155537057,0.3,74.49999999999974
0.12013828867761452,29.694013303769403,139,744,eval_at,0.5775710395392274,0.3,74.59999999999974
0.11840968020743302,29.57427937915743,137,741,eval_at,0.5805416580596003,0.3,74.69999999999973
0.11754537597234227,29.494456762749447,136,739,eval_at,0.5849789673802032,0.3,74.79999999999973
0.11668107173725151,29.454545454545457,135,738,eval_at,0.5884286873933382,0.3,74.89999999999972
0.11754537597234227,29.294900221729492,136,734,eval_at,0.5925145508248998,0.3,74.99999999999972
0.11840968020743302,29.334811529933482,137,735,eval_at,0.5965152100955503,0.3,75.09999999999971
0.11754537597234227,29.294900221729492,136,734,eval_at,0.5995763369294035,0.3,75.1999999999997
0.11840968020743302,29.175166297117517,137,731,eval_at,0.603803989580593,0.3,75.2999999999997
0.11668107173725151,29.015521064301556,135,727,eval_at,0.6075031185328845,0.3,75.3999999999997
0.11581676750216076,29.015521064301556,134,727,eval_at,0.6120309567867858,0.3,75.49999999999969
0.11581676750216076,29.055432372505546,134,728,eval_at,0.6163398689583616,0.3,75.59999999999968
0.11408815903197926,28.93569844789357,132,725,eval_at,0.6193015802856825,0.3,75.69999999999968
0.11581676750216076,28.85587583148559,134,723,eval_at,0.6231560535400601,0.3,75.79999999999967
0.11668107173725151,28.45676274944568,135,713,eval_at,0.6274524335921688,0.3,75.89999999999966
0.11408815903197926,28.297117516629715,132,709,eval_at,0.6329222127845491,0.3,75.99999999999966
0.11408815903197926,27.977827050997785,132,701,eval_at,0.637269289029158,0.3,76.09999999999965
0.11408815903197926,27.81818181818182,132,697,eval_at,0.6424309177582647,0.3,76.19999999999965
0.11408815903197926,27.73835920177384,132,695,eval_at,0.6465701281154371,0.3,76.29999999999964
0.11408815903197926,27.658536585365855,132,693,eval_at,0.6514905422916755,0.3,76.39999999999964
0.11235955056179775,27.4589800443459,130,688,eval_at,0.6557652052829812,0.3,76.49999999999963
0.111495246326707,27.37915742793792,129,686,eval_at,0.660767311128181,0.3,76.59999999999962
0.11063094209161625,27.179600886917964,128,681,eval_at,0.6647254478053968,0.3,76.69999999999962
0.10890233362143474,27.09977827050998,126,679,eval_at,0.6692248588032044,0.3,76.79999999999961
0.10890233362143474,26.980044345898005,126,676,eval_at,0.6732721501091772,0.3,76.89999999999961
0.10717372515125324,26.860310421286034,124,673,eval_at,0.6766302293991387,0.3,76.9999999999996
0.10544511668107173,26.860310421286034,122,673,eval_at,0.6797970922890797,0.3,77.0999999999996
0.10544511668107173,26.900221729490024,122,674,eval_at,0.6834277258289851,0.3,77.19999999999959
0.10544511668107173,26.900221729490024,122,674,eval_at,0.6875392881237392,0.3,77.29999999999959
0.10544511668107173,27.09977827050998,122,679,eval_at,0.6916758207725267,0.3,77.39999999999958
0.10458081244598098,26.940133037694014,121,675,eval_at,0.696037534895584,0.3,77.49999999999957
0.10544511668107173,26.940133037694014,122,675,eval_at,0.7003917545072254,0.3,77.59999999999957
0.10458081244598098,26.78048780487805,121,671,eval_at,0.7038202745216388,0.3,77.69999999999956
0.10285220397579949,26.860310421286034,119,673,eval_at,0.7082114163643344,0.3,77.79999999999956
0.10285220397579949,26.70066518847007,119,669,eval_at,0.7115153566022605,0.3,77.89999999999955
0.10198789974070872,26.66075388026608,118,668,eval_at,0.715560710333634,0.3,77.99999999999955
0.10198789974070872,26.860310421286034,118,673,eval_at,0.718791099212581,0.3,78.09999999999954
0.10112359550561797,26.66075388026608,117,668,eval_at,0.7230113290753338,0.3,78.19999999999953
0.10025929127052723,26.501108647450113,116,664,eval_at,0.726949037886684,0.3,78.29999999999953
0.10025929127052723,26.461197339246123,116,663,eval_at,0.7307188507447984,0.3,78.39999999999952
0.10025929127052723,26.34146341463415,116,660,eval_at,0.7339725529747464,0.3,78.49999999999952
0.09939498703543648,26.34146341463415,115,660,eval_at,0.7375724685213527,0.3,78.59999999999951
0.09939498703543648,26.141906873614193,115,655,eval_at,0.7419768277008085,0.3,78.6999999999995
0.09853068280034573,26.461197339246123,114,663,eval_at,0.7467412700407436,0.3,78.7999999999995
0.09853068280034573,26.501108647450113,114,664,eval_at,0.7498770114455376,0.3,78.8999999999995
0.09853068280034573,26.34146341463415,114,660,eval_at,0.7538811808899025,0.3,78.99999999999949
0.09680207433016422,26.38137472283814,112,661,eval_at,0.7574422669165146,0.3,79.09999999999948
0.09507346585998272,26.38137472283814,110,661,eval_at,0.7615817754076886,0.3,79.19999999999948
0.09507346585998272,26.101995565410203,110,654,eval_at,0.7657441644608388,0.3,79.29999999999947
0.09507346585998272,25.982261640798228,110,651,eval_at,0.7703586285758417,0.3,79.39999999999947
0.09507346585998272,25.862527716186253,110,648,eval_at,0.7741171133330429,0.3,79.49999999999946
0.09420916162489196,25.902439024390247,109,649,eval_at,0.777753579073939,0.3,79.59999999999945
0.09507346585998272,25.942350332594238,110,650,eval_at,0.7820626716027592,0.3,79.69999999999945
0.09507346585998272,25.862527716186253,110,648,eval_at,0.7873764975758427,0.3,79.79999999999944
0.09507346585998272,25.782705099778273,110,646,eval_at,0.7921785163883638,0.3,79.89999999999944
0.09680207433016422,25.742793791574282,112,645,eval_at,0.796647193609275,0.3,79.99999999999943
0.09507346585998272,25.782705099778273,110,646,eval_at,0.8021786707196377,0.3,80.09999999999943
0.09507346585998272,25.822616407982263,110,647,eval_at,0.8065328538691705,0.3,80.19999999999942
0.09593777009507347,25.742793791574282,111,645,eval_at,0.8100245756800201,0.3,80.29999999999941
0.09593777009507347,25.822616407982263,111,647,eval_at,0.813583212928155,0.3,80.39999999999941
0.09507346585998272,25.902439024390247,110,649,eval_at,0.8179629182459746,0.3,80.4999999999994
0.09507346585998272,25.583148558758317,110,641,eval_at,0.8219407164898367,0.3,80.5999999999994
0.09334485738980121,25.383592017738362,108,636,eval_at,0.8276685476980736,0.3,80.69999999999939
0.09420916162489196,25.463414634146343,109,638,eval_at,0.8314978603955878,0.3,80.79999999999939
0.09420916162489196,25.423503325942352,109,637,eval_at,0.8357440072286293,0.3,80.89999999999938
0.09420916162489196,25.423503325942352,109,637,eval_at,0.8401085558797394,0.3,80.99999999999937
0.09507346585998272,25.423503325942352,110,637,eval_at,0.8436721558549986,0.3,81.09999999999937
0.09420916162489196,25.303769401330378,109,634,eval_at,0.8488381343966245,0.3,81.19999999999936
0.09334485738980121,25.223946784922397,108,632,eval_at,0.8537873415523441,0.3,81.29999999999936
0.09334485738980121,25.02439024390244,108,627,eval_at,0.8583608246232632,0.3,81.39999999999935
0.09334485738980121,25.104212860310422,108,629,eval_at,0.8623767633577949,0.3,81.49999999999935
0.09334485738980121,25.02439024390244,108,627,eval_at,0.8671647265283545,0.3,81.59999999999934
0.09334485738980121,24.904656319290467,108,624,eval_at,0.8717516044403821,0.3,81.69999999999933
0.09334485738980121,24.904656319290467,108,624,eval_at,0.8759663657384993,0.3,81.79999999999933
0.09248055315471046,24.824833702882486,107,622,eval_at,0.8803290868231578,0.3,81.89999999999932
0.09161624891961971,24.904656319290467,106,624,eval_at,0.8842114819071698,0.3,81.99999999999932
0.09161624891961971,24.784922394678492,106,621,eval_at,0.8893910395763772,0.3,82.09999999999931
0.09161624891961971,24.62527716186253,106,617,eval_at,0.8929151715608123,0.3,82.1999999999993
0.0898876404494382,24.34589800443459,104,610,eval_at,0.897478959189431,0.3,82.2999999999993
0.09075194468452895,24.505543237250556,105,614,eval_at,0.9040752523293727,0.3,82.3999999999993
0.08902333621434745,24.425720620842576,103,612,eval_at,0.9079888567303006,0.3,82.49999999999929
0.08902333621434745,24.3059866962306,103,609,eval_at,0.9124666741940938,0.3,82.59999999999928
0.0881590319792567,24.146341463414636,102,605,eval_at,0.9174797426443856,0.3,82.69999999999928
0.0881590319792567,24.106430155210646,102,604,eval_at,0.9218591544262413,0.3,82.79999999999927
0.08729472774416594,23.98669623059867,101,601,eval_at,0.926913186493055,0.3,82.89999999999927
0.08729472774416594,23.90687361419069,101,599,eval_at,0.9307545307064399,0.3,82.99999999999926
0.08556611927398444,23.827050997782706,99,597,eval_at,0.9342708625394005,0.3,83.09999999999926
0.0847018150388937,23.747228381374725,98,595,eval_at,0.9385173536578271,0.3,83.19999999999925
0.08297320656871218,23.827050997782706,96,597,eval_at,0.9441812079686835,0.3,83.29999999999924
0.08210890233362143,23.62749445676275,95,592,eval_at,0.9496820968084982,0.3,83.39999999999924
0.08297320656871218,23.50776053215078,96,589,eval_at,0.9540503143673216,0.3,83.49999999999923
0.08210890233362143,23.427937915742795,95,587,eval_at,0.9577561728311736,0.3,83.59999999999923
0.08210890233362143,23.54767184035477,95,590,eval_at,0.9606458014680325,0.3,83.69999999999922
0.08210890233362143,23.54767184035477,95,590,eval_at,0.9652875230022343,0.3,83.79999999999922
0.08297320656871218,23.388026607538805,96,586,eval_at,0.9685056817870945,0.3,83.89999999999921
0.08297320656871218,23.30820399113082,96,584,eval_at,0.9721661314386394,0.3,83.9999999999992
0.08297320656871218,23.348115299334815,96,585,eval_at,0.9772808012492216,0.3,84.0999999999992
0.08383751080380294,23.427937915742795,97,587,eval_at,0.9821636680948195,0.3,84.19999999999919
0.08297320656871218,23.388026607538805,96,586,eval_at,0.9861985133741069,0.3,84.29999999999919
0.08210890233362143,23.26829268292683,95,583,eval_at,0.9904461010162091,0.3,84.39999999999918
0.08210890233362143,23.54767184035477,95,590,eval_at,0.9960415962665051,0.3,84.49999999999918
0.08210890233362143,23.388026607538805,95,586,eval_at,1.001605110044429,0.3,84.59999999999917
0.07951598962834917,23.108647450110865,92,579,eval_at,1.0055782509803497,0.3,84.69999999999916
0.07865168539325842,22.988913525498894,91,576,eval_at,1.0099320797654128,0.3,84.79999999999916
0.07692307692307693,22.9490022172949,89,575,eval_at,1.0141773473719866,0.3,84.89999999999915
0.07778738115816768,22.669623059866964,90,568,eval_at,1.0187544633052399,0.3,84.99999999999915
0.07778738115816768,22.509977827051,90,564,eval_at,1.0241822025140563,0.3,85.09999999999914
0.07865168539325842,22.509977827051,91,564,eval_at,1.0277820011690664,0.3,85.19999999999914
0.07865168539325842,22.47006651884701,91,563,eval_at,1.0318321996149158,0.3,85.29999999999913
0.07519446845289542,22.350332594235034,87,560,eval_at,1.0370735881540831,0.3,85.39999999999912
0.07433016421780467,22.43015521064302,86,562,eval_at,1.0432820904797218,0.3,85.49999999999912
0.07433016421780467,22.270509977827054,86,558,eval_at,1.047934448595014,0.3,85.59999999999911
0.07346585998271392,22.19068736141907,85,556,eval_at,1.0522689453490173,0.3,85.69999999999911
0.07260155574762317,22.11086474501109,84,554,eval_at,1.059382428635089,0.3,85.7999999999991
0.07260155574762317,22.15077605321508,84,555,eval_at,1.0651838740359996,0.3,85.8999999999991
0.07260155574762317,21.911308203991133,84,549,eval_at,1.069421023243759,0.3,85.99999999999909
0.07260155574762317,21.75166297117517,84,545,eval_at,1.0743874448666064,0.3,86.09999999999908
0.07173725151253241,21.75166297117517,83,545,eval_at,1.0799670341262535,0.3,86.19999999999908
0.07173725151253241,21.79157427937916,83,546,eval_at,1.0843626149536474,0.3,86.29999999999907
0.07260155574762317,21.552106430155213,84,540,eval_at,1.0894974247347315,0.3,86.39999999999907
0.07260155574762317,21.47228381374723,84,538,eval_at,1.0938261106316063,0.3,86.49999999999906
0.07260155574762317,21.392461197339248,84,536,eval_at,1.0986809760685876,0.3,86.59999999999906
0.07173725151253241,21.312638580931267,83,534,eval_at,1.1049923692813266,0.3,86.69999999999905
0.07000864304235091,20.873614190687363,81,523,eval_at,1.1088212206787493,0.3,86.79999999999905
0.06741573033707865,20.753880266075388,78,520,eval_at,1.1145600161071347,0.3,86.89999999999904
0.06741573033707865,20.713968957871398,78,519,eval_at,1.1197488887278388,0.3,86.99999999999903
0.06741573033707865,20.474501108647452,78,513,eval_at,1.1262087856222727,0.3,87.09999999999903
0.06568712186689715,20.354767184035477,76,510,eval_at,1.1311412538788999,0.3,87.19999999999902
0.06482281763180639,20.235033259423506,75,507,eval_at,1.1358856689100003,0.3,87.29999999999902
0.06395851339671564,20.07538802660754,74,503,eval_at,1.1414937908109775,0.3,87.39999999999901
0.06222990492653414,20.07538802660754,72,503,eval_at,1.1458057979322624,0.3,87.499999999999
0.06136560069144339,19.875831485587586,71,498,eval_at,1.1512366495153823,0.3,87.599999999999
0.06136560069144339,19.875831485587586,71,498,eval_at,1.1567626876469828,0.3,87.699999999999
0.06050129645635264,19.835920177383592,70,497,eval_at,1.1618620379019544,0.3,87.79999999999899
0.06050129645635264,19.516629711751666,70,489,eval_at,1.1677547728360118,0.3,87.89999999999898
0.06050129645635264,19.3569844789357,70,485,eval_at,1.173530720903976,0.3,87.99999999999898
0.06050129645635264,19.277161862527716,70,483,eval_at,1.1782605675961273,0.3,88.09999999999897
0.06050129645635264,19.237250554323726,70,482,eval_at,1.1837052107767652,0.3,88.19999999999897
0.06050129645635264,19.237250554323726,70,482,eval_at,1.1884547753556984,0.3,88.29999999999896
0.059636992221261884,18.95787139689579,69,475,eval_at,1.194418360529231,0.3,88.39999999999895
0.06050129645635264,18.838137472283815,70,472,eval_at,1.1997215187204546,0.3,88.49999999999895
0.05790838375108038,18.758314855875835,67,470,eval_at,1.2059691635669867,0.3,88.59999999999894
0.05704407951598963,18.558758314855876,66,465,eval_at,1.2110402264198816,0.3,88.69999999999894
0.05790838375108038,18.63858093126386,67,467,eval_at,1.21530881820632,0.3,88.79999999999893
0.058772687986171135,18.27937915742794,68,458,eval_at,1.222672138131298,0.3,88.89999999999893
0.05704407951598963,18.27937915742794,66,458,eval_at,1.2285162184079983,0.3,88.99999999999892
0.05790838375108038,18.039911308203994,67,452,eval_at,1.2338313852146745,0.3,89.09999999999891
0.05790838375108038,18.079822616407984,67,453,eval_at,1.2385154950386352,0.3,89.19999999999891
0.05790838375108038,17.88026607538803,67,448,eval_at,1.244900100410449,0.3,89.2999999999989
0.05704407951598963,17.60088691796009,66,441,eval_at,1.2513463478711364,0.3,89.3999999999989
0.056179775280898875,17.401330376940134,65,436,eval_at,1.2574013617281452,0.3,89.49999999999889
0.056179775280898875,17.082039911308204,65,428,eval_at,1.262769485971029,0.3,89.59999999999889
0.05445116681071737,17.042128603104214,63,427,eval_at,1.2687107508524131,0.3,89.69999999999888
0.05445116681071737,16.88248337028825,63,423,eval_at,1.275055682490571,0.3,89.79999999999887
0.05445116681071737,16.682926829268293,63,418,eval_at,1.28085469344273,0.3,89.89999999999887
0.05445116681071737,16.483370288248338,63,413,eval_at,1.2860299652546858,0.3,89.99999999999886
0.05358686257562662,16.443458980044348,62,412,eval_at,1.2918106615169889,0.3,90.09999999999886
0.05445116681071737,16.363636363636363,63,410,eval_at,1.298778403375782,0.3,90.19999999999885
0.05445116681071737,16.363636363636363,63,410,eval_at,1.3055584255335129,0.3,90.29999999999885
0.05445116681071737,16.323725055432373,63,409,eval_at,1.313468473318181,0.3,90.39999999999884
0.05358686257562662,16.124168514412418,62,404,eval_at,1.3180215270472135,0.3,90.49999999999883
0.05358686257562662,16.084257206208427,62,403,eval_at,1.3237263879526016,0.3,90.59999999999883
0.05185825410544512,15.84478935698448,60,397,eval_at,1.3311370369711546,0.3,90.69999999999882
0.05185825410544512,15.80487804878049,60,396,eval_at,1.337469536773908,0.3,90.79999999999882
0.05185825410544512,15.605321507760534,60,391,eval_at,1.3437642146941422,0.3,90.89999999999881
0.05012964563526361,15.365853658536587,58,385,eval_at,1.3514305157540343,0.3,90.9999999999988
0.049265341400172864,15.166297117516631,57,380,eval_at,1.3578820283946837,0.3,91.0999999999988
0.04753673292999136,14.966740576496676,55,375,eval_at,1.3646145975496127,0.3,91.1999999999988
0.04753673292999136,14.727272727272728,55,369,eval_at,1.3703544202259792,0.3,91.29999999999879
0.04753673292999136,14.807095343680711,55,371,eval_at,1.376191610124056,0.3,91.39999999999878
0.04753673292999136,14.727272727272728,55,369,eval_at,1.3831804765574758,0.3,91.49999999999878
0.04753673292999136,14.727272727272728,55,369,eval_at,1.390870888100016,0.3,91.59999999999877
0.04753673292999136,14.687361419068738,55,368,eval_at,1.3968410132980802,0.3,91.69999999999877
0.04753673292999136,14.567627494456763,55,365,eval_at,1.405404230861191,0.3,91.79999999999876
0.045808124459809856,14.487804878048781,53,363,eval_at,1.4124674432019542,0.3,91.89999999999876
0.0449438202247191,14.248337028824835,52,357,eval_at,1.4187097896310361,0.3,91.99999999999875
0.04407951598962835,14.08869179600887,51,353,eval_at,1.4270168062823492,0.3,92.09999999999874
0.043215211754537596,13.809312638580932,50,346,eval_at,1.4333768001157727,0.3,92.19999999999874
0.04148660328435609,13.68957871396896,48,343,eval_at,1.4420915471801423,0.3,92.29999999999873
0.04148660328435609,13.37028824833703,48,335,eval_at,1.4504914332393855,0.3,92.39999999999873
0.04148660328435609,13.130820399113084,48,329,eval_at,1.4572787809445567,0.3,92.49999999999872
0.04062229904926534,13.01108647450111,47,326,eval_at,1.4647007344276008,0.3,92.59999999999872
0.04062229904926534,12.891352549889136,47,323,eval_at,1.474163054800678,0.3,92.69999999999871
0.03889369057908384,12.651884700665189,45,317,eval_at,1.4817469100494138,0.3,92.7999999999987
0.036300777873811585,12.532150776053216,42,314,eval_at,1.4874472844106388,0.3,92.8999999999987
0.03457216940363008,12.33259423503326,40,309,eval_at,1.4934841557577105,0.3,92.99999999999869
0.033707865168539325,12.01330376940133,39,301,eval_at,1.500888904722843,0.3,93.09999999999869
0.03457216940363008,11.933481152993348,40,299,eval_at,1.506712466854108,0.3,93.19999999999868
0.03457216940363008,11.893569844789358,40,298,eval_at,1.5154178904470663,0.3,93.29999999999868
0.036300777873811585,11.813747228381375,42,296,eval_at,1.5228912845848956,0.3,93.39999999999867
0.03543647363872083,11.773835920177385,41,295,eval_at,1.5327543426367758,0.3,93.49999999999866
0.03543647363872083,11.61419068736142,41,291,eval_at,1.5418891472767136,0.3,93.59999999999866
0.03543647363872083,11.414634146341465,41,286,eval_at,1.552437776028795,0.3,93.69999999999865
0.033707865168539325,11.2549889135255,39,282,eval_at,1.5623796846771052,0.3,93.79999999999865
0.033707865168539325,11.21507760532151,39,281,eval_at,1.5697504418899098,0.3,93.89999999999864
0.032843560933448576,11.095343680709535,38,278,eval_at,1.580454178447982,0.3,93.99999999999864
0.03197925669835782,10.935698447893571,37,274,eval_at,1.587601361397255,0.3,94.09999999999863
0.03111495246326707,10.855875831485589,36,272,eval_at,1.5945141800485159,0.3,94.19999999999862
0.03111495246326707,10.616407982261642,36,266,eval_at,1.6033446376823677,0.3,94.29999999999862
0.03111495246326707,10.416851441241686,36,261,eval_at,1.613370260914614,0.3,94.39999999999861
0.03111495246326707,10.297117516629713,36,258,eval_at,1.6233276582781455,0.3,94.49999999999861
0.03197925669835782,10.137472283813748,37,254,eval_at,1.6308410035722523,0.3,94.5999999999986
0.03025064822817632,9.818181818181818,35,246,eval_at,1.638099907067355,0.3,94.6999999999986
0.028522039757994815,9.578713968957873,33,240,eval_at,1.648930849858438,0.3,94.79999999999859
0.028522039757994815,9.53880266075388,33,239,eval_at,1.657741278616897,0.3,94.89999999999858
0.027657735522904063,9.53880266075388,32,239,eval_at,1.6683399534086134,0.3,94.99999999999858
0.02592912705272256,9.49889135254989,30,238,eval_at,1.6788565610827608,0.3,95.09999999999857
0.025064822817631807,9.49889135254989,29,238,eval_at,1.6890344427143598,0.3,95.19999999999857
0.023336214347450302,9.379157427937917,27,235,eval_at,1.6967922894186014,0.3,95.29999999999856
0.023336214347450302,9.458980044345898,27,237,eval_at,1.706538825654352,0.3,95.39999999999856
0.02247191011235955,9.299334811529935,26,233,eval_at,1.7155150282352014,0.3,95.49999999999855
0.02247191011235955,9.17960088691796,26,230,eval_at,1.7250525958294158,0.3,95.59999999999854
0.02247191011235955,9.099778270509978,26,228,eval_at,1.7360135214391168,0.3,95.69999999999854
0.02247191011235955,8.980044345898005,26,225,eval_at,1.7442982355006738,0.3,95.79999999999853
0.021607605877268798,8.78048780487805,25,220,eval_at,1.754405828763622,0.3,95.89999999999853
0.020743301642178046,8.620842572062084,24,216,eval_at,1.7641218075195257,0.3,95.99999999999852
0.019878997407087293,8.341463414634147,23,209,eval_at,1.7778434910786205,0.3,96.09999999999852
0.019878997407087293,8.141906873614191,23,204,eval_at,1.785259996623563,0.3,96.19999999999851
0.018150388936905792,7.902439024390245,21,198,eval_at,1.7943399283530683,0.3,96.2999999999985
0.01728608470181504,7.74279379157428,20,194,eval_at,1.8052037963448586,0.3,96.3999999999985
0.014693171996542784,7.343680709534369,17,184,eval_at,1.8222702687417613,0.3,96.4999999999985
0.014693171996542784,7.2638580931263865,17,182,eval_at,1.8301178768060125,0.3,96.59999999999849
0.013828867761452032,7.144124168514413,16,179,eval_at,1.839829132819303,0.3,96.69999999999848
0.013828867761452032,7.1042128603104215,16,178,eval_at,1.852695945005497,0.3,96.79999999999848
0.013828867761452032,6.984478935698449,16,175,eval_at,1.8652376457574302,0.3,96.89999999999847
0.013828867761452032,6.66518847006652,16,167,eval_at,1.880443237305353,0.3,96.99999999999847
0.01296456352636128,6.66518847006652,15,167,eval_at,1.8935524619187492,0.3,97.09999999999846
0.01296456352636128,6.425720620842573,15,161,eval_at,1.903562798644154,0.3,97.19999999999845
0.012100259291270527,6.305986696230599,14,158,eval_at,1.918022860466223,0.3,97.29999999999845
0.010371650821089023,6.1862527716186255,12,155,eval_at,1.9363574178562426,0.3,97.39999999999844
0.010371650821089023,6.146341463414634,12,154,eval_at,1.9488015087541983,0.3,97.49999999999844
0.00950734658599827,5.946784922394679,11,149,eval_at,1.9622919893536677,0.3,97.59999999999843
0.010371650821089023,5.667405764966741,12,142,eval_at,1.9778345491247888,0.3,97.69999999999843
0.010371650821089023,5.547671840354767,12,139,eval_at,1.990766902421783,0.3,97.79999999999842
0.010371650821089023,5.388026607538803,12,135,eval_at,2.007119961521114,0.3,97.89999999999841
0.00864304235090752,5.2682926829268295,10,132,eval_at,2.023965005070081,0.3,97.99999999999841
0.006914433880726016,5.188470066518847,8,130,eval_at,2.0368042068825556,0.3,98.0999999999984
0.006914433880726016,5.188470066518847,8,130,eval_at,2.0515147496719877,0.3,98.1999999999984
0.006914433880726016,5.068736141906874,8,127,eval_at,2.0693029364187323,0.3,98.29999999999839
0.006914433880726016,4.869179600886918,8,122,eval_at,2.0831639069994585,0.3,98.39999999999839
0.006914433880726016,4.669623059866963,8,117,eval_at,2.0996379773102434,0.3,98.49999999999838
0.006914433880726016,4.390243902439025,8,110,eval_at,2.1212681448303417,0.3,98.59999999999837
0.006914433880726016,4.190687361419069,8,105,eval_at,2.1372640048997344,0.3,98.69999999999837
0.006050129645635264,3.9911308203991136,7,100,eval_at,2.154617057704425,0.3,98.79999999999836
0.00432152117545376,3.87139689578714,5,97,eval_at,2.175524152117978,0.3,98.89999999999836
0.00432152117545376,3.6319290465631933,5,91,eval_at,2.2003959467445853,0.3,98.99999999999835
0.003457216940363008,3.1130820399113084,4,78,eval_at,2.2232237415352083,0.3,99.09999999999835
0.0025929127052722557,2.7937915742793793,3,70,eval_at,2.243353983655965,0.3,99.19999999999834
0.0025929127052722557,2.5942350332594235,3,65,eval_at,2.2715055516601677,0.3,99.29999999999833
0.0025929127052722557,2.2749445676274944,3,57,eval_at,2.3017239330365635,0.3,99.39999999999833
0.001728608470181504,2.035476718403548,2,51,eval_at,2.328610269701741,0.3,99.49999999999832
0.001728608470181504,1.5565410199556542,2,39,eval_at,2.367967724889202,0.3,99.59999999999832
0.001728608470181504,1.1175166297117518,2,28,eval_at,2.417468937874319,0.3,99.69999999999831
0.000864304235090752,0.8381374722838139,1,21,eval_at,2.4728325289293775,0.3,99.7999999999983
0.000864304235090752,0.47893569844789363,1,12,eval_at,2.5494679456645972,0.3,99.8999999999983
0.14433880726015558,37.83592017738359,167,948,eval_at,0.4516308523733517,0.4,70.0
0.14433880726015558,37.63636363636364,167,943,eval_at,0.4552611167366751,0.4,70.1
0.14347450302506481,37.55654101995566,166,941,eval_at,0.458358388187681,0.4,70.19999999999999
0.14347450302506481,37.63636363636364,166,943,eval_at,0.4618431101511358,0.4,70.29999999999998
0.14347450302506481,37.63636363636364,166,943,eval_at,0.4653982200751724,0.4,70.39999999999998
0.14347450302506481,37.55654101995566,166,941,eval_at,0.46901438337287354,0.4,70.49999999999997
0.14347450302506481,37.43680709534368,166,938,eval_at,0.47211293735913973,0.4,70.59999999999997
0.14261019878997408,37.23725055432373,165,933,eval_at,0.47422047359154557,0.4,70.69999999999996
0.14347450302506481,37.19733924611974,166,932,eval_at,0.477754020766552,0.4,70.79999999999995
0.14347450302506481,37.15742793791575,166,931,eval_at,0.48047965403757126,0.4,70.89999999999995
0.14347450302506481,36.87804878048781,166,924,eval_at,0.48363542316836744,0.4,70.99999999999994
0.14347450302506481,36.83813747228382,166,923,eval_at,0.48700974478814735,0.4,71.09999999999994
0.14261019878997408,36.83813747228382,165,923,eval_at,0.4908148193093118,0.4,71.19999999999993
0.14174589455488332,36.71840354767184,164,920,eval_at,0.49366489288996496,0.4,71.29999999999993
0.14174589455488332,36.55875831485588,164,916,eval_at,0.4976719323242321,0.4,71.39999999999992
0.14088159031979255,36.43902439024391,163,913,eval_at,0.5001570920597902,0.4,71.49999999999991
0.14174589455488332,36.39911308203991,164,912,eval_at,0.502872499414725,0.4,71.59999999999991
0.14088159031979255,36.27937915742794,163,909,eval_at,0.5061810114379012,0.4,71.6999999999999
0.14088159031979255,36.19955654101996,163,907,eval_at,0.5098180697204205,0.4,71.7999999999999
0.14174589455488332,36.27937915742794,164,909,eval_at,0.5124774602675435,0.4,71.89999999999989
0.13915298184961106,36.39911308203991,161,912,eval_at,0.5156972086696027,0.4,71.99999999999989
0.13742437337942956,36.35920177383592,159,911,eval_at,0.5193284615071715,0.4,72.09999999999988
0.13828867761452032,36.039911308204,160,903,eval_at,0.5217146643114273,0.4,72.19999999999987
0.13915298184961106,35.80044345898005,161,897,eval_at,0.5241282121731272,0.4,72.29999999999987
0.13915298184961106,35.64079822616408,161,893,eval_at,0.527905946237768,0.4,72.39999999999986
0.13828867761452032,35.48115299334812,160,889,eval_at,0.5309036339692742,0.4,72.49999999999986
0.13828867761452032,35.36141906873615,160,886,eval_at,0.5329543197594168,0.4,72.59999999999985
0.13828867761452032,35.32150776053216,160,885,eval_at,0.5360542443042587,0.4,72.69999999999985
0.1365600691443388,35.16186252771619,158,881,eval_at,0.5395103816699696,0.4,72.79999999999984
0.13396715643906656,35.36141906873615,155,886,eval_at,0.5440636274208613,0.4,72.89999999999984
0.1331028522039758,35.1219512195122,154,880,eval_at,0.5461351987466682,0.4,72.99999999999983
0.1331028522039758,35.04212860310422,154,878,eval_at,0.54966943313421,0.4,73.09999999999982
0.13396715643906656,34.92239467849224,155,875,eval_at,0.553125899966067,0.4,73.19999999999982
0.1331028522039758,34.80266075388027,154,872,eval_at,0.5564458803996292,0.4,73.29999999999981
0.1313742437337943,34.6829268292683,152,869,eval_at,0.5596192567464912,0.4,73.3999999999998
0.1313742437337943,34.76274944567628,152,871,eval_at,0.5622444162874183,0.4,73.4999999999998
0.13050993949870354,34.52328159645233,151,865,eval_at,0.5657142562877239,0.4,73.5999999999998
0.1313742437337943,34.40354767184036,152,862,eval_at,0.5680538540247918,0.4,73.69999999999979
0.13050993949870354,34.36363636363637,151,861,eval_at,0.5707285830664657,0.4,73.79999999999978
0.12878133102852204,34.00443458980045,149,852,eval_at,0.5738320422137013,0.4,73.89999999999978
0.12791702679343128,33.924611973392466,148,850,eval_at,0.5771727479991875,0.4,73.99999999999977
0.12878133102852204,34.04434589800444,149,853,eval_at,0.5806834803857285,0.4,74.09999999999977
0.12878133102852204,33.844789356984485,149,848,eval_at,0.5841532818163343,0.4,74.19999999999976
0.12878133102852204,33.844789356984485,149,848,eval_at,0.5875451138706721,0.4,74.29999999999976
0.12878133102852204,33.72505543237251,149,845,eval_at,0.5905456847385564,0.4,74.39999999999975
0.12878133102852204,33.72505543237251,149,845,eval_at,0.5949060447603832,0.4,74.49999999999974
0.12878133102852204,33.645232815964526,149,843,eval_at,0.5988454830098924,0.4,74.59999999999974
0.12791702679343128,33.485587583148565,148,839,eval_at,0.6018928641993241,0.4,74.69999999999973
0.12618841832324978,33.44567627494457,146,838,eval_at,0.6057542770186363,0.4,74.79999999999973
0.12532411408815902,33.40576496674058,145,837,eval_at,0.6089509137353513,0.4,74.89999999999972
0.12445980985306827,33.246119733924616,144,833,eval_at,0.6125388586621324,0.4,74.99999999999972
0.12532411408815902,32.926829268292686,145,825,eval_at,0.6166683350203263,0.4,75.09999999999971
0.12532411408815902,33.006651884700666,145,827,eval_at,0.6194872457216264,0.4,75.1999999999997
0.12532411408815902,32.847006651884705,145,823,eval_at,0.6230311556964065,0.4,75.2999999999997
0.12445980985306827,32.847006651884705,144,823,eval_at,0.6262844079089093,0.4,75.3999999999997
0.12359550561797752,32.567627494456765,143,816,eval_at,0.6294563203040244,0.4,75.49999999999969
0.12445980985306827,32.567627494456765,144,816,eval_at,0.6318392472367952,0.4,75.59999999999968
0.12445980985306827,32.407982261640804,144,812,eval_at,0.6357341188558959,0.4,75.69999999999968
0.12445980985306827,32.248337028824835,144,808,eval_at,0.6390219223846393,0.4,75.79999999999967
0.12445980985306827,32.288248337028826,144,809,eval_at,0.643003156329279,0.4,75.89999999999966
0.12359550561797752,32.368070953436806,143,811,eval_at,0.6470954204420643,0.4,75.99999999999966
0.12186689714779603,32.168514412416854,141,806,eval_at,0.6503444449128797,0.4,76.09999999999965
0.12013828867761452,32.208425720620845,139,807,eval_at,0.6547768829228491,0.4,76.19999999999965
0.12013828867761452,32.008869179600886,139,802,eval_at,0.657645269433268,0.4,76.29999999999964
0.12013828867761452,31.889135254988915,139,799,eval_at,0.661251299792676,0.4,76.39999999999964
0.12013828867761452,31.809312638580934,139,797,eval_at,0.6648283273119625,0.4,76.49999999999963
0.12013828867761452,31.68957871396896,139,794,eval_at,0.6685455937461877,0.4,76.59999999999962
0.12100259291270528,31.769401330376944,140,796,eval_at,0.6722572750635774,0.4,76.69999999999962
0.12100259291270528,31.56984478935699,140,791,eval_at,0.675840576233541,0.4,76.79999999999961
0.12100259291270528,31.529933481152995,140,790,eval_at,0.6799786406017011,0.4,76.89999999999961
0.12100259291270528,31.64966740576497,140,793,eval_at,0.6845559218388275,0.4,76.9999999999996
0.12100259291270528,31.450110864745014,140,788,eval_at,0.6880824715184297,0.4,77.0999999999996
0.12186689714779603,31.37028824833703,141,786,eval_at,0.6913159454553468,0.4,77.19999999999959
0.12013828867761452,31.29046563192905,139,784,eval_at,0.6950736435853702,0.4,77.29999999999959
0.11840968020743302,31.25055432372506,137,783,eval_at,0.6996522731411761,0.4,77.39999999999958
0.11840968020743302,31.25055432372506,137,783,eval_at,0.7046879339215232,0.4,77.49999999999957
0.11840968020743302,31.33037694013304,137,785,eval_at,0.7088053678942295,0.4,77.59999999999957
0.11840968020743302,31.210643015521068,137,782,eval_at,0.7134215641000787,0.4,77.69999999999956
0.11840968020743302,30.771618625277164,137,771,eval_at,0.7177128504481368,0.4,77.79999999999956
0.11840968020743302,30.811529933481154,137,772,eval_at,0.72096774466967,0.4,77.89999999999955
0.11754537597234227,30.691796008869183,136,769,eval_at,0.7243326270198702,0.4,77.99999999999955
0.11668107173725151,30.691796008869183,135,769,eval_at,0.7275029922756147,0.4,78.09999999999954
0.11668107173725151,30.6119733924612,135,767,eval_at,0.7309689127658546,0.4,78.19999999999953
0.11668107173725151,30.572062084257208,135,766,eval_at,0.7342667608037251,0.4,78.29999999999953
0.11754537597234227,30.572062084257208,136,766,eval_at,0.7380563123821602,0.4,78.39999999999952
0.11668107173725151,30.452328159645234,135,763,eval_at,0.7415533221388609,0.4,78.49999999999952
0.11581676750216076,30.532150776053218,134,765,eval_at,0.7454624233917668,0.4,78.59999999999951
0.11408815903197926,30.292682926829272,132,759,eval_at,0.7495824096326931,0.4,78.6999999999995
0.1132238547968885,30.332594235033262,131,760,eval_at,0.7539094210573541,0.4,78.7999999999995
0.11495246326707001,30.013303769401332,133,752,eval_at,0.7571951978061963,0.4,78.8999999999995
0.11408815903197926,29.733924611973396,132,745,eval_at,0.7613582307325174,0.4,78.99999999999949
0.11235955056179775,29.414634146341466,130,737,eval_at,0.7653163199539678,0.4,79.09999999999948
0.11235955056179775,29.374722838137476,130,736,eval_at,0.7689907622413552,0.4,79.19999999999948
0.11235955056179775,29.2549889135255,130,733,eval_at,0.7725615309686474,0.4,79.29999999999947
0.1132238547968885,29.015521064301556,131,727,eval_at,0.7781707505552599,0.4,79.39999999999947
0.1132238547968885,29.095343680709536,131,729,eval_at,0.7822493312073067,0.4,79.49999999999946
0.111495246326707,29.015521064301556,129,727,eval_at,0.7862483787589024,0.4,79.59999999999945
0.11063094209161625,29.055432372505546,128,728,eval_at,0.7905177823443431,0.4,79.69999999999945
0.1097666378565255,29.055432372505546,127,728,eval_at,0.7942235046458851,0.4,79.79999999999944
0.10890233362143474,28.93569844789357,126,725,eval_at,0.7978725133898216,0.4,79.89999999999944
0.10890233362143474,28.8159645232816,126,722,eval_at,0.8028374788084155,0.4,79.99999999999943
0.10890233362143474,28.696230598669626,126,719,eval_at,0.807334406446438,0.4,80.09999999999943
0.10890233362143474,28.49667405764967,126,714,eval_at,0.8109082833389709,0.4,80.19999999999942
0.10890233362143474,28.416851441241686,126,712,eval_at,0.8151690905710929,0.4,80.29999999999941
0.10717372515125324,28.297117516629715,124,709,eval_at,0.8178925566878924,0.4,80.39999999999941
0.1063094209161625,28.21729490022173,123,707,eval_at,0.822167820117457,0.4,80.4999999999994
0.10458081244598098,28.25720620842572,121,708,eval_at,0.8270385104435958,0.4,80.5999999999994
0.10285220397579949,28.337028824833705,119,710,eval_at,0.8309470762551787,0.4,80.69999999999939
0.10285220397579949,28.297117516629715,119,709,eval_at,0.8358188981158543,0.4,80.79999999999939
0.10285220397579949,28.13747228381375,119,705,eval_at,0.8401791062809277,0.4,80.89999999999938
0.09939498703543648,28.17738359201774,115,706,eval_at,0.8439533288117892,0.4,80.99999999999937
0.09853068280034573,27.977827050997785,114,701,eval_at,0.8482252810613543,0.4,81.09999999999937
0.09853068280034573,27.937915742793795,114,700,eval_at,0.8524852041419447,0.4,81.19999999999936
0.09853068280034573,27.77827050997783,114,696,eval_at,0.8551630506734701,0.4,81.29999999999936
0.09853068280034573,27.698447893569845,114,694,eval_at,0.8596380566584642,0.4,81.39999999999935
0.09853068280034573,27.658536585365855,114,693,eval_at,0.8647804528421212,0.4,81.49999999999935
0.09853068280034573,27.658536585365855,114,693,eval_at,0.868594982009138,0.4,81.59999999999934
0.09680207433016422,27.618625277161865,112,692,eval_at,0.8725069344392352,0.4,81.69999999999933
0.09680207433016422,27.73835920177384,112,695,eval_at,0.8766381036019523,0.4,81.79999999999933
0.09680207433016422,27.73835920177384,112,695,eval_at,0.8805972122446887,0.4,81.89999999999932
0.09680207433016422,27.618625277161865,112,692,eval_at,0.8850909543846673,0.4,81.99999999999932
0.09680207433016422,27.41906873614191,112,687,eval_at,0.8898013909366365,0.4,82.09999999999931
0.09593777009507347,27.259423503325944,111,683,eval_at,0.8942663243665239,0.4,82.1999999999993
0.09420916162489196,26.980044345898005,109,676,eval_at,0.8981033555354412,0.4,82.2999999999993
0.09334485738980121,26.940133037694014,108,675,eval_at,0.9016135551643891,0.4,82.3999999999993
0.09507346585998272,26.900221729490024,110,674,eval_at,0.9061784417765288,0.4,82.49999999999929
0.09507346585998272,26.541019955654104,110,665,eval_at,0.910467344414609,0.4,82.59999999999928
0.09420916162489196,26.501108647450113,109,664,eval_at,0.9142747580121316,0.4,82.69999999999928
0.09334485738980121,26.501108647450113,108,664,eval_at,0.9190902944128532,0.4,82.79999999999927
0.09248055315471046,26.261640798226168,107,658,eval_at,0.9238532971772208,0.4,82.89999999999927
0.09334485738980121,26.181818181818183,108,656,eval_at,0.9278264917429729,0.4,82.99999999999926
0.09248055315471046,25.982261640798228,107,651,eval_at,0.9331620253676467,0.4,83.09999999999926
0.09248055315471046,25.862527716186253,107,648,eval_at,0.9383988182121967,0.4,83.19999999999925
0.09161624891961971,25.623059866962308,106,642,eval_at,0.9418740316406864,0.4,83.29999999999924
0.09161624891961971,25.303769401330378,106,634,eval_at,0.9463557416645916,0.4,83.39999999999924
0.09161624891961971,25.34368070953437,106,635,eval_at,0.9513312104960969,0.4,83.49999999999923
0.09334485738980121,25.303769401330378,108,634,eval_at,0.9556946070398695,0.4,83.59999999999923
0.09334485738980121,25.223946784922397,108,632,eval_at,0.9606638446166841,0.4,83.69999999999922
0.09248055315471046,25.144124168514413,107,630,eval_at,0.9647500491235357,0.4,83.79999999999922
0.09248055315471046,25.263858093126387,107,633,eval_at,0.9695687193395367,0.4,83.89999999999921
0.09161624891961971,25.144124168514413,106,630,eval_at,0.9742802996525088,0.4,83.9999999999992
0.09075194468452895,25.223946784922397,105,632,eval_at,0.9786477671954886,0.4,84.0999999999992
0.08902333621434745,24.904656319290467,103,624,eval_at,0.9835042193154413,0.4,84.19999999999919
0.08902333621434745,24.70509977827051,103,619,eval_at,0.9872528897410363,0.4,84.29999999999919
0.08902333621434745,24.66518847006652,103,618,eval_at,0.9919448750460009,0.4,84.39999999999918
0.08902333621434745,24.745011086474502,103,620,eval_at,0.9965264600586725,0.4,84.49999999999918
0.0881590319792567,24.585365853658537,102,616,eval_at,1.0012215286982353,0.4,84.59999999999917
0.0881590319792567,24.545454545454547,102,615,eval_at,1.006005114567883,0.4,84.69999999999916
0.08729472774416594,24.38580931263858,101,611,eval_at,1.0107117266584287,0.4,84.79999999999916
0.08556611927398444,24.226164079822617,99,607,eval_at,1.0158438638914267,0.4,84.89999999999915
0.08556611927398444,23.90687361419069,99,599,eval_at,1.0212062570550027,0.4,84.99999999999915
0.08556611927398444,23.866962305986696,99,598,eval_at,1.0265249822242686,0.4,85.09999999999914
0.08383751080380294,23.787139689578716,97,596,eval_at,1.031400140582512,0.4,85.19999999999914
0.08383751080380294,23.66740576496674,97,593,eval_at,1.036054810740512,0.4,85.29999999999913
0.08297320656871218,23.54767184035477,96,590,eval_at,1.0415217983493001,0.4,85.39999999999912
0.08297320656871218,23.50776053215078,96,589,eval_at,1.0456335799717498,0.4,85.49999999999912
0.08210890233362143,23.30820399113082,95,584,eval_at,1.0521745033973675,0.4,85.59999999999911
0.08124459809853068,23.14855875831486,94,580,eval_at,1.0567777274947763,0.4,85.69999999999911
0.07951598962834917,23.26829268292683,92,583,eval_at,1.0611759663745934,0.4,85.7999999999991
0.07865168539325842,23.18847006651885,91,581,eval_at,1.0652653274724369,0.4,85.8999999999991
0.07865168539325842,23.108647450110865,91,579,eval_at,1.0703698817784535,0.4,85.99999999999909
0.07778738115816768,23.068736141906875,90,578,eval_at,1.0747997310298287,0.4,86.09999999999908
0.07778738115816768,22.9490022172949,90,575,eval_at,1.078797144528558,0.4,86.19999999999908
0.07692307692307693,22.9490022172949,89,575,eval_at,1.083431497947643,0.4,86.29999999999907
0.07692307692307693,22.86917960088692,89,573,eval_at,1.0883605757713095,0.4,86.39999999999907
0.07778738115816768,22.709534368070955,90,569,eval_at,1.0930543081028004,0.4,86.49999999999906
0.07692307692307693,22.43015521064302,89,562,eval_at,1.0990702771794683,0.4,86.59999999999906
0.07605877268798616,22.310421286031044,88,559,eval_at,1.104965496075495,0.4,86.69999999999905
0.07605877268798616,22.19068736141907,88,556,eval_at,1.1091395771856885,0.4,86.79999999999905
0.07605877268798616,22.15077605321508,88,555,eval_at,1.1137595878664102,0.4,86.89999999999904
0.07605877268798616,22.11086474501109,88,554,eval_at,1.1180756779662953,0.4,86.99999999999903
0.07433016421780467,22.0709534368071,86,553,eval_at,1.1237021174019204,0.4,87.09999999999903
0.07346585998271392,21.871396895787143,85,548,eval_at,1.1290884187723194,0.4,87.19999999999902
0.07260155574762317,21.671840354767184,84,543,eval_at,1.1345868923310867,0.4,87.29999999999902
0.07260155574762317,21.512195121951223,84,539,eval_at,1.1397608700725241,0.4,87.39999999999901
0.07173725151253241,21.592017738359203,83,541,eval_at,1.1450810597152603,0.4,87.499999999999
0.07260155574762317,21.631929046563194,84,542,eval_at,1.1506680407851586,0.4,87.599999999999
0.07173725151253241,21.352549889135258,83,535,eval_at,1.1558787049811166,0.4,87.699999999999
0.07173725151253241,21.352549889135258,83,535,eval_at,1.1616466342290632,0.4,87.79999999999899
0.07000864304235091,21.11308203991131,81,529,eval_at,1.1667935164966687,0.4,87.89999999999898
0.06741573033707865,20.953436807095347,78,525,eval_at,1.1715779172159468,0.4,87.99999999999898
0.0665514261019879,20.634146341463417,77,517,eval_at,1.1777993337836912,0.4,88.09999999999897
0.0665514261019879,20.474501108647452,77,513,eval_at,1.1831563814319201,0.4,88.19999999999897
0.06482281763180639,20.195121951219512,75,506,eval_at,1.1897038362504684,0.4,88.29999999999896
0.06482281763180639,19.835920177383592,75,497,eval_at,1.1954187504892682,0.4,88.39999999999895
0.06222990492653414,19.67627494456763,72,493,eval_at,1.2012635207002031,0.4,88.49999999999895
0.06136560069144339,19.43680709534368,71,487,eval_at,1.2064187456685798,0.4,88.59999999999894
0.06136560069144339,19.31707317073171,71,484,eval_at,1.2122908602235736,0.4,88.69999999999894
0.06050129645635264,19.157427937915745,70,480,eval_at,1.2174109433647062,0.4,88.79999999999893
0.06050129645635264,18.798226164079825,70,471,eval_at,1.2218024239491305,0.4,88.89999999999893
0.06050129645635264,18.558758314855876,70,465,eval_at,1.2263698561849263,0.4,88.99999999999892
0.059636992221261884,18.35920177383592,69,460,eval_at,1.2314631465438246,0.4,89.09999999999891
0.058772687986171135,18.27937915742794,68,458,eval_at,1.237720622297933,0.4,89.19999999999891
0.058772687986171135,18.119733924611975,68,454,eval_at,1.2439347033686399,0.4,89.2999999999989
0.05790838375108038,18.039911308203994,67,452,eval_at,1.2487240045533874,0.4,89.3999999999989
0.056179775280898875,17.88026607538803,65,448,eval_at,1.254537140481598,0.4,89.49999999999889
0.055315471045808126,17.84035476718404,64,447,eval_at,1.2613146957454902,0.4,89.59999999999889
0.05358686257562662,17.96008869179601,62,450,eval_at,1.2676116496221463,0.4,89.69999999999888
0.05185825410544512,18.0,60,451,eval_at,1.2741003626310627,0.4,89.79999999999887
0.05099394987035436,17.92017738359202,59,449,eval_at,1.279855185188691,0.4,89.89999999999887
0.05012964563526361,17.760532150776054,58,445,eval_at,1.285427147796605,0.4,89.99999999999886
0.05012964563526361,17.720620842572064,58,444,eval_at,1.2924032559093812,0.4,90.09999999999886
0.05012964563526361,17.64079822616408,58,442,eval_at,1.2981623013663726,0.4,90.19999999999885
0.05012964563526361,17.60088691796009,58,441,eval_at,1.3042263479655547,0.4,90.29999999999885
0.05012964563526361,17.48115299334812,58,438,eval_at,1.3101197304809422,0.4,90.39999999999884
0.05012964563526361,17.60088691796009,58,441,eval_at,1.3152643615343182,0.4,90.49999999999883
0.049265341400172864,17.52106430155211,57,439,eval_at,1.3224744876269803,0.4,90.59999999999883
0.04840103716508211,17.28159645232816,56,433,eval_at,1.328321574488409,0.4,90.69999999999882
0.04840103716508211,17.20177383592018,56,431,eval_at,1.3341195910169927,0.4,90.79999999999882
0.04753673292999136,17.28159645232816,55,433,eval_at,1.3406690638505996,0.4,90.89999999999881
0.04840103716508211,17.16186252771619,56,430,eval_at,1.3467873391210896,0.4,90.9999999999988
0.04840103716508211,17.121951219512198,56,429,eval_at,1.3525377642735443,0.4,91.0999999999988
0.04840103716508211,17.082039911308204,56,428,eval_at,1.3589482526585055,0.4,91.1999999999988
0.04840103716508211,16.922394678492243,56,424,eval_at,1.3657212915403951,0.4,91.29999999999879
0.04840103716508211,16.762749445676278,56,420,eval_at,1.3705692584949323,0.4,91.39999999999878
0.04840103716508211,16.682926829268293,56,418,eval_at,1.378620406208221,0.4,91.49999999999878
0.04840103716508211,16.682926829268293,56,418,eval_at,1.3841138999957388,0.4,91.59999999999877
0.046672428694900604,16.483370288248338,54,413,eval_at,1.392558557081912,0.4,91.69999999999877
0.04753673292999136,16.243902439024392,55,407,eval_at,1.3989735993138714,0.4,91.79999999999876
0.046672428694900604,16.004434589800443,54,401,eval_at,1.4050035583686467,0.4,91.89999999999876
0.0449438202247191,15.924611973392462,52,399,eval_at,1.4124252470558176,0.4,91.99999999999875
0.04407951598962835,15.645232815964524,51,392,eval_at,1.4175660818116325,0.4,92.09999999999874
0.04235090751944685,15.605321507760534,49,391,eval_at,1.4233608264283162,0.4,92.19999999999874
0.04148660328435609,15.365853658536587,48,385,eval_at,1.4300625302902596,0.4,92.29999999999873
0.04062229904926534,15.166297117516631,47,380,eval_at,1.4382578591107689,0.4,92.39999999999873
0.04062229904926534,15.006651884700666,47,376,eval_at,1.4444902704709934,0.4,92.49999999999872
0.03975799481417459,14.807095343680711,46,371,eval_at,1.4521946553054947,0.4,92.59999999999872
0.04062229904926534,14.607538802660756,47,366,eval_at,1.4602655751137386,0.4,92.69999999999871
0.04148660328435609,14.4079822616408,48,361,eval_at,1.4675608555833632,0.4,92.7999999999987
0.03975799481417459,14.288248337028826,46,358,eval_at,1.4752133761731159,0.4,92.8999999999987
0.03975799481417459,14.12860310421286,46,354,eval_at,1.4825861449129845,0.4,92.99999999999869
0.03889369057908384,13.889135254988915,45,348,eval_at,1.4901941784039012,0.4,93.09999999999869
0.03889369057908384,13.68957871396896,45,343,eval_at,1.4976872425963828,0.4,93.19999999999868
0.03802938634399308,13.609756097560977,44,341,eval_at,1.5037505403590306,0.4,93.29999999999868
0.037165082108902334,13.490022172949002,43,338,eval_at,1.510884765077799,0.4,93.39999999999867
0.037165082108902334,13.410199556541022,43,336,eval_at,1.5172455816298258,0.4,93.49999999999866
0.036300777873811585,13.33037694013304,42,334,eval_at,1.5255636386573421,0.4,93.59999999999866
0.03543647363872083,13.210643015521065,41,331,eval_at,1.531371615459967,0.4,93.69999999999865
0.03457216940363008,13.210643015521065,40,331,eval_at,1.5386292029556299,0.4,93.79999999999865
0.03457216940363008,12.971175166297119,40,325,eval_at,1.5462761660064832,0.4,93.89999999999864
0.033707865168539325,12.931263858093127,39,324,eval_at,1.5561508331876122,0.4,93.99999999999864
0.033707865168539325,12.811529933481154,39,321,eval_at,1.5619895039930367,0.4,94.09999999999863
0.033707865168539325,12.771618625277164,39,320,eval_at,1.5702655428504673,0.4,94.19999999999862
0.032843560933448576,12.412416851441243,38,311,eval_at,1.5792329108546166,0.4,94.29999999999862
0.032843560933448576,12.172949002217296,38,305,eval_at,1.5854179879238786,0.4,94.39999999999861
0.03197925669835782,11.97339246119734,37,300,eval_at,1.5959496583431407,0.4,94.49999999999861
0.033707865168539325,11.694013303769403,39,293,eval_at,1.6051836455634185,0.4,94.5999999999986
0.03457216940363008,11.334811529933482,40,284,eval_at,1.6143971080786812,0.4,94.6999999999986
0.03457216940363008,11.21507760532151,40,281,eval_at,1.6224677814319428,0.4,94.79999999999859
0.032843560933448576,11.015521064301552,38,276,eval_at,1.6307651485085688,0.4,94.89999999999858
0.03197925669835782,10.89578713968958,37,273,eval_at,1.6398100656886703,0.4,94.99999999999858
0.03025064822817632,10.736141906873614,35,269,eval_at,1.6477633867696195,0.4,95.09999999999857
0.029386343993085567,10.576496674057651,34,265,eval_at,1.6585245074184998,0.4,95.19999999999857
0.03025064822817632,10.257206208425721,35,257,eval_at,1.6693046597527792,0.4,95.29999999999856
0.03025064822817632,10.017738359201775,35,251,eval_at,1.6782366468686234,0.4,95.39999999999856
0.029386343993085567,9.818181818181818,34,246,eval_at,1.6860589484802027,0.4,95.49999999999855
0.028522039757994815,9.658536585365855,33,242,eval_at,1.6954339664951847,0.4,95.59999999999854
0.027657735522904063,9.578713968957873,32,240,eval_at,1.7059834308812123,0.4,95.69999999999854
0.025064822817631807,9.578713968957873,29,240,eval_at,1.7152176640023966,0.4,95.79999999999853
0.023336214347450302,9.259423503325943,27,232,eval_at,1.7267841985623873,0.4,95.89999999999853
0.024200518582541054,9.17960088691796,28,230,eval_at,1.7358363597348552,0.4,95.99999999999852
0.023336214347450302,9.019955654101997,27,226,eval_at,1.7468949681882022,0.4,96.09999999999852
0.020743301642178046,8.940133037694014,24,224,eval_at,1.7586309538404763,0.4,96.19999999999851
0.020743301642178046,8.860310421286032,24,222,eval_at,1.7696848929930737,0.4,96.2999999999985
0.018150388936905792,8.74057649667406,21,219,eval_at,1.7790999684059319,0.4,96.3999999999985
0.01728608470181504,8.660753880266077,20,217,eval_at,1.789418692885063,0.4,96.4999999999985
0.01728608470181504,8.541019955654102,20,214,eval_at,1.7994569913366067,0.4,96.59999999999849
0.01728608470181504,8.261640798226164,20,207,eval_at,1.8110746500821853,0.4,96.69999999999848
0.01728608470181504,7.822616407982262,20,196,eval_at,1.8205429223683407,0.4,96.79999999999848
0.01728608470181504,7.7028824833702885,20,193,eval_at,1.83059892238627,0.4,96.89999999999847
0.01728608470181504,7.463414634146342,20,187,eval_at,1.8434061922875193,0.4,96.99999999999847
0.01728608470181504,7.383592017738359,20,185,eval_at,1.8545290580961886,0.4,97.09999999999846
0.015557476231633534,7.184035476718404,18,180,eval_at,1.8669392330774761,0.4,97.19999999999845
0.015557476231633534,6.944567627494457,18,174,eval_at,1.8805023879716278,0.4,97.29999999999845
0.016421780466724288,6.7849223946784925,19,170,eval_at,1.8931805360398852,0.4,97.39999999999844
0.016421780466724288,6.585365853658537,19,165,eval_at,1.9086805689919906,0.4,97.49999999999844
0.016421780466724288,6.425720620842573,19,161,eval_at,1.9223160143471423,0.4,97.59999999999843
0.013828867761452032,6.146341463414634,16,154,eval_at,1.9375218339206417,0.4,97.69999999999843
0.01296456352636128,5.866962305986696,15,147,eval_at,1.9519191908446967,0.4,97.79999999999842
0.01296456352636128,5.747228381374724,15,144,eval_at,1.9666328722050097,0.4,97.89999999999841
0.01296456352636128,5.707317073170732,15,143,eval_at,1.9828254823687432,0.4,97.99999999999841
0.01296456352636128,5.467849223946786,15,137,eval_at,1.999713931282354,0.4,98.0999999999984
0.011235955056179775,5.108647450110865,13,128,eval_at,2.018423208369825,0.4,98.1999999999984
0.00950734658599827,5.068736141906874,11,127,eval_at,2.0331497705235675,0.4,98.29999999999839
0.00864304235090752,4.9490022172949,10,124,eval_at,2.0486349295084207,0.4,98.39999999999839
0.00864304235090752,4.709534368070954,10,118,eval_at,2.0643818720518228,0.4,98.49999999999838
0.00864304235090752,4.5099778270509985,10,113,eval_at,2.0857787378474333,0.4,98.59999999999837
0.007778738115816767,4.230598669623061,9,106,eval_at,2.106048584179878,0.4,98.69999999999837
0.006914433880726016,3.87139689578714,8,97,eval_at,2.125927070836601,0.4,98.79999999999836
0.006914433880726016,3.6319290465631933,8,91,eval_at,2.1454952035597192,0.4,98.89999999999836
0.005185825410544511,3.3525498891352554,6,84,eval_at,2.167736719129212,0.4,98.99999999999835
0.003457216940363008,2.953436807095344,4,74,eval_at,2.1955669360713115,0.4,99.09999999999835
0.0025929127052722557,2.753880266075388,3,69,eval_at,2.2277594856297895,0.4,99.19999999999834
0.0025929127052722557,2.354767184035477,3,59,eval_at,2.253188756273576,0.4,99.29999999999833
0.0025929127052722557,2.035476718403548,3,51,eval_at,2.292821458504537,0.4,99.39999999999833
0.0025929127052722557,1.796008869179601,3,45,eval_at,2.331935063589476,0.4,99.49999999999832
0.0025929127052722557,1.5565410199556542,3,39,eval_at,2.3760541047774657,0.4,99.59999999999832
0.001728608470181504,1.1574279379157428,2,29,eval_at,2.4384041202627085,0.4,99.69999999999831
0.001728608470181504,0.7184035476718404,2,18,eval_at,2.5160018577675745,0.4,99.7999999999983
0.001728608470181504,0.4390243902439025,2,11,eval_at,2.6245571574620157,0.4,99.8999999999983
0.16076058772687987,41.946784922394684,186,1051,eval_at,0.49160270583118104,0.5,70.0
0.1598962834917891,41.986696230598675,185,1052,eval_at,0.49438299853476314,0.5,70.1
0.15903197925669835,41.986696230598675,184,1052,eval_at,0.4971051262404733,0.5,70.19999999999999
0.15903197925669835,41.906873614190694,184,1050,eval_at,0.4996544151217277,0.5,70.29999999999998
0.1598962834917891,41.627494456762754,185,1043,eval_at,0.5031094888660995,0.5,70.39999999999998
0.1598962834917891,41.268292682926834,185,1034,eval_at,0.505869424991263,0.5,70.49999999999997
0.1598962834917891,41.348115299334815,185,1036,eval_at,0.5086897097455608,0.5,70.59999999999997
0.1598962834917891,41.148558758314856,185,1031,eval_at,0.5118228975453152,0.5,70.69999999999996
0.1581676750216076,41.108647450110865,183,1030,eval_at,0.5152460483816,0.5,70.79999999999995
0.1581676750216076,40.988913525498894,183,1027,eval_at,0.518409168528286,0.5,70.89999999999995
0.15903197925669835,40.86917960088692,184,1024,eval_at,0.5215201450423378,0.5,70.99999999999994
0.15730337078651685,40.949002217294904,182,1026,eval_at,0.5245130669639568,0.5,71.09999999999994
0.15643906655142611,40.749445676274945,181,1021,eval_at,0.5272872804644771,0.5,71.19999999999993
0.15643906655142611,40.709534368070955,181,1020,eval_at,0.5304815099586032,0.5,71.29999999999993
0.15557476231633535,40.47006651884701,180,1014,eval_at,0.5341179335519218,0.5,71.39999999999992
0.1547104580812446,40.43015521064302,179,1013,eval_at,0.5372247376010745,0.5,71.49999999999991
0.1547104580812446,40.54988913525499,179,1016,eval_at,0.5402754079736442,0.5,71.59999999999991
0.1547104580812446,40.43015521064302,179,1013,eval_at,0.5434780843389937,0.5,71.6999999999999
0.15211754537597233,40.350332594235034,176,1011,eval_at,0.546359158912248,0.5,71.7999999999999
0.15211754537597233,40.270509977827054,176,1009,eval_at,0.5499092066868808,0.5,71.89999999999989
0.1512532411408816,40.11086474501109,175,1005,eval_at,0.5531306983273376,0.5,71.99999999999989
0.1495246326707001,39.91130820399113,173,1000,eval_at,0.5569418932513145,0.5,72.09999999999988
0.1495246326707001,39.87139689578714,173,999,eval_at,0.5602628191809889,0.5,72.19999999999987
0.1495246326707001,40.031042128603104,173,1003,eval_at,0.5636801776736782,0.5,72.29999999999987
0.14693171996542784,39.951219512195124,170,1001,eval_at,0.5661628869406184,0.5,72.39999999999986
0.14693171996542784,39.91130820399113,170,1000,eval_at,0.5702106785987995,0.5,72.49999999999986
0.14606741573033707,39.71175166297118,169,995,eval_at,0.5738069830952642,0.5,72.59999999999985
0.14347450302506481,39.55210643015521,166,991,eval_at,0.5761781695539442,0.5,72.69999999999985
0.14261019878997408,39.39246119733925,165,987,eval_at,0.5794056239807585,0.5,72.79999999999984
0.14174589455488332,39.43237250554324,164,988,eval_at,0.5822265489847933,0.5,72.89999999999984
0.14088159031979255,39.312638580931264,163,985,eval_at,0.5853046358079967,0.5,72.99999999999983
0.14174589455488332,39.19290465631929,164,982,eval_at,0.588027396097354,0.5,73.09999999999982
0.14174589455488332,38.95343680709534,164,976,eval_at,0.5916095060635624,0.5,73.19999999999982
0.14174589455488332,38.95343680709534,164,976,eval_at,0.5948142389699806,0.5,73.29999999999981
0.14174589455488332,38.87361419068736,164,974,eval_at,0.5985748193062714,0.5,73.3999999999998
0.14174589455488332,38.99334811529934,164,977,eval_at,0.6011902720881155,0.5,73.4999999999998
0.14174589455488332,39.23281596452328,164,983,eval_at,0.6050046273053282,0.5,73.5999999999998
0.14088159031979255,39.11308203991131,163,980,eval_at,0.6077385511279615,0.5,73.69999999999979
0.14088159031979255,38.99334811529934,163,977,eval_at,0.6113223305340522,0.5,73.79999999999978
0.14174589455488332,38.75388026607539,164,971,eval_at,0.6144766310296337,0.5,73.89999999999978
0.14174589455488332,38.63414634146342,164,968,eval_at,0.6171351891023309,0.5,73.99999999999977
0.14001728608470182,38.51441241685144,162,965,eval_at,0.6205377886488408,0.5,74.09999999999977
0.13915298184961106,38.39467849223947,161,962,eval_at,0.623330669418865,0.5,74.19999999999976
0.13828867761452032,38.19512195121951,160,957,eval_at,0.6271383460040476,0.5,74.29999999999976
0.13742437337942956,38.19512195121951,159,957,eval_at,0.6303347819307819,0.5,74.39999999999975
0.13915298184961106,38.07538802660754,161,954,eval_at,0.6348669175025567,0.5,74.49999999999974
0.13828867761452032,38.07538802660754,160,954,eval_at,0.6377024665367359,0.5,74.59999999999974
0.13569576490924806,38.07538802660754,157,954,eval_at,0.6413877361724818,0.5,74.69999999999973
0.13569576490924806,38.03547671840355,157,953,eval_at,0.6452188431694863,0.5,74.79999999999973
0.1348314606741573,38.07538802660754,156,954,eval_at,0.6482309941576324,0.5,74.89999999999972
0.13223854796888504,37.99556541019956,153,952,eval_at,0.6519591658734009,0.5,74.99999999999972
0.13223854796888504,37.83592017738359,153,948,eval_at,0.6557632200404326,0.5,75.09999999999971
0.13223854796888504,37.83592017738359,153,948,eval_at,0.6593620144848438,0.5,75.1999999999997
0.1331028522039758,37.47671840354767,154,939,eval_at,0.6631270674237691,0.5,75.2999999999997
0.1331028522039758,37.51662971175167,154,940,eval_at,0.6665452873748783,0.5,75.3999999999997
0.1331028522039758,37.3569844789357,154,936,eval_at,0.6706355974962828,0.5,75.49999999999969
0.13223854796888504,37.11751662971175,153,930,eval_at,0.6743787601989641,0.5,75.59999999999968
0.13050993949870354,36.99778270509978,151,927,eval_at,0.6771740452960062,0.5,75.69999999999968
0.13050993949870354,36.87804878048781,151,924,eval_at,0.6792942226802544,0.5,75.79999999999967
0.13223854796888504,36.63858093126386,153,918,eval_at,0.682047953703418,0.5,75.89999999999966
0.1331028522039758,36.39911308203991,154,912,eval_at,0.6855235136005263,0.5,75.99999999999966
0.1331028522039758,36.11973392461198,154,905,eval_at,0.6896109142175589,0.5,76.09999999999965
0.1331028522039758,36.0,154,902,eval_at,0.692016820466457,0.5,76.19999999999965
0.1331028522039758,35.80044345898005,154,897,eval_at,0.6947469273161835,0.5,76.29999999999964
0.1313742437337943,35.88026607538803,152,899,eval_at,0.6974322003138992,0.5,76.39999999999964
0.13050993949870354,35.64079822616408,151,893,eval_at,0.7007237610743838,0.5,76.49999999999963
0.12964563526361278,35.68070953436808,150,894,eval_at,0.7037791808495074,0.5,76.59999999999962
0.12791702679343128,35.60088691796009,148,892,eval_at,0.707404356376739,0.5,76.69999999999962
0.12618841832324978,35.36141906873615,146,886,eval_at,0.7101228782829399,0.5,76.79999999999961
0.12618841832324978,35.1219512195122,146,880,eval_at,0.713389210477505,0.5,76.89999999999961
0.12618841832324978,34.80266075388027,146,872,eval_at,0.7175261805369143,0.5,76.9999999999996
0.12618841832324978,34.64301552106431,146,868,eval_at,0.7213975765744355,0.5,77.0999999999996
0.12618841832324978,34.32372505543238,146,860,eval_at,0.724763668701778,0.5,77.19999999999959
0.12618841832324978,34.00443458980045,146,852,eval_at,0.7284024529597529,0.5,77.29999999999959
0.12705272255834055,34.12416851441242,147,855,eval_at,0.7320580261831715,0.5,77.39999999999958
0.12532411408815902,34.04434589800444,145,853,eval_at,0.7361322772766221,0.5,77.49999999999957
0.12532411408815902,33.884700665188475,145,849,eval_at,0.7397517362113833,0.5,77.59999999999957
0.12445980985306827,33.72505543237251,144,845,eval_at,0.7438081478330074,0.5,77.69999999999956
0.12532411408815902,33.964523281596456,145,851,eval_at,0.7467122452616438,0.5,77.79999999999956
0.12532411408815902,33.7649667405765,145,846,eval_at,0.7499256840314557,0.5,77.89999999999955
0.12532411408815902,33.72505543237251,145,845,eval_at,0.7535558280523968,0.5,77.99999999999955
0.12532411408815902,33.485587583148565,145,839,eval_at,0.7562689325046658,0.5,78.09999999999954
0.12445980985306827,33.565410199556545,144,841,eval_at,0.7602077003981627,0.5,78.19999999999953
0.12445980985306827,33.605321507760536,144,842,eval_at,0.7641838756181113,0.5,78.29999999999953
0.12445980985306827,33.565410199556545,144,841,eval_at,0.7678824689008603,0.5,78.39999999999952
0.12445980985306827,33.325942350332596,144,835,eval_at,0.7712045966789297,0.5,78.49999999999952
0.12359550561797752,33.246119733924616,143,833,eval_at,0.7745289511013123,0.5,78.59999999999951
0.12359550561797752,32.926829268292686,143,825,eval_at,0.7782701913297984,0.5,78.6999999999995
0.12186689714779603,32.767184035476724,141,821,eval_at,0.7822955383159949,0.5,78.7999999999995
0.12186689714779603,32.72727272727273,141,820,eval_at,0.786489771414594,0.5,78.8999999999995
0.12273120138288678,32.567627494456765,142,816,eval_at,0.7903897314122323,0.5,78.99999999999949
0.12186689714779603,32.607538802660756,141,817,eval_at,0.7948597249236088,0.5,79.09999999999948
0.12186689714779603,32.288248337028826,141,809,eval_at,0.7986823415847393,0.5,79.19999999999948
0.12013828867761452,32.288248337028826,139,809,eval_at,0.8024664597768746,0.5,79.29999999999947
0.11927398444252377,32.248337028824835,138,808,eval_at,0.806938696033573,0.5,79.39999999999947
0.11754537597234227,32.088691796008874,136,804,eval_at,0.8109932455291106,0.5,79.49999999999946
0.11668107173725151,31.92904656319291,135,800,eval_at,0.8155287125222607,0.5,79.59999999999945
0.11581676750216076,31.72949002217295,134,795,eval_at,0.8200629546420511,0.5,79.69999999999945
0.11581676750216076,31.64966740576497,134,793,eval_at,0.824121582289463,0.5,79.79999999999944
0.11581676750216076,31.56984478935699,134,791,eval_at,0.8272193415067711,0.5,79.89999999999944
0.11754537597234227,31.529933481152995,136,790,eval_at,0.8312249647221799,0.5,79.99999999999943
0.11754537597234227,31.450110864745014,136,788,eval_at,0.8344597768386909,0.5,80.09999999999943
0.11668107173725151,31.25055432372506,135,783,eval_at,0.8376889736636268,0.5,80.19999999999942
0.11581676750216076,31.210643015521068,134,782,eval_at,0.8419654064201404,0.5,80.29999999999941
0.11581676750216076,31.050997782705103,134,778,eval_at,0.846162015646428,0.5,80.39999999999941
0.11495246326707001,31.011086474501113,133,777,eval_at,0.850438442813151,0.5,80.4999999999994
0.11495246326707001,30.6119733924612,133,767,eval_at,0.8550971882180802,0.5,80.5999999999994
0.11495246326707001,30.452328159645234,133,763,eval_at,0.8583672750766892,0.5,80.69999999999939
0.11495246326707001,30.492239467849227,133,764,eval_at,0.8633000884723323,0.5,80.79999999999939
0.11495246326707001,30.133037694013307,133,755,eval_at,0.8681458730117004,0.5,80.89999999999938
0.11235955056179775,30.133037694013307,130,755,eval_at,0.8728667402014151,0.5,80.99999999999937
0.11235955056179775,30.053215077605323,130,753,eval_at,0.8769024570135004,0.5,81.09999999999937
0.11235955056179775,29.973392461197342,130,751,eval_at,0.8812437835027674,0.5,81.19999999999936
0.111495246326707,29.973392461197342,129,751,eval_at,0.884959600738035,0.5,81.29999999999936
0.111495246326707,29.733924611973396,129,745,eval_at,0.8894369462666369,0.5,81.39999999999935
0.111495246326707,29.694013303769403,129,744,eval_at,0.8923121979783517,0.5,81.49999999999935
0.11063094209161625,29.454545454545457,128,738,eval_at,0.8966935697688622,0.5,81.59999999999934
0.10890233362143474,29.414634146341466,126,737,eval_at,0.9011320545821067,0.5,81.69999999999933
0.10890233362143474,29.414634146341466,126,737,eval_at,0.9064277998192227,0.5,81.79999999999933
0.10890233362143474,29.21507760532151,126,732,eval_at,0.9102001389992866,0.5,81.89999999999932
0.10890233362143474,29.175166297117517,126,731,eval_at,0.9141707081452293,0.5,81.99999999999932
0.10803802938634399,29.015521064301556,125,727,eval_at,0.9181393642081889,0.5,82.09999999999931
0.10890233362143474,29.055432372505546,126,728,eval_at,0.9223187044480409,0.5,82.1999999999993
0.10890233362143474,28.975609756097562,126,726,eval_at,0.9254804700496546,0.5,82.2999999999993
0.10803802938634399,28.8159645232816,125,722,eval_at,0.9301936525158501,0.5,82.3999999999993
0.10890233362143474,28.696230598669626,126,719,eval_at,0.9346196166853752,0.5,82.49999999999929
0.10717372515125324,28.696230598669626,124,719,eval_at,0.938386762006878,0.5,82.59999999999928
0.10544511668107173,28.656319290465635,122,718,eval_at,0.9426275662590942,0.5,82.69999999999928
0.10803802938634399,28.61640798226164,125,717,eval_at,0.9474290550947253,0.5,82.79999999999927
0.10544511668107173,28.376940133037696,122,711,eval_at,0.9513087301388309,0.5,82.89999999999927
0.10371650821089023,28.09756097560976,120,704,eval_at,0.9550883044160177,0.5,82.99999999999926
0.10371650821089023,27.85809312638581,120,698,eval_at,0.9604249048879139,0.5,83.09999999999926
0.10198789974070872,27.658536585365855,118,693,eval_at,0.9645134217240394,0.5,83.19999999999925
0.10198789974070872,27.4589800443459,118,688,eval_at,0.9678544539540391,0.5,83.29999999999924
0.10198789974070872,27.299334811529935,118,684,eval_at,0.972211366535578,0.5,83.39999999999924
0.10025929127052723,27.219512195121954,116,682,eval_at,0.976522116317475,0.5,83.49999999999923
0.09853068280034573,27.09977827050998,114,679,eval_at,0.9805798860137791,0.5,83.59999999999923
0.09853068280034573,27.09977827050998,114,679,eval_at,0.9865491634069399,0.5,83.69999999999922
0.09939498703543648,26.940133037694014,115,675,eval_at,0.9916424354344464,0.5,83.79999999999922
0.09853068280034573,26.74057649667406,114,670,eval_at,0.9953241744846045,0.5,83.89999999999921
0.09766637856525497,26.620842572062088,113,667,eval_at,0.9993584298566691,0.5,83.9999999999992
0.09766637856525497,26.42128603104213,113,662,eval_at,1.0036748127005766,0.5,84.0999999999992
0.09766637856525497,26.261640798226168,113,658,eval_at,1.0092479935662566,0.5,84.19999999999919
0.09593777009507347,26.141906873614193,111,655,eval_at,1.0156832710990857,0.5,84.29999999999919
0.09593777009507347,26.02217294900222,111,652,eval_at,1.0201005420797375,0.5,84.39999999999918
0.09593777009507347,25.902439024390247,111,649,eval_at,1.024882965329674,0.5,84.49999999999918
0.09420916162489196,25.503325942350333,109,639,eval_at,1.0292245520007453,0.5,84.59999999999917
0.09420916162489196,25.543237250554327,109,640,eval_at,1.034449221505883,0.5,84.69999999999916
0.09420916162489196,25.463414634146343,109,638,eval_at,1.0382046778312173,0.5,84.79999999999916
0.09420916162489196,25.303769401330378,109,634,eval_at,1.0429002579933127,0.5,84.89999999999915
0.09420916162489196,25.383592017738362,109,636,eval_at,1.0466577961849872,0.5,84.99999999999915
0.09248055315471046,25.104212860310422,107,629,eval_at,1.0531144325102717,0.5,85.09999999999914
0.0898876404494382,24.944567627494457,104,625,eval_at,1.0574799425711736,0.5,85.19999999999914
0.0898876404494382,24.70509977827051,104,619,eval_at,1.0621603667826407,0.5,85.29999999999913
0.0898876404494382,24.70509977827051,104,619,eval_at,1.0670189319334165,0.5,85.39999999999912
0.0881590319792567,24.745011086474502,102,620,eval_at,1.0717730391596851,0.5,85.49999999999912
0.0881590319792567,24.745011086474502,102,620,eval_at,1.075980959505439,0.5,85.59999999999911
0.0881590319792567,24.66518847006652,102,618,eval_at,1.0821417145502557,0.5,85.69999999999911
0.08729472774416594,24.745011086474502,101,620,eval_at,1.0871712364214743,0.5,85.7999999999991
0.0881590319792567,24.62527716186253,102,617,eval_at,1.0916848603454354,0.5,85.8999999999991
0.0881590319792567,24.585365853658537,102,616,eval_at,1.0960207722807265,0.5,85.99999999999909
0.08729472774416594,24.62527716186253,101,617,eval_at,1.1011438628332353,0.5,86.09999999999908
0.08729472774416594,24.66518847006652,101,618,eval_at,1.105747699460554,0.5,86.19999999999908
0.0847018150388937,24.465631929046566,98,613,eval_at,1.1097473841003296,0.5,86.29999999999907
0.08383751080380294,24.3059866962306,97,609,eval_at,1.1150907287915868,0.5,86.39999999999907
0.08383751080380294,24.146341463414636,97,605,eval_at,1.1187272092263667,0.5,86.49999999999906
0.08383751080380294,24.106430155210646,97,604,eval_at,1.1225437631509323,0.5,86.59999999999906
0.08383751080380294,23.90687361419069,97,599,eval_at,1.1270414944751679,0.5,86.69999999999905
0.08297320656871218,23.866962305986696,96,598,eval_at,1.1313375242310386,0.5,86.79999999999905
0.08124459809853068,23.747228381374725,94,595,eval_at,1.1362100135129478,0.5,86.89999999999904
0.08038029386343994,23.58758314855876,93,591,eval_at,1.14039136182234,0.5,86.99999999999903
0.08038029386343994,23.30820399113082,93,584,eval_at,1.145841159159404,0.5,87.09999999999903
0.08124459809853068,23.26829268292683,94,583,eval_at,1.1503957397060351,0.5,87.19999999999902
0.07951598962834917,23.30820399113082,92,584,eval_at,1.1550459965759738,0.5,87.29999999999902
0.07865168539325842,23.108647450110865,91,579,eval_at,1.1602596532175709,0.5,87.39999999999901
0.07865168539325842,23.108647450110865,91,579,eval_at,1.1663602683633725,0.5,87.499999999999
0.07692307692307693,22.988913525498894,89,576,eval_at,1.1715574618381914,0.5,87.599999999999
0.07433016421780467,22.78935698447894,86,571,eval_at,1.1767052336779324,0.5,87.699999999999
0.07260155574762317,22.82926829268293,84,572,eval_at,1.1816270187167113,0.5,87.79999999999899
0.07173725151253241,22.669623059866964,83,568,eval_at,1.1866453185767758,0.5,87.89999999999898
0.07173725151253241,22.310421286031044,83,559,eval_at,1.1914913428075429,0.5,87.99999999999898
0.07087294727744166,22.19068736141907,82,556,eval_at,1.1961197532404897,0.5,88.09999999999897
0.07087294727744166,22.0709534368071,82,553,eval_at,1.2011497378837879,0.5,88.19999999999897
0.06914433880726016,21.871396895787143,80,548,eval_at,1.208668694169384,0.5,88.29999999999896
0.06914433880726016,21.79157427937916,80,546,eval_at,1.2129273137923373,0.5,88.39999999999895
0.06914433880726016,21.592017738359203,80,541,eval_at,1.2192161553193008,0.5,88.49999999999895
0.06914433880726016,21.43237250554324,80,537,eval_at,1.224460917228369,0.5,88.59999999999894
0.06914433880726016,21.312638580931267,80,534,eval_at,1.2293348591108013,0.5,88.69999999999894
0.06914433880726016,21.272727272727273,80,533,eval_at,1.2337529772145304,0.5,88.79999999999893
0.06741573033707865,21.11308203991131,78,529,eval_at,1.2380790922347025,0.5,88.89999999999893
0.06741573033707865,20.993348115299337,78,526,eval_at,1.243273854842053,0.5,88.99999999999892
0.06741573033707865,20.793791574279382,78,521,eval_at,1.248363175152673,0.5,89.09999999999891
0.06568712186689715,20.713968957871398,76,519,eval_at,1.2539407894316597,0.5,89.19999999999891
0.06568712186689715,20.634146341463417,76,517,eval_at,1.2586684058120852,0.5,89.2999999999989
0.06482281763180639,20.474501108647452,75,513,eval_at,1.2644913925133252,0.5,89.3999999999989
0.06395851339671564,20.155210643015522,74,505,eval_at,1.2684370127159386,0.5,89.49999999999889
0.06395851339671564,20.195121951219512,74,506,eval_at,1.2736471078624352,0.5,89.59999999999889
0.06395851339671564,20.03547671840355,74,502,eval_at,1.2803133836821885,0.5,89.69999999999888
0.06136560069144339,19.835920177383592,71,497,eval_at,1.2847985912659308,0.5,89.79999999999887
0.06050129645635264,19.636363636363637,70,492,eval_at,1.2905320030685987,0.5,89.89999999999887
0.059636992221261884,19.596452328159646,69,491,eval_at,1.2960510183419172,0.5,89.99999999999886
0.059636992221261884,19.47671840354767,69,488,eval_at,1.301442768704693,0.5,90.09999999999886
0.06050129645635264,19.43680709534368,70,487,eval_at,1.3068623577331837,0.5,90.19999999999885
0.059636992221261884,19.157427937915745,69,480,eval_at,1.31301544078116,0.5,90.29999999999885
0.06050129645635264,18.99778270509978,70,476,eval_at,1.3189428260664784,0.5,90.39999999999884
0.06050129645635264,19.03769401330377,70,477,eval_at,1.3239624289606804,0.5,90.49999999999883
0.059636992221261884,18.917960088691796,69,474,eval_at,1.3297254463136292,0.5,90.59999999999883
0.059636992221261884,18.71840354767184,69,469,eval_at,1.3359151165382341,0.5,90.69999999999882
0.059636992221261884,18.478935698447895,69,463,eval_at,1.3409247243142435,0.5,90.79999999999882
0.058772687986171135,18.439024390243905,68,462,eval_at,1.3464712429023344,0.5,90.89999999999881
0.05790838375108038,18.31929046563193,67,459,eval_at,1.3530356918261186,0.5,90.9999999999988
0.05790838375108038,18.23946784922395,67,457,eval_at,1.3601482331565116,0.5,91.0999999999988
0.05790838375108038,18.119733924611975,67,454,eval_at,1.367535290436433,0.5,91.1999999999988
0.056179775280898875,18.039911308203994,65,452,eval_at,1.3738202707077967,0.5,91.29999999999879
0.05358686257562662,17.96008869179601,62,450,eval_at,1.3805702693598496,0.5,91.39999999999878
0.05358686257562662,17.760532150776054,62,445,eval_at,1.3864617874106377,0.5,91.49999999999878
0.05185825410544512,17.5609756097561,60,440,eval_at,1.3925487076725422,0.5,91.59999999999877
0.052722558340535866,17.441241685144124,61,437,eval_at,1.3980086506327236,0.5,91.69999999999877
0.05185825410544512,17.24168514412417,60,432,eval_at,1.4077254580633982,0.5,91.79999999999876
0.05185825410544512,17.042128603104214,60,427,eval_at,1.4155002565530732,0.5,91.89999999999876
0.05185825410544512,17.042128603104214,60,427,eval_at,1.420315329076257,0.5,91.99999999999875
0.049265341400172864,16.88248337028825,57,423,eval_at,1.4270590852747038,0.5,92.09999999999874
0.049265341400172864,16.483370288248338,57,413,eval_at,1.4338074370868712,0.5,92.19999999999874
0.04840103716508211,16.243902439024392,56,407,eval_at,1.4410815977472082,0.5,92.29999999999873
0.04753673292999136,16.124168514412418,55,404,eval_at,1.447470173476142,0.5,92.39999999999873
0.04753673292999136,16.004434589800443,55,401,eval_at,1.4535541583431655,0.5,92.49999999999872
0.04840103716508211,15.764966740576497,56,395,eval_at,1.460944738949622,0.5,92.59999999999872
0.04840103716508211,15.605321507760534,56,391,eval_at,1.469064725349926,0.5,92.69999999999871
0.0449438202247191,15.325942350332596,52,384,eval_at,1.475913325679973,0.5,92.7999999999987
0.0449438202247191,15.086474501108649,52,378,eval_at,1.4833755593039246,0.5,92.8999999999987
0.04407951598962835,14.926829268292684,51,374,eval_at,1.4898088991390488,0.5,92.99999999999869
0.043215211754537596,14.886917960088693,50,373,eval_at,1.498486179563806,0.5,93.09999999999869
0.043215211754537596,14.847006651884701,50,372,eval_at,1.5054200201754124,0.5,93.19999999999868
0.04235090751944685,14.886917960088693,49,373,eval_at,1.5114531168506844,0.5,93.29999999999868
0.04235090751944685,14.727272727272728,49,369,eval_at,1.5179106329955154,0.5,93.39999999999867
0.04062229904926534,14.487804878048781,47,363,eval_at,1.523794014460121,0.5,93.49999999999866
0.04062229904926534,14.248337028824835,47,357,eval_at,1.5333743054738036,0.5,93.59999999999866
0.03889369057908384,14.04878048780488,45,352,eval_at,1.5404010447485013,0.5,93.69999999999865
0.03889369057908384,13.849223946784923,45,347,eval_at,1.5486298171025734,0.5,93.79999999999865
0.03802938634399308,13.68957871396896,44,343,eval_at,1.557423169823754,0.5,93.89999999999864
0.03802938634399308,13.569844789356985,44,340,eval_at,1.567179270562498,0.5,93.99999999999864
0.036300777873811585,13.450110864745012,42,337,eval_at,1.575349444276536,0.5,94.09999999999863
0.03543647363872083,13.130820399113084,41,329,eval_at,1.5830394116323419,0.5,94.19999999999862
0.03543647363872083,13.130820399113084,41,329,eval_at,1.5904285259822464,0.5,94.29999999999862
0.03457216940363008,12.931263858093127,40,324,eval_at,1.5992020004765914,0.5,94.39999999999861
0.033707865168539325,12.651884700665189,39,317,eval_at,1.6058741090892827,0.5,94.49999999999861
0.032843560933448576,12.572062084257206,38,315,eval_at,1.612887456433084,0.5,94.5999999999986
0.032843560933448576,12.452328159645234,38,312,eval_at,1.6220494585059608,0.5,94.6999999999986
0.03197925669835782,12.33259423503326,37,309,eval_at,1.629892370917073,0.5,94.79999999999859
0.03111495246326707,12.053215077605323,36,302,eval_at,1.6387357507869753,0.5,94.89999999999858
0.03111495246326707,11.813747228381375,36,296,eval_at,1.6468568322682735,0.5,94.99999999999858
0.03111495246326707,11.813747228381375,36,296,eval_at,1.6569161252380655,0.5,95.09999999999857
0.03197925669835782,11.773835920177385,37,295,eval_at,1.6643981120726363,0.5,95.19999999999857
0.029386343993085567,11.733924611973393,34,294,eval_at,1.6723062245728744,0.5,95.29999999999856
0.03025064822817632,11.65410199556541,35,292,eval_at,1.6805734987702046,0.5,95.39999999999856
0.029386343993085567,11.2549889135255,34,282,eval_at,1.6907467168520314,0.5,95.49999999999855
0.02679343128781331,11.055432372505544,31,277,eval_at,1.69933825162001,0.5,95.59999999999854
0.02679343128781331,10.935698447893571,31,274,eval_at,1.712283632044375,0.5,95.69999999999854
0.02679343128781331,10.656319290465634,31,267,eval_at,1.7249809528743394,0.5,95.79999999999853
0.02592912705272256,10.297117516629713,30,258,eval_at,1.7318702154957837,0.5,95.89999999999853
0.024200518582541054,10.177383592017739,28,255,eval_at,1.741258094552549,0.5,95.99999999999852
0.024200518582541054,9.977827050997783,28,250,eval_at,1.7509417317437863,0.5,96.09999999999852
0.02247191011235955,9.698447893569845,26,243,eval_at,1.7631836250454531,0.5,96.19999999999851
0.02247191011235955,9.379157427937917,26,235,eval_at,1.7748389083514424,0.5,96.2999999999985
0.02247191011235955,9.259423503325943,26,232,eval_at,1.785269779384387,0.5,96.3999999999985
0.021607605877268798,9.059866962305987,25,227,eval_at,1.795808109152777,0.5,96.4999999999985
0.021607605877268798,8.78048780487805,25,220,eval_at,1.806341318829231,0.5,96.59999999999849
0.02247191011235955,8.501108647450112,26,213,eval_at,1.8153269818201665,0.5,96.69999999999848
0.021607605877268798,8.42128603104213,25,211,eval_at,1.8278188669269824,0.5,96.79999999999848
0.020743301642178046,8.141906873614191,24,204,eval_at,1.8399111577996057,0.5,96.89999999999847
0.020743301642178046,7.8625277161862535,24,197,eval_at,1.8505429591512432,0.5,96.99999999999847
0.020743301642178046,7.782705099778271,24,195,eval_at,1.8616819474013988,0.5,97.09999999999846
0.020743301642178046,7.74279379157428,24,194,eval_at,1.876833604339791,0.5,97.19999999999845
0.019878997407087293,7.503325942350333,23,188,eval_at,1.8936767651148532,0.5,97.29999999999845
0.019878997407087293,7.223946784922395,23,181,eval_at,1.9075208633019103,0.5,97.39999999999844
0.019878997407087293,7.144124168514413,23,179,eval_at,1.9204421636880362,0.5,97.49999999999844
0.016421780466724288,6.984478935698449,19,175,eval_at,1.9339568336088897,0.5,97.59999999999843
0.016421780466724288,6.545454545454546,19,164,eval_at,1.9454278553687208,0.5,97.69999999999843
0.015557476231633534,6.3458980044345905,18,159,eval_at,1.9610992230652347,0.5,97.79999999999842
0.015557476231633534,6.1862527716186255,18,155,eval_at,1.9763138260682689,0.5,97.89999999999841
0.014693171996542784,5.906873614190688,17,148,eval_at,1.9923608615293158,0.5,97.99999999999841
0.01296456352636128,5.667405764966741,15,142,eval_at,2.0062271080614336,0.5,98.0999999999984
0.01296456352636128,5.348115299334812,15,134,eval_at,2.0255824081555356,0.5,98.1999999999984
0.011235955056179775,5.108647450110865,13,128,eval_at,2.0439600202651484,0.5,98.29999999999839
0.010371650821089023,4.829268292682928,12,121,eval_at,2.0606770455253125,0.5,98.39999999999839
0.010371650821089023,4.470066518847007,12,112,eval_at,2.077953012323041,0.5,98.49999999999838
0.010371650821089023,4.190687361419069,12,105,eval_at,2.096910304472429,0.5,98.59999999999837
0.010371650821089023,3.911308203991131,12,98,eval_at,2.118010454841006,0.5,98.69999999999837
0.007778738115816767,3.7117516629711753,9,93,eval_at,2.1430948040852886,0.5,98.79999999999836
0.007778738115816767,3.5521064301552108,9,89,eval_at,2.1656029292142076,0.5,98.89999999999836
0.006914433880726016,3.192904656319291,8,80,eval_at,2.193809406099069,0.5,98.99999999999835
0.005185825410544511,2.7937915742793793,6,70,eval_at,2.226096503308366,0.5,99.09999999999835
0.00432152117545376,2.434589800443459,5,61,eval_at,2.2593879719436307,0.5,99.19999999999834
0.00432152117545376,2.035476718403548,5,51,eval_at,2.2957581657392363,0.5,99.29999999999833
0.003457216940363008,1.8758314855875833,4,47,eval_at,2.345993707064979,0.5,99.39999999999833
0.003457216940363008,1.7161862527716187,4,43,eval_at,2.390754176107457,0.5,99.49999999999832
0.003457216940363008,1.3170731707317074,4,33,eval_at,2.4548635422786567,0.5,99.59999999999832
0.003457216940363008,0.878048780487805,4,22,eval_at,2.5184675485756483,0.5,99.69999999999831
0.003457216940363008,0.6385809312638582,4,16,eval_at,2.6278086279882573,0.5,99.7999999999983
0.0025929127052722557,0.3592017738359202,3,9,eval_at,2.829316870272152,0.5,99.8999999999983
0.16681071737251513,43.82261640798227,193,1098,eval_at,0.5421769133776799,0.6,70.0
0.16508210890233363,43.54323725055433,191,1091,eval_at,0.5450968746933393,0.6,70.1
0.1633535004321521,43.54323725055433,189,1091,eval_at,0.5476611678019208,0.6,70.19999999999999
0.16508210890233363,43.58314855875832,191,1092,eval_at,0.5508041019866698,0.6,70.29999999999998
0.16508210890233363,43.58314855875832,191,1092,eval_at,0.5536493015021635,0.6,70.39999999999998
0.1616248919619706,43.463414634146346,187,1089,eval_at,0.5560180213844905,0.6,70.49999999999997
0.1616248919619706,43.2239467849224,187,1083,eval_at,0.559022580278591,0.6,70.59999999999997
0.16076058772687987,43.18403547671841,186,1082,eval_at,0.5619578392519203,0.6,70.69999999999996
0.16076058772687987,43.2239467849224,186,1083,eval_at,0.5643860258355096,0.6,70.79999999999995
0.16076058772687987,42.98447893569845,186,1077,eval_at,0.5672931049582751,0.6,70.89999999999995
0.16248919619706137,42.86474501108648,188,1074,eval_at,0.5701849110117676,0.6,70.99999999999994
0.1633535004321521,42.90465631929047,189,1075,eval_at,0.5734496876689354,0.6,71.09999999999994
0.16076058772687987,42.824833702882486,186,1073,eval_at,0.5762427770084,0.6,71.19999999999993
0.16076058772687987,42.824833702882486,186,1073,eval_at,0.5797586199367166,0.6,71.29999999999993
0.1598962834917891,42.784922394678496,185,1072,eval_at,0.5825325358178418,0.6,71.39999999999992
0.1598962834917891,42.784922394678496,185,1072,eval_at,0.5860855082697352,0.6,71.49999999999991
0.1598962834917891,42.705099778270515,185,1070,eval_at,0.5891807988848429,0.6,71.59999999999991
0.1598962834917891,42.58536585365854,185,1067,eval_at,0.5918469870062222,0.6,71.6999999999999
0.1598962834917891,42.385809312638585,185,1062,eval_at,0.5958444404483457,0.6,71.7999999999999
0.1598962834917891,42.305986696230605,185,1060,eval_at,0.5989859904186843,0.6,71.89999999999989
0.1616248919619706,42.106430155210646,187,1055,eval_at,0.6026258217152697,0.6,71.99999999999989
0.16076058772687987,42.146341463414636,186,1056,eval_at,0.6070888072291771,0.6,72.09999999999988
0.16248919619706137,42.026607538802665,188,1053,eval_at,0.6105215561832353,0.6,72.19999999999987
0.16248919619706137,41.946784922394684,188,1051,eval_at,0.6138688496637641,0.6,72.29999999999987
0.1616248919619706,41.747228381374725,187,1046,eval_at,0.6179724562041651,0.6,72.39999999999986
0.16076058772687987,41.747228381374725,186,1046,eval_at,0.6216034148782199,0.6,72.49999999999986
0.1598962834917891,41.707317073170735,185,1045,eval_at,0.6253427346162497,0.6,72.59999999999985
0.1598962834917891,41.587583148558764,185,1042,eval_at,0.628019179760112,0.6,72.69999999999985
0.1598962834917891,41.427937915742795,185,1038,eval_at,0.6303117857860163,0.6,72.79999999999984
0.1598962834917891,41.348115299334815,185,1036,eval_at,0.6330933433961962,0.6,72.89999999999984
0.1581676750216076,40.909090909090914,183,1025,eval_at,0.6362537377383751,0.6,72.99999999999983
0.15730337078651685,40.909090909090914,182,1025,eval_at,0.639484422759882,0.6,73.09999999999982
0.15730337078651685,40.86917960088692,182,1024,eval_at,0.6433765703212005,0.6,73.19999999999982
0.15730337078651685,40.789356984478935,182,1022,eval_at,0.6473619995522117,0.6,73.29999999999981
0.15730337078651685,40.709534368070955,182,1020,eval_at,0.6504218435298875,0.6,73.3999999999998
0.15730337078651685,40.629711751662974,182,1018,eval_at,0.6534978867833238,0.6,73.4999999999998
0.15557476231633535,40.669623059866964,180,1019,eval_at,0.6569481823136564,0.6,73.5999999999998
0.15557476231633535,40.629711751662974,180,1018,eval_at,0.6603736732717029,0.6,73.69999999999979
0.15557476231633535,40.390243902439025,180,1012,eval_at,0.6633006234043793,0.6,73.79999999999978
0.15557476231633535,40.15077605321508,180,1006,eval_at,0.6661549767621446,0.6,73.89999999999978
0.1547104580812446,40.0709534368071,179,1004,eval_at,0.6698015405689091,0.6,73.99999999999977
0.1547104580812446,40.031042128603104,179,1003,eval_at,0.6738673738557553,0.6,74.09999999999977
0.1547104580812446,39.91130820399113,179,1000,eval_at,0.6764804849339882,0.6,74.19999999999976
0.15384615384615385,39.79157427937916,178,997,eval_at,0.6803774672992121,0.6,74.29999999999976
0.15384615384615385,39.631929046563194,178,993,eval_at,0.6840092364474245,0.6,74.39999999999975
0.15211754537597233,39.55210643015521,176,991,eval_at,0.6871256399061874,0.6,74.49999999999974
0.1512532411408816,39.47228381374723,175,989,eval_at,0.6904250556246698,0.6,74.59999999999974
0.15038893690579083,39.35254988913526,174,986,eval_at,0.6937778435573666,0.6,74.69999999999973
0.14866032843560933,39.27272727272727,172,984,eval_at,0.6974291031568783,0.6,74.79999999999973
0.14866032843560933,39.19290465631929,172,982,eval_at,0.7003782108682004,0.6,74.89999999999972
0.14779602420051857,39.23281596452328,171,983,eval_at,0.7037967425082906,0.6,74.99999999999972
0.14693171996542784,38.91352549889135,170,975,eval_at,0.7075558613528687,0.6,75.09999999999971
0.14606741573033707,38.99334811529934,169,977,eval_at,0.7127794851537701,0.6,75.1999999999997
0.14606741573033707,38.95343680709534,169,976,eval_at,0.7158549478743674,0.6,75.2999999999997
0.14693171996542784,38.79379157427938,170,972,eval_at,0.7185637747914176,0.6,75.3999999999997
0.14693171996542784,38.83370288248337,170,973,eval_at,0.7217517782259776,0.6,75.49999999999969
0.14779602420051857,38.75388026607539,171,971,eval_at,0.7247920519995555,0.6,75.59999999999968
0.14693171996542784,38.67405764966741,170,969,eval_at,0.7283623156829058,0.6,75.69999999999968
0.14779602420051857,38.55432372505543,171,966,eval_at,0.7324170272067492,0.6,75.79999999999967
0.14866032843560933,38.43458980044346,172,963,eval_at,0.7353461770213001,0.6,75.89999999999966
0.14866032843560933,38.51441241685144,172,965,eval_at,0.7379206655396473,0.6,75.99999999999966
0.14693171996542784,38.19512195121951,170,957,eval_at,0.7415624467039903,0.6,76.09999999999965
0.14779602420051857,38.19512195121951,171,957,eval_at,0.7455246261562919,0.6,76.19999999999965
0.14779602420051857,38.15521064301552,171,956,eval_at,0.7498274130353422,0.6,76.29999999999964
0.14779602420051857,38.07538802660754,171,954,eval_at,0.7528102229154686,0.6,76.39999999999964
0.14779602420051857,38.03547671840355,171,953,eval_at,0.7554391565942408,0.6,76.49999999999963
0.14520311149524634,37.99556541019956,168,952,eval_at,0.758280745497077,0.6,76.59999999999962
0.14261019878997408,37.83592017738359,165,948,eval_at,0.7623075294099423,0.6,76.69999999999962
0.14261019878997408,37.51662971175167,165,940,eval_at,0.7657215551413358,0.6,76.79999999999961
0.14261019878997408,37.47671840354767,165,939,eval_at,0.7697219195214653,0.6,76.89999999999961
0.14174589455488332,37.27716186252772,164,934,eval_at,0.7728772964171569,0.6,76.9999999999996
0.14088159031979255,37.23725055432373,163,933,eval_at,0.7765149034659063,0.6,77.0999999999996
0.14001728608470182,37.07760532150776,162,929,eval_at,0.7804531621310259,0.6,77.19999999999959
0.13828867761452032,37.03769401330377,160,928,eval_at,0.7842608766620162,0.6,77.29999999999959
0.13742437337942956,36.95787139689579,159,926,eval_at,0.7876463792621702,0.6,77.39999999999958
0.13742437337942956,36.79822616407983,159,922,eval_at,0.7910416746920165,0.6,77.49999999999957
0.13742437337942956,36.83813747228382,159,923,eval_at,0.794350086886762,0.6,77.59999999999957
0.1365600691443388,36.9179600886918,158,925,eval_at,0.797815103503437,0.6,77.69999999999956
0.1365600691443388,36.75831485587583,158,921,eval_at,0.8006874581313795,0.6,77.79999999999956
0.1365600691443388,36.71840354767184,158,920,eval_at,0.8042031151829839,0.6,77.89999999999955
0.13396715643906656,36.55875831485588,155,916,eval_at,0.8076899391972797,0.6,77.99999999999955
0.1331028522039758,36.43902439024391,154,913,eval_at,0.8112517093861686,0.6,78.09999999999954
0.1313742437337943,36.31929046563193,152,910,eval_at,0.8148890281116189,0.6,78.19999999999953
0.1313742437337943,36.23946784922395,152,908,eval_at,0.8180098651415022,0.6,78.29999999999953
0.1313742437337943,36.039911308204,152,903,eval_at,0.8214001609935637,0.6,78.39999999999952
0.12791702679343128,36.07982261640799,148,904,eval_at,0.8248286417990226,0.6,78.49999999999952
0.12705272255834055,36.0,147,902,eval_at,0.828297878104334,0.6,78.59999999999951
0.12705272255834055,36.039911308204,147,903,eval_at,0.8315134330544337,0.6,78.6999999999995
0.12705272255834055,35.96008869179601,147,901,eval_at,0.8358251859528331,0.6,78.7999999999995
0.12705272255834055,35.88026607538803,147,899,eval_at,0.8399620135987915,0.6,78.8999999999995
0.12532411408815902,35.72062084257207,145,895,eval_at,0.8429163838860931,0.6,78.99999999999949
0.12532411408815902,35.64079822616408,145,893,eval_at,0.8459720863414104,0.6,79.09999999999948
0.12618841832324978,35.5609756097561,146,891,eval_at,0.8498378858584875,0.6,79.19999999999948
0.12445980985306827,35.5609756097561,144,891,eval_at,0.8534393655656661,0.6,79.29999999999947
0.12359550561797752,35.36141906873615,143,886,eval_at,0.8570445658700262,0.6,79.39999999999947
0.12273120138288678,35.04212860310422,142,878,eval_at,0.8607447413956782,0.6,79.49999999999946
0.12359550561797752,35.04212860310422,143,878,eval_at,0.8648677303346716,0.6,79.59999999999945
0.12273120138288678,34.64301552106431,142,868,eval_at,0.868738202395076,0.6,79.69999999999945
0.12273120138288678,34.48337028824834,142,864,eval_at,0.872520777323717,0.6,79.79999999999944
0.12013828867761452,34.283813747228386,139,859,eval_at,0.8761120385147194,0.6,79.89999999999944
0.12013828867761452,34.2039911308204,139,857,eval_at,0.8791451335976004,0.6,79.99999999999943
0.12100259291270528,33.80487804878049,140,847,eval_at,0.8834295286763498,0.6,80.09999999999943
0.12100259291270528,33.7649667405765,140,846,eval_at,0.888006531538455,0.6,80.19999999999942
0.12013828867761452,33.68514412416852,139,844,eval_at,0.892429542468905,0.6,80.29999999999941
0.12013828867761452,33.68514412416852,139,844,eval_at,0.8959590607090211,0.6,80.39999999999941
0.12100259291270528,33.565410199556545,140,841,eval_at,0.8998395324060748,0.6,80.4999999999994
0.12100259291270528,33.485587583148565,140,839,eval_at,0.905473660562632,0.6,80.5999999999994
0.11927398444252377,33.36585365853659,138,836,eval_at,0.9097659766259892,0.6,80.69999999999939
0.11754537597234227,33.40576496674058,136,837,eval_at,0.9133557593528181,0.6,80.79999999999939
0.11754537597234227,33.246119733924616,136,833,eval_at,0.9173297107270941,0.6,80.89999999999938
0.11840968020743302,33.166297117516635,137,831,eval_at,0.9207306204443904,0.6,80.99999999999937
0.11840968020743302,33.006651884700666,137,827,eval_at,0.9244723416124299,0.6,81.09999999999937
0.11668107173725151,32.847006651884705,135,823,eval_at,0.9279825413456912,0.6,81.19999999999936
0.11581676750216076,32.647450110864746,134,818,eval_at,0.9324036657394382,0.6,81.29999999999936
0.11495246326707001,32.567627494456765,133,816,eval_at,0.9360925635585776,0.6,81.39999999999935
0.11235955056179775,32.607538802660756,130,817,eval_at,0.9399853747029585,0.6,81.49999999999935
0.111495246326707,32.368070953436806,129,811,eval_at,0.9444385392844027,0.6,81.59999999999934
0.111495246326707,32.328159645232816,129,810,eval_at,0.948152932111303,0.6,81.69999999999933
0.111495246326707,32.328159645232816,129,810,eval_at,0.9518335905904458,0.6,81.79999999999933
0.111495246326707,32.248337028824835,129,808,eval_at,0.9555271379510026,0.6,81.89999999999932
0.11235955056179775,32.04878048780488,130,803,eval_at,0.9588998926580957,0.6,81.99999999999932
0.11235955056179775,31.849223946784925,130,798,eval_at,0.9630076570787119,0.6,82.09999999999931
0.111495246326707,31.529933481152995,129,790,eval_at,0.9674607963449942,0.6,82.1999999999993
0.11063094209161625,31.490022172949004,128,789,eval_at,0.9718735426903944,0.6,82.2999999999993
0.11063094209161625,31.29046563192905,128,784,eval_at,0.9759409359485808,0.6,82.3999999999993
0.1097666378565255,31.170731707317074,127,781,eval_at,0.9788990618349077,0.6,82.49999999999929
0.1097666378565255,31.050997782705103,127,778,eval_at,0.9832447209906855,0.6,82.59999999999928
0.10890233362143474,30.93126385809313,126,775,eval_at,0.9873317215028545,0.6,82.69999999999928
0.10890233362143474,30.851441241685148,126,773,eval_at,0.9905216420436079,0.6,82.79999999999927
0.10890233362143474,30.6119733924612,126,767,eval_at,0.9953209886619393,0.6,82.89999999999927
0.10890233362143474,30.452328159645234,126,763,eval_at,0.9994828678037523,0.6,82.99999999999926
0.1097666378565255,30.172949002217297,127,756,eval_at,1.003406403017607,0.6,83.09999999999926
0.10890233362143474,30.053215077605323,126,753,eval_at,1.0084057054372693,0.6,83.19999999999925
0.10890233362143474,29.893569844789358,126,749,eval_at,1.0118153417563267,0.6,83.29999999999924
0.10803802938634399,29.773835920177387,125,746,eval_at,1.0157047933566856,0.6,83.39999999999924
0.10717372515125324,29.494456762749447,124,739,eval_at,1.020454736887153,0.6,83.49999999999923
0.10717372515125324,29.334811529933482,124,735,eval_at,1.0234896915227807,0.6,83.59999999999923
0.10717372515125324,29.374722838137476,124,736,eval_at,1.0275078285171622,0.6,83.69999999999922
0.10544511668107173,29.334811529933482,122,735,eval_at,1.0324270769741486,0.6,83.79999999999922
0.10544511668107173,29.135254988913527,122,730,eval_at,1.0382784177690394,0.6,83.89999999999921
0.10458081244598098,28.89578713968958,121,724,eval_at,1.0419127280708183,0.6,83.9999999999992
0.10458081244598098,28.776053215077606,121,721,eval_at,1.0454298461836966,0.6,84.0999999999992
0.10371650821089023,28.61640798226164,120,717,eval_at,1.050287503066868,0.6,84.19999999999919
0.10371650821089023,28.416851441241686,120,712,eval_at,1.0549525928967873,0.6,84.29999999999919
0.10371650821089023,28.297117516629715,120,709,eval_at,1.0600838870944727,0.6,84.39999999999918
0.10285220397579949,28.25720620842572,119,708,eval_at,1.0650624861294449,0.6,84.49999999999918
0.10198789974070872,28.13747228381375,118,705,eval_at,1.0697257339527957,0.6,84.59999999999917
0.10025929127052723,27.977827050997785,116,701,eval_at,1.0743767764531442,0.6,84.69999999999916
0.10025929127052723,27.85809312638581,116,698,eval_at,1.0784164752731726,0.6,84.79999999999916
0.09939498703543648,27.73835920177384,115,695,eval_at,1.0818463351632472,0.6,84.89999999999915
0.09939498703543648,27.49889135254989,115,689,eval_at,1.0866181420134349,0.6,84.99999999999915
0.09853068280034573,27.37915742793792,114,686,eval_at,1.0899609402948416,0.6,85.09999999999914
0.09680207433016422,27.339246119733925,112,685,eval_at,1.0955512966565333,0.6,85.19999999999914
0.09507346585998272,27.219512195121954,110,682,eval_at,1.0992065638650335,0.6,85.29999999999913
0.09420916162489196,27.09977827050998,109,679,eval_at,1.103217938741515,0.6,85.39999999999912
0.09334485738980121,26.820399113082043,108,672,eval_at,1.1072650952680374,0.6,85.49999999999912
0.09334485738980121,26.820399113082043,108,672,eval_at,1.111431660149616,0.6,85.59999999999911
0.09248055315471046,26.78048780487805,107,671,eval_at,1.116793908145725,0.6,85.69999999999911
0.09075194468452895,26.541019955654104,105,665,eval_at,1.1222190411667188,0.6,85.7999999999991
0.08902333621434745,26.261640798226168,103,658,eval_at,1.128888047416583,0.6,85.8999999999991
0.08729472774416594,26.261640798226168,101,658,eval_at,1.1336396258797636,0.6,85.99999999999909
0.08643042350907519,26.301552106430158,100,659,eval_at,1.1379825076783292,0.6,86.09999999999908
0.08729472774416594,26.261640798226168,101,658,eval_at,1.1429957796938868,0.6,86.19999999999908
0.0881590319792567,26.101995565410203,102,654,eval_at,1.1478751999088763,0.6,86.29999999999907
0.08643042350907519,26.02217294900222,100,652,eval_at,1.1529662121696995,0.6,86.39999999999907
0.08556611927398444,25.862527716186253,99,648,eval_at,1.1585892626928331,0.6,86.49999999999906
0.0847018150388937,25.782705099778273,98,646,eval_at,1.1638306025046015,0.6,86.59999999999906
0.0847018150388937,25.623059866962308,98,642,eval_at,1.1694497337289418,0.6,86.69999999999905
0.08383751080380294,25.303769401330378,97,634,eval_at,1.1728788466265658,0.6,86.79999999999905
0.08383751080380294,25.184035476718407,97,631,eval_at,1.1775667386050768,0.6,86.89999999999904
0.08383751080380294,25.064301552106432,97,628,eval_at,1.1817027481505318,0.6,86.99999999999903
0.0847018150388937,25.02439024390244,98,627,eval_at,1.1852124217663114,0.6,87.09999999999903
0.0847018150388937,24.745011086474502,98,620,eval_at,1.1889958688591236,0.6,87.19999999999902
0.08383751080380294,24.62527716186253,97,617,eval_at,1.193934128293993,0.6,87.29999999999902
0.08210890233362143,24.505543237250556,95,614,eval_at,1.1971423112036954,0.6,87.39999999999901
0.08124459809853068,24.425720620842576,94,612,eval_at,1.2013275867967992,0.6,87.499999999999
0.08038029386343994,24.226164079822617,93,607,eval_at,1.2057546378969843,0.6,87.599999999999
0.08038029386343994,24.106430155210646,93,604,eval_at,1.2107961191662953,0.6,87.699999999999
0.08038029386343994,24.066518847006655,93,603,eval_at,1.215898527281579,0.6,87.79999999999899
0.07865168539325842,24.02660753880266,91,602,eval_at,1.221674120687367,0.6,87.89999999999898
0.07865168539325842,24.106430155210646,91,604,eval_at,1.2263655663177981,0.6,87.99999999999898
0.07865168539325842,23.90687361419069,91,599,eval_at,1.2323757300302527,0.6,88.09999999999897
0.07865168539325842,23.747228381374725,91,595,eval_at,1.237343947545435,0.6,88.19999999999897
0.07865168539325842,23.66740576496674,91,593,eval_at,1.2424381813507381,0.6,88.29999999999896
0.07778738115816768,23.427937915742795,90,587,eval_at,1.2477666291781693,0.6,88.39999999999895
0.07692307692307693,23.14855875831486,89,580,eval_at,1.2530013964334934,0.6,88.49999999999895
0.07605877268798616,23.108647450110865,88,579,eval_at,1.2579085588056944,0.6,88.59999999999894
0.07692307692307693,23.028824833702885,89,577,eval_at,1.2626484258370814,0.6,88.69999999999894
0.07519446845289542,22.86917960088692,87,573,eval_at,1.2688717858168952,0.6,88.79999999999893
0.07433016421780467,22.82926829268293,86,572,eval_at,1.2746038001215267,0.6,88.89999999999893
0.07346585998271392,22.58980044345898,85,566,eval_at,1.2797271619945307,0.6,88.99999999999892
0.07346585998271392,22.15077605321508,85,555,eval_at,1.2845533059532568,0.6,89.09999999999891
0.07173725151253241,22.15077605321508,83,555,eval_at,1.2895846631602164,0.6,89.19999999999891
0.07173725151253241,21.951219512195124,83,550,eval_at,1.2948795193202067,0.6,89.2999999999989
0.07173725151253241,21.871396895787143,83,548,eval_at,1.300436203124659,0.6,89.3999999999989
0.07000864304235091,21.671840354767184,81,543,eval_at,1.3060131034646054,0.6,89.49999999999889
0.06914433880726016,21.552106430155213,80,540,eval_at,1.3095555466317692,0.6,89.59999999999889
0.0665514261019879,21.43237250554324,77,537,eval_at,1.3147447676895836,0.6,89.69999999999888
0.0665514261019879,21.272727272727273,77,533,eval_at,1.3188253390427498,0.6,89.79999999999887
0.0665514261019879,20.753880266075388,77,520,eval_at,1.32349159188202,0.6,89.89999999999887
0.06568712186689715,20.634146341463417,76,517,eval_at,1.3297157124737533,0.6,89.99999999999886
0.06395851339671564,20.394678492239468,74,511,eval_at,1.3340846560639195,0.6,90.09999999999886
0.06222990492653414,20.314855875831487,72,509,eval_at,1.3404851547847392,0.6,90.19999999999885
0.06222990492653414,20.155210643015522,72,505,eval_at,1.34688841097337,0.6,90.29999999999885
0.06222990492653414,20.07538802660754,72,503,eval_at,1.3533231673967145,0.6,90.39999999999884
0.06050129645635264,19.955654101995567,70,500,eval_at,1.3604965450526054,0.6,90.49999999999883
0.06136560069144339,19.67627494456763,71,493,eval_at,1.36698943913617,0.6,90.59999999999883
0.06050129645635264,19.596452328159646,70,491,eval_at,1.3737166086371624,0.6,90.69999999999882
0.06050129645635264,19.47671840354767,70,488,eval_at,1.379953818884731,0.6,90.79999999999882
0.058772687986171135,19.39689578713969,68,486,eval_at,1.386199325940298,0.6,90.89999999999881
0.058772687986171135,19.197339246119736,68,481,eval_at,1.3936990455725753,0.6,90.9999999999988
0.05790838375108038,19.03769401330377,67,477,eval_at,1.400733748374987,0.6,91.0999999999988
0.05704407951598963,18.917960088691796,66,474,eval_at,1.4068612954029243,0.6,91.1999999999988
0.056179775280898875,18.758314855875835,65,470,eval_at,1.4142015126947252,0.6,91.29999999999879
0.055315471045808126,18.558758314855876,64,465,eval_at,1.4216589140945224,0.6,91.39999999999878
0.05445116681071737,18.399113082039914,63,461,eval_at,1.4271026252370596,0.6,91.49999999999878
0.055315471045808126,18.199556541019955,64,456,eval_at,1.433495924165922,0.6,91.59999999999877
0.05358686257562662,18.0,62,451,eval_at,1.4392837196481862,0.6,91.69999999999877
0.052722558340535866,17.720620842572064,61,444,eval_at,1.4456525024761622,0.6,91.79999999999876
0.055315471045808126,17.680709534368074,64,443,eval_at,1.450936921462821,0.6,91.89999999999876
0.055315471045808126,17.5609756097561,64,440,eval_at,1.458036642672593,0.6,91.99999999999875
0.05185825410544512,17.24168514412417,60,432,eval_at,1.4644505358081759,0.6,92.09999999999874
0.05185825410544512,17.121951219512198,60,429,eval_at,1.4731719016119733,0.6,92.19999999999874
0.05099394987035436,17.042128603104214,59,427,eval_at,1.4805207382729122,0.6,92.29999999999873
0.052722558340535866,16.88248337028825,61,423,eval_at,1.4860991535982708,0.6,92.39999999999873
0.052722558340535866,16.722838137472284,61,419,eval_at,1.4929132346442557,0.6,92.49999999999872
0.05358686257562662,16.722838137472284,62,419,eval_at,1.500077244278734,0.6,92.59999999999872
0.052722558340535866,16.643015521064303,61,417,eval_at,1.5059857020846477,0.6,92.69999999999871
0.05099394987035436,16.52328159645233,59,414,eval_at,1.5133565677799659,0.6,92.7999999999987
0.05012964563526361,16.403547671840357,58,411,eval_at,1.5226481536451821,0.6,92.8999999999987
0.04840103716508211,16.283813747228383,56,408,eval_at,1.5298864735681248,0.6,92.99999999999869
0.04753673292999136,16.084257206208427,55,403,eval_at,1.5346360616931196,0.6,93.09999999999869
0.045808124459809856,15.964523281596454,53,400,eval_at,1.5417355180298193,0.6,93.19999999999868
0.0449438202247191,15.80487804878049,52,396,eval_at,1.547481752436453,0.6,93.29999999999868
0.0449438202247191,15.525498891352552,52,389,eval_at,1.5544871681940553,0.6,93.39999999999867
0.04407951598962835,15.286031042128604,51,383,eval_at,1.5606613779437082,0.6,93.49999999999866
0.043215211754537596,15.166297117516631,50,380,eval_at,1.56934410791935,0.6,93.59999999999866
0.043215211754537596,14.847006651884701,50,372,eval_at,1.577709987408905,0.6,93.69999999999865
0.043215211754537596,14.647450110864746,50,367,eval_at,1.5851618877442617,0.6,93.79999999999865
0.04148660328435609,14.647450110864746,48,367,eval_at,1.5924227179956882,0.6,93.89999999999864
0.04148660328435609,14.487804878048781,48,363,eval_at,1.5996300394926137,0.6,93.99999999999864
0.04148660328435609,14.208425720620843,48,356,eval_at,1.6047948389896896,0.6,94.09999999999863
0.03975799481417459,13.809312638580932,46,346,eval_at,1.6133225607629145,0.6,94.19999999999862
0.03802938634399308,13.609756097560977,44,341,eval_at,1.6219183502182926,0.6,94.29999999999862
0.037165082108902334,13.569844789356985,43,340,eval_at,1.633159318989821,0.6,94.39999999999861
0.037165082108902334,13.609756097560977,43,341,eval_at,1.6432971875269609,0.6,94.49999999999861
0.03802938634399308,13.33037694013304,44,334,eval_at,1.6513421611468193,0.6,94.5999999999986
0.03889369057908384,13.170731707317074,45,330,eval_at,1.658523793463063,0.6,94.6999999999986
0.03889369057908384,13.210643015521065,45,331,eval_at,1.6656869734752102,0.6,94.79999999999859
0.03889369057908384,13.090909090909092,45,328,eval_at,1.6747343878972492,0.6,94.89999999999858
0.03889369057908384,12.691796008869181,45,318,eval_at,1.6831067040012786,0.6,94.99999999999858
0.03543647363872083,12.452328159645234,41,312,eval_at,1.6906760467486202,0.6,95.09999999999857
0.033707865168539325,12.372505543237251,39,310,eval_at,1.701511308198709,0.6,95.19999999999857
0.032843560933448576,12.093126385809313,38,303,eval_at,1.710893234564774,0.6,95.29999999999856
0.03197925669835782,11.933481152993348,37,299,eval_at,1.7214496759982052,0.6,95.39999999999856
0.03197925669835782,11.733924611973393,37,294,eval_at,1.7287903384886514,0.6,95.49999999999855
0.03197925669835782,11.534368070953438,37,289,eval_at,1.7378927000233504,0.6,95.59999999999854
0.03111495246326707,11.2549889135255,36,282,eval_at,1.7479110630222014,0.6,95.69999999999854
0.028522039757994815,11.2549889135255,33,282,eval_at,1.7580119301399877,0.6,95.79999999999853
0.029386343993085567,11.175166297117517,34,280,eval_at,1.7663005029356267,0.6,95.89999999999853
0.029386343993085567,11.015521064301552,34,276,eval_at,1.7745430598391387,0.6,95.99999999999852
0.02679343128781331,10.696230598669624,31,268,eval_at,1.784732725909723,0.6,96.09999999999852
0.02592912705272256,10.496674057649669,30,263,eval_at,1.7944052470745082,0.6,96.19999999999851
0.02592912705272256,10.137472283813748,30,254,eval_at,1.8045273164223665,0.6,96.2999999999985
0.025064822817631807,9.818181818181818,29,246,eval_at,1.8144916114647829,0.6,96.3999999999985
0.025064822817631807,9.53880266075388,29,239,eval_at,1.8273789948764698,0.6,96.4999999999985
0.025064822817631807,9.379157427937917,29,235,eval_at,1.8379842131483943,0.6,96.59999999999849
0.025064822817631807,9.339246119733925,29,234,eval_at,1.8476857682262602,0.6,96.69999999999848
0.025064822817631807,9.219512195121952,29,231,eval_at,1.8596775179617897,0.6,96.79999999999848
0.024200518582541054,9.019955654101997,28,226,eval_at,1.871636948027796,0.6,96.89999999999847
0.02247191011235955,8.82039911308204,26,221,eval_at,1.8816185099696092,0.6,96.99999999999847
0.02247191011235955,8.461197339246121,26,212,eval_at,1.894160527020263,0.6,97.09999999999846
0.02247191011235955,8.261640798226164,26,207,eval_at,1.9083632588930166,0.6,97.19999999999845
0.020743301642178046,8.101995565410201,24,203,eval_at,1.9238748422575784,0.6,97.29999999999845
0.020743301642178046,7.623059866962307,24,191,eval_at,1.941933138713316,0.6,97.39999999999844
0.019878997407087293,7.303769401330378,23,183,eval_at,1.9596282478094948,0.6,97.49999999999844
0.01901469317199654,6.944567627494457,22,174,eval_at,1.9747054693415727,0.6,97.59999999999843
0.01901469317199654,6.66518847006652,22,167,eval_at,1.9908950041624927,0.6,97.69999999999843
0.018150388936905792,6.3458980044345905,21,159,eval_at,2.009814446043813,0.6,97.79999999999842
0.013828867761452032,5.98669623059867,16,150,eval_at,2.0261633690714764,0.6,97.89999999999841
0.01296456352636128,5.827050997782705,15,146,eval_at,2.0456352379428595,0.6,97.99999999999841
0.01296456352636128,5.507760532150776,15,138,eval_at,2.0634991270883947,0.6,98.0999999999984
0.01296456352636128,5.228381374722838,15,131,eval_at,2.0829913075825077,0.6,98.1999999999984
0.01296456352636128,4.709534368070954,15,118,eval_at,2.099544280496527,0.6,98.29999999999839
0.012100259291270527,4.310421286031042,14,108,eval_at,2.1219097012340495,0.6,98.39999999999839
0.012100259291270527,3.9911308203991136,14,100,eval_at,2.1476338229285346,0.6,98.49999999999838
0.011235955056179775,3.7117516629711753,13,93,eval_at,2.1770097811183007,0.6,98.59999999999837
0.012100259291270527,3.5521064301552108,14,89,eval_at,2.207444765135483,0.6,98.69999999999837
0.00950734658599827,3.272727272727273,11,82,eval_at,2.2378007178545256,0.6,98.79999999999836
0.006914433880726016,3.1529933481152996,8,79,eval_at,2.268200461498641,0.6,98.89999999999836
0.006914433880726016,2.7937915742793793,8,70,eval_at,2.3049732239482363,0.6,98.99999999999835
0.006050129645635264,2.47450110864745,7,62,eval_at,2.335863361783366,0.6,99.09999999999835
0.005185825410544511,2.2350332594235036,6,56,eval_at,2.375086749026676,0.6,99.19999999999834
0.00432152117545376,1.9157427937915745,5,48,eval_at,2.4197247301773257,0.6,99.29999999999833
0.005185825410544511,1.7161862527716187,6,43,eval_at,2.4750196630858676,0.6,99.39999999999833
0.005185825410544511,1.2771618625277164,6,32,eval_at,2.535271537186975,0.6,99.49999999999832
0.00432152117545376,1.1175166297117518,5,28,eval_at,2.5916148606618252,0.6,99.59999999999832
0.003457216940363008,0.878048780487805,4,22,eval_at,2.6911823650118643,0.6,99.69999999999831
0.003457216940363008,0.598669623059867,4,15,eval_at,2.8491587348691696,0.6,99.7999999999983
0.003457216940363008,0.27937915742793795,4,7,eval_at,3.1004533052400927,0.6,99.8999999999983
0.1763180639585134,44.54101995565411,204,1116,eval_at,0.5897844417168051,0.7,70.0
0.17718236819360414,44.70066518847007,205,1120,eval_at,0.592719956209952,0.7,70.1
0.17545375972342264,44.5809312638581,203,1117,eval_at,0.5969379401781676,0.7,70.19999999999999
0.17458945548833188,44.54101995565411,202,1116,eval_at,0.6004799800724062,0.7,70.29999999999998
0.17372515125324114,44.62084257206209,201,1118,eval_at,0.6040123322629473,0.7,70.39999999999998
0.17286084701815038,44.46119733924613,200,1114,eval_at,0.607081927727438,0.7,70.49999999999997
0.17286084701815038,44.46119733924613,200,1114,eval_at,0.6106523217259215,0.7,70.59999999999997
0.17113223854796888,44.34146341463415,198,1111,eval_at,0.614009087101208,0.7,70.69999999999996
0.17199654278305965,44.22172949002218,199,1108,eval_at,0.6172810262398664,0.7,70.79999999999995
0.17199654278305965,44.101995565410206,199,1105,eval_at,0.6203152998725675,0.7,70.89999999999995
0.17113223854796888,44.101995565410206,198,1105,eval_at,0.6238206061724377,0.7,70.99999999999994
0.17113223854796888,43.742793791574286,198,1096,eval_at,0.6282768174536,0.7,71.09999999999994
0.17026793431287812,43.6629711751663,197,1094,eval_at,0.6314152094950883,0.7,71.19999999999993
0.17113223854796888,43.58314855875832,198,1092,eval_at,0.6340774454434547,0.7,71.29999999999993
0.17199654278305965,43.463414634146346,199,1089,eval_at,0.6369799752698706,0.7,71.39999999999992
0.17286084701815038,43.2239467849224,200,1083,eval_at,0.6396654274365777,0.7,71.49999999999991
0.17199654278305965,43.30376940133038,199,1085,eval_at,0.6426133430930363,0.7,71.59999999999991
0.17286084701815038,43.30376940133038,200,1085,eval_at,0.6454116669586101,0.7,71.6999999999999
0.17199654278305965,43.18403547671841,199,1082,eval_at,0.6493708281889998,0.7,71.7999999999999
0.17199654278305965,43.104212860310426,199,1080,eval_at,0.6530153942828104,0.7,71.89999999999989
0.17199654278305965,42.86474501108648,199,1074,eval_at,0.6556499207444408,0.7,71.99999999999989
0.17113223854796888,42.745011086474506,198,1071,eval_at,0.6583626882991407,0.7,72.09999999999988
0.17113223854796888,42.745011086474506,198,1071,eval_at,0.6615531459856833,0.7,72.19999999999987
0.17113223854796888,42.705099778270515,198,1070,eval_at,0.6642417068188062,0.7,72.29999999999987
0.17199654278305965,42.54545454545455,199,1066,eval_at,0.6676902881970348,0.7,72.39999999999986
0.17199654278305965,42.54545454545455,199,1066,eval_at,0.6714469411839209,0.7,72.49999999999986
0.17026793431287812,42.425720620842576,197,1063,eval_at,0.6750963034182466,0.7,72.59999999999985
0.1694036300777874,42.305986696230605,196,1060,eval_at,0.6790180580825063,0.7,72.69999999999985
0.16853932584269662,42.305986696230605,195,1060,eval_at,0.6826441735403023,0.7,72.79999999999984
0.1676750216076059,42.385809312638585,194,1062,eval_at,0.6856843273846813,0.7,72.89999999999984
0.1676750216076059,42.22616407982262,194,1058,eval_at,0.6888073807810089,0.7,72.99999999999983
0.1676750216076059,42.106430155210646,194,1055,eval_at,0.6927927088001773,0.7,73.09999999999982
0.16681071737251513,42.066518847006655,193,1054,eval_at,0.6966815883017772,0.7,73.19999999999982
0.16681071737251513,41.986696230598675,193,1052,eval_at,0.7000709565119646,0.7,73.29999999999981
0.16594641313742436,42.066518847006655,192,1054,eval_at,0.7032716877805376,0.7,73.3999999999998
0.16421780466724287,42.106430155210646,190,1055,eval_at,0.7069557959721743,0.7,73.4999999999998
0.16421780466724287,41.946784922394684,190,1051,eval_at,0.7105185581483092,0.7,73.5999999999998
0.1633535004321521,41.986696230598675,189,1052,eval_at,0.7145233453746034,0.7,73.69999999999979
0.1633535004321521,41.946784922394684,189,1051,eval_at,0.717561377227386,0.7,73.79999999999978
0.1633535004321521,41.827050997782706,189,1048,eval_at,0.7213101234885773,0.7,73.89999999999978
0.16248919619706137,41.827050997782706,188,1048,eval_at,0.7245457512150678,0.7,73.99999999999977
0.16076058772687987,41.946784922394684,186,1051,eval_at,0.7281300457241422,0.7,74.09999999999977
0.1616248919619706,41.707317073170735,187,1045,eval_at,0.7318638726678053,0.7,74.19999999999976
0.16248919619706137,41.866962305986696,188,1049,eval_at,0.7346958928068305,0.7,74.29999999999976
0.16248919619706137,41.627494456762754,188,1043,eval_at,0.7389920452037213,0.7,74.39999999999975
0.1616248919619706,41.707317073170735,187,1045,eval_at,0.7420865623464282,0.7,74.49999999999974
0.16248919619706137,41.667405764966745,188,1044,eval_at,0.7464741985356054,0.7,74.59999999999974
0.1616248919619706,41.667405764966745,187,1044,eval_at,0.7499793234145866,0.7,74.69999999999973
0.1598962834917891,41.707317073170735,185,1045,eval_at,0.7533145532788379,0.7,74.79999999999973
0.1581676750216076,41.467849223946786,183,1039,eval_at,0.7566025455270309,0.7,74.89999999999972
0.1581676750216076,41.467849223946786,183,1039,eval_at,0.7601588307697719,0.7,74.99999999999972
0.1581676750216076,41.308203991130824,183,1035,eval_at,0.7633230589273841,0.7,75.09999999999971
0.15730337078651685,41.308203991130824,182,1035,eval_at,0.7663072999438721,0.7,75.1999999999997
0.15643906655142611,41.108647450110865,181,1030,eval_at,0.7697357948040056,0.7,75.2999999999997
0.15643906655142611,40.789356984478935,181,1022,eval_at,0.7735673581248648,0.7,75.3999999999997
0.15557476231633535,40.82926829268293,180,1023,eval_at,0.7772578331073474,0.7,75.49999999999969
0.15557476231633535,40.669623059866964,180,1019,eval_at,0.7797667165575193,0.7,75.59999999999968
0.1547104580812446,40.589800443458984,179,1017,eval_at,0.783343712075941,0.7,75.69999999999968
0.1547104580812446,40.47006651884701,179,1014,eval_at,0.7865343025439867,0.7,75.79999999999967
0.15384615384615385,40.23059866962306,178,1008,eval_at,0.7893069588849341,0.7,75.89999999999966
0.1529818496110631,40.19068736141907,177,1007,eval_at,0.7920774445394069,0.7,75.99999999999966
0.15211754537597233,39.991130820399114,176,1002,eval_at,0.7963812187039935,0.7,76.09999999999965
0.15211754537597233,39.83148558758315,176,998,eval_at,0.8003521945241655,0.7,76.19999999999965
0.15211754537597233,39.71175166297118,176,995,eval_at,0.803319325183413,0.7,76.29999999999964
0.15211754537597233,39.631929046563194,176,993,eval_at,0.807726402480082,0.7,76.39999999999964
0.15211754537597233,39.55210643015521,176,991,eval_at,0.8109029268061627,0.7,76.49999999999963
0.1495246326707001,39.55210643015521,173,991,eval_at,0.8131621243628135,0.7,76.59999999999962
0.14866032843560933,39.43237250554324,172,988,eval_at,0.8164608345565962,0.7,76.69999999999962
0.14866032843560933,39.27272727272727,172,984,eval_at,0.8199692147581181,0.7,76.79999999999961
0.14779602420051857,39.11308203991131,171,980,eval_at,0.8240612463376623,0.7,76.89999999999961
0.14693171996542784,38.87361419068736,170,974,eval_at,0.8286298647349885,0.7,76.9999999999996
0.14606741573033707,38.79379157427938,169,972,eval_at,0.8316493545780842,0.7,77.0999999999996
0.14693171996542784,38.75388026607539,170,971,eval_at,0.8357264579482965,0.7,77.19999999999959
0.14693171996542784,38.75388026607539,170,971,eval_at,0.8388135071139611,0.7,77.29999999999959
0.14433880726015558,38.63414634146342,167,968,eval_at,0.843572919610104,0.7,77.39999999999958
0.14347450302506481,38.47450110864745,166,964,eval_at,0.8484754278884421,0.7,77.49999999999957
0.14174589455488332,38.2749445676275,164,959,eval_at,0.8521666745935541,0.7,77.59999999999957
0.14174589455488332,37.95565410199557,164,951,eval_at,0.8551946799340622,0.7,77.69999999999956
0.14174589455488332,37.75609756097561,164,946,eval_at,0.8597206509128236,0.7,77.79999999999956
0.14174589455488332,37.71618625277162,164,945,eval_at,0.8636520796144351,0.7,77.89999999999955
0.14088159031979255,37.67627494456763,163,944,eval_at,0.867088971872125,0.7,77.99999999999955
0.13915298184961106,37.51662971175167,161,940,eval_at,0.8703012356127123,0.7,78.09999999999954
0.14001728608470182,37.51662971175167,162,940,eval_at,0.8728186308013264,0.7,78.19999999999953
0.13828867761452032,37.47671840354767,160,939,eval_at,0.8768167758503114,0.7,78.29999999999953
0.1365600691443388,37.43680709534368,158,938,eval_at,0.8806517537022579,0.7,78.39999999999952
0.1365600691443388,37.15742793791575,158,931,eval_at,0.8838727863111303,0.7,78.49999999999952
0.1365600691443388,37.11751662971175,158,930,eval_at,0.8873273988744734,0.7,78.59999999999951
0.13569576490924806,36.87804878048781,157,924,eval_at,0.8907638849945386,0.7,78.6999999999995
0.1348314606741573,36.87804878048781,156,924,eval_at,0.8946474262472118,0.7,78.7999999999995
0.1348314606741573,36.83813747228382,156,923,eval_at,0.8982340349255615,0.7,78.8999999999995
0.13396715643906656,36.55875831485588,155,916,eval_at,0.9035654782543373,0.7,78.99999999999949
0.13396715643906656,36.55875831485588,155,916,eval_at,0.9072109253191438,0.7,79.09999999999948
0.1331028522039758,36.43902439024391,154,913,eval_at,0.9113854297212498,0.7,79.19999999999948
0.1331028522039758,36.23946784922395,154,908,eval_at,0.9148321550212476,0.7,79.29999999999947
0.1331028522039758,36.19955654101996,154,907,eval_at,0.9172368759053581,0.7,79.39999999999947
0.1331028522039758,35.88026607538803,154,899,eval_at,0.92201743833879,0.7,79.49999999999946
0.13223854796888504,35.92017738359202,153,900,eval_at,0.9254311770750688,0.7,79.59999999999945
0.13050993949870354,35.5609756097561,151,891,eval_at,0.9290987049156636,0.7,79.69999999999945
0.13050993949870354,35.5609756097561,151,891,eval_at,0.9330520982922512,0.7,79.79999999999944
0.12878133102852204,35.60088691796009,149,892,eval_at,0.936785294196358,0.7,79.89999999999944
0.12705272255834055,35.52106430155211,147,890,eval_at,0.9401000860347472,0.7,79.99999999999943
0.12618841832324978,35.32150776053216,146,885,eval_at,0.9437661150622579,0.7,80.09999999999943
0.12618841832324978,35.20177383592018,146,882,eval_at,0.9484495857357934,0.7,80.19999999999942
0.12532411408815902,35.08203991130821,145,879,eval_at,0.9522182385479651,0.7,80.29999999999941
0.12532411408815902,35.32150776053216,145,885,eval_at,0.9566730073833611,0.7,80.39999999999941
0.12359550561797752,35.08203991130821,143,879,eval_at,0.960159564831433,0.7,80.4999999999994
0.12359550561797752,34.96230598669624,143,876,eval_at,0.9639805902517857,0.7,80.5999999999994
0.12273120138288678,34.80266075388027,142,872,eval_at,0.9679920459769173,0.7,80.69999999999939
0.12273120138288678,34.64301552106431,142,868,eval_at,0.9714489600390166,0.7,80.79999999999939
0.12100259291270528,34.48337028824834,140,864,eval_at,0.9754356194716403,0.7,80.89999999999938
0.12100259291270528,34.603104212860316,140,867,eval_at,0.9792482934318146,0.7,80.99999999999937
0.12100259291270528,34.32372505543238,140,860,eval_at,0.9843465295371192,0.7,81.09999999999937
0.11927398444252377,34.2039911308204,138,857,eval_at,0.9880228312040801,0.7,81.19999999999936
0.12013828867761452,33.884700665188475,139,849,eval_at,0.9913512492351791,0.7,81.29999999999936
0.11927398444252377,33.924611973392466,138,850,eval_at,0.9950025094660059,0.7,81.39999999999935
0.11927398444252377,34.00443458980045,138,852,eval_at,0.9985512159368772,0.7,81.49999999999935
0.11840968020743302,33.645232815964526,137,843,eval_at,1.0021588820713843,0.7,81.59999999999934
0.11668107173725151,33.525498891352555,135,840,eval_at,1.0065702202789133,0.7,81.69999999999933
0.11668107173725151,33.36585365853659,135,836,eval_at,1.0098376590680094,0.7,81.79999999999933
0.11495246326707001,33.36585365853659,133,836,eval_at,1.0143421604972502,0.7,81.89999999999932
0.11495246326707001,33.246119733924616,133,833,eval_at,1.0181517690075783,0.7,81.99999999999932
0.11495246326707001,33.126385809312644,133,830,eval_at,1.0224962896422956,0.7,82.09999999999931
0.11495246326707001,33.08647450110865,133,829,eval_at,1.0260409760290639,0.7,82.1999999999993
0.11235955056179775,32.886917960088695,130,824,eval_at,1.031097617926142,0.7,82.2999999999993
0.1132238547968885,32.886917960088695,131,824,eval_at,1.0356176631375984,0.7,82.3999999999993
0.111495246326707,32.807095343680714,129,822,eval_at,1.039744531393078,0.7,82.49999999999929
0.11063094209161625,32.807095343680714,128,822,eval_at,1.044265176224749,0.7,82.59999999999928
0.11063094209161625,32.687361419068736,128,819,eval_at,1.0486098423473227,0.7,82.69999999999928
0.1097666378565255,32.567627494456765,127,816,eval_at,1.0530369167346478,0.7,82.79999999999927
0.10890233362143474,32.208425720620845,126,807,eval_at,1.057904099761724,0.7,82.89999999999927
0.1097666378565255,32.128603104212864,127,805,eval_at,1.0627190068461236,0.7,82.99999999999926
0.10890233362143474,32.088691796008874,126,804,eval_at,1.0662661889142493,0.7,83.09999999999926
0.10890233362143474,31.769401330376944,126,796,eval_at,1.0694843433107313,0.7,83.19999999999925
0.10890233362143474,31.68957871396896,126,794,eval_at,1.0728215541017394,0.7,83.29999999999924
0.10717372515125324,31.60975609756098,124,792,eval_at,1.0776205812269808,0.7,83.39999999999924
0.10458081244598098,31.490022172949004,121,789,eval_at,1.0829143599204665,0.7,83.49999999999923
0.10371650821089023,31.37028824833703,120,786,eval_at,1.0878611683153947,0.7,83.59999999999923
0.10198789974070872,31.170731707317074,118,781,eval_at,1.09163864684756,0.7,83.69999999999922
0.10198789974070872,31.011086474501113,118,777,eval_at,1.0957025173014283,0.7,83.79999999999922
0.10198789974070872,31.050997782705103,118,778,eval_at,1.0999991823568414,0.7,83.89999999999921
0.10285220397579949,31.011086474501113,119,777,eval_at,1.1041156184232825,0.7,83.9999999999992
0.10198789974070872,30.891352549889138,118,774,eval_at,1.1086025069003944,0.7,84.0999999999992
0.10198789974070872,30.532150776053218,118,765,eval_at,1.1118613382499414,0.7,84.19999999999919
0.10112359550561797,30.532150776053218,117,765,eval_at,1.1172727655898487,0.7,84.29999999999919
0.10112359550561797,30.492239467849227,117,764,eval_at,1.121518365075176,0.7,84.39999999999918
0.10025929127052723,30.412416851441243,116,762,eval_at,1.1258017276800356,0.7,84.49999999999918
0.10025929127052723,30.332594235033262,116,760,eval_at,1.1297599899735178,0.7,84.59999999999917
0.10025929127052723,30.133037694013307,116,755,eval_at,1.1345094585423556,0.7,84.69999999999916
0.09766637856525497,30.053215077605323,113,753,eval_at,1.138484574493469,0.7,84.79999999999916
0.09680207433016422,29.853658536585368,112,748,eval_at,1.1430612191957794,0.7,84.89999999999915
0.09593777009507347,29.813747228381377,111,747,eval_at,1.1482417928455595,0.7,84.99999999999915
0.09507346585998272,29.534368070953438,110,740,eval_at,1.1529207066434388,0.7,85.09999999999914
0.09420916162489196,29.294900221729492,109,734,eval_at,1.1572824737454113,0.7,85.19999999999914
0.09420916162489196,29.055432372505546,109,728,eval_at,1.1620390548638628,0.7,85.29999999999913
0.09334485738980121,28.85587583148559,108,723,eval_at,1.1661646887464008,0.7,85.39999999999912
0.09248055315471046,28.85587583148559,107,723,eval_at,1.1706790565024783,0.7,85.49999999999912
0.09161624891961971,28.776053215077606,106,721,eval_at,1.1741708615230384,0.7,85.59999999999911
0.09161624891961971,28.696230598669626,106,719,eval_at,1.1806551108871397,0.7,85.69999999999911
0.09161624891961971,28.61640798226164,106,717,eval_at,1.184696859287863,0.7,85.7999999999991
0.09075194468452895,28.53658536585366,105,715,eval_at,1.1891062362240352,0.7,85.8999999999991
0.09161624891961971,28.337028824833705,106,710,eval_at,1.192563924171005,0.7,85.99999999999909
0.09161624891961971,28.17738359201774,106,706,eval_at,1.1982585878073615,0.7,86.09999999999908
0.09075194468452895,28.17738359201774,105,706,eval_at,1.2026910688758043,0.7,86.19999999999908
0.09075194468452895,27.618625277161865,105,692,eval_at,1.2083034058889486,0.7,86.29999999999907
0.09161624891961971,27.4589800443459,106,688,eval_at,1.2130168670875325,0.7,86.39999999999907
0.09248055315471046,27.219512195121954,107,682,eval_at,1.218102975985191,0.7,86.49999999999906
0.09075194468452895,26.940133037694014,105,675,eval_at,1.2239446180761642,0.7,86.59999999999906
0.0898876404494382,26.860310421286034,104,673,eval_at,1.2277833737011532,0.7,86.69999999999905
0.08902333621434745,26.620842572062088,103,667,eval_at,1.2340090213105936,0.7,86.79999999999905
0.08729472774416594,26.541019955654104,101,665,eval_at,1.239051827317637,0.7,86.89999999999904
0.08729472774416594,26.301552106430158,101,659,eval_at,1.2433990699974162,0.7,86.99999999999903
0.08729472774416594,26.02217294900222,101,652,eval_at,1.2480994812042845,0.7,87.09999999999903
0.08643042350907519,25.982261640798228,100,651,eval_at,1.251809293247785,0.7,87.19999999999902
0.08556611927398444,26.101995565410203,99,654,eval_at,1.2555735314728045,0.7,87.29999999999902
0.08297320656871218,26.101995565410203,96,654,eval_at,1.260370200921023,0.7,87.39999999999901
0.08297320656871218,25.982261640798228,96,651,eval_at,1.2655684878113351,0.7,87.499999999999
0.08297320656871218,25.862527716186253,96,648,eval_at,1.270126816393603,0.7,87.599999999999
0.08124459809853068,25.822616407982263,94,647,eval_at,1.2749143299900347,0.7,87.699999999999
0.08038029386343994,25.662971175166298,93,643,eval_at,1.2795315406278533,0.7,87.79999999999899
0.08124459809853068,25.623059866962308,94,642,eval_at,1.2845497194688418,0.7,87.89999999999898
0.08124459809853068,25.303769401330378,94,634,eval_at,1.2890200497078772,0.7,87.99999999999898
0.07951598962834917,25.184035476718407,92,631,eval_at,1.2930451752537797,0.7,88.09999999999897
0.07865168539325842,24.824833702882486,91,622,eval_at,1.2985283469583078,0.7,88.19999999999897
0.07865168539325842,24.784922394678492,91,621,eval_at,1.30298846533513,0.7,88.29999999999896
0.07692307692307693,24.505543237250556,89,614,eval_at,1.3072582895882008,0.7,88.39999999999895
0.07605877268798616,24.38580931263858,88,611,eval_at,1.3133312378158835,0.7,88.49999999999895
0.07519446845289542,24.3059866962306,87,609,eval_at,1.3185590546522097,0.7,88.59999999999894
0.07346585998271392,24.02660753880266,85,602,eval_at,1.3247725824188794,0.7,88.69999999999894
0.07346585998271392,23.866962305986696,85,598,eval_at,1.3301923241550715,0.7,88.79999999999893
0.07260155574762317,23.787139689578716,84,596,eval_at,1.3354499362477519,0.7,88.89999999999893
0.07346585998271392,23.707317073170735,85,594,eval_at,1.339653749393047,0.7,88.99999999999892
0.07173725151253241,23.427937915742795,83,587,eval_at,1.3452932295874598,0.7,89.09999999999891
0.07173725151253241,23.427937915742795,83,587,eval_at,1.3507284537950677,0.7,89.19999999999891
0.07087294727744166,23.388026607538805,82,586,eval_at,1.3551398119038058,0.7,89.2999999999989
0.07087294727744166,23.26829268292683,82,583,eval_at,1.3592398480801446,0.7,89.3999999999989
0.07087294727744166,23.18847006651885,82,581,eval_at,1.3659957905130167,0.7,89.49999999999889
0.07000864304235091,23.068736141906875,81,578,eval_at,1.3709514713990638,0.7,89.59999999999889
0.06914433880726016,22.90909090909091,80,574,eval_at,1.3760837801151662,0.7,89.69999999999888
0.07087294727744166,22.82926829268293,82,572,eval_at,1.3824599203684622,0.7,89.79999999999887
0.07000864304235091,22.509977827051,81,564,eval_at,1.388570763927256,0.7,89.89999999999887
0.07000864304235091,22.43015521064302,81,562,eval_at,1.3938728722648042,0.7,89.99999999999886
0.07000864304235091,22.310421286031044,81,559,eval_at,1.399321397733402,0.7,90.09999999999886
0.07000864304235091,22.230598669623063,81,557,eval_at,1.4046531465044239,0.7,90.19999999999885
0.0682800345721694,22.031042128603104,79,552,eval_at,1.4106431451119086,0.7,90.29999999999885
0.06741573033707865,21.75166297117517,78,545,eval_at,1.4161194643389925,0.7,90.39999999999884
0.06741573033707865,21.43237250554324,78,537,eval_at,1.4202788708579082,0.7,90.49999999999883
0.06741573033707865,21.232815964523283,78,532,eval_at,1.4278854670645251,0.7,90.59999999999883
0.0682800345721694,20.953436807095347,79,525,eval_at,1.4338911898038378,0.7,90.69999999999882
0.06914433880726016,20.953436807095347,80,525,eval_at,1.438659369115722,0.7,90.79999999999882
0.0665514261019879,20.913525498891353,77,524,eval_at,1.4450539143748877,0.7,90.89999999999881
0.06568712186689715,20.953436807095347,76,525,eval_at,1.450548161801775,0.7,90.9999999999988
0.06395851339671564,20.953436807095347,74,525,eval_at,1.4554811691793814,0.7,91.0999999999988
0.06395851339671564,20.753880266075388,74,520,eval_at,1.4618107370448006,0.7,91.1999999999988
0.06395851339671564,20.594235033259427,74,516,eval_at,1.467647689486691,0.7,91.29999999999879
0.06309420916162489,20.394678492239468,73,511,eval_at,1.4723618751853438,0.7,91.39999999999878
0.06222990492653414,20.195121951219512,72,506,eval_at,1.4789538719193196,0.7,91.49999999999878
0.06222990492653414,19.995565410199557,72,501,eval_at,1.4851764467134105,0.7,91.59999999999877
0.06050129645635264,19.835920177383592,70,497,eval_at,1.4910126338740488,0.7,91.69999999999877
0.059636992221261884,19.516629711751666,69,489,eval_at,1.4952239544806687,0.7,91.79999999999876
0.059636992221261884,19.197339246119736,69,481,eval_at,1.5034940651462207,0.7,91.89999999999876
0.059636992221261884,18.798226164079825,69,471,eval_at,1.5090947425065921,0.7,91.99999999999875
0.058772687986171135,18.439024390243905,68,462,eval_at,1.5158534900266272,0.7,92.09999999999874
0.05790838375108038,18.159645232815965,67,455,eval_at,1.5228077308306416,0.7,92.19999999999874
0.05790838375108038,17.92017738359202,67,449,eval_at,1.5298951846288156,0.7,92.29999999999873
0.05790838375108038,17.760532150776054,67,445,eval_at,1.5356291869102392,0.7,92.39999999999873
0.058772687986171135,17.401330376940134,68,436,eval_at,1.542526506273082,0.7,92.49999999999872
0.05704407951598963,17.082039911308204,66,428,eval_at,1.550935025046243,0.7,92.59999999999872
0.055315471045808126,16.722838137472284,64,419,eval_at,1.5596334234676716,0.7,92.69999999999871
0.055315471045808126,16.203991130820402,64,406,eval_at,1.5679614656293257,0.7,92.7999999999987
0.05358686257562662,15.964523281596454,62,400,eval_at,1.5749565687657479,0.7,92.8999999999987
0.05358686257562662,15.685144124168515,62,393,eval_at,1.5827415320241525,0.7,92.99999999999869
0.049265341400172864,15.525498891352552,57,389,eval_at,1.5897010596859007,0.7,93.09999999999869
0.046672428694900604,15.685144124168515,54,393,eval_at,1.5970476759341852,0.7,93.19999999999868
0.046672428694900604,15.565410199556542,54,390,eval_at,1.604049161697989,0.7,93.29999999999868
0.045808124459809856,15.286031042128604,53,383,eval_at,1.6119160107935655,0.7,93.39999999999867
0.0449438202247191,15.086474501108649,52,378,eval_at,1.6192866384425346,0.7,93.49999999999866
0.0449438202247191,15.086474501108649,52,378,eval_at,1.628369204110689,0.7,93.59999999999866
0.04407951598962835,15.086474501108649,51,378,eval_at,1.6355060873051963,0.7,93.69999999999865
0.04407951598962835,14.847006651884701,51,372,eval_at,1.6438207535412817,0.7,93.79999999999865
0.04407951598962835,14.767184035476719,51,370,eval_at,1.6505831028647935,0.7,93.89999999999864
0.0449438202247191,14.607538802660756,52,366,eval_at,1.657483764852098,0.7,93.99999999999864
0.04407951598962835,14.44789356984479,51,362,eval_at,1.667076824458034,0.7,94.09999999999863
0.043215211754537596,14.248337028824835,50,357,eval_at,1.6763655869371057,0.7,94.19999999999862
0.04407951598962835,13.929046563192905,51,349,eval_at,1.6847149651499285,0.7,94.29999999999862
0.04407951598962835,13.809312638580932,51,346,eval_at,1.6926520665520477,0.7,94.39999999999861
0.043215211754537596,13.68957871396896,50,343,eval_at,1.7010526882170882,0.7,94.49999999999861
0.0449438202247191,13.410199556541022,52,336,eval_at,1.7097333212182555,0.7,94.5999999999986
0.043215211754537596,13.410199556541022,50,336,eval_at,1.7218315234134685,0.7,94.6999999999986
0.04235090751944685,13.410199556541022,49,336,eval_at,1.7294888524550547,0.7,94.79999999999859
0.04235090751944685,13.290465631929047,49,333,eval_at,1.740563262232799,0.7,94.89999999999858
0.04062229904926534,13.130820399113084,47,329,eval_at,1.7477525585859761,0.7,94.99999999999858
0.03889369057908384,12.971175166297119,45,325,eval_at,1.760323300519459,0.7,95.09999999999857
0.03889369057908384,12.971175166297119,45,325,eval_at,1.7704880782137022,0.7,95.19999999999857
0.03889369057908384,12.651884700665189,45,317,eval_at,1.7788107784249816,0.7,95.29999999999856
0.037165082108902334,12.611973392461199,43,316,eval_at,1.78876068324632,0.7,95.39999999999856
0.03543647363872083,12.492239467849226,41,313,eval_at,1.7954086797386266,0.7,95.49999999999855
0.03543647363872083,12.053215077605323,41,302,eval_at,1.8048496807283052,0.7,95.59999999999854
0.032843560933448576,11.813747228381375,38,296,eval_at,1.8129679586172327,0.7,95.69999999999854
0.032843560933448576,11.414634146341465,38,286,eval_at,1.8224062051962016,0.7,95.79999999999853
0.033707865168539325,11.135254988913527,39,279,eval_at,1.831571397719303,0.7,95.89999999999853
0.033707865168539325,10.975609756097562,39,275,eval_at,1.838706956004405,0.7,95.99999999999852
0.032843560933448576,10.736141906873614,38,269,eval_at,1.848341735207814,0.7,96.09999999999852
0.03197925669835782,10.736141906873614,37,269,eval_at,1.8611597870911027,0.7,96.19999999999851
0.03025064822817632,10.416851441241686,35,261,eval_at,1.8728920964725144,0.7,96.2999999999985
0.03025064822817632,10.097560975609756,35,253,eval_at,1.8833783314663555,0.7,96.3999999999985
0.029386343993085567,9.937915742793793,34,249,eval_at,1.8951173636367606,0.7,96.4999999999985
0.029386343993085567,9.618625277161863,34,241,eval_at,1.9070634243054665,0.7,96.59999999999849
0.028522039757994815,9.458980044345898,33,237,eval_at,1.9184157564766309,0.7,96.69999999999848
0.027657735522904063,9.17960088691796,32,230,eval_at,1.9320504393297595,0.7,96.79999999999848
0.02679343128781331,8.900221729490022,31,223,eval_at,1.9463397126510265,0.7,96.89999999999847
0.025064822817631807,8.501108647450112,29,213,eval_at,1.9616884801935632,0.7,96.99999999999847
0.025064822817631807,8.541019955654102,29,214,eval_at,1.9757961201240184,0.7,97.09999999999846
0.02247191011235955,8.221729490022174,26,206,eval_at,1.9877470972044626,0.7,97.19999999999845
0.020743301642178046,7.782705099778271,24,195,eval_at,2.0021415682612496,0.7,97.29999999999845
0.020743301642178046,7.343680709534369,24,184,eval_at,2.0201996992468714,0.7,97.39999999999844
0.019878997407087293,6.864745011086475,23,172,eval_at,2.034890834063719,0.7,97.49999999999844
0.01901469317199654,6.625277161862528,22,166,eval_at,2.0543877867737512,0.7,97.59999999999843
0.018150388936905792,6.465631929046563,21,162,eval_at,2.0709509889798423,0.7,97.69999999999843
0.01728608470181504,6.146341463414634,20,154,eval_at,2.0910554787708238,0.7,97.79999999999842
0.016421780466724288,5.866962305986696,19,147,eval_at,2.1157169633802293,0.7,97.89999999999841
0.016421780466724288,5.467849223946786,19,137,eval_at,2.138159737901372,0.7,97.99999999999841
0.016421780466724288,5.2682926829268295,19,132,eval_at,2.1619576555912565,0.7,98.0999999999984
0.016421780466724288,4.988913525498892,19,125,eval_at,2.1898433425952546,0.7,98.1999999999984
0.014693171996542784,4.549889135254989,17,114,eval_at,2.2135002601605067,0.7,98.29999999999839
0.013828867761452032,4.270509977827051,16,107,eval_at,2.2440277718753148,0.7,98.39999999999839
0.01296456352636128,3.911308203991131,15,98,eval_at,2.277023383857506,0.7,98.49999999999838
0.011235955056179775,3.6319290465631933,13,91,eval_at,2.313524627029549,0.7,98.59999999999837
0.011235955056179775,3.192904656319291,13,80,eval_at,2.3416161510706446,0.7,98.69999999999837
0.00864304235090752,2.993348115299335,10,75,eval_at,2.37758906558617,0.7,98.79999999999836
0.007778738115816767,2.9135254988913526,9,73,eval_at,2.4086545658667595,0.7,98.89999999999836
0.006914433880726016,2.7139689578713972,8,68,eval_at,2.456822789551758,0.7,98.99999999999835
0.006914433880726016,2.5144124168514415,8,63,eval_at,2.506379156523624,0.7,99.09999999999835
0.006914433880726016,2.1951219512195124,8,55,eval_at,2.558323657027759,0.7,99.19999999999834
0.006914433880726016,1.8758314855875833,8,47,eval_at,2.609199550739335,0.7,99.29999999999833
0.006914433880726016,1.5964523281596454,8,40,eval_at,2.6745629921716554,0.7,99.39999999999833
0.005185825410544511,1.3569844789356986,6,34,eval_at,2.7322109876618192,0.7,99.49999999999832
0.00432152117545376,1.0776053215077606,5,27,eval_at,2.808204848134909,0.7,99.59999999999832
0.00432152117545376,0.7583148558758316,5,19,eval_at,2.9338451728708943,0.7,99.69999999999831
0.003457216940363008,0.5587583148558759,4,14,eval_at,3.0841644687317715,0.7,99.7999999999983
0.003457216940363008,0.23946784922394682,4,6,eval_at,3.4116339763623094,0.7,99.8999999999983
0.18841832324978391,45.81818181818182,218,1148,eval_at,0.6376409654566527,0.8,70.0
0.18755401901469318,45.9379157427938,217,1151,eval_at,0.641419314743331,0.8,70.1
0.18928262748487468,45.8980044345898,219,1150,eval_at,0.6452016156732628,0.8,70.19999999999999
0.18841832324978391,45.85809312638581,218,1149,eval_at,0.64851859764358,0.8,70.29999999999998
0.18841832324978391,45.69844789356985,218,1145,eval_at,0.6521224090307008,0.8,70.39999999999998
0.18928262748487468,45.61862527716187,219,1143,eval_at,0.6557687898294912,0.8,70.49999999999997
0.18928262748487468,45.61862527716187,219,1143,eval_at,0.6586020382509099,0.8,70.59999999999997
0.18928262748487468,45.57871396895788,219,1142,eval_at,0.6628271460601,0.8,70.69999999999996
0.18755401901469318,45.53880266075388,217,1141,eval_at,0.6657656868561154,0.8,70.79999999999995
0.18496110630942092,45.65853658536586,214,1144,eval_at,0.6690511522987231,0.8,70.89999999999995
0.18409680207433016,45.65853658536586,213,1144,eval_at,0.6729465055253713,0.8,70.99999999999994
0.18409680207433016,45.33924611973393,213,1136,eval_at,0.6762449284194317,0.8,71.09999999999994
0.18409680207433016,44.94013303769402,213,1126,eval_at,0.6797190292757188,0.8,71.19999999999993
0.18236819360414866,44.86031042128604,211,1124,eval_at,0.6826459310339128,0.8,71.29999999999993
0.18236819360414866,44.78048780487805,211,1122,eval_at,0.6859129177892177,0.8,71.39999999999992
0.1815038893690579,44.5809312638581,210,1117,eval_at,0.689825583165953,0.8,71.49999999999991
0.1815038893690579,44.74057649667406,210,1121,eval_at,0.6932763171647981,0.8,71.59999999999991
0.17891097666378566,44.42128603104213,207,1113,eval_at,0.6965201527381113,0.8,71.6999999999999
0.1780466724286949,44.22172949002218,206,1108,eval_at,0.7001632524759576,0.8,71.7999999999999
0.1780466724286949,44.101995565410206,206,1105,eval_at,0.7034475581154158,0.8,71.89999999999989
0.1780466724286949,44.1419068736142,206,1106,eval_at,0.7068103895404826,0.8,71.99999999999989
0.17545375972342264,43.82261640798227,203,1098,eval_at,0.7107720872970822,0.8,72.09999999999988
0.17545375972342264,43.6629711751663,203,1094,eval_at,0.7142485610341085,0.8,72.19999999999987
0.17286084701815038,43.54323725055433,200,1091,eval_at,0.7182492364331154,0.8,72.29999999999987
0.17199654278305965,43.463414634146346,199,1089,eval_at,0.7213265736481818,0.8,72.39999999999986
0.17113223854796888,43.30376940133038,198,1085,eval_at,0.7246160797211159,0.8,72.49999999999986
0.17113223854796888,43.144124168514416,198,1081,eval_at,0.7283834282817244,0.8,72.59999999999985
0.17026793431287812,42.86474501108648,197,1074,eval_at,0.7320742329717141,0.8,72.69999999999985
0.17026793431287812,42.705099778270515,197,1070,eval_at,0.7354028599163269,0.8,72.79999999999984
0.1694036300777874,42.58536585365854,196,1067,eval_at,0.7386477750845291,0.8,72.89999999999984
0.16853932584269662,42.625277161862535,195,1068,eval_at,0.7433388329610136,0.8,72.99999999999983
0.1676750216076059,42.58536585365854,194,1067,eval_at,0.7468195556647186,0.8,73.09999999999982
0.16681071737251513,42.425720620842576,193,1063,eval_at,0.7499645068571208,0.8,73.19999999999982
0.16594641313742436,42.305986696230605,192,1060,eval_at,0.753155624073801,0.8,73.29999999999981
0.16594641313742436,42.266075388026614,192,1059,eval_at,0.7563501479847548,0.8,73.3999999999998
0.16421780466724287,42.345898004434595,190,1061,eval_at,0.7601312671578023,0.8,73.4999999999998
0.16508210890233363,42.186252771618626,191,1057,eval_at,0.7639904411861157,0.8,73.5999999999998
0.16421780466724287,41.946784922394684,190,1051,eval_at,0.7678268876449377,0.8,73.69999999999979
0.16508210890233363,41.906873614190694,191,1050,eval_at,0.771350033999403,0.8,73.79999999999978
0.16681071737251513,41.866962305986696,193,1049,eval_at,0.7754652917686282,0.8,73.89999999999978
0.16681071737251513,41.587583148558764,193,1042,eval_at,0.778613039500426,0.8,73.99999999999977
0.16421780466724287,41.587583148558764,190,1042,eval_at,0.7827685344410282,0.8,74.09999999999977
0.16421780466724287,41.507760532150776,190,1040,eval_at,0.7864040772027552,0.8,74.19999999999976
0.16421780466724287,41.348115299334815,190,1036,eval_at,0.7892569739838956,0.8,74.29999999999976
0.16421780466724287,41.228381374722844,190,1033,eval_at,0.7929012339455023,0.8,74.39999999999975
0.1633535004321521,41.148558758314856,189,1031,eval_at,0.7975883497206337,0.8,74.49999999999974
0.1633535004321521,41.028824833702885,189,1028,eval_at,0.8004248486641178,0.8,74.59999999999974
0.16248919619706137,40.949002217294904,188,1026,eval_at,0.8047842912839672,0.8,74.69999999999973
0.16076058772687987,40.789356984478935,186,1022,eval_at,0.8082139446249113,0.8,74.79999999999973
0.1616248919619706,40.709534368070955,187,1020,eval_at,0.8119119639583452,0.8,74.89999999999972
0.16076058772687987,40.749445676274945,186,1021,eval_at,0.815372384618333,0.8,74.99999999999972
0.1616248919619706,40.589800443458984,187,1017,eval_at,0.8193317764290025,0.8,75.09999999999971
0.1616248919619706,40.629711751662974,187,1018,eval_at,0.823675419418073,0.8,75.1999999999997
0.1616248919619706,40.43015521064302,187,1013,eval_at,0.8274090705569507,0.8,75.2999999999997
0.16076058772687987,40.19068736141907,186,1007,eval_at,0.830864823232889,0.8,75.3999999999997
0.1598962834917891,40.11086474501109,185,1005,eval_at,0.8355700022203137,0.8,75.49999999999969
0.16076058772687987,39.951219512195124,186,1001,eval_at,0.8404841117011536,0.8,75.59999999999968
0.1598962834917891,39.79157427937916,185,997,eval_at,0.8450905482873929,0.8,75.69999999999968
0.1581676750216076,39.71175166297118,183,995,eval_at,0.8482899773550452,0.8,75.79999999999967
0.1581676750216076,39.71175166297118,183,995,eval_at,0.8512627232796617,0.8,75.89999999999966
0.1581676750216076,39.47228381374723,183,989,eval_at,0.854867407308772,0.8,75.99999999999966
0.1581676750216076,39.23281596452328,183,983,eval_at,0.8595544021886686,0.8,76.09999999999965
0.1598962834917891,39.23281596452328,185,983,eval_at,0.8637726806986932,0.8,76.19999999999965
0.15903197925669835,39.35254988913526,184,986,eval_at,0.8676192945382334,0.8,76.29999999999964
0.1581676750216076,39.43237250554324,183,988,eval_at,0.8716124662416044,0.8,76.39999999999964
0.15557476231633535,39.43237250554324,180,988,eval_at,0.8757314268361356,0.8,76.49999999999963
0.15384615384615385,39.312638580931264,178,985,eval_at,0.8793229913232253,0.8,76.59999999999962
0.15384615384615385,39.23281596452328,178,983,eval_at,0.8820876310904134,0.8,76.69999999999962
0.15038893690579083,39.03325942350333,174,978,eval_at,0.8871452589781195,0.8,76.79999999999961
0.14866032843560933,38.83370288248337,172,973,eval_at,0.8912893578091233,0.8,76.89999999999961
0.14866032843560933,38.7139689578714,172,970,eval_at,0.8945354939062827,0.8,76.9999999999996
0.14693171996542784,38.7139689578714,170,970,eval_at,0.8991664742801572,0.8,77.0999999999996
0.14693171996542784,38.67405764966741,170,969,eval_at,0.9023526979491996,0.8,77.19999999999959
0.14606741573033707,38.63414634146342,169,968,eval_at,0.9055618661764174,0.8,77.29999999999959
0.14520311149524634,38.55432372505543,168,966,eval_at,0.9098287509222475,0.8,77.39999999999958
0.14433880726015558,38.59423503325942,167,967,eval_at,0.9143041190683597,0.8,77.49999999999957
0.14433880726015558,38.43458980044346,167,963,eval_at,0.9177068647841278,0.8,77.59999999999957
0.14433880726015558,38.39467849223947,167,962,eval_at,0.9218627843447932,0.8,77.69999999999956
0.14433880726015558,38.47450110864745,167,964,eval_at,0.9269702212431512,0.8,77.79999999999956
0.14347450302506481,38.11529933481153,166,955,eval_at,0.9316787718433781,0.8,77.89999999999955
0.14347450302506481,38.07538802660754,166,954,eval_at,0.9355118732616533,0.8,77.99999999999955
0.14261019878997408,38.15521064301552,165,956,eval_at,0.9389156972882639,0.8,78.09999999999954
0.14261019878997408,37.99556541019956,165,952,eval_at,0.9436114409252513,0.8,78.19999999999953
0.14433880726015558,37.95565410199557,167,951,eval_at,0.9468685910223914,0.8,78.29999999999953
0.14433880726015558,37.87583148558759,167,949,eval_at,0.9497848619786867,0.8,78.39999999999952
0.14347450302506481,37.67627494456763,166,944,eval_at,0.9543915417394866,0.8,78.49999999999952
0.14174589455488332,37.55654101995566,164,941,eval_at,0.9593908482471344,0.8,78.59999999999951
0.14088159031979255,37.39689578713969,163,937,eval_at,0.9625639877529034,0.8,78.6999999999995
0.14001728608470182,37.15742793791575,162,931,eval_at,0.9663160950450825,0.8,78.7999999999995
0.13828867761452032,37.19733924611974,160,932,eval_at,0.9712199486783464,0.8,78.8999999999995
0.13828867761452032,37.15742793791575,160,931,eval_at,0.9747607038105003,0.8,78.99999999999949
0.13742437337942956,37.15742793791575,159,931,eval_at,0.9793741858761137,0.8,79.09999999999948
0.13569576490924806,37.07760532150776,157,929,eval_at,0.983152237254948,0.8,79.19999999999948
0.13569576490924806,37.07760532150776,157,929,eval_at,0.9872902719482526,0.8,79.29999999999947
0.13569576490924806,37.11751662971175,157,930,eval_at,0.9907389003342385,0.8,79.39999999999947
0.13396715643906656,36.99778270509978,155,927,eval_at,0.9941019472337023,0.8,79.49999999999946
0.13396715643906656,36.87804878048781,155,924,eval_at,0.9982609158796192,0.8,79.59999999999945
0.1331028522039758,36.71840354767184,154,920,eval_at,1.0019838875140685,0.8,79.69999999999945
0.13223854796888504,36.55875831485588,153,916,eval_at,1.0064656073672003,0.8,79.79999999999944
0.1331028522039758,36.55875831485588,154,916,eval_at,1.0100150894908142,0.8,79.89999999999944
0.1313742437337943,36.51884700665189,152,915,eval_at,1.0138819297623216,0.8,79.99999999999943
0.1313742437337943,36.4789356984479,152,914,eval_at,1.018273198483872,0.8,80.09999999999943
0.1313742437337943,36.35920177383592,152,911,eval_at,1.0218282696089456,0.8,80.19999999999942
0.13223854796888504,36.11973392461198,153,905,eval_at,1.0256132317528184,0.8,80.29999999999941
0.13050993949870354,36.11973392461198,151,905,eval_at,1.0303565482070172,0.8,80.39999999999941
0.12964563526361278,35.92017738359202,150,900,eval_at,1.0350021872994668,0.8,80.4999999999994
0.12878133102852204,36.0,149,902,eval_at,1.038647580130968,0.8,80.5999999999994
0.12964563526361278,35.92017738359202,150,900,eval_at,1.0426795723855493,0.8,80.69999999999939
0.12964563526361278,35.68070953436808,150,894,eval_at,1.0466869552433438,0.8,80.79999999999939
0.12618841832324978,35.40133037694014,146,887,eval_at,1.0504929985542475,0.8,80.89999999999938
0.12618841832324978,35.24168514412417,146,883,eval_at,1.0540013855723558,0.8,80.99999999999937
0.12532411408815902,35.16186252771619,145,881,eval_at,1.05705296632757,0.8,81.09999999999937
0.12532411408815902,34.88248337028825,145,874,eval_at,1.0622181549876646,0.8,81.19999999999936
0.12359550561797752,34.64301552106431,143,868,eval_at,1.065909651057132,0.8,81.29999999999936
0.12359550561797752,34.6829268292683,143,869,eval_at,1.0701290056814352,0.8,81.39999999999935
0.12100259291270528,34.603104212860316,140,867,eval_at,1.0737089707308938,0.8,81.49999999999935
0.12013828867761452,34.64301552106431,139,868,eval_at,1.0786582544655854,0.8,81.59999999999934
0.11927398444252377,34.56319290465632,138,866,eval_at,1.0822973016428625,0.8,81.69999999999933
0.11840968020743302,34.40354767184036,137,862,eval_at,1.0864179234425524,0.8,81.79999999999933
0.11754537597234227,34.283813747228386,136,859,eval_at,1.0903713886169675,0.8,81.89999999999932
0.11668107173725151,34.2039911308204,135,857,eval_at,1.0939280378269893,0.8,81.99999999999932
0.11668107173725151,34.08425720620843,135,854,eval_at,1.0988905356978875,0.8,82.09999999999931
0.11495246326707001,34.04434589800444,133,853,eval_at,1.1025094528360098,0.8,82.1999999999993
0.11408815903197926,34.00443458980045,132,852,eval_at,1.1060894226438271,0.8,82.2999999999993
0.11408815903197926,33.924611973392466,132,850,eval_at,1.1105638974848338,0.8,82.3999999999993
0.11235955056179775,33.80487804878049,130,847,eval_at,1.1142351558845285,0.8,82.49999999999929
0.11235955056179775,33.68514412416852,130,844,eval_at,1.1192313495322173,0.8,82.59999999999928
0.11235955056179775,33.246119733924616,130,833,eval_at,1.123112018503595,0.8,82.69999999999928
0.11235955056179775,33.286031042128606,130,834,eval_at,1.1270880729430497,0.8,82.79999999999927
0.11063094209161625,33.206208425720625,128,832,eval_at,1.1311573398043082,0.8,82.89999999999927
0.10890233362143474,33.04656319290466,126,828,eval_at,1.13512658769403,0.8,82.99999999999926
0.10717372515125324,32.847006651884705,124,823,eval_at,1.1392650951328338,0.8,83.09999999999926
0.10717372515125324,32.72727272727273,124,820,eval_at,1.143463991024426,0.8,83.19999999999925
0.10458081244598098,32.647450110864746,121,818,eval_at,1.1475917223313838,0.8,83.29999999999924
0.10544511668107173,32.447893569844794,122,813,eval_at,1.1511156269761762,0.8,83.39999999999924
0.10544511668107173,32.288248337028826,122,809,eval_at,1.1552315947936713,0.8,83.49999999999923
0.10544511668107173,31.9689578713969,122,801,eval_at,1.1607838111233608,0.8,83.59999999999923
0.10458081244598098,31.60975609756098,121,792,eval_at,1.1652978172370292,0.8,83.69999999999922
0.10285220397579949,31.490022172949004,119,789,eval_at,1.1694229582773745,0.8,83.79999999999922
0.10285220397579949,31.37028824833703,119,786,eval_at,1.1743781789756422,0.8,83.89999999999921
0.10458081244598098,31.29046563192905,121,784,eval_at,1.1792165485648782,0.8,83.9999999999992
0.10458081244598098,31.25055432372506,121,783,eval_at,1.1838452600287608,0.8,84.0999999999992
0.10544511668107173,31.410199556541023,122,787,eval_at,1.18705458100703,0.8,84.19999999999919
0.10371650821089023,31.29046563192905,120,784,eval_at,1.190797815000972,0.8,84.29999999999919
0.10285220397579949,31.210643015521068,119,782,eval_at,1.1948406043219262,0.8,84.39999999999918
0.10285220397579949,30.93126385809313,119,775,eval_at,1.199052340221207,0.8,84.49999999999918
0.10371650821089023,30.731707317073173,120,770,eval_at,1.2050664523339538,0.8,84.59999999999917
0.10371650821089023,30.572062084257208,120,766,eval_at,1.2098819154516236,0.8,84.69999999999916
0.10285220397579949,30.6119733924612,119,767,eval_at,1.2147448131862089,0.8,84.79999999999916
0.10198789974070872,30.332594235033262,118,760,eval_at,1.2180524889094884,0.8,84.89999999999915
0.10112359550561797,30.212860310421288,117,757,eval_at,1.223320918158337,0.8,84.99999999999915
0.10112359550561797,30.053215077605323,117,753,eval_at,1.2277278756111263,0.8,85.09999999999914
0.10112359550561797,29.93348115299335,117,750,eval_at,1.2321245507050456,0.8,85.19999999999914
0.09939498703543648,29.893569844789358,115,749,eval_at,1.2369398765006643,0.8,85.29999999999913
0.09593777009507347,29.773835920177387,111,746,eval_at,1.2408378037165442,0.8,85.39999999999912
0.09507346585998272,29.773835920177387,110,746,eval_at,1.245940695048778,0.8,85.49999999999912
0.09507346585998272,29.853658536585368,110,748,eval_at,1.250551704974356,0.8,85.59999999999911
0.09420916162489196,29.614190687361422,109,742,eval_at,1.2551532126607698,0.8,85.69999999999911
0.09420916162489196,29.534368070953438,109,740,eval_at,1.2596283048785533,0.8,85.7999999999991
0.09334485738980121,29.494456762749447,108,739,eval_at,1.2644005262573466,0.8,85.8999999999991
0.09507346585998272,29.414634146341466,110,737,eval_at,1.2706083769079877,0.8,85.99999999999909
0.09507346585998272,29.135254988913527,110,730,eval_at,1.2751999610999645,0.8,86.09999999999908
0.09507346585998272,29.095343680709536,110,729,eval_at,1.2798789295520558,0.8,86.19999999999908
0.09507346585998272,28.85587583148559,110,723,eval_at,1.2855863992528014,0.8,86.29999999999907
0.09420916162489196,28.89578713968958,109,724,eval_at,1.2902780436499919,0.8,86.39999999999907
0.09420916162489196,28.776053215077606,109,721,eval_at,1.2953369151645573,0.8,86.49999999999906
0.09161624891961971,28.61640798226164,106,717,eval_at,1.3005258805274404,0.8,86.59999999999906
0.08902333621434745,28.53658536585366,103,715,eval_at,1.3057934324934035,0.8,86.69999999999905
0.08902333621434745,28.416851441241686,103,712,eval_at,1.3105779251129361,0.8,86.79999999999905
0.08902333621434745,28.297117516629715,103,709,eval_at,1.3150470716973224,0.8,86.89999999999904
0.0898876404494382,28.17738359201774,104,706,eval_at,1.321288227664317,0.8,86.99999999999903
0.08902333621434745,27.977827050997785,103,701,eval_at,1.3243969480361135,0.8,87.09999999999903
0.0881590319792567,27.937915742793795,102,700,eval_at,1.3296008755263156,0.8,87.19999999999902
0.0881590319792567,27.81818181818182,102,697,eval_at,1.3326990190017616,0.8,87.29999999999902
0.08643042350907519,27.73835920177384,100,695,eval_at,1.3376254627612896,0.8,87.39999999999901
0.08643042350907519,27.698447893569845,100,694,eval_at,1.3411818883933013,0.8,87.499999999999
0.0847018150388937,27.538802660753884,98,690,eval_at,1.3453026670842503,0.8,87.599999999999
0.0847018150388937,27.299334811529935,98,684,eval_at,1.3504233463500637,0.8,87.699999999999
0.08383751080380294,27.259423503325944,97,683,eval_at,1.3550629210826437,0.8,87.79999999999899
0.08383751080380294,27.179600886917964,97,681,eval_at,1.3587892446232992,0.8,87.89999999999898
0.08210890233362143,27.019955654102,95,677,eval_at,1.3634524902060479,0.8,87.99999999999898
0.08124459809853068,26.940133037694014,94,675,eval_at,1.367853968847726,0.8,88.09999999999897
0.08124459809853068,26.74057649667406,94,670,eval_at,1.3748231985383415,0.8,88.19999999999897
0.08210890233362143,26.580931263858094,95,666,eval_at,1.3801591364245354,0.8,88.29999999999896
0.08038029386343994,26.461197339246123,93,663,eval_at,1.3848019553370412,0.8,88.39999999999895
0.08038029386343994,26.141906873614193,93,655,eval_at,1.3897731693876967,0.8,88.49999999999895
0.07951598962834917,26.06208425720621,92,653,eval_at,1.3948415267620586,0.8,88.59999999999894
0.07951598962834917,25.942350332594238,92,650,eval_at,1.3995708718335522,0.8,88.69999999999894
0.07865168539325842,25.782705099778273,91,646,eval_at,1.4044356666356381,0.8,88.79999999999893
0.07692307692307693,25.583148558758317,89,641,eval_at,1.4098222626518548,0.8,88.89999999999893
0.07519446845289542,25.34368070953437,87,635,eval_at,1.4145777390309486,0.8,88.99999999999892
0.07519446845289542,25.104212860310422,87,629,eval_at,1.4203331051214825,0.8,89.09999999999891
0.07433016421780467,24.864745011086477,86,623,eval_at,1.425213499008389,0.8,89.19999999999891
0.07433016421780467,24.62527716186253,86,617,eval_at,1.4302937054584093,0.8,89.2999999999989
0.07433016421780467,24.38580931263858,86,611,eval_at,1.4362557349784182,0.8,89.3999999999989
0.07260155574762317,24.26607538802661,84,608,eval_at,1.4407497996723577,0.8,89.49999999999889
0.07260155574762317,23.747228381374725,84,595,eval_at,1.4453093197672875,0.8,89.59999999999889
0.07260155574762317,23.50776053215078,84,589,eval_at,1.4509094768477377,0.8,89.69999999999888
0.07260155574762317,23.348115299334815,84,585,eval_at,1.4564520747644012,0.8,89.79999999999887
0.07173725151253241,23.26829268292683,83,583,eval_at,1.4628858543760104,0.8,89.89999999999887
0.07087294727744166,23.108647450110865,82,579,eval_at,1.4684464445154357,0.8,89.99999999999886
0.07173725151253241,22.90909090909091,83,574,eval_at,1.473231307720182,0.8,90.09999999999886
0.07173725151253241,22.82926829268293,83,572,eval_at,1.4790042884623116,0.8,90.19999999999885
0.07173725151253241,22.58980044345898,83,566,eval_at,1.4834105987440693,0.8,90.29999999999885
0.07000864304235091,22.47006651884701,81,563,eval_at,1.4891639721316936,0.8,90.39999999999884
0.07000864304235091,22.19068736141907,81,556,eval_at,1.4944582103963662,0.8,90.49999999999883
0.07000864304235091,21.951219512195124,81,550,eval_at,1.5010680337153424,0.8,90.59999999999883
0.06741573033707865,21.79157427937916,78,546,eval_at,1.5080473069086155,0.8,90.69999999999882
0.06741573033707865,21.592017738359203,78,541,eval_at,1.51456221006538,0.8,90.79999999999882
0.06741573033707865,21.352549889135258,78,535,eval_at,1.5197632098477605,0.8,90.89999999999881
0.06741573033707865,21.073170731707318,78,528,eval_at,1.526477486474119,0.8,90.9999999999988
0.0665514261019879,20.833702882483372,77,522,eval_at,1.531794380701644,0.8,91.0999999999988
0.0665514261019879,20.634146341463417,77,517,eval_at,1.5380814554275275,0.8,91.1999999999988
0.0665514261019879,20.594235033259427,77,516,eval_at,1.544534397544175,0.8,91.29999999999879
0.06395851339671564,20.514412416851442,74,514,eval_at,1.5504445591164382,0.8,91.39999999999878
0.06222990492653414,20.314855875831487,72,509,eval_at,1.5567385761746713,0.8,91.49999999999878
0.06136560069144339,20.394678492239468,71,511,eval_at,1.5626893354679239,0.8,91.59999999999877
0.06136560069144339,20.03547671840355,71,502,eval_at,1.569082827819659,0.8,91.69999999999877
0.06222990492653414,19.955654101995567,72,500,eval_at,1.5755228323340282,0.8,91.79999999999876
0.06309420916162489,19.556541019955656,73,490,eval_at,1.5810048047751049,0.8,91.89999999999876
0.06309420916162489,19.43680709534368,73,487,eval_at,1.5877313414741152,0.8,91.99999999999875
0.06222990492653414,18.838137472283815,72,472,eval_at,1.5961424751790818,0.8,92.09999999999874
0.06222990492653414,18.63858093126386,72,467,eval_at,1.6017815800811663,0.8,92.19999999999874
0.06309420916162489,18.399113082039914,73,461,eval_at,1.6085250183641666,0.8,92.29999999999873
0.06136560069144339,18.23946784922395,71,457,eval_at,1.6151971859606584,0.8,92.39999999999873
0.06222990492653414,18.0,72,451,eval_at,1.622002711109513,0.8,92.49999999999872
0.06136560069144339,17.680709534368074,71,443,eval_at,1.6303629546042675,0.8,92.59999999999872
0.06050129645635264,17.52106430155211,70,439,eval_at,1.6366848151129016,0.8,92.69999999999871
0.059636992221261884,17.48115299334812,69,438,eval_at,1.6467553863230797,0.8,92.7999999999987
0.058772687986171135,17.401330376940134,68,436,eval_at,1.6538511578705677,0.8,92.8999999999987
0.05790838375108038,17.24168514412417,67,432,eval_at,1.6616980415076155,0.8,92.99999999999869
0.05790838375108038,17.042128603104214,67,427,eval_at,1.6697110929016576,0.8,93.09999999999869
0.05790838375108038,16.88248337028825,67,423,eval_at,1.6770561520496023,0.8,93.19999999999868
0.056179775280898875,16.802660753880268,65,421,eval_at,1.6840451034936388,0.8,93.29999999999868
0.055315471045808126,16.603104212860313,64,416,eval_at,1.6920460018141752,0.8,93.39999999999867
0.055315471045808126,16.443458980044348,64,412,eval_at,1.699404982327676,0.8,93.49999999999866
0.05358686257562662,16.323725055432373,62,409,eval_at,1.7082736318962835,0.8,93.59999999999866
0.05358686257562662,16.044345898004437,62,402,eval_at,1.7165458744281419,0.8,93.69999999999865
0.05358686257562662,15.84478935698448,62,397,eval_at,1.724229727471929,0.8,93.79999999999865
0.052722558340535866,15.685144124168515,61,393,eval_at,1.7325852640421417,0.8,93.89999999999864
0.05185825410544512,15.365853658536587,60,385,eval_at,1.741031731226375,0.8,93.99999999999864
0.05012964563526361,15.246119733924614,58,382,eval_at,1.7500072327938947,0.8,94.09999999999863
0.05012964563526361,15.126385809312639,58,379,eval_at,1.7593824845957833,0.8,94.19999999999862
0.049265341400172864,14.607538802660756,57,366,eval_at,1.7684415992097373,0.8,94.29999999999862
0.045808124459809856,14.4079822616408,53,361,eval_at,1.7780801479788628,0.8,94.39999999999861
0.045808124459809856,14.12860310421286,53,354,eval_at,1.788343141768025,0.8,94.49999999999861
0.0449438202247191,13.72949002217295,52,344,eval_at,1.7981820124061403,0.8,94.5999999999986
0.04407951598962835,13.529933481152995,51,339,eval_at,1.8053369826187666,0.8,94.6999999999986
0.04407951598962835,13.37028824833703,51,335,eval_at,1.8148396073890025,0.8,94.79999999999859
0.04407951598962835,13.130820399113084,51,329,eval_at,1.82396720362323,0.8,94.89999999999858
0.04407951598962835,12.731707317073171,51,319,eval_at,1.8335532964441068,0.8,94.99999999999858
0.04235090751944685,12.492239467849226,49,313,eval_at,1.843011252636222,0.8,95.09999999999857
0.03975799481417459,12.252771618625278,46,307,eval_at,1.853074478871363,0.8,95.19999999999857
0.03889369057908384,12.01330376940133,45,301,eval_at,1.861169588998396,0.8,95.29999999999856
0.037165082108902334,11.933481152993348,43,299,eval_at,1.8712265079912276,0.8,95.39999999999856
0.03543647363872083,11.61419068736142,41,291,eval_at,1.8807946911344515,0.8,95.49999999999855
0.033707865168539325,11.334811529933482,39,284,eval_at,1.8901928125936938,0.8,95.59999999999854
0.032843560933448576,11.095343680709535,38,278,eval_at,1.9004657163417438,0.8,95.69999999999854
0.033707865168539325,10.815964523281597,39,271,eval_at,1.9101003088120856,0.8,95.79999999999853
0.033707865168539325,10.536585365853659,39,264,eval_at,1.9217686207882754,0.8,95.89999999999853
0.033707865168539325,10.21729490022173,39,256,eval_at,1.9370803233159024,0.8,95.99999999999852
0.032843560933448576,9.8980044345898,38,248,eval_at,1.9499571499873727,0.8,96.09999999999852
0.03197925669835782,9.738359201773836,37,244,eval_at,1.9677630241750688,0.8,96.19999999999851
0.03197925669835782,9.53880266075388,37,239,eval_at,1.9789923299843615,0.8,96.2999999999985
0.032843560933448576,9.578713968957873,38,240,eval_at,1.9891823730360005,0.8,96.3999999999985
0.03197925669835782,9.299334811529935,37,233,eval_at,2.0040572857784316,0.8,96.4999999999985
0.03197925669835782,9.059866962305987,37,227,eval_at,2.021779610720957,0.8,96.59999999999849
0.029386343993085567,8.74057649667406,34,219,eval_at,2.033846602915965,0.8,96.69999999999848
0.028522039757994815,8.501108647450112,33,213,eval_at,2.048754145509534,0.8,96.79999999999848
0.027657735522904063,8.261640798226164,32,207,eval_at,2.0620413527874195,0.8,96.89999999999847
0.02679343128781331,8.062084257206209,31,202,eval_at,2.083623849376033,0.8,96.99999999999847
0.02592912705272256,7.8625277161862535,30,197,eval_at,2.100486043400176,0.8,97.09999999999846
0.02592912705272256,7.7028824833702885,30,193,eval_at,2.1146082519505764,0.8,97.19999999999845
0.024200518582541054,7.423503325942351,28,186,eval_at,2.13643923280272,0.8,97.29999999999845
0.021607605877268798,7.223946784922395,25,181,eval_at,2.1568577431701415,0.8,97.39999999999844
0.020743301642178046,6.864745011086475,24,172,eval_at,2.177948306275165,0.8,97.49999999999844
0.020743301642178046,6.545454545454546,24,164,eval_at,2.1985000471410077,0.8,97.59999999999843
0.020743301642178046,6.3458980044345905,24,159,eval_at,2.221221681778212,0.8,97.69999999999843
0.020743301642178046,6.106430155210644,24,153,eval_at,2.239530025079177,0.8,97.79999999999842
0.01901469317199654,5.747228381374724,22,144,eval_at,2.269778964146083,0.8,97.89999999999841
0.01728608470181504,5.4279379157427945,20,136,eval_at,2.2885820971612856,0.8,97.99999999999841
0.01728608470181504,5.028824833702883,20,126,eval_at,2.3127656009836146,0.8,98.0999999999984
0.015557476231633534,4.829268292682928,18,121,eval_at,2.3459363840688554,0.8,98.1999999999984
0.015557476231633534,4.789356984478936,18,120,eval_at,2.375092729408844,0.8,98.29999999999839
0.015557476231633534,4.190687361419069,18,105,eval_at,2.4027715807470633,0.8,98.39999999999839
0.012100259291270527,4.031042128603104,14,101,eval_at,2.442527013541581,0.8,98.49999999999838
0.010371650821089023,3.7516629711751666,12,94,eval_at,2.48036386656932,0.8,98.59999999999837
0.010371650821089023,3.3924611973392462,12,85,eval_at,2.522799024582316,0.8,98.69999999999837
0.00950734658599827,3.192904656319291,11,80,eval_at,2.5647207028753685,0.8,98.79999999999836
0.00864304235090752,2.9135254988913526,10,73,eval_at,2.6024592058176346,0.8,98.89999999999836
0.007778738115816767,2.5942350332594235,9,65,eval_at,2.6429583938992964,0.8,98.99999999999835
0.007778738115816767,2.2350332594235036,9,56,eval_at,2.704947354570053,0.8,99.09999999999835
0.007778738115816767,2.155210643015521,9,54,eval_at,2.7582220283319203,0.8,99.19999999999834
0.007778738115816767,1.8758314855875833,9,47,eval_at,2.812029162228136,0.8,99.29999999999833
0.006914433880726016,1.6363636363636365,8,41,eval_at,2.9001811042369856,0.8,99.39999999999833
0.006914433880726016,1.1574279379157428,8,29,eval_at,2.9749314807595875,0.8,99.49999999999832
0.006050129645635264,0.9179600886917961,7,23,eval_at,3.069845025904931,0.8,99.59999999999832
0.00432152117545376,0.7184035476718404,5,18,eval_at,3.214763919560674,0.8,99.69999999999831
0.003457216940363008,0.5188470066518848,4,13,eval_at,3.419307323156517,0.8,99.7999999999983
0.003457216940363008,0.3192904656319291,4,8,eval_at,3.731979112318465,0.8,99.8999999999983
0.18668971477960242,45.97782705099779,216,1152,eval_at,0.686302554774632,0.9,70.0
0.18582541054451165,45.77827050997783,215,1147,eval_at,0.689941193804376,0.9,70.1
0.18582541054451165,45.81818181818182,215,1148,eval_at,0.6934118119747319,0.9,70.19999999999999
0.18582541054451165,45.65853658536586,215,1144,eval_at,0.6970382532859053,0.9,70.29999999999998
0.18496110630942092,45.57871396895788,214,1142,eval_at,0.7013525362011869,0.9,70.39999999999998
0.18582541054451165,45.41906873614191,215,1138,eval_at,0.7050390014375384,0.9,70.49999999999997
0.18582541054451165,45.25942350332595,215,1134,eval_at,0.7092972180999466,0.9,70.59999999999997
0.18582541054451165,45.17960088691796,215,1132,eval_at,0.7129024001208474,0.9,70.69999999999996
0.18582541054451165,45.05986696230599,215,1129,eval_at,0.7162105857928527,0.9,70.79999999999995
0.18496110630942092,45.05986696230599,214,1129,eval_at,0.7200276263880074,0.9,70.89999999999995
0.18496110630942092,44.86031042128604,214,1124,eval_at,0.7244910237340274,0.9,70.99999999999994
0.18582541054451165,44.74057649667406,215,1121,eval_at,0.7291881851616538,0.9,71.09999999999994
0.18496110630942092,44.66075388026608,214,1119,eval_at,0.73325127351229,0.9,71.19999999999993
0.18323249783923942,44.5809312638581,212,1117,eval_at,0.7362185290858594,0.9,71.29999999999993
0.18236819360414866,44.54101995565411,211,1116,eval_at,0.7391052361341175,0.9,71.39999999999992
0.18323249783923942,44.50110864745012,212,1115,eval_at,0.7422745152099732,0.9,71.49999999999991
0.18236819360414866,44.46119733924613,211,1114,eval_at,0.7462178861864437,0.9,71.59999999999991
0.18236819360414866,44.34146341463415,211,1111,eval_at,0.7498793968086266,0.9,71.6999999999999
0.18323249783923942,44.101995565410206,212,1105,eval_at,0.7546420709971616,0.9,71.7999999999999
0.18323249783923942,43.90243902439025,212,1100,eval_at,0.7585116135373218,0.9,71.89999999999989
0.18236819360414866,43.82261640798227,211,1098,eval_at,0.763493274779605,0.9,71.99999999999989
0.1815038893690579,43.742793791574286,210,1096,eval_at,0.7679738618860411,0.9,72.09999999999988
0.18236819360414866,43.742793791574286,211,1096,eval_at,0.7725654336614509,0.9,72.19999999999987
0.18323249783923942,43.6629711751663,212,1094,eval_at,0.7760736740776902,0.9,72.29999999999987
0.18323249783923942,43.58314855875832,212,1092,eval_at,0.7790836992957443,0.9,72.39999999999986
0.18323249783923942,43.54323725055433,212,1091,eval_at,0.7825739398168714,0.9,72.49999999999986
0.1815038893690579,43.463414634146346,210,1089,eval_at,0.7868690922711383,0.9,72.59999999999985
0.18063958513396716,43.463414634146346,209,1089,eval_at,0.7905622299943478,0.9,72.69999999999985
0.17891097666378566,43.383592017738366,207,1087,eval_at,0.7951035012503463,0.9,72.79999999999984
0.1780466724286949,43.383592017738366,206,1087,eval_at,0.8002660932447586,0.9,72.89999999999984
0.17718236819360414,43.144124168514416,205,1081,eval_at,0.8050552293759684,0.9,72.99999999999983
0.17718236819360414,42.94456762749446,205,1076,eval_at,0.8097296957679468,0.9,73.09999999999982
0.1763180639585134,42.86474501108648,204,1074,eval_at,0.812968024449522,0.9,73.19999999999982
0.17545375972342264,42.705099778270515,203,1070,eval_at,0.8163543244270849,0.9,73.29999999999981
0.17286084701815038,42.625277161862535,200,1068,eval_at,0.8202927073898362,0.9,73.3999999999998
0.17199654278305965,42.54545454545455,199,1066,eval_at,0.824668794209545,0.9,73.4999999999998
0.17026793431287812,42.54545454545455,197,1066,eval_at,0.8288613404042893,0.9,73.5999999999998
0.1694036300777874,42.505543237250556,196,1065,eval_at,0.8329203937308243,0.9,73.69999999999979
0.16853932584269662,42.345898004434595,195,1061,eval_at,0.8360205614299352,0.9,73.79999999999978
0.16853932584269662,42.305986696230605,195,1060,eval_at,0.8401752949826499,0.9,73.89999999999978
0.1676750216076059,42.146341463414636,194,1056,eval_at,0.843990124886455,0.9,73.99999999999977
0.1676750216076059,42.026607538802665,194,1053,eval_at,0.8477202062447693,0.9,74.09999999999977
0.16681071737251513,41.827050997782706,193,1048,eval_at,0.8521049172459848,0.9,74.19999999999976
0.16421780466724287,41.707317073170735,190,1045,eval_at,0.8559705953932897,0.9,74.29999999999976
0.1633535004321521,41.587583148558764,189,1042,eval_at,0.8595501260083467,0.9,74.39999999999975
0.1633535004321521,41.348115299334815,189,1036,eval_at,0.8631971261371052,0.9,74.49999999999974
0.1616248919619706,41.108647450110865,187,1030,eval_at,0.8675077878322935,0.9,74.59999999999974
0.1633535004321521,40.82926829268293,189,1023,eval_at,0.8712863752991724,0.9,74.69999999999973
0.16248919619706137,40.749445676274945,188,1021,eval_at,0.8748168112158226,0.9,74.79999999999973
0.1616248919619706,40.749445676274945,187,1021,eval_at,0.8799238015997036,0.9,74.89999999999972
0.15903197925669835,40.589800443458984,184,1017,eval_at,0.8842632619515244,0.9,74.99999999999972
0.1581676750216076,40.54988913525499,183,1016,eval_at,0.8880940626200859,0.9,75.09999999999971
0.15903197925669835,40.390243902439025,184,1012,eval_at,0.8923646667139461,0.9,75.1999999999997
0.15643906655142611,40.270509977827054,181,1009,eval_at,0.8959806326370353,0.9,75.2999999999997
0.15643906655142611,40.15077605321508,181,1006,eval_at,0.8999201078115611,0.9,75.3999999999997
0.15643906655142611,39.91130820399113,181,1000,eval_at,0.902952445072284,0.9,75.49999999999969
0.15730337078651685,39.79157427937916,182,997,eval_at,0.9064648479157733,0.9,75.59999999999968
0.15730337078651685,39.51219512195122,182,990,eval_at,0.9105599903574392,0.9,75.69999999999968
0.1581676750216076,39.47228381374723,183,989,eval_at,0.9154160463931723,0.9,75.79999999999967
0.1581676750216076,39.27272727272727,183,984,eval_at,0.9198037995506047,0.9,75.89999999999966
0.1581676750216076,39.11308203991131,183,980,eval_at,0.9243640796145643,0.9,75.99999999999966
0.15730337078651685,38.99334811529934,182,977,eval_at,0.9287355162947093,0.9,76.09999999999965
0.15730337078651685,39.1529933481153,182,981,eval_at,0.9336351945163469,0.9,76.19999999999965
0.15557476231633535,39.19290465631929,180,982,eval_at,0.937194471583949,0.9,76.29999999999964
0.15557476231633535,39.23281596452328,180,983,eval_at,0.9421150126034306,0.9,76.39999999999964
0.1547104580812446,39.27272727272727,179,984,eval_at,0.9464908681325745,0.9,76.49999999999963
0.1547104580812446,39.27272727272727,179,984,eval_at,0.9488180055771773,0.9,76.59999999999962
0.15384615384615385,39.1529933481153,178,981,eval_at,0.9527018577713204,0.9,76.69999999999962
0.1512532411408816,39.03325942350333,175,978,eval_at,0.9573326785324692,0.9,76.79999999999961
0.1495246326707001,39.11308203991131,173,980,eval_at,0.96234372040323,0.9,76.89999999999961
0.14693171996542784,39.11308203991131,170,980,eval_at,0.9657457803738017,0.9,76.9999999999996
0.14693171996542784,39.03325942350333,170,978,eval_at,0.9702319687885483,0.9,77.0999999999996
0.14606741573033707,38.95343680709534,169,976,eval_at,0.9738331067777718,0.9,77.19999999999959
0.14606741573033707,38.79379157427938,169,972,eval_at,0.978226967971532,0.9,77.29999999999959
0.14693171996542784,38.79379157427938,170,972,eval_at,0.9826376697097551,0.9,77.39999999999958
0.14606741573033707,38.63414634146342,169,968,eval_at,0.9868983833904877,0.9,77.49999999999957
0.14606741573033707,38.67405764966741,169,969,eval_at,0.9906440452316319,0.9,77.59999999999957
0.14520311149524634,38.51441241685144,168,965,eval_at,0.9940565787777317,0.9,77.69999999999956
0.14520311149524634,38.55432372505543,168,966,eval_at,0.9990894722803725,0.9,77.79999999999956
0.14347450302506481,38.51441241685144,166,965,eval_at,1.002997462537558,0.9,77.89999999999955
0.14174589455488332,38.35476718403548,164,961,eval_at,1.006565166958004,0.9,77.99999999999955
0.14174589455488332,38.31485587583149,164,960,eval_at,1.0118087221238452,0.9,78.09999999999954
0.14261019878997408,38.2749445676275,165,959,eval_at,1.0165947999303682,0.9,78.19999999999953
0.14174589455488332,38.19512195121951,164,957,eval_at,1.0205873489364268,0.9,78.29999999999953
0.14088159031979255,38.23503325942351,163,958,eval_at,1.0261066756220742,0.9,78.39999999999952
0.14088159031979255,38.03547671840355,163,953,eval_at,1.0298342096980158,0.9,78.49999999999952
0.14088159031979255,37.91574279379158,163,950,eval_at,1.0351630526676587,0.9,78.59999999999951
0.14001728608470182,37.75609756097561,162,946,eval_at,1.03928295327998,0.9,78.6999999999995
0.14001728608470182,37.67627494456763,162,944,eval_at,1.0426405973010597,0.9,78.7999999999995
0.14001728608470182,37.47671840354767,162,939,eval_at,1.0465021828974266,0.9,78.8999999999995
0.13828867761452032,37.59645232815965,160,942,eval_at,1.0507045826717398,0.9,78.99999999999949
0.13569576490924806,37.43680709534368,157,938,eval_at,1.0549783721683037,0.9,79.09999999999948
0.13569576490924806,37.19733924611974,157,932,eval_at,1.0582968060793814,0.9,79.19999999999948
0.1348314606741573,37.23725055432373,156,933,eval_at,1.0624079918851832,0.9,79.29999999999947
0.1348314606741573,37.19733924611974,156,932,eval_at,1.0664829082349592,0.9,79.39999999999947
0.13396715643906656,37.15742793791575,155,931,eval_at,1.0705165650952786,0.9,79.49999999999946
0.13223854796888504,37.11751662971175,153,930,eval_at,1.0748222148017714,0.9,79.59999999999945
0.13223854796888504,37.11751662971175,153,930,eval_at,1.0793116141729737,0.9,79.69999999999945
0.13223854796888504,37.07760532150776,153,929,eval_at,1.0825706117465241,0.9,79.79999999999944
0.13050993949870354,37.07760532150776,151,929,eval_at,1.0858522969906848,0.9,79.89999999999944
0.1313742437337943,37.11751662971175,152,930,eval_at,1.0899509114048356,0.9,79.99999999999943
0.12964563526361278,37.07760532150776,150,929,eval_at,1.0937761937751358,0.9,80.09999999999943
0.12705272255834055,36.95787139689579,147,926,eval_at,1.0976355433802567,0.9,80.19999999999942
0.12618841832324978,36.71840354767184,146,920,eval_at,1.1016580636590103,0.9,80.29999999999941
0.12618841832324978,36.67849223946785,146,919,eval_at,1.1048472470137882,0.9,80.39999999999941
0.12618841832324978,36.51884700665189,146,915,eval_at,1.1086418984874942,0.9,80.4999999999994
0.12618841832324978,36.19955654101996,146,907,eval_at,1.113206990580956,0.9,80.5999999999994
0.12532411408815902,36.039911308204,145,903,eval_at,1.1158563257123681,0.9,80.69999999999939
0.12445980985306827,35.76053215077606,144,896,eval_at,1.1197720832081428,0.9,80.79999999999939
0.12445980985306827,35.64079822616408,144,893,eval_at,1.1242677652555968,0.9,80.89999999999938
0.12359550561797752,35.5609756097561,143,891,eval_at,1.1278762431034999,0.9,80.99999999999937
0.12359550561797752,35.48115299334812,143,889,eval_at,1.1322581880492726,0.9,81.09999999999937
0.12359550561797752,35.44124168514413,143,888,eval_at,1.1369475970501106,0.9,81.19999999999936
0.12273120138288678,35.40133037694014,142,887,eval_at,1.1404880355437792,0.9,81.29999999999936
0.12273120138288678,35.24168514412417,142,883,eval_at,1.1445072860265861,0.9,81.39999999999935
0.12186689714779603,35.04212860310422,141,878,eval_at,1.14889078148008,0.9,81.49999999999935
0.12186689714779603,34.84257206208426,141,873,eval_at,1.1541820485613532,0.9,81.59999999999934
0.12186689714779603,34.80266075388027,141,872,eval_at,1.1581316916802422,0.9,81.69999999999933
0.12186689714779603,34.6829268292683,141,869,eval_at,1.1623037102999543,0.9,81.79999999999933
0.12359550561797752,34.603104212860316,143,867,eval_at,1.166871561559525,0.9,81.89999999999932
0.12359550561797752,34.72283813747229,143,870,eval_at,1.1707634981060262,0.9,81.99999999999932
0.12273120138288678,34.56319290465632,142,866,eval_at,1.1750427099175385,0.9,82.09999999999931
0.12100259291270528,34.56319290465632,140,866,eval_at,1.1803645945478287,0.9,82.1999999999993
0.12100259291270528,34.52328159645233,140,865,eval_at,1.1845909823614362,0.9,82.2999999999993
0.12013828867761452,34.52328159645233,139,865,eval_at,1.188179165088,0.9,82.3999999999993
0.12013828867761452,34.40354767184036,139,862,eval_at,1.1922948391168602,0.9,82.49999999999929
0.12013828867761452,34.16407982261641,139,856,eval_at,1.1966717378150313,0.9,82.59999999999928
0.12013828867761452,34.04434589800444,139,853,eval_at,1.2009485998983285,0.9,82.69999999999928
0.11840968020743302,33.924611973392466,137,850,eval_at,1.205484986339295,0.9,82.79999999999927
0.11754537597234227,33.844789356984485,136,848,eval_at,1.2100554791130846,0.9,82.89999999999927
0.11581676750216076,33.565410199556545,134,841,eval_at,1.213877600818236,0.9,82.99999999999926
0.11408815903197926,33.44567627494457,132,838,eval_at,1.2185817019015917,0.9,83.09999999999926
0.11495246326707001,33.36585365853659,133,836,eval_at,1.2237388170006835,0.9,83.19999999999925
0.11408815903197926,33.286031042128606,132,834,eval_at,1.2286672883327014,0.9,83.29999999999924
0.11235955056179775,33.006651884700666,130,827,eval_at,1.2322690396801763,0.9,83.39999999999924
0.11235955056179775,32.926829268292686,130,825,eval_at,1.236805584585904,0.9,83.49999999999923
0.11235955056179775,32.807095343680714,130,822,eval_at,1.2428282156085866,0.9,83.59999999999923
0.11235955056179775,32.647450110864746,130,818,eval_at,1.247734663180711,0.9,83.69999999999922
0.111495246326707,32.607538802660756,129,817,eval_at,1.2528206671657858,0.9,83.79999999999922
0.111495246326707,32.407982261640804,129,812,eval_at,1.2573999563551421,0.9,83.89999999999921
0.1097666378565255,32.168514412416854,127,806,eval_at,1.2619542238062127,0.9,83.9999999999992
0.1097666378565255,32.168514412416854,127,806,eval_at,1.2662112857267476,0.9,84.0999999999992
0.10803802938634399,32.208425720620845,125,807,eval_at,1.2707256832863851,0.9,84.19999999999919
0.1063094209161625,32.088691796008874,123,804,eval_at,1.2759780124120395,0.9,84.29999999999919
0.10544511668107173,32.168514412416854,122,806,eval_at,1.2807313074134723,0.9,84.39999999999918
0.10544511668107173,31.9689578713969,122,801,eval_at,1.2856670777043708,0.9,84.49999999999918
0.10371650821089023,31.889135254988915,120,799,eval_at,1.2909005089457364,0.9,84.59999999999917
0.10371650821089023,31.849223946784925,120,798,eval_at,1.2948464203384653,0.9,84.69999999999916
0.10198789974070872,31.68957871396896,118,794,eval_at,1.299581514730444,0.9,84.79999999999916
0.10198789974070872,31.29046563192905,118,784,eval_at,1.3052099946844054,0.9,84.89999999999915
0.10112359550561797,31.090909090909093,117,779,eval_at,1.310495041757671,0.9,84.99999999999915
0.09939498703543648,30.93126385809313,115,775,eval_at,1.3154384538549604,0.9,85.09999999999914
0.09853068280034573,30.691796008869183,114,769,eval_at,1.3189771006024613,0.9,85.19999999999914
0.09766637856525497,30.532150776053218,113,765,eval_at,1.3227067215192287,0.9,85.29999999999913
0.09507346585998272,30.452328159645234,110,763,eval_at,1.3284526761706523,0.9,85.39999999999912
0.09420916162489196,30.332594235033262,109,760,eval_at,1.3331192455630214,0.9,85.49999999999912
0.09507346585998272,30.172949002217297,110,756,eval_at,1.3382001794046752,0.9,85.59999999999911
0.09420916162489196,29.813747228381377,109,747,eval_at,1.3426507783991917,0.9,85.69999999999911
0.09334485738980121,29.694013303769403,108,744,eval_at,1.3462037312390658,0.9,85.7999999999991
0.09334485738980121,29.654101995565412,108,743,eval_at,1.3500030727634669,0.9,85.8999999999991
0.09161624891961971,29.57427937915743,106,741,eval_at,1.3534877136456085,0.9,85.99999999999909
0.09075194468452895,29.374722838137476,105,736,eval_at,1.3569985248332832,0.9,86.09999999999908
0.09075194468452895,29.334811529933482,105,735,eval_at,1.3606177247269056,0.9,86.19999999999908
0.09075194468452895,29.21507760532151,105,732,eval_at,1.3645656186515007,0.9,86.29999999999907
0.09075194468452895,29.175166297117517,105,731,eval_at,1.3691214805651974,0.9,86.39999999999907
0.0898876404494382,29.294900221729492,104,734,eval_at,1.3742466818390653,0.9,86.49999999999906
0.0898876404494382,29.095343680709536,104,729,eval_at,1.3778565969370393,0.9,86.59999999999906
0.09075194468452895,29.015521064301556,105,727,eval_at,1.3825801631696921,0.9,86.69999999999905
0.08902333621434745,28.89578713968958,103,724,eval_at,1.3872773683592579,0.9,86.79999999999905
0.08902333621434745,28.45676274944568,103,713,eval_at,1.3931210623818693,0.9,86.89999999999904
0.08902333621434745,28.297117516629715,103,709,eval_at,1.3975528418266456,0.9,86.99999999999903
0.0898876404494382,28.25720620842572,104,708,eval_at,1.4034522376770384,0.9,87.09999999999903
0.0898876404494382,27.977827050997785,104,701,eval_at,1.4107051827841721,0.9,87.19999999999902
0.0898876404494382,27.977827050997785,104,701,eval_at,1.4167010715064372,0.9,87.29999999999902
0.08902333621434745,27.937915742793795,103,700,eval_at,1.4212592060046438,0.9,87.39999999999901
0.08902333621434745,27.73835920177384,103,695,eval_at,1.4258715713963044,0.9,87.499999999999
0.0881590319792567,27.618625277161865,102,692,eval_at,1.4324110202172282,0.9,87.599999999999
0.08729472774416594,27.49889135254989,101,689,eval_at,1.437219256926108,0.9,87.699999999999
0.0847018150388937,27.219512195121954,98,682,eval_at,1.442943970246575,0.9,87.79999999999899
0.0847018150388937,27.13968957871397,98,680,eval_at,1.447528088831651,0.9,87.89999999999898
0.08383751080380294,27.13968957871397,97,680,eval_at,1.4528397523742596,0.9,87.99999999999898
0.08297320656871218,27.019955654102,96,677,eval_at,1.4584200106089709,0.9,88.09999999999897
0.08210890233362143,26.980044345898005,95,676,eval_at,1.4650407966713541,0.9,88.19999999999897
0.08124459809853068,26.74057649667406,94,670,eval_at,1.4710736125902817,0.9,88.29999999999896
0.08038029386343994,26.580931263858094,93,666,eval_at,1.4762259049120465,0.9,88.39999999999895
0.07865168539325842,26.461197339246123,91,663,eval_at,1.4820445780312779,0.9,88.49999999999895
0.07951598962834917,26.34146341463415,92,660,eval_at,1.488280337446219,0.9,88.59999999999894
0.07951598962834917,26.101995565410203,92,654,eval_at,1.4940870212956823,0.9,88.69999999999894
0.08124459809853068,25.982261640798228,94,651,eval_at,1.4989056935179912,0.9,88.79999999999893
0.08124459809853068,25.702882483370292,94,644,eval_at,1.50413018821391,0.9,88.89999999999893
0.07951598962834917,25.662971175166298,92,643,eval_at,1.5088628052164252,0.9,88.99999999999892
0.07865168539325842,25.543237250554327,91,640,eval_at,1.5139444007041594,0.9,89.09999999999891
0.07865168539325842,25.263858093126387,91,633,eval_at,1.5198377417790687,0.9,89.19999999999891
0.07865168539325842,25.104212860310422,91,629,eval_at,1.5243821116045946,0.9,89.2999999999989
0.07778738115816768,24.98447893569845,90,626,eval_at,1.528661324153163,0.9,89.3999999999989
0.07865168539325842,24.824833702882486,91,622,eval_at,1.533179718895694,0.9,89.49999999999889
0.07778738115816768,24.745011086474502,90,620,eval_at,1.5396746340447305,0.9,89.59999999999889
0.07865168539325842,24.585365853658537,91,616,eval_at,1.5444413333218296,0.9,89.69999999999888
0.07951598962834917,24.505543237250556,92,614,eval_at,1.5480171411381076,0.9,89.79999999999887
0.07951598962834917,24.3059866962306,92,609,eval_at,1.5544895695419267,0.9,89.89999999999887
0.07951598962834917,24.106430155210646,92,604,eval_at,1.559120600860262,0.9,89.99999999999886
0.07778738115816768,23.866962305986696,90,598,eval_at,1.5643907781818591,0.9,90.09999999999886
0.07778738115816768,23.427937915742795,90,587,eval_at,1.5691592251322704,0.9,90.19999999999885
0.07692307692307693,23.30820399113082,89,584,eval_at,1.5743022808042921,0.9,90.29999999999885
0.07692307692307693,23.22838137472284,89,582,eval_at,1.58118939531891,0.9,90.39999999999884
0.07692307692307693,22.86917960088692,89,573,eval_at,1.5889527462665212,0.9,90.49999999999883
0.07519446845289542,22.54988913525499,87,565,eval_at,1.5952354648975753,0.9,90.59999999999883
0.07346585998271392,22.54988913525499,85,565,eval_at,1.602195931384061,0.9,90.69999999999882
0.07346585998271392,22.310421286031044,85,559,eval_at,1.6082289836661008,0.9,90.79999999999882
0.07260155574762317,22.15077605321508,84,555,eval_at,1.6138474554788094,0.9,90.89999999999881
0.07260155574762317,21.79157427937916,84,546,eval_at,1.6199592018233189,0.9,90.9999999999988
0.07260155574762317,21.631929046563194,84,542,eval_at,1.6260345700417234,0.9,91.0999999999988
0.07260155574762317,21.43237250554324,84,537,eval_at,1.6326681789632955,0.9,91.1999999999988
0.06914433880726016,21.152993348115302,80,530,eval_at,1.6386907799995947,0.9,91.29999999999879
0.07000864304235091,20.993348115299337,81,526,eval_at,1.6444541125846515,0.9,91.39999999999878
0.07000864304235091,20.833702882483372,81,522,eval_at,1.6520043841535235,0.9,91.49999999999878
0.07000864304235091,20.554323725055433,81,515,eval_at,1.657611094682308,0.9,91.59999999999877
0.06914433880726016,20.235033259423506,80,507,eval_at,1.6652740170413733,0.9,91.69999999999877
0.0682800345721694,20.03547671840355,79,502,eval_at,1.6708560727974284,0.9,91.79999999999876
0.0682800345721694,19.835920177383592,79,497,eval_at,1.6780083305197069,0.9,91.89999999999876
0.06741573033707865,19.835920177383592,78,497,eval_at,1.6846564858119493,0.9,91.99999999999875
0.06568712186689715,19.636363636363637,76,492,eval_at,1.6919813231282859,0.9,92.09999999999874
0.06395851339671564,19.556541019955656,74,490,eval_at,1.7013749178012858,0.9,92.19999999999874
0.06309420916162489,19.39689578713969,73,486,eval_at,1.706621145663526,0.9,92.29999999999873
0.06222990492653414,19.157427937915745,72,480,eval_at,1.7119940854924962,0.9,92.39999999999873
0.06050129645635264,18.758314855875835,70,470,eval_at,1.7193118059914485,0.9,92.49999999999872
0.05790838375108038,18.518847006651885,67,464,eval_at,1.7266700400639459,0.9,92.59999999999872
0.05790838375108038,18.35920177383592,67,460,eval_at,1.7329616982411873,0.9,92.69999999999871
0.05790838375108038,18.079822616407984,67,453,eval_at,1.7410051650579896,0.9,92.7999999999987
0.055315471045808126,18.0,64,451,eval_at,1.7499733050153667,0.9,92.8999999999987
0.055315471045808126,17.680709534368074,64,443,eval_at,1.757228849753808,0.9,92.99999999999869
0.055315471045808126,17.441241685144124,64,437,eval_at,1.7654546340935784,0.9,93.09999999999869
0.055315471045808126,17.20177383592018,64,431,eval_at,1.7751872280466423,0.9,93.19999999999868
0.056179775280898875,16.922394678492243,65,424,eval_at,1.783691548804377,0.9,93.29999999999868
0.055315471045808126,16.403547671840357,64,411,eval_at,1.7919774284659538,0.9,93.39999999999867
0.055315471045808126,16.124168514412418,64,404,eval_at,1.800362804394179,0.9,93.49999999999866
0.055315471045808126,16.044345898004437,64,402,eval_at,1.8080519283535774,0.9,93.59999999999866
0.055315471045808126,15.605321507760534,64,391,eval_at,1.8183305052410736,0.9,93.69999999999865
0.055315471045808126,15.286031042128604,64,383,eval_at,1.8282990215535972,0.9,93.79999999999865
0.055315471045808126,15.086474501108649,64,378,eval_at,1.8374921937166757,0.9,93.89999999999864
0.05445116681071737,14.727272727272728,63,369,eval_at,1.8492481657073636,0.9,93.99999999999864
0.05358686257562662,14.607538802660756,62,366,eval_at,1.858361319382214,0.9,94.09999999999863
0.05358686257562662,14.487804878048781,62,363,eval_at,1.8672231581478962,0.9,94.19999999999862
0.052722558340535866,14.208425720620843,61,356,eval_at,1.8759873143062402,0.9,94.29999999999862
0.052722558340535866,13.968957871396897,61,350,eval_at,1.8875947846906316,0.9,94.39999999999861
0.05185825410544512,13.849223946784923,60,347,eval_at,1.8994955958986532,0.9,94.49999999999861
0.05099394987035436,13.529933481152995,59,339,eval_at,1.9094337766318543,0.9,94.5999999999986
0.04753673292999136,13.490022172949002,55,338,eval_at,1.921993923691069,0.9,94.6999999999986
0.045808124459809856,13.050997782705101,53,327,eval_at,1.9312907417638625,0.9,94.79999999999859
0.043215211754537596,12.532150776053216,50,314,eval_at,1.9414861385044135,0.9,94.89999999999858
0.04062229904926534,12.372505543237251,47,310,eval_at,1.9530170993262976,0.9,94.99999999999858
0.03975799481417459,12.093126385809313,46,303,eval_at,1.9627730750096843,0.9,95.09999999999857
0.03975799481417459,11.933481152993348,46,299,eval_at,1.974634641951238,0.9,95.19999999999857
0.04148660328435609,11.534368070953438,48,289,eval_at,1.98706411392134,0.9,95.29999999999856
0.04062229904926534,11.29490022172949,47,283,eval_at,1.9973649533372104,0.9,95.39999999999856
0.03975799481417459,11.135254988913527,46,279,eval_at,2.009694307634711,0.9,95.49999999999855
0.03889369057908384,10.975609756097562,45,275,eval_at,2.0186319343617565,0.9,95.59999999999854
0.036300777873811585,10.696230598669624,42,268,eval_at,2.030394545805098,0.9,95.69999999999854
0.036300777873811585,10.496674057649669,42,263,eval_at,2.0440754201797757,0.9,95.79999999999853
0.036300777873811585,10.337028824833704,42,259,eval_at,2.0585225440943717,0.9,95.89999999999853
0.03457216940363008,10.177383592017739,40,255,eval_at,2.073945806588646,0.9,95.99999999999852
0.032843560933448576,9.85809312638581,38,247,eval_at,2.086377215455123,0.9,96.09999999999852
0.03197925669835782,9.658536585365855,37,242,eval_at,2.102668719635777,0.9,96.19999999999851
0.03025064822817632,9.299334811529935,35,233,eval_at,2.117817106410032,0.9,96.2999999999985
0.03025064822817632,9.059866962305987,35,227,eval_at,2.134123870078088,0.9,96.3999999999985
0.03025064822817632,8.900221729490022,35,223,eval_at,2.154327978528917,0.9,96.4999999999985
0.03025064822817632,8.620842572062084,35,216,eval_at,2.173588765304179,0.9,96.59999999999849
0.028522039757994815,8.461197339246121,33,212,eval_at,2.1927686126746266,0.9,96.69999999999848
0.028522039757994815,8.301552106430156,33,208,eval_at,2.2159290316779297,0.9,96.79999999999848
0.028522039757994815,8.181818181818182,33,205,eval_at,2.2320888315689453,0.9,96.89999999999847
0.028522039757994815,7.942350332594236,33,199,eval_at,2.248732538071981,0.9,96.99999999999847
0.029386343993085567,7.74279379157428,34,194,eval_at,2.2705829254435983,0.9,97.09999999999846
0.02679343128781331,7.463414634146342,31,187,eval_at,2.290377319292486,0.9,97.19999999999845
0.025064822817631807,7.1042128603104215,29,178,eval_at,2.303860555531908,0.9,97.29999999999845
0.025064822817631807,6.984478935698449,29,175,eval_at,2.3217458539933298,0.9,97.39999999999844
0.024200518582541054,6.505543237250555,28,163,eval_at,2.350003617539055,0.9,97.49999999999844
0.024200518582541054,6.3458980044345905,28,159,eval_at,2.3716992868690983,0.9,97.59999999999843
0.021607605877268798,6.066518847006653,25,152,eval_at,2.3927054744681175,0.9,97.69999999999843
0.020743301642178046,6.026607538802661,24,151,eval_at,2.420448952450095,0.9,97.79999999999842
0.01901469317199654,5.707317073170732,22,143,eval_at,2.4425602557856214,0.9,97.89999999999841
0.01901469317199654,5.388026607538803,22,135,eval_at,2.4693990132471275,0.9,97.99999999999841
0.016421780466724288,4.988913525498892,19,125,eval_at,2.5036275913383457,0.9,98.0999999999984
0.016421780466724288,4.709534368070954,19,118,eval_at,2.5351518221287512,0.9,98.1999999999984
0.015557476231633534,4.549889135254989,18,114,eval_at,2.5620217992898877,0.9,98.29999999999839
0.01296456352636128,4.270509977827051,15,107,eval_at,2.596025000198798,0.9,98.39999999999839
0.012100259291270527,3.9911308203991136,14,100,eval_at,2.6316577514726744,0.9,98.49999999999838
0.011235955056179775,3.7117516629711753,13,93,eval_at,2.6798165911696157,0.9,98.59999999999837
0.011235955056179775,3.51219512195122,13,88,eval_at,2.7120419334564096,0.9,98.69999999999837
0.010371650821089023,3.192904656319291,12,80,eval_at,2.7515840333866834,0.9,98.79999999999836
0.010371650821089023,2.9135254988913526,12,73,eval_at,2.8154312961137924,0.9,98.89999999999836
0.00864304235090752,2.6341463414634148,10,66,eval_at,2.8700461430277855,0.9,98.99999999999835
0.007778738115816767,2.394678492239468,9,60,eval_at,2.923622255439625,0.9,99.09999999999835
0.007778738115816767,2.075388026607539,9,52,eval_at,2.993956461059897,0.9,99.19999999999834
0.007778738115816767,1.7161862527716187,9,43,eval_at,3.0550670722166746,0.9,99.29999999999833
0.007778738115816767,1.5166297117516632,9,38,eval_at,3.144184263652926,0.9,99.39999999999833
0.007778738115816767,1.1175166297117518,9,28,eval_at,3.2312500406420575,0.9,99.49999999999832
0.006914433880726016,0.7982261640798227,8,20,eval_at,3.3428736231272436,0.9,99.59999999999832
0.005185825410544511,0.7583148558758316,6,19,eval_at,3.528621981392109,0.9,99.69999999999831
0.003457216940363008,0.47893569844789363,4,12,eval_at,3.7417768632039685,0.9,99.7999999999983
0.003457216940363008,0.3192904656319291,4,8,eval_at,4.02256787111496,0.9,99.8999999999983
0.18496110630942092,45.37915742793792,214,1137,eval_at,0.7387538671493529,1.0,70.0
0.18496110630942092,45.41906873614191,214,1138,eval_at,0.7432606542706489,1.0,70.1
0.18409680207433016,45.21951219512196,213,1133,eval_at,0.7477594077587126,1.0,70.19999999999999
0.18409680207433016,45.17960088691796,213,1132,eval_at,0.7528843826055527,1.0,70.29999999999998
0.18409680207433016,45.09977827050998,213,1130,eval_at,0.756662851810455,1.0,70.39999999999998
0.18409680207433016,45.17960088691796,213,1132,eval_at,0.7608678394556043,1.0,70.49999999999997
0.18409680207433016,45.21951219512196,213,1133,eval_at,0.7653027907609921,1.0,70.59999999999997
0.18236819360414866,45.05986696230599,211,1129,eval_at,0.7690682173371256,1.0,70.69999999999996
0.1815038893690579,45.019955654102,210,1128,eval_at,0.7728330695629112,1.0,70.79999999999995
0.1815038893690579,45.09977827050998,210,1130,eval_at,0.7771487746834738,1.0,70.89999999999995
0.18236819360414866,45.13968957871397,211,1131,eval_at,0.7820163929462423,1.0,70.99999999999994
0.18063958513396716,45.21951219512196,209,1133,eval_at,0.7854456432461723,1.0,71.09999999999994
0.1815038893690579,45.019955654102,210,1128,eval_at,0.7902719721794113,1.0,71.19999999999993
0.1797752808988764,44.94013303769402,208,1126,eval_at,0.794206616699695,1.0,71.29999999999993
0.17718236819360414,44.62084257206209,205,1118,eval_at,0.7993725862503006,1.0,71.39999999999992
0.17718236819360414,44.46119733924613,205,1114,eval_at,0.8034252563118895,1.0,71.49999999999991
0.1763180639585134,44.34146341463415,204,1111,eval_at,0.8077078142166054,1.0,71.59999999999991
0.17545375972342264,44.30155210643016,203,1110,eval_at,0.8126612169742519,1.0,71.6999999999999
0.17545375972342264,44.101995565410206,203,1105,eval_at,0.8169463894367204,1.0,71.7999999999999
0.17458945548833188,44.02217294900222,202,1103,eval_at,0.8208840152621238,1.0,71.89999999999989
0.17372515125324114,44.06208425720621,201,1104,eval_at,0.8254562330245955,1.0,71.99999999999989
0.17372515125324114,43.90243902439025,201,1100,eval_at,0.8289119890332085,1.0,72.09999999999988
0.17372515125324114,43.82261640798227,201,1098,eval_at,0.8331653257608285,1.0,72.19999999999987
0.17199654278305965,43.782705099778276,199,1097,eval_at,0.8371847662329602,1.0,72.29999999999987
0.17199654278305965,43.70288248337029,199,1095,eval_at,0.8413682241439757,1.0,72.39999999999986
0.17026793431287812,43.742793791574286,197,1096,eval_at,0.8460529297590232,1.0,72.49999999999986
0.17026793431287812,43.383592017738366,197,1087,eval_at,0.8506170260906213,1.0,72.59999999999985
0.17286084701815038,43.144124168514416,200,1081,eval_at,0.8542395921945568,1.0,72.69999999999985
0.17286084701815038,43.064301552106436,200,1079,eval_at,0.8586069431304927,1.0,72.79999999999984
0.17286084701815038,42.94456762749446,200,1076,eval_at,0.8628836202025333,1.0,72.89999999999984
0.17286084701815038,42.824833702882486,200,1073,eval_at,0.8670578396320268,1.0,72.99999999999983
0.17286084701815038,42.86474501108648,200,1074,eval_at,0.8714557948708462,1.0,73.09999999999982
0.17199654278305965,42.86474501108648,199,1074,eval_at,0.8766259584426871,1.0,73.19999999999982
0.1694036300777874,42.705099778270515,196,1070,eval_at,0.8805523315668067,1.0,73.29999999999981
0.17026793431287812,42.745011086474506,197,1071,eval_at,0.8838940484523771,1.0,73.3999999999998
0.1694036300777874,42.665188470066525,196,1069,eval_at,0.8873275515437044,1.0,73.4999999999998
0.16853932584269662,42.58536585365854,195,1067,eval_at,0.8913573145866136,1.0,73.5999999999998
0.1694036300777874,42.465631929046566,196,1064,eval_at,0.8952359771132464,1.0,73.69999999999979
0.1694036300777874,42.425720620842576,196,1063,eval_at,0.8992752215862253,1.0,73.79999999999978
0.16853932584269662,42.345898004434595,195,1061,eval_at,0.9028953443169576,1.0,73.89999999999978
0.1694036300777874,42.266075388026614,196,1059,eval_at,0.907177118062925,1.0,73.99999999999977
0.17026793431287812,42.106430155210646,197,1055,eval_at,0.9129967858791298,1.0,74.09999999999977
0.17026793431287812,42.026607538802665,197,1053,eval_at,0.9169106338024103,1.0,74.19999999999976
0.16853932584269662,42.026607538802665,195,1053,eval_at,0.9206382298469421,1.0,74.29999999999976
0.16853932584269662,41.946784922394684,195,1051,eval_at,0.9239696960449204,1.0,74.39999999999975
0.16853932584269662,42.026607538802665,195,1053,eval_at,0.9279584217071521,1.0,74.49999999999974
0.16681071737251513,41.906873614190694,193,1050,eval_at,0.9323783303499191,1.0,74.59999999999974
0.16681071737251513,41.906873614190694,193,1050,eval_at,0.9359806206822342,1.0,74.69999999999973
0.1676750216076059,41.787139689578716,194,1047,eval_at,0.9414090802669512,1.0,74.79999999999973
0.16594641313742436,41.827050997782706,192,1048,eval_at,0.9460758739113762,1.0,74.89999999999972
0.16508210890233363,41.627494456762754,191,1043,eval_at,0.9505565464496493,1.0,74.99999999999972
0.16421780466724287,41.507760532150776,190,1040,eval_at,0.9552029054164561,1.0,75.09999999999971
0.1633535004321521,41.148558758314856,189,1031,eval_at,0.9601267404556113,1.0,75.1999999999997
0.1633535004321521,40.949002217294904,189,1026,eval_at,0.9645997462272506,1.0,75.2999999999997
0.1633535004321521,40.909090909090914,189,1025,eval_at,0.9692292363643616,1.0,75.3999999999997
0.16248919619706137,40.82926829268293,188,1023,eval_at,0.9730525931715936,1.0,75.49999999999969
0.16248919619706137,40.709534368070955,188,1020,eval_at,0.9767737257480579,1.0,75.59999999999968
0.1633535004321521,40.749445676274945,189,1021,eval_at,0.9802491251230192,1.0,75.69999999999968
0.1598962834917891,40.629711751662974,185,1018,eval_at,0.9842829355001318,1.0,75.79999999999967
0.1616248919619706,40.629711751662974,187,1018,eval_at,0.9887510642409082,1.0,75.89999999999966
0.1616248919619706,40.390243902439025,187,1012,eval_at,0.9924352264404174,1.0,75.99999999999966
0.1598962834917891,40.310421286031044,185,1010,eval_at,0.9959353976249358,1.0,76.09999999999965
0.15903197925669835,39.91130820399113,184,1000,eval_at,1.0010564091205563,1.0,76.19999999999965
0.15730337078651685,39.75166297117517,182,996,eval_at,1.0049718233346936,1.0,76.29999999999964
0.15643906655142611,39.631929046563194,181,993,eval_at,1.0099752326011329,1.0,76.39999999999964
0.15643906655142611,39.631929046563194,181,993,eval_at,1.0147138464450547,1.0,76.49999999999963
0.15643906655142611,39.71175166297118,181,995,eval_at,1.0187925631999644,1.0,76.59999999999962
0.15643906655142611,39.75166297117517,181,996,eval_at,1.0214653850793818,1.0,76.69999999999962
0.1547104580812446,39.43237250554324,179,988,eval_at,1.025184946060162,1.0,76.79999999999961
0.15557476231633535,39.5920177383592,180,992,eval_at,1.0295289158821002,1.0,76.89999999999961
0.15557476231633535,39.631929046563194,180,993,eval_at,1.0335497236251772,1.0,76.9999999999996
0.1529818496110631,39.43237250554324,177,988,eval_at,1.0381536008119503,1.0,77.0999999999996
0.1529818496110631,39.19290465631929,177,982,eval_at,1.0424119801520533,1.0,77.19999999999959
0.1529818496110631,38.99334811529934,177,977,eval_at,1.0474835044145403,1.0,77.29999999999959
0.15038893690579083,38.95343680709534,174,976,eval_at,1.0519516768455484,1.0,77.39999999999958
0.1495246326707001,38.83370288248337,173,973,eval_at,1.0555626660585364,1.0,77.49999999999957
0.1495246326707001,38.87361419068736,173,974,eval_at,1.0589095516204807,1.0,77.59999999999957
0.14779602420051857,38.63414634146342,171,968,eval_at,1.0626287581920186,1.0,77.69999999999956
0.14693171996542784,38.59423503325942,170,967,eval_at,1.066493891000739,1.0,77.79999999999956
0.14520311149524634,38.47450110864745,168,964,eval_at,1.0707575114965395,1.0,77.89999999999955
0.14347450302506481,38.39467849223947,166,962,eval_at,1.0751686000823724,1.0,77.99999999999955
0.14347450302506481,38.31485587583149,166,960,eval_at,1.0803263093233069,1.0,78.09999999999954
0.14347450302506481,38.15521064301552,166,956,eval_at,1.0845949964522488,1.0,78.19999999999953
0.14261019878997408,38.11529933481153,165,955,eval_at,1.088605798482884,1.0,78.29999999999953
0.14261019878997408,37.91574279379158,165,950,eval_at,1.0934227886199928,1.0,78.39999999999952
0.14174589455488332,37.7960088691796,164,947,eval_at,1.0978135430812617,1.0,78.49999999999952
0.14261019878997408,37.7960088691796,165,947,eval_at,1.101704751014689,1.0,78.59999999999951
0.14261019878997408,37.75609756097561,165,946,eval_at,1.1057156916856565,1.0,78.6999999999995
0.14261019878997408,37.59645232815965,165,942,eval_at,1.1103748073577295,1.0,78.7999999999995
0.14347450302506481,37.3569844789357,166,936,eval_at,1.1159686622619471,1.0,78.8999999999995
0.14261019878997408,37.11751662971175,165,930,eval_at,1.120334023237207,1.0,78.99999999999949
0.14174589455488332,36.99778270509978,164,927,eval_at,1.1255845375060534,1.0,79.09999999999948
0.14088159031979255,36.99778270509978,163,927,eval_at,1.1303536548614443,1.0,79.19999999999948
0.14088159031979255,36.79822616407983,163,922,eval_at,1.134424149155611,1.0,79.29999999999947
0.14001728608470182,36.71840354767184,162,920,eval_at,1.1391711709499266,1.0,79.39999999999947
0.13915298184961106,36.55875831485588,161,916,eval_at,1.1435306727885757,1.0,79.49999999999946
0.1365600691443388,36.55875831485588,158,916,eval_at,1.1483796730041496,1.0,79.59999999999945
0.1348314606741573,36.4789356984479,156,914,eval_at,1.1536030893325397,1.0,79.69999999999945
0.1348314606741573,36.67849223946785,156,919,eval_at,1.157201262235633,1.0,79.79999999999944
0.1331028522039758,36.59866962305987,154,917,eval_at,1.1611267004012962,1.0,79.89999999999944
0.13223854796888504,36.55875831485588,153,916,eval_at,1.1654541015624682,1.0,79.99999999999943
0.1313742437337943,36.35920177383592,152,911,eval_at,1.1695671646594963,1.0,80.09999999999943
0.13050993949870354,36.15964523281597,151,906,eval_at,1.1748740193843465,1.0,80.19999999999942
0.12964563526361278,36.23946784922395,150,908,eval_at,1.178873676896077,1.0,80.29999999999941
0.12964563526361278,36.11973392461198,150,905,eval_at,1.1832063360213703,1.0,80.39999999999941
0.12791702679343128,36.0,148,902,eval_at,1.187896531820293,1.0,80.4999999999994
0.12878133102852204,35.76053215077606,149,896,eval_at,1.1930695791244323,1.0,80.5999999999994
0.12878133102852204,35.76053215077606,149,896,eval_at,1.1966453936099826,1.0,80.69999999999939
0.12791702679343128,35.76053215077606,148,896,eval_at,1.201828472137413,1.0,80.79999999999939
0.12791702679343128,35.68070953436808,148,894,eval_at,1.205498618364331,1.0,80.89999999999938
0.12705272255834055,35.48115299334812,147,889,eval_at,1.2107164311408873,1.0,80.99999999999937
0.12705272255834055,35.52106430155211,147,890,eval_at,1.2141864619254792,1.0,81.09999999999937
0.12705272255834055,35.40133037694014,147,887,eval_at,1.219598896980283,1.0,81.19999999999936
0.12618841832324978,35.36141906873615,146,886,eval_at,1.2242101064919966,1.0,81.29999999999936
0.12618841832324978,35.32150776053216,146,885,eval_at,1.2273073072433078,1.0,81.39999999999935
0.12618841832324978,35.16186252771619,146,881,eval_at,1.232414993643718,1.0,81.49999999999935
0.12532411408815902,34.88248337028825,145,874,eval_at,1.2363427200317154,1.0,81.59999999999934
0.12273120138288678,34.96230598669624,142,876,eval_at,1.2419186824560071,1.0,81.69999999999933
0.12100259291270528,34.84257206208426,140,873,eval_at,1.2466519751548615,1.0,81.79999999999933
0.12100259291270528,34.6829268292683,140,869,eval_at,1.2509865272044995,1.0,81.89999999999932
0.12013828867761452,34.48337028824834,139,864,eval_at,1.2558748292922646,1.0,81.99999999999932
0.11927398444252377,34.52328159645233,138,865,eval_at,1.2596291850805201,1.0,82.09999999999931
0.11668107173725151,34.52328159645233,135,865,eval_at,1.263958127975335,1.0,82.1999999999993
0.11668107173725151,34.52328159645233,135,865,eval_at,1.2689861088991041,1.0,82.2999999999993
0.11581676750216076,34.40354767184036,134,862,eval_at,1.2739157810210595,1.0,82.3999999999993
0.11408815903197926,34.40354767184036,132,862,eval_at,1.2790300995111368,1.0,82.49999999999929
0.1132238547968885,34.16407982261641,131,856,eval_at,1.2827223312854648,1.0,82.59999999999928
0.1132238547968885,34.00443458980045,131,852,eval_at,1.2868880724906742,1.0,82.69999999999928
0.11495246326707001,33.7649667405765,133,846,eval_at,1.291732164859764,1.0,82.79999999999927
0.11581676750216076,33.565410199556545,134,841,eval_at,1.2960120459794708,1.0,82.89999999999927
0.11581676750216076,33.605321507760536,134,842,eval_at,1.300547462701762,1.0,82.99999999999926
0.1132238547968885,33.36585365853659,131,836,eval_at,1.3062513983249273,1.0,83.09999999999926
0.11235955056179775,33.44567627494457,130,838,eval_at,1.3105054035186396,1.0,83.19999999999925
0.11235955056179775,33.325942350332596,130,835,eval_at,1.3162166059016998,1.0,83.29999999999924
0.11235955056179775,33.325942350332596,130,835,eval_at,1.3208929991722054,1.0,83.39999999999924
0.1097666378565255,33.246119733924616,127,833,eval_at,1.326147364973849,1.0,83.49999999999923
0.1097666378565255,33.04656319290466,127,828,eval_at,1.3307911186218255,1.0,83.59999999999923
0.1097666378565255,33.04656319290466,127,828,eval_at,1.3351528167724525,1.0,83.69999999999922
0.1097666378565255,32.767184035476724,127,821,eval_at,1.3392149014472805,1.0,83.79999999999922
0.1097666378565255,32.607538802660756,127,817,eval_at,1.3438790009021309,1.0,83.89999999999921
0.1097666378565255,32.407982261640804,127,812,eval_at,1.3477147102355478,1.0,83.9999999999992
0.11063094209161625,32.407982261640804,128,812,eval_at,1.3528961549997092,1.0,84.0999999999992
0.11063094209161625,32.288248337028826,128,809,eval_at,1.3584920349120009,1.0,84.19999999999919
0.11063094209161625,32.208425720620845,128,807,eval_at,1.363927104353893,1.0,84.29999999999919
0.10717372515125324,32.008869179600886,124,802,eval_at,1.3680714154243212,1.0,84.39999999999918
0.1063094209161625,32.008869179600886,123,802,eval_at,1.3749258643387332,1.0,84.49999999999918
0.10544511668107173,31.68957871396896,122,794,eval_at,1.3799684228896565,1.0,84.59999999999917
0.10544511668107173,31.72949002217295,122,795,eval_at,1.3851261322498314,1.0,84.69999999999916
0.10544511668107173,31.490022172949004,122,789,eval_at,1.3886695041656378,1.0,84.79999999999916
0.1063094209161625,31.29046563192905,123,784,eval_at,1.393322597146019,1.0,84.89999999999915
0.10544511668107173,31.170731707317074,122,781,eval_at,1.39838777184483,1.0,84.99999999999915
0.10371650821089023,31.090909090909093,120,779,eval_at,1.4041519176959765,1.0,85.09999999999914
0.10285220397579949,31.170731707317074,119,781,eval_at,1.4077712888717557,1.0,85.19999999999914
0.10198789974070872,31.011086474501113,118,777,eval_at,1.414246093034629,1.0,85.29999999999913
0.10025929127052723,30.851441241685148,116,773,eval_at,1.4193954539298959,1.0,85.39999999999912
0.09939498703543648,30.93126385809313,115,775,eval_at,1.4250592201948018,1.0,85.49999999999912
0.09939498703543648,30.691796008869183,115,769,eval_at,1.4298140449523715,1.0,85.59999999999911
0.09853068280034573,30.572062084257208,114,766,eval_at,1.4345056517123744,1.0,85.69999999999911
0.09853068280034573,30.332594235033262,114,760,eval_at,1.4393089034557331,1.0,85.7999999999991
0.09766637856525497,30.252771618625278,113,758,eval_at,1.4442288855313838,1.0,85.8999999999991
0.09593777009507347,30.212860310421288,111,757,eval_at,1.4500080490112057,1.0,85.99999999999909
0.09680207433016422,29.93348115299335,112,750,eval_at,1.4556636996269223,1.0,86.09999999999908
0.09680207433016422,29.773835920177387,112,746,eval_at,1.4599634656905924,1.0,86.19999999999908
0.09507346585998272,29.614190687361422,110,742,eval_at,1.4640217771530044,1.0,86.29999999999907
0.09507346585998272,29.494456762749447,110,739,eval_at,1.4697274169921135,1.0,86.39999999999907
0.09507346585998272,29.414634146341466,110,737,eval_at,1.474623579978872,1.0,86.49999999999906
0.09507346585998272,29.414634146341466,110,737,eval_at,1.4786448168754522,1.0,86.59999999999906
0.09507346585998272,29.175166297117517,110,731,eval_at,1.4842658731937375,1.0,86.69999999999905
0.09507346585998272,29.135254988913527,110,730,eval_at,1.4879876108169343,1.0,86.79999999999905
0.09507346585998272,28.89578713968958,110,724,eval_at,1.4935433435439838,1.0,86.89999999999904
0.09420916162489196,28.8159645232816,109,722,eval_at,1.4978529095648931,1.0,86.99999999999903
0.09420916162489196,28.376940133037696,109,711,eval_at,1.5017079435586633,1.0,87.09999999999903
0.09420916162489196,28.25720620842572,109,708,eval_at,1.5074791336059132,1.0,87.19999999999902
0.09334485738980121,28.25720620842572,108,708,eval_at,1.512535983919929,1.0,87.29999999999902
0.09248055315471046,28.25720620842572,107,708,eval_at,1.5166428928375084,1.0,87.39999999999901
0.09161624891961971,28.13747228381375,106,705,eval_at,1.5217872112989113,1.0,87.499999999999
0.09075194468452895,27.977827050997785,105,701,eval_at,1.5271783900260651,1.0,87.599999999999
0.0898876404494382,27.898004434589804,104,699,eval_at,1.5325522352456902,1.0,87.699999999999
0.08902333621434745,27.77827050997783,103,696,eval_at,1.5366674420832533,1.0,87.79999999999899
0.08902333621434745,27.578713968957874,103,691,eval_at,1.5424517405032667,1.0,87.89999999999898
0.08902333621434745,27.339246119733925,103,685,eval_at,1.5473338317870573,1.0,87.99999999999898
0.08902333621434745,27.09977827050998,103,679,eval_at,1.552376422881907,1.0,88.09999999999897
0.0881590319792567,26.78048780487805,102,671,eval_at,1.558830130577009,1.0,88.19999999999897
0.0881590319792567,26.66075388026608,102,668,eval_at,1.5647933473586602,1.0,88.29999999999896
0.0881590319792567,26.541019955654104,102,665,eval_at,1.5711843967434416,1.0,88.39999999999895
0.08729472774416594,26.38137472283814,101,661,eval_at,1.578168326616229,1.0,88.49999999999895
0.08643042350907519,25.982261640798228,100,651,eval_at,1.582432828664679,1.0,88.59999999999894
0.08643042350907519,25.822616407982263,100,647,eval_at,1.5874889506100038,1.0,88.69999999999894
0.0847018150388937,25.742793791574282,98,645,eval_at,1.593203009605402,1.0,88.79999999999893
0.08383751080380294,25.463414634146343,97,638,eval_at,1.5987390136718704,1.0,88.89999999999893
0.08383751080380294,25.423503325942352,97,637,eval_at,1.6027157175540754,1.0,88.99999999999892
0.08383751080380294,25.303769401330378,97,634,eval_at,1.6094695274828636,1.0,89.09999999999891
0.08383751080380294,25.02439024390244,97,627,eval_at,1.6148222837447852,1.0,89.19999999999891
0.08383751080380294,24.904656319290467,97,624,eval_at,1.6197054170368737,1.0,89.2999999999989
0.08383751080380294,24.745011086474502,97,620,eval_at,1.6261816210745992,1.0,89.3999999999989
0.08297320656871218,24.66518847006652,96,618,eval_at,1.6324400973319428,1.0,89.49999999999889
0.08210890233362143,24.545454545454547,95,615,eval_at,1.6382737102508402,1.0,89.59999999999889
0.08210890233362143,24.3059866962306,95,609,eval_at,1.6436204736232027,1.0,89.69999999999888
0.08124459809853068,24.106430155210646,94,604,eval_at,1.6496373744009154,1.0,89.79999999999887
0.07951598962834917,23.90687361419069,92,599,eval_at,1.6547854832410727,1.0,89.89999999999887
0.07865168539325842,23.787139689578716,91,596,eval_at,1.6607414126395894,1.0,89.99999999999886
0.07778738115816768,23.427937915742795,90,587,eval_at,1.667608136296147,1.0,90.09999999999886
0.07692307692307693,23.22838137472284,89,582,eval_at,1.673696114301556,1.0,90.19999999999885
0.07778738115816768,23.108647450110865,90,579,eval_at,1.6800995351074686,1.0,90.29999999999885
0.07605877268798616,22.82926829268293,88,572,eval_at,1.6877479887008477,1.0,90.39999999999884
0.07519446845289542,22.669623059866964,87,568,eval_at,1.6940641063450335,1.0,90.49999999999883
0.07519446845289542,22.390243902439025,87,561,eval_at,1.7002945137023526,1.0,90.59999999999883
0.07433016421780467,21.991130820399114,86,551,eval_at,1.7063362665176145,1.0,90.69999999999882
0.07433016421780467,21.592017738359203,86,541,eval_at,1.7126162810325445,1.0,90.79999999999882
0.07433016421780467,21.312638580931267,86,534,eval_at,1.7186713453530968,1.0,90.89999999999881
0.07260155574762317,21.192904656319293,84,531,eval_at,1.7271685922144058,1.0,90.9999999999988
0.07173725151253241,20.873614190687363,83,523,eval_at,1.7344236702917801,1.0,91.0999999999988
0.07173725151253241,20.753880266075388,83,520,eval_at,1.7411940898895186,1.0,91.1999999999988
0.07173725151253241,20.713968957871398,83,519,eval_at,1.7488269020316052,1.0,91.29999999999879
0.07260155574762317,20.554323725055433,84,515,eval_at,1.7535296068190225,1.0,91.39999999999878
0.07260155574762317,20.394678492239468,84,511,eval_at,1.761386138796685,1.0,91.49999999999878
0.07173725151253241,20.195121951219512,83,506,eval_at,1.7707197141642208,1.0,91.59999999999877
0.07087294727744166,19.915742793791576,82,499,eval_at,1.779006726264912,1.0,91.69999999999877
0.07087294727744166,19.71618625277162,82,494,eval_at,1.7862372529506119,1.0,91.79999999999876
0.07000864304235091,19.47671840354767,81,488,eval_at,1.7944160400628693,1.0,91.89999999999876
0.07000864304235091,19.3569844789357,81,485,eval_at,1.8021569061279281,1.0,91.99999999999875
0.07087294727744166,19.237250554323726,82,482,eval_at,1.8097367247342675,1.0,92.09999999999874
0.07173725151253241,18.838137472283815,83,472,eval_at,1.8177903785705027,1.0,92.19999999999874
0.07260155574762317,18.59866962305987,84,466,eval_at,1.8265073494910558,1.0,92.29999999999873
0.07000864304235091,18.518847006651885,81,464,eval_at,1.8341982650755997,1.0,92.39999999999873
0.0682800345721694,18.23946784922395,79,457,eval_at,1.8437753766775045,1.0,92.49999999999872
0.0682800345721694,18.0,79,451,eval_at,1.8519866778847713,1.0,92.59999999999872
0.0682800345721694,17.760532150776054,79,445,eval_at,1.8625750983948528,1.0,92.69999999999871
0.06741573033707865,17.52106430155211,78,439,eval_at,1.8720318355556993,1.0,92.7999999999987
0.06568712186689715,17.20177383592018,76,431,eval_at,1.88082367146013,1.0,92.8999999999987
0.06309420916162489,16.962305986696233,73,425,eval_at,1.8878949427603644,1.0,92.99999999999869
0.06222990492653414,16.682926829268293,72,418,eval_at,1.8973804432153218,1.0,93.09999999999869
0.06050129645635264,16.443458980044348,70,412,eval_at,1.9058707714080032,1.0,93.19999999999868
0.059636992221261884,16.203991130820402,69,406,eval_at,1.914188692927357,1.0,93.29999999999868
0.058772687986171135,16.044345898004437,68,402,eval_at,1.9242801730629626,1.0,93.39999999999867
0.05790838375108038,15.764966740576497,67,395,eval_at,1.9328677093982294,1.0,93.49999999999866
0.05704407951598963,15.645232815964524,66,392,eval_at,1.9429046449659233,1.0,93.59999999999866
0.05445116681071737,15.405764966740577,63,386,eval_at,1.9523334507940966,1.0,93.69999999999865
0.05358686257562662,15.206208425720622,62,381,eval_at,1.9625268590449485,1.0,93.79999999999865
0.052722558340535866,14.926829268292684,61,374,eval_at,1.9735356659888845,1.0,93.89999999999864
0.052722558340535866,14.607538802660756,61,366,eval_at,1.9831115412711813,1.0,93.99999999999864
0.05185825410544512,14.248337028824835,60,357,eval_at,1.9923814796206294,1.0,94.09999999999863
0.05099394987035436,14.12860310421286,59,354,eval_at,2.0049592456817114,1.0,94.19999999999862
0.049265341400172864,14.168514412416853,57,355,eval_at,2.0174104666706243,1.0,94.29999999999862
0.04753673292999136,13.889135254988915,55,348,eval_at,2.0269170246124246,1.0,94.39999999999861
0.046672428694900604,13.450110864745012,54,337,eval_at,2.0392497301101296,1.0,94.49999999999861
0.046672428694900604,13.290465631929047,54,333,eval_at,2.055615621566749,1.0,94.5999999999986
0.04840103716508211,13.170731707317074,56,330,eval_at,2.068199622392634,1.0,94.6999999999986
0.04840103716508211,12.931263858093127,56,324,eval_at,2.0798327436446353,1.0,94.79999999999859
0.04840103716508211,12.651884700665189,56,317,eval_at,2.0904145245551002,1.0,94.89999999999858
0.04840103716508211,12.252771618625278,56,307,eval_at,2.102546548843015,1.0,94.99999999999858
0.04840103716508211,11.853658536585368,56,297,eval_at,2.1140800349711606,1.0,95.09999999999857
0.043215211754537596,11.694013303769403,50,293,eval_at,2.125946620940949,1.0,95.19999999999857
0.043215211754537596,11.57427937915743,50,290,eval_at,2.139488315581169,1.0,95.29999999999856
0.04062229904926534,11.29490022172949,47,283,eval_at,2.1517413806912384,1.0,95.39999999999856
0.04062229904926534,11.21507760532151,47,281,eval_at,2.1638487625119196,1.0,95.49999999999855
0.03889369057908384,10.855875831485589,45,272,eval_at,2.179590625762672,1.0,95.59999999999854
0.03802938634399308,10.656319290465634,44,267,eval_at,2.1961128406511397,1.0,95.69999999999854
0.037165082108902334,10.337028824833704,43,259,eval_at,2.2119587097159217,1.0,95.79999999999853
0.036300777873811585,10.017738359201775,42,251,eval_at,2.2311145427220564,1.0,95.89999999999853
0.036300777873811585,9.818181818181818,42,246,eval_at,2.2493127441406036,1.0,95.99999999999852
0.032843560933448576,9.578713968957873,38,240,eval_at,2.265580560684193,1.0,96.09999999999852
0.03197925669835782,9.458980044345898,37,237,eval_at,2.281016594409891,1.0,96.19999999999851
0.03197925669835782,9.13968957871397,37,229,eval_at,2.2987952296733583,1.0,96.2999999999985
0.028522039757994815,8.900221729490022,33,223,eval_at,2.313171835899342,1.0,96.3999999999985
0.027657735522904063,8.700665188470067,32,218,eval_at,2.325567556619448,1.0,96.4999999999985
0.027657735522904063,8.580931263858094,32,215,eval_at,2.3438569650633636,1.0,96.59999999999849
0.027657735522904063,8.461197339246121,32,212,eval_at,2.365717534539749,1.0,96.69999999999848
0.027657735522904063,8.141906873614191,32,204,eval_at,2.3850956935882333,1.0,96.79999999999848
0.028522039757994815,8.062084257206209,33,202,eval_at,2.4051466681956657,1.0,96.89999999999847
0.027657735522904063,7.8625277161862535,32,197,eval_at,2.4292186498640236,1.0,96.99999999999847
0.027657735522904063,7.423503325942351,32,186,eval_at,2.453310992717645,1.0,97.09999999999846
0.027657735522904063,7.423503325942351,32,186,eval_at,2.4691024408340168,1.0,97.19999999999845
0.02679343128781331,7.223946784922395,31,181,eval_at,2.487359070062252,1.0,97.29999999999845
0.02679343128781331,6.904656319290466,31,173,eval_at,2.5127778582572358,1.0,97.39999999999844
0.025064822817631807,6.585365853658537,29,165,eval_at,2.5356093525880863,1.0,97.49999999999844
0.02592912705272256,6.425720620842573,30,161,eval_at,2.5653653717035945,1.0,97.59999999999843
0.024200518582541054,6.1862527716186255,28,155,eval_at,2.5881347773065024,1.0,97.69999999999843
0.020743301642178046,6.026607538802661,24,151,eval_at,2.6173402357095994,1.0,97.79999999999842
0.01901469317199654,5.747228381374724,22,144,eval_at,2.6457293636793593,1.0,97.89999999999841
0.01901469317199654,5.4279379157427945,22,136,eval_at,2.674535589218077,1.0,97.99999999999841
0.018150388936905792,5.028824833702883,21,126,eval_at,2.706782585858899,1.0,98.0999999999984
0.015557476231633534,4.789356984478936,18,120,eval_at,2.742235035896231,1.0,98.1999999999984
0.015557476231633534,4.549889135254989,18,114,eval_at,2.767017578363153,1.0,98.29999999999839
0.015557476231633534,4.190687361419069,18,105,eval_at,2.7983386268613204,1.0,98.39999999999839
0.013828867761452032,3.9512195121951224,16,99,eval_at,2.8351966011520617,1.0,98.49999999999838
0.01296456352636128,3.5521064301552108,15,89,eval_at,2.878676294803461,1.0,98.59999999999837
0.012100259291270527,3.3525498891352554,14,84,eval_at,2.9393134024116487,1.0,98.69999999999837
0.011235955056179775,3.2328159645232817,13,81,eval_at,2.9938661870949184,1.0,98.79999999999836
0.010371650821089023,2.953436807095344,12,74,eval_at,3.0448662750705453,1.0,98.89999999999836
0.00864304235090752,2.7937915742793793,10,70,eval_at,3.0975732755654484,1.0,98.99999999999835
0.00864304235090752,2.354767184035477,10,59,eval_at,3.1666342220303605,1.0,99.09999999999835
0.00864304235090752,2.075388026607539,10,52,eval_at,3.2409178314191176,1.0,99.19999999999834
0.007778738115816767,1.6363636363636365,9,41,eval_at,3.309984518527636,1.0,99.29999999999833
0.007778738115816767,1.476718403547672,9,37,eval_at,3.4098753952968717,1.0,99.39999999999833
0.007778738115816767,1.1175166297117518,9,28,eval_at,3.515012593265354,1.0,99.49999999999832
0.007778738115816767,0.8381374722838139,9,21,eval_at,3.6358198881136294,1.0,99.59999999999832
0.006050129645635264,0.7583148558758316,7,19,eval_at,3.832112170451951,1.0,99.69999999999831
0.003457216940363008,0.47893569844789363,4,12,eval_at,4.087947360978388,1.0,99.7999999999983
0.003457216940363008,0.23946784922394682,4,6,eval_at,4.37931060028055,1.0,99.8999999999983
