evaluator,return,theta,hours,pctl,theta_q,theta_p,pctl_q,pctl_p
eval_at,"[0.15211754537597233, 36.67849223946785, 176, 919, 981, 1095]",1.1662728786468513,25.055555555555554,80.0,,,,
eval_at,"[0.14866032843560933, 36.039911308204, 172, 903, 985, 1075]",1.186024841070175,25.055555555555554,80.5,,,,
eval_at,"[0.14088159031979255, 35.68070953436808, 163, 894, 994, 1057]",1.2080319392681123,25.055555555555554,81.0,,,,
eval_at,"[0.1365600691443388, 35.48115299334812, 158, 889, 999, 1047]",1.2279230529069898,25.055555555555554,81.5,,,,
eval_at,"[0.12964563526361278, 34.84257206208426, 150, 873, 1007, 1023]",1.2480206346511842,25.055555555555554,82.0,,,,
eval_at,"[0.12618841832324978, 33.924611973392466, 146, 850, 1011, 996]",1.2718469500541687,25.055555555555554,82.5,,,,
eval_at,"[0.12445980985306827, 33.44567627494457, 144, 838, 1013, 982]",1.2943889820575711,25.055555555555554,83.0,,,,
eval_at,"[0.12186689714779603, 33.166297117516635, 141, 831, 1016, 972]",1.316748681664467,25.055555555555554,83.5,,,,
eval_at,"[0.12100259291270528, 32.368070953436806, 140, 811, 1017, 951]",1.3409492492675779,25.055555555555554,84.0,,,,
eval_at,"[0.12100259291270528, 31.72949002217295, 140, 795, 1017, 935]",1.3630266964435573,25.055555555555554,84.5,,,,
eval_at,"[0.11754537597234227, 30.93126385809313, 136, 775, 1021, 911]",1.3865502655506134,25.055555555555554,85.0,,,,
eval_at,"[0.11754537597234227, 30.172949002217297, 136, 756, 1021, 892]",1.4116874527931202,25.055555555555554,85.5,,,,
eval_at,"[0.1132238547968885, 29.21507760532151, 131, 732, 1026, 863]",1.434107208251953,25.055555555555554,86.0,,,,
eval_at,"[0.10803802938634399, 28.416851441241686, 125, 712, 1032, 837]",1.4590434557199485,25.055555555555554,86.5,,,,
eval_at,"[0.10285220397579949, 27.898004434589804, 119, 699, 1038, 818]",1.481729142665863,25.055555555555554,87.0,,,,
eval_at,"[0.09507346585998272, 27.37915742793792, 110, 686, 1047, 796]",1.5102041065692902,25.055555555555554,87.5,,,,
eval_at,"[0.09075194468452895, 26.66075388026608, 105, 668, 1052, 773]",1.541447196006775,25.055555555555554,88.0,,,,
eval_at,"[0.08556611927398444, 25.702882483370292, 99, 644, 1058, 743]",1.568857163786888,25.055555555555554,88.5,,,,
eval_at,"[0.08038029386343994, 25.02439024390244, 93, 627, 1064, 720]",1.5965689289569855,25.055555555555554,89.0,,,,
eval_at,"[0.07865168539325842, 24.186252771618626, 91, 606, 1066, 697]",1.6273125475645067,25.055555555555554,89.5,,,,
eval_at,"[0.07692307692307693, 23.427937915742795, 89, 587, 1068, 676]",1.6598509430885315,25.055555555555554,90.0,,,,
eval_at,"[0.07260155574762317, 22.629711751662974, 84, 567, 1073, 651]",1.689049775004387,25.055555555555554,90.5,,,,
eval_at,"[0.07000864304235091, 21.552106430155213, 81, 540, 1076, 621]",1.7244821643829347,25.055555555555554,91.0,,,,
eval_at,"[0.06568712186689715, 20.793791574279382, 76, 521, 1081, 597]",1.7591171836853026,25.055555555555554,91.5,,,,
eval_at,"[0.06395851339671564, 19.995565410199557, 74, 501, 1083, 575]",1.7928772354125981,25.055555555555554,92.0,,,,
eval_at,"[0.06136560069144339, 19.277161862527716, 71, 483, 1086, 554]",1.8318495154380803,25.055555555555554,92.5,,,,
eval_at,"[0.056179775280898875, 17.5609756097561, 65, 440, 1092, 505]",1.870513677597046,25.055555555555554,93.0,,,,
eval_at,"[0.052722558340535866, 15.764966740576497, 61, 395, 1096, 456]",1.9158309245109562,25.055555555555554,93.5,,,,
eval_at,"[0.046672428694900604, 14.807095343680711, 54, 371, 1103, 425]",1.9673549151420593,25.055555555555554,94.0,,,,
eval_at,"[0.03889369057908384, 14.248337028824835, 45, 357, 1112, 402]",2.0164330983161927,25.055555555555554,94.5,,,,
eval_at,"[0.03457216940363008, 12.731707317073171, 40, 319, 1117, 359]",2.0753444194793698,25.055555555555554,95.0,,,,
eval_at,"[0.03197925669835782, 11.773835920177385, 37, 295, 1120, 332]",2.1405739367008207,25.055555555555554,95.5,,,,
eval_at,"[0.02679343128781331, 10.416851441241686, 31, 261, 1126, 292]",2.2125669479370127,25.055555555555554,96.0,,,,
eval_at,"[0.02592912705272256, 9.259423503325943, 30, 232, 1127, 262]",2.295258193016052,25.055555555555554,96.5,,,,
eval_at,"[0.020743301642178046, 7.74279379157428, 24, 194, 1133, 218]",2.389908382892608,25.055555555555554,97.0,,,,
eval_at,"[0.01728608470181504, 6.465631929046563, 20, 162, 1137, 182]",2.513600575923922,25.055555555555554,97.5,,,,
eval_at,"[0.012100259291270527, 4.909090909090909, 14, 123, 1143, 137]",2.663555364608762,25.055555555555554,98.0,,,,
eval_at,"[0.01296456352636128, 3.791574279379158, 15, 95, 1142, 110]",2.8430583703517915,25.055555555555554,98.5,,,,
eval_at,"[0.006050129645635264, 2.6341463414634148, 7, 66, 1150, 73]",3.193984646797185,25.055555555555554,99.0,,,,
eval_at,"[0.003457216940363008, 1.5166297117516632, 4, 38, 1153, 42]",3.641213989257803,25.055555555555554,99.5,,,,
eval_at,"[0.48314606741573035, 48.25277161862528, 559, 1209, 598, 1768]",0.09077733382582664,25.055555555555554,50.0,,,,
eval_at,"[0.4822817631806396, 48.25277161862528, 558, 1209, 599, 1767]",0.11212093323469155,25.055555555555554,50.5,,,,
eval_at,"[0.48314606741573035, 48.33259423503326, 559, 1211, 598, 1770]",0.13464516386389755,25.055555555555554,51.0,,,,
eval_at,"[0.4840103716508211, 48.09312638580931, 560, 1205, 597, 1765]",0.15403672441840174,25.055555555555554,51.5,,,,
eval_at,"[0.4857389801210026, 48.1729490022173, 562, 1207, 595, 1769]",0.17796872973442074,25.055555555555554,52.0,,,,
eval_at,"[0.49006050129645634, 48.09312638580931, 567, 1205, 590, 1772]",0.19627721086144476,25.055555555555554,52.5,,,,
eval_at,"[0.49524632670700086, 47.85365853658537, 573, 1199, 584, 1772]",0.22048529401421563,25.055555555555554,53.0,,,,
eval_at,"[0.4978392394122731, 48.05321507760532, 576, 1204, 581, 1780]",0.24122495941817762,25.055555555555554,53.5,,,,
eval_at,"[0.4978392394122731, 48.25277161862528, 576, 1209, 581, 1785]",0.2610533964633942,25.055555555555554,54.0,,,,
eval_at,"[0.5012964563526361, 48.01330376940133, 580, 1203, 577, 1783]",0.28204435005784095,25.055555555555554,54.5,,,,
eval_at,"[0.5030250648228176, 47.93348115299335, 582, 1201, 575, 1783]",0.30234529823064815,25.055555555555554,55.0,,,,
eval_at,"[0.5047536732929991, 48.01330376940133, 584, 1203, 573, 1787]",0.32569405794143685,25.055555555555554,55.5,,,,
eval_at,"[0.5056179775280899, 47.89356984478936, 585, 1200, 572, 1785]",0.3478954076766968,25.055555555555554,56.0,,,,
eval_at,"[0.5082108902333622, 47.61419068736142, 588, 1193, 569, 1781]",0.3691490027308463,25.055555555555554,56.5,,,,
eval_at,"[0.5116681071737251, 47.53436807095344, 592, 1191, 565, 1783]",0.3913524010777473,25.055555555555554,57.0,,,,
eval_at,"[0.5108038029386344, 47.57427937915743, 591, 1192, 566, 1783]",0.41571238785982123,25.055555555555554,57.5,,,,
eval_at,"[0.5125324114088159, 47.57427937915743, 593, 1192, 564, 1785]",0.4399468266963957,25.055555555555554,58.0,,,,
eval_at,"[0.5142610198789974, 47.41463414634147, 595, 1188, 562, 1783]",0.46726177960634213,25.055555555555554,58.5,,,,
eval_at,"[0.5142610198789974, 46.85587583148559, 595, 1174, 562, 1769]",0.49008097410202023,25.055555555555554,59.0,,,,
eval_at,"[0.5185825410544511, 46.3769401330377, 600, 1162, 557, 1762]",0.5134383669495581,25.055555555555554,59.5,,,,
eval_at,"[0.5194468452895419, 46.29711751662972, 601, 1160, 556, 1761]",0.536166477203369,25.055555555555554,60.0,,,,
eval_at,"[0.5203111495246326, 46.53658536585366, 602, 1166, 555, 1768]",0.5595470631122589,25.055555555555554,60.5,,,,
eval_at,"[0.5229040622299049, 46.73614190687362, 605, 1171, 552, 1776]",0.5817095768451691,25.055555555555554,61.0,,,,
eval_at,"[0.5229040622299049, 46.29711751662972, 605, 1160, 552, 1765]",0.6042246025800704,25.055555555555554,61.5,,,,
eval_at,"[0.5229040622299049, 46.09756097560976, 605, 1155, 552, 1760]",0.6289117872714997,25.055555555555554,62.0,,,,
eval_at,"[0.5229040622299049, 45.57871396895788, 605, 1142, 552, 1747]",0.6533820331096649,25.055555555555554,62.5,,,,
eval_at,"[0.5211754537597234, 45.4589800443459, 603, 1139, 554, 1742]",0.6831670719385142,25.055555555555554,63.0,,,,
eval_at,"[0.5229040622299049, 45.13968957871397, 605, 1131, 552, 1736]",0.7098419928550724,25.055555555555554,63.5,,,,
eval_at,"[0.5229040622299049, 44.98004434589801, 605, 1127, 552, 1732]",0.7381514167785644,25.055555555555554,64.0,,,,
eval_at,"[0.5220397579948142, 44.34146341463415, 604, 1111, 553, 1715]",0.764243181347847,25.055555555555554,64.5,,,,
eval_at,"[0.5237683664649957, 44.02217294900222, 606, 1103, 551, 1709]",0.7910401135683061,25.055555555555554,65.0,,,,
eval_at,"[0.5237683664649957, 43.62305986696231, 606, 1093, 551, 1699]",0.8190016227960588,25.055555555555554,65.5,,,,
eval_at,"[0.5237683664649957, 43.104212860310426, 606, 1080, 551, 1686]",0.8498276674747467,25.055555555555554,66.0,,,,
eval_at,"[0.526361279170268, 42.505543237250556, 609, 1065, 548, 1674]",0.878896164894104,25.055555555555554,66.5,,,,
eval_at,"[0.5229040622299049, 42.186252771618626, 605, 1057, 552, 1662]",0.9106361728906633,25.055555555555554,67.0,,,,
eval_at,"[0.5237683664649957, 41.906873614190694, 606, 1050, 551, 1656]",0.9385085552930833,25.055555555555554,67.5,,,,
eval_at,"[0.5306828003457217, 41.308203991130824, 614, 1035, 543, 1649]",0.9666943550109866,25.055555555555554,68.0,,,,
eval_at,"[0.5315471045808124, 40.789356984478935, 615, 1022, 542, 1637]",0.9929769545793534,25.055555555555554,68.5,,,,
eval_at,"[0.5324114088159032, 40.031042128603104, 616, 1003, 541, 1619]",1.0231032216548914,25.055555555555554,69.0,,,,
eval_at,"[0.5298184961106309, 39.1529933481153, 613, 981, 544, 1594]",1.0563565552234644,25.055555555555554,69.5,,,,
eval_at,"[0.5298184961106309, 38.75388026607539, 613, 971, 544, 1584]",1.0908433079719542,25.055555555555554,70.0,,,,
eval_at,"[0.5289541918755402, 38.07538802660754, 612, 954, 545, 1566]",1.1248327416181563,25.055555555555554,70.5,,,,
eval_at,"[0.5306828003457217, 37.55654101995566, 614, 941, 543, 1555]",1.1584407019615157,25.055555555555554,71.0,,,,
eval_at,"[0.5306828003457217, 36.79822616407983, 614, 922, 543, 1536]",1.1988615226745605,25.055555555555554,71.5,,,,
eval_at,"[0.5324114088159032, 36.11973392461198, 616, 905, 541, 1521]",1.23315447807312,25.055555555555554,72.0,,,,
eval_at,"[0.533275713050994, 35.20177383592018, 617, 882, 540, 1499]",1.2662764459848403,25.055555555555554,72.5,,,,
eval_at,"[0.533275713050994, 35.00221729490023, 617, 877, 540, 1494]",1.3011794543266295,25.055555555555554,73.0,,,,
eval_at,"[0.5289541918755402, 34.08425720620843, 612, 854, 545, 1466]",1.3419092965126038,25.055555555555554,73.5,,,,
eval_at,"[0.5272255834053586, 33.166297117516635, 610, 831, 547, 1441]",1.37932553768158,25.055555555555554,74.0,,,,
eval_at,"[0.5246326707000865, 32.088691796008874, 607, 804, 550, 1411]",1.4226888734102243,25.055555555555554,74.5,,,,
eval_at,"[0.5220397579948142, 31.56984478935699, 604, 791, 553, 1395]",1.4639769792556763,25.055555555555554,75.0,,,,
eval_at,"[0.5203111495246326, 30.731707317073173, 602, 770, 555, 1372]",1.5006821799278272,25.055555555555554,75.5,,,,
eval_at,"[0.5177182368193605, 29.893569844789358, 599, 749, 558, 1348]",1.5416811180114744,25.055555555555554,76.0,,,,
eval_at,"[0.5177182368193605, 29.095343680709536, 599, 729, 558, 1328]",1.590722234249115,25.055555555555554,76.5,,,,
eval_at,"[0.5168539325842697, 27.898004434589804, 598, 699, 559, 1297]",1.6407452356815342,25.055555555555554,77.0,,,,
eval_at,"[0.5133967156439067, 27.339246119733925, 594, 685, 563, 1279]",1.6886990547180165,25.055555555555554,77.5,,,,
eval_at,"[0.5108038029386344, 26.42128603104213, 591, 662, 566, 1253]",1.7344632649421694,25.055555555555554,78.0,,,,
eval_at,"[0.5056179775280899, 25.782705099778273, 585, 646, 572, 1231]",1.7916628944873827,25.055555555555554,78.5,,,,
eval_at,"[0.4995678478824546, 25.223946784922397, 578, 632, 579, 1210]",1.8576587069034574,25.055555555555554,79.0,,,,
eval_at,"[0.4978392394122731, 24.38580931263858, 576, 611, 581, 1187]",1.9154004043340684,25.055555555555554,79.5,,,,
eval_at,"[0.4943820224719101, 23.54767184035477, 572, 590, 585, 1162]",1.9741851329803468,25.055555555555554,80.0,,,,
eval_at,"[0.49524632670700086, 23.028824833702885, 573, 577, 584, 1150]",2.036969654560089,25.055555555555554,80.5,,,,
eval_at,"[0.49178910976663787, 22.350332594235034, 569, 560, 588, 1129]",2.102254722118378,25.055555555555554,81.0,,,,
eval_at,"[0.4874675885911841, 21.392461197339248, 564, 536, 593, 1100]",2.175994237661361,25.055555555555554,81.5,,,,
eval_at,"[0.4822817631806396, 20.674057649667407, 558, 518, 599, 1076]",2.248897409439087,25.055555555555554,82.0,,,,
eval_at,"[0.4814174589455488, 19.75609756097561, 557, 495, 600, 1052]",2.3326381504535667,25.055555555555554,82.5,,,,
eval_at,"[0.47796024200518583, 19.237250554323726, 553, 482, 604, 1035]",2.425430073738098,25.055555555555554,83.0,,,,
eval_at,"[0.47796024200518583, 18.399113082039914, 553, 461, 604, 1014]",2.5196004760265356,25.055555555555554,83.5,,,,
eval_at,"[0.4762316335350043, 17.64079822616408, 551, 442, 606, 993]",2.6304725933074953,25.055555555555554,84.0,,,,
eval_at,"[0.47450302506482284, 16.722838137472284, 549, 419, 608, 968]",2.7276616275310506,25.055555555555554,84.5,,,,
eval_at,"[0.4710458081244598, 16.044345898004437, 545, 402, 612, 947]",2.8380211830139164,25.055555555555554,85.0,,,,
eval_at,"[0.4658599827139153, 15.325942350332596, 539, 384, 618, 923]",2.955703905820846,25.055555555555554,85.5,,,,
eval_at,"[0.46153846153846156, 14.567627494456763, 534, 365, 623, 899]",3.081022396087646,25.055555555555554,86.0,,,,
eval_at,"[0.4606741573033708, 14.12860310421286, 533, 354, 624, 887]",3.2219283390045166,25.055555555555554,86.5,,,,
eval_at,"[0.45635263612791704, 13.090909090909092, 528, 328, 629, 856]",3.3582502841949444,25.055555555555554,87.0,,,,
eval_at,"[0.45030250648228176, 12.133037694013305, 521, 304, 636, 825]",3.52468004822731,25.055555555555554,87.5,,,,
eval_at,"[0.4399308556611927, 11.694013303769403, 509, 293, 648, 802]",3.7051178741455093,25.055555555555554,88.0,,,,
eval_at,"[0.4243733794295592, 11.095343680709535, 491, 278, 666, 769]",3.874412554502486,25.055555555555554,88.5,,,,
eval_at,"[0.4105445116681072, 10.576496674057651, 475, 265, 682, 740]",4.0701590919494635,25.055555555555554,89.0,,,,
eval_at,"[0.40881590319792566, 10.21729490022173, 473, 256, 684, 729]",4.255578207969666,25.055555555555554,89.5,,,,
eval_at,"[0.3898012100259291, 9.85809312638581, 451, 247, 706, 698]",4.457726860046381,25.055555555555554,90.0,,,,
eval_at,"[0.3759723422644771, 9.49889135254989, 435, 238, 722, 673]",4.675087914466858,25.055555555555554,90.5,,,,
eval_at,"[0.3630077787381158, 8.940133037694014, 420, 224, 737, 644]",4.933004894256597,25.055555555555554,91.0,,,,
eval_at,"[0.34831460674157305, 8.181818181818182, 403, 205, 754, 608]",5.220453071594238,25.055555555555554,91.5,,,,
eval_at,"[0.3362143474503025, 7.583148558758316, 389, 190, 768, 579]",5.517267513275148,25.055555555555554,92.0,,,,
eval_at,"[0.3197925669835782, 7.06430155210643, 370, 177, 787, 547]",5.841959142684942,25.055555555555554,92.5,,,,
eval_at,"[0.3025064822817632, 6.705099778270511, 350, 168, 807, 518]",6.205128560066222,25.055555555555554,93.0,,,,
eval_at,"[0.2904062229904927, 6.026607538802661, 336, 151, 821, 487]",6.654482979774491,25.055555555555554,93.5,,,,
eval_at,"[0.27657735522904064, 5.667405764966741, 320, 142, 837, 462]",7.212375669479336,25.055555555555554,94.0,,,,
eval_at,"[0.26707000864304237, 5.108647450110865, 309, 128, 848, 437]",7.794489538669587,25.055555555555554,94.5,,,,
eval_at,"[0.25324114088159033, 4.549889135254989, 293, 114, 864, 407]",8.410855770111041,25.055555555555554,95.0,,,,
eval_at,"[0.23595505617977527, 4.270509977827051, 273, 107, 884, 380]",9.304570846557606,25.055555555555554,95.5,,,,
eval_at,"[0.222990492653414, 3.831485587583149, 258, 96, 899, 354]",10.050942497253422,25.055555555555554,96.0,,,,
eval_at,"[0.2048401037165082, 3.3924611973392462, 237, 85, 920, 322]",10.904608006477345,25.055555555555554,96.5,,,,
eval_at,"[0.18063958513396716, 2.753880266075388, 209, 69, 948, 278]",11.678171405792227,25.055555555555554,97.0,,,,
eval_at,"[0.14779602420051857, 2.2749445676274944, 171, 57, 986, 228]",12.63719093799591,25.055555555555554,97.5,,,,
eval_at,"[0.12186689714779603, 1.796008869179601, 141, 45, 1016, 186]",13.963846740722648,25.055555555555554,98.0,,,,
eval_at,"[0.09766637856525497, 1.3569844789356986, 113, 34, 1044, 147]",16.57019313812255,25.055555555555554,98.5,,,,
eval_at,"[0.06222990492653414, 0.8381374722838139, 72, 21, 1085, 93]",20.60003761291506,25.055555555555554,99.0,,,,
eval_at,"[0.028522039757994815, 0.4390243902439025, 33, 11, 1124, 44]",28.334656648635683,25.055555555555554,99.5,,,,
eval_union,"[0.49006050129645634, 53.04212860310422, 567, 1329, 590, 1896]",,25.055555555555554,99.5,2.663555364608762,0.09077733382582664,98.0,50.0
eval_union,"[0.4891961970613656, 53.04212860310422, 566, 1329, 591, 1895]",,25.055555555555554,99.5,2.663555364608762,0.11212093323469155,98.0,50.5
eval_union,"[0.49006050129645634, 53.16186252771619, 567, 1332, 590, 1899]",,25.055555555555554,99.5,2.663555364608762,0.13464516386389755,98.0,51.0
eval_union,"[0.4909248055315471, 52.96230598669624, 568, 1327, 589, 1895]",,25.055555555555554,99.5,2.663555364608762,0.15403672441840174,98.0,51.5
eval_union,"[0.49265341400172863, 53.04212860310422, 570, 1329, 587, 1899]",,25.055555555555554,99.5,2.663555364608762,0.17796872973442074,98.0,52.0
eval_union,"[0.4969749351771824, 52.922394678492246, 575, 1326, 582, 1901]",,25.055555555555554,99.5,2.663555364608762,0.19627721086144476,98.0,52.5
eval_union,"[0.5021607605877269, 52.6829268292683, 581, 1320, 576, 1901]",,25.055555555555554,99.5,2.663555364608762,0.22048529401421563,98.0,53.0
eval_union,"[0.5047536732929991, 52.882483370288256, 584, 1325, 573, 1909]",,25.055555555555554,99.5,2.663555364608762,0.24122495941817762,98.0,53.5
eval_union,"[0.5047536732929991, 53.08203991130821, 584, 1330, 573, 1914]",,25.055555555555554,99.5,2.663555364608762,0.2610533964633942,98.0,54.0
eval_union,"[0.5082108902333622, 52.84257206208426, 588, 1324, 569, 1912]",,25.055555555555554,99.5,2.663555364608762,0.28204435005784095,98.0,54.5
eval_union,"[0.5099394987035436, 52.76274944567628, 590, 1322, 567, 1912]",,25.055555555555554,99.5,2.663555364608762,0.30234529823064815,98.0,55.0
eval_union,"[0.5116681071737251, 52.80266075388027, 592, 1323, 565, 1915]",,25.055555555555554,99.5,2.663555364608762,0.32569405794143685,98.0,55.5
eval_union,"[0.5125324114088159, 52.6829268292683, 593, 1320, 564, 1913]",,25.055555555555554,99.5,2.663555364608762,0.3478954076766968,98.0,56.0
eval_union,"[0.5151253241140882, 52.44345898004435, 596, 1314, 561, 1910]",,25.055555555555554,99.5,2.663555364608762,0.3691490027308463,98.0,56.5
eval_union,"[0.5177182368193605, 52.40354767184036, 599, 1313, 558, 1912]",,25.055555555555554,99.5,2.663555364608762,0.3913524010777473,98.0,57.0
eval_union,"[0.5168539325842697, 52.44345898004435, 598, 1314, 559, 1912]",,25.055555555555554,99.5,2.663555364608762,0.41571238785982123,98.0,57.5
eval_union,"[0.5185825410544511, 52.44345898004435, 600, 1314, 557, 1914]",,25.055555555555554,99.5,2.663555364608762,0.4399468266963957,98.0,58.0
eval_union,"[0.5203111495246326, 52.32372505543238, 602, 1311, 555, 1913]",,25.055555555555554,99.5,2.663555364608762,0.46726177960634213,98.0,58.5
eval_union,"[0.5203111495246326, 51.7649667405765, 602, 1297, 555, 1899]",,25.055555555555554,99.5,2.663555364608762,0.49008097410202023,98.0,59.0
eval_union,"[0.5246326707000865, 51.286031042128606, 607, 1285, 550, 1892]",,25.055555555555554,99.5,2.663555364608762,0.5134383669495581,98.0,59.5
eval_union,"[0.5254969749351772, 51.206208425720625, 608, 1283, 549, 1891]",,25.055555555555554,99.5,2.663555364608762,0.536166477203369,98.0,60.0
eval_union,"[0.526361279170268, 51.445676274944574, 609, 1289, 548, 1898]",,25.055555555555554,99.5,2.663555364608762,0.5595470631122589,98.0,60.5
eval_union,"[0.5280898876404494, 51.68514412416852, 611, 1295, 546, 1906]",,25.055555555555554,99.5,2.663555364608762,0.5817095768451691,98.0,61.0
eval_union,"[0.5280898876404494, 51.246119733924616, 611, 1284, 546, 1895]",,25.055555555555554,99.5,2.663555364608762,0.6042246025800704,98.0,61.5
eval_union,"[0.5280898876404494, 51.046563192904664, 611, 1279, 546, 1890]",,25.055555555555554,99.5,2.663555364608762,0.6289117872714997,98.0,62.0
eval_union,"[0.5280898876404494, 50.527716186252775, 611, 1266, 546, 1877]",,25.055555555555554,99.5,2.663555364608762,0.6533820331096649,98.0,62.5
eval_union,"[0.526361279170268, 50.407982261640804, 609, 1263, 548, 1872]",,25.055555555555554,99.5,2.663555364608762,0.6831670719385142,98.0,63.0
eval_union,"[0.5280898876404494, 50.088691796008874, 611, 1255, 546, 1866]",,25.055555555555554,99.5,2.663555364608762,0.7098419928550724,98.0,63.5
eval_union,"[0.5280898876404494, 49.929046563192905, 611, 1251, 546, 1862]",,25.055555555555554,99.5,2.663555364608762,0.7381514167785644,98.0,64.0
eval_union,"[0.5272255834053586, 49.29046563192905, 610, 1235, 547, 1845]",,25.055555555555554,99.5,2.663555364608762,0.764243181347847,98.0,64.5
eval_union,"[0.5289541918755402, 48.97117516629712, 612, 1227, 545, 1839]",,25.055555555555554,99.5,2.663555364608762,0.7910401135683061,98.0,65.0
eval_union,"[0.5289541918755402, 48.57206208425721, 612, 1217, 545, 1829]",,25.055555555555554,99.5,2.663555364608762,0.8190016227960588,98.0,65.5
eval_union,"[0.5289541918755402, 48.05321507760532, 612, 1204, 545, 1816]",,25.055555555555554,99.5,2.663555364608762,0.8498276674747467,98.0,66.0
eval_union,"[0.5315471045808124, 47.45454545454546, 615, 1189, 542, 1804]",,25.055555555555554,99.5,2.663555364608762,0.878896164894104,98.0,66.5
eval_union,"[0.5280898876404494, 47.13525498891353, 611, 1181, 546, 1792]",,25.055555555555554,99.5,2.663555364608762,0.9106361728906633,98.0,67.0
eval_union,"[0.5289541918755402, 46.85587583148559, 612, 1174, 545, 1786]",,25.055555555555554,99.5,2.663555364608762,0.9385085552930833,98.0,67.5
eval_union,"[0.5358686257562663, 46.25720620842572, 620, 1159, 537, 1779]",,25.055555555555554,99.5,2.663555364608762,0.9666943550109866,98.0,68.0
eval_union,"[0.5367329299913569, 45.73835920177384, 621, 1146, 536, 1767]",,25.055555555555554,99.5,2.663555364608762,0.9929769545793534,98.0,68.5
eval_union,"[0.5375972342264477, 45.019955654102, 622, 1128, 535, 1750]",,25.055555555555554,99.5,2.663555364608762,1.0231032216548914,98.0,69.0
eval_union,"[0.5350043215211755, 44.1419068736142, 619, 1106, 538, 1725]",,25.055555555555554,99.5,2.663555364608762,1.0563565552234644,98.0,69.5
eval_union,"[0.5350043215211755, 43.742793791574286, 619, 1096, 538, 1715]",,25.055555555555554,99.5,2.663555364608762,1.0908433079719542,98.0,70.0
eval_union,"[0.5341400172860847, 43.064301552106436, 618, 1079, 539, 1697]",,25.055555555555554,99.5,2.663555364608762,1.1248327416181563,98.0,70.5
eval_union,"[0.5358686257562663, 42.54545454545455, 620, 1066, 537, 1686]",,25.055555555555554,99.5,2.663555364608762,1.1584407019615157,98.0,71.0
eval_union,"[0.5358686257562663, 41.787139689578716, 620, 1047, 537, 1667]",,25.055555555555554,99.5,2.663555364608762,1.1988615226745605,98.0,71.5
eval_union,"[0.5375972342264477, 41.068736141906875, 622, 1029, 535, 1651]",,25.055555555555554,99.5,2.663555364608762,1.23315447807312,98.0,72.0
eval_union,"[0.5384615384615384, 40.15077605321508, 623, 1006, 534, 1629]",,25.055555555555554,99.5,2.663555364608762,1.2662764459848403,98.0,72.5
eval_union,"[0.5384615384615384, 39.87139689578714, 623, 999, 534, 1622]",,25.055555555555554,99.5,2.663555364608762,1.3011794543266295,98.0,73.0
eval_union,"[0.5341400172860847, 38.95343680709534, 618, 976, 539, 1594]",,25.055555555555554,99.5,2.663555364608762,1.3419092965126038,98.0,73.5
eval_union,"[0.5324114088159032, 38.03547671840355, 616, 953, 541, 1569]",,25.055555555555554,99.5,2.663555364608762,1.37932553768158,98.0,74.0
eval_union,"[0.5298184961106309, 36.95787139689579, 613, 926, 544, 1539]",,25.055555555555554,99.5,2.663555364608762,1.4226888734102243,98.0,74.5
eval_union,"[0.526361279170268, 36.4789356984479, 609, 914, 548, 1523]",,25.055555555555554,99.5,2.663555364608762,1.4639769792556763,98.0,75.0
eval_union,"[0.5246326707000865, 35.64079822616408, 607, 893, 550, 1500]",,25.055555555555554,99.5,2.663555364608762,1.5006821799278272,98.0,75.5
eval_union,"[0.5220397579948142, 34.80266075388027, 604, 872, 553, 1476]",,25.055555555555554,99.5,2.663555364608762,1.5416811180114744,98.0,76.0
eval_union,"[0.5220397579948142, 34.00443458980045, 604, 852, 553, 1456]",,25.055555555555554,99.5,2.663555364608762,1.590722234249115,98.0,76.5
eval_union,"[0.5211754537597234, 32.807095343680714, 603, 822, 554, 1425]",,25.055555555555554,99.5,2.663555364608762,1.6407452356815342,98.0,77.0
eval_union,"[0.5177182368193605, 32.248337028824835, 599, 808, 558, 1407]",,25.055555555555554,99.5,2.663555364608762,1.6886990547180165,98.0,77.5
eval_union,"[0.5151253241140882, 31.33037694013304, 596, 785, 561, 1381]",,25.055555555555554,99.5,2.663555364608762,1.7344632649421694,98.0,78.0
eval_union,"[0.5099394987035436, 30.691796008869183, 590, 769, 567, 1359]",,25.055555555555554,99.5,2.663555364608762,1.7916628944873827,98.0,78.5
eval_union,"[0.5038893690579084, 30.133037694013307, 583, 755, 574, 1338]",,25.055555555555554,99.5,2.663555364608762,1.8576587069034574,98.0,79.0
eval_union,"[0.5021607605877269, 29.294900221729492, 581, 734, 576, 1315]",,25.055555555555554,99.5,2.663555364608762,1.9154004043340684,98.0,79.5
eval_union,"[0.49870354364736386, 28.45676274944568, 577, 713, 580, 1290]",,25.055555555555554,99.5,2.663555364608762,1.9741851329803468,98.0,80.0
eval_union,"[0.4995678478824546, 27.937915742793795, 578, 700, 579, 1278]",,25.055555555555554,99.5,2.663555364608762,2.036969654560089,98.0,80.5
eval_union,"[0.4961106309420916, 27.219512195121954, 574, 682, 583, 1256]",,25.055555555555554,99.5,2.663555364608762,2.102254722118378,98.0,81.0
eval_union,"[0.49178910976663787, 26.261640798226168, 569, 658, 588, 1227]",,25.055555555555554,99.5,2.663555364608762,2.175994237661361,98.0,81.5
eval_union,"[0.4874675885911841, 25.543237250554327, 564, 640, 593, 1204]",,25.055555555555554,99.5,2.663555364608762,2.248897409439087,98.0,82.0
eval_union,"[0.4857389801210026, 24.62527716186253, 562, 617, 595, 1179]",,25.055555555555554,99.5,2.663555364608762,2.3326381504535667,98.0,82.5
eval_union,"[0.4822817631806396, 24.106430155210646, 558, 604, 599, 1162]",,25.055555555555554,99.5,2.663555364608762,2.425430073738098,98.0,83.0
eval_union,"[0.4822817631806396, 23.26829268292683, 558, 583, 599, 1141]",,25.055555555555554,99.5,2.663555364608762,2.5196004760265356,98.0,83.5
eval_union,"[0.48055315471045806, 22.54988913525499, 556, 565, 601, 1121]",,25.055555555555554,99.5,2.663555364608762,2.6304725933074953,98.0,84.0
eval_union,"[0.4788245462402766, 21.671840354767184, 554, 543, 603, 1097]",,25.055555555555554,99.5,2.663555364608762,2.7276616275310506,98.0,84.5
eval_union,"[0.47536732929991354, 20.953436807095347, 550, 525, 607, 1075]",,25.055555555555554,99.5,2.663555364608762,2.8380211830139164,98.0,85.0
eval_union,"[0.4701815038893691, 20.235033259423506, 544, 507, 613, 1051]",,25.055555555555554,99.5,2.663555364608762,2.955703905820846,98.0,85.5
eval_union,"[0.4658599827139153, 19.47671840354767, 539, 488, 618, 1027]",,25.055555555555554,99.5,2.663555364608762,3.081022396087646,98.0,86.0
eval_union,"[0.46499567847882456, 19.03769401330377, 538, 477, 619, 1015]",,25.055555555555554,99.5,2.663555364608762,3.2219283390045166,98.0,86.5
eval_union,"[0.4606741573033708, 18.0, 533, 451, 624, 984]",,25.055555555555554,99.5,2.663555364608762,3.3582502841949444,98.0,87.0
eval_union,"[0.4546240276577355, 17.082039911308204, 526, 428, 631, 954]",,25.055555555555554,99.5,2.663555364608762,3.52468004822731,98.0,87.5
eval_union,"[0.445980985306828, 16.603104212860313, 516, 416, 641, 932]",,25.055555555555554,99.5,2.663555364608762,3.7051178741455093,98.0,88.0
eval_union,"[0.43215211754537597, 16.044345898004437, 500, 402, 657, 902]",,25.055555555555554,99.5,2.663555364608762,3.874412554502486,98.0,88.5
eval_union,"[0.41832324978392393, 15.565410199556542, 484, 390, 673, 874]",,25.055555555555554,99.5,2.663555364608762,4.0701590919494635,98.0,89.0
eval_union,"[0.41659464131374246, 15.206208425720622, 482, 381, 675, 863]",,25.055555555555554,99.5,2.663555364608762,4.255578207969666,98.0,89.5
eval_union,"[0.3975799481417459, 14.847006651884701, 460, 372, 697, 832]",,25.055555555555554,99.5,2.663555364608762,4.457726860046381,98.0,90.0
eval_union,"[0.3837510803802939, 14.487804878048781, 444, 363, 713, 807]",,25.055555555555554,99.5,2.663555364608762,4.675087914466858,98.0,90.5
eval_union,"[0.3707865168539326, 13.968957871396897, 429, 350, 728, 779]",,25.055555555555554,99.5,2.663555364608762,4.933004894256597,98.0,91.0
eval_union,"[0.3560933448573898, 13.210643015521065, 412, 331, 745, 743]",,25.055555555555554,99.5,2.663555364608762,5.220453071594238,98.0,91.5
eval_union,"[0.34485738980121, 12.572062084257206, 399, 315, 758, 714]",,25.055555555555554,99.5,2.663555364608762,5.517267513275148,98.0,92.0
eval_union,"[0.32843560933448573, 12.053215077605323, 380, 302, 777, 682]",,25.055555555555554,99.5,2.663555364608762,5.841959142684942,98.0,92.5
eval_union,"[0.3111495246326707, 11.694013303769403, 360, 293, 797, 653]",,25.055555555555554,99.5,2.663555364608762,6.205128560066222,98.0,93.0
eval_union,"[0.2990492653414002, 11.015521064301552, 346, 276, 811, 622]",,25.055555555555554,99.5,2.663555364608762,6.654482979774491,98.0,93.5
eval_union,"[0.28522039757994816, 10.656319290465634, 330, 267, 827, 597]",,25.055555555555554,99.5,2.663555364608762,7.212375669479336,98.0,94.0
eval_union,"[0.2757130509939499, 10.137472283813748, 319, 254, 838, 573]",,25.055555555555554,99.5,2.663555364608762,7.794489538669587,98.0,94.5
eval_union,"[0.26188418323249785, 9.578713968957873, 303, 240, 854, 543]",,25.055555555555554,99.5,2.663555364608762,8.410855770111041,98.0,95.0
eval_union,"[0.2445980985306828, 9.299334811529935, 283, 233, 874, 516]",,25.055555555555554,99.5,2.663555364608762,9.304570846557606,98.0,95.5
eval_union,"[0.23249783923941228, 8.860310421286032, 269, 222, 888, 491]",,25.055555555555554,99.5,2.663555364608762,10.050942497253422,98.0,96.0
eval_union,"[0.2143474503025065, 8.42128603104213, 248, 211, 909, 459]",,25.055555555555554,99.5,2.663555364608762,10.904608006477345,98.0,96.5
eval_union,"[0.19014693171996544, 7.782705099778271, 220, 195, 937, 415]",,25.055555555555554,99.5,2.663555364608762,11.678171405792227,98.0,97.0
eval_union,"[0.15730337078651685, 7.303769401330378, 182, 183, 975, 365]",,25.055555555555554,99.5,2.663555364608762,12.63719093799591,98.0,97.5
eval_union,"[0.1313742437337943, 6.824833702882484, 152, 171, 1005, 323]",,25.055555555555554,99.5,2.663555364608762,13.963846740722648,98.0,98.0
eval_union,"[0.10803802938634399, 6.3458980044345905, 125, 159, 1032, 284]",,25.055555555555554,99.5,2.663555364608762,16.57019313812255,98.0,98.5
eval_union,"[0.07346585998271392, 5.787139689578715, 85, 145, 1072, 230]",,25.055555555555554,99.5,2.663555364608762,20.60003761291506,98.0,99.0
eval_union,"[0.03975799481417459, 5.388026607538803, 46, 135, 1111, 181]",,25.055555555555554,99.5,2.663555364608762,28.334656648635683,98.0,99.5
eval_union,"[0.4943820224719101, 55.91574279379158, 572, 1401, 585, 1973]",,25.055555555555554,99.5,2.389908382892608,0.09077733382582664,97.0,50.0
eval_union,"[0.49351771823681934, 55.91574279379158, 571, 1401, 586, 1972]",,25.055555555555554,99.5,2.389908382892608,0.11212093323469155,97.0,50.5
eval_union,"[0.4943820224719101, 56.03547671840355, 572, 1404, 585, 1976]",,25.055555555555554,99.5,2.389908382892608,0.13464516386389755,97.0,51.0
eval_union,"[0.49524632670700086, 55.79600886917961, 573, 1398, 584, 1971]",,25.055555555555554,99.5,2.389908382892608,0.15403672441840174,97.0,51.5
eval_union,"[0.4969749351771824, 55.87583148558759, 575, 1400, 582, 1975]",,25.055555555555554,99.5,2.389908382892608,0.17796872973442074,97.0,52.0
eval_union,"[0.5012964563526361, 55.75609756097561, 580, 1397, 577, 1977]",,25.055555555555554,99.5,2.389908382892608,0.19627721086144476,97.0,52.5
eval_union,"[0.5064822817631807, 55.51662971175167, 586, 1391, 571, 1977]",,25.055555555555554,99.5,2.389908382892608,0.22048529401421563,97.0,53.0
eval_union,"[0.5090751944684528, 55.71618625277162, 589, 1396, 568, 1985]",,25.055555555555554,99.5,2.389908382892608,0.24122495941817762,97.0,53.5
eval_union,"[0.5090751944684528, 55.95565410199557, 589, 1402, 568, 1991]",,25.055555555555554,99.5,2.389908382892608,0.2610533964633942,97.0,54.0
eval_union,"[0.5125324114088159, 55.71618625277162, 593, 1396, 564, 1989]",,25.055555555555554,99.5,2.389908382892608,0.28204435005784095,97.0,54.5
eval_union,"[0.5142610198789974, 55.63636363636364, 595, 1394, 562, 1989]",,25.055555555555554,99.5,2.389908382892608,0.30234529823064815,97.0,55.0
eval_union,"[0.5159896283491789, 55.67627494456763, 597, 1395, 560, 1992]",,25.055555555555554,99.5,2.389908382892608,0.32569405794143685,97.0,55.5
eval_union,"[0.5168539325842697, 55.55654101995566, 598, 1392, 559, 1990]",,25.055555555555554,99.5,2.389908382892608,0.3478954076766968,97.0,56.0
eval_union,"[0.5194468452895419, 55.3569844789357, 601, 1387, 556, 1988]",,25.055555555555554,99.5,2.389908382892608,0.3691490027308463,97.0,56.5
eval_union,"[0.5220397579948142, 55.31707317073171, 604, 1386, 553, 1990]",,25.055555555555554,99.5,2.389908382892608,0.3913524010777473,97.0,57.0
eval_union,"[0.5211754537597234, 55.3569844789357, 603, 1387, 554, 1990]",,25.055555555555554,99.5,2.389908382892608,0.41571238785982123,97.0,57.5
eval_union,"[0.5229040622299049, 55.3569844789357, 605, 1387, 552, 1992]",,25.055555555555554,99.5,2.389908382892608,0.4399468266963957,97.0,58.0
eval_union,"[0.5246326707000865, 55.23725055432373, 607, 1384, 550, 1991]",,25.055555555555554,99.5,2.389908382892608,0.46726177960634213,97.0,58.5
eval_union,"[0.5246326707000865, 54.63858093126386, 607, 1369, 550, 1976]",,25.055555555555554,99.5,2.389908382892608,0.49008097410202023,97.0,59.0
eval_union,"[0.5289541918755402, 54.15964523281597, 612, 1357, 545, 1969]",,25.055555555555554,99.5,2.389908382892608,0.5134383669495581,97.0,59.5
eval_union,"[0.5298184961106309, 54.07982261640799, 613, 1355, 544, 1968]",,25.055555555555554,99.5,2.389908382892608,0.536166477203369,97.0,60.0
eval_union,"[0.5306828003457217, 54.31929046563193, 614, 1361, 543, 1975]",,25.055555555555554,99.5,2.389908382892608,0.5595470631122589,97.0,60.5
eval_union,"[0.5324114088159032, 54.51884700665189, 616, 1366, 541, 1982]",,25.055555555555554,99.5,2.389908382892608,0.5817095768451691,97.0,61.0
eval_union,"[0.5324114088159032, 54.07982261640799, 616, 1355, 541, 1971]",,25.055555555555554,99.5,2.389908382892608,0.6042246025800704,97.0,61.5
eval_union,"[0.5324114088159032, 53.88026607538803, 616, 1350, 541, 1966]",,25.055555555555554,99.5,2.389908382892608,0.6289117872714997,97.0,62.0
eval_union,"[0.5324114088159032, 53.36141906873615, 616, 1337, 541, 1953]",,25.055555555555554,99.5,2.389908382892608,0.6533820331096649,97.0,62.5
eval_union,"[0.5306828003457217, 53.241685144124176, 614, 1334, 543, 1948]",,25.055555555555554,99.5,2.389908382892608,0.6831670719385142,97.0,63.0
eval_union,"[0.5324114088159032, 52.922394678492246, 616, 1326, 541, 1942]",,25.055555555555554,99.5,2.389908382892608,0.7098419928550724,97.0,63.5
eval_union,"[0.5324114088159032, 52.76274944567628, 616, 1322, 541, 1938]",,25.055555555555554,99.5,2.389908382892608,0.7381514167785644,97.0,64.0
eval_union,"[0.5315471045808124, 52.12416851441242, 615, 1306, 542, 1921]",,25.055555555555554,99.5,2.389908382892608,0.764243181347847,97.0,64.5
eval_union,"[0.533275713050994, 51.804878048780495, 617, 1298, 540, 1915]",,25.055555555555554,99.5,2.389908382892608,0.7910401135683061,97.0,65.0
eval_union,"[0.533275713050994, 51.405764966740584, 617, 1288, 540, 1905]",,25.055555555555554,99.5,2.389908382892608,0.8190016227960588,97.0,65.5
eval_union,"[0.533275713050994, 50.886917960088695, 617, 1275, 540, 1892]",,25.055555555555554,99.5,2.389908382892608,0.8498276674747467,97.0,66.0
eval_union,"[0.5358686257562663, 50.288248337028826, 620, 1260, 537, 1880]",,25.055555555555554,99.5,2.389908382892608,0.878896164894104,97.0,66.5
eval_union,"[0.5324114088159032, 49.9689578713969, 616, 1252, 541, 1868]",,25.055555555555554,99.5,2.389908382892608,0.9106361728906633,97.0,67.0
eval_union,"[0.533275713050994, 49.68957871396896, 617, 1245, 540, 1862]",,25.055555555555554,99.5,2.389908382892608,0.9385085552930833,97.0,67.5
eval_union,"[0.54019014693172, 49.0509977827051, 625, 1229, 532, 1854]",,25.055555555555554,99.5,2.389908382892608,0.9666943550109866,97.0,68.0
eval_union,"[0.5410544511668107, 48.53215077605322, 626, 1216, 531, 1842]",,25.055555555555554,99.5,2.389908382892608,0.9929769545793534,97.0,68.5
eval_union,"[0.5419187554019015, 47.81374722838138, 627, 1198, 530, 1825]",,25.055555555555554,99.5,2.389908382892608,1.0231032216548914,97.0,69.0
eval_union,"[0.5393258426966292, 46.93569844789357, 624, 1176, 533, 1800]",,25.055555555555554,99.5,2.389908382892608,1.0563565552234644,97.0,69.5
eval_union,"[0.5393258426966292, 46.53658536585366, 624, 1166, 533, 1790]",,25.055555555555554,99.5,2.389908382892608,1.0908433079719542,97.0,70.0
eval_union,"[0.5384615384615384, 45.85809312638581, 623, 1149, 534, 1772]",,25.055555555555554,99.5,2.389908382892608,1.1248327416181563,97.0,70.5
eval_union,"[0.54019014693172, 45.33924611973393, 625, 1136, 532, 1761]",,25.055555555555554,99.5,2.389908382892608,1.1584407019615157,97.0,71.0
eval_union,"[0.54019014693172, 44.5809312638581, 625, 1117, 532, 1742]",,25.055555555555554,99.5,2.389908382892608,1.1988615226745605,97.0,71.5
eval_union,"[0.5419187554019015, 43.86252771618626, 627, 1099, 530, 1726]",,25.055555555555554,99.5,2.389908382892608,1.23315447807312,97.0,72.0
eval_union,"[0.5427830596369922, 42.94456762749446, 628, 1076, 529, 1704]",,25.055555555555554,99.5,2.389908382892608,1.2662764459848403,97.0,72.5
eval_union,"[0.5427830596369922, 42.665188470066525, 628, 1069, 529, 1697]",,25.055555555555554,99.5,2.389908382892608,1.3011794543266295,97.0,73.0
eval_union,"[0.5384615384615384, 41.747228381374725, 623, 1046, 534, 1669]",,25.055555555555554,99.5,2.389908382892608,1.3419092965126038,97.0,73.5
eval_union,"[0.5367329299913569, 40.82926829268293, 621, 1023, 536, 1644]",,25.055555555555554,99.5,2.389908382892608,1.37932553768158,97.0,74.0
eval_union,"[0.5341400172860847, 39.79157427937916, 618, 997, 539, 1615]",,25.055555555555554,99.5,2.389908382892608,1.4226888734102243,97.0,74.5
eval_union,"[0.5315471045808124, 39.27272727272727, 615, 984, 542, 1599]",,25.055555555555554,99.5,2.389908382892608,1.4639769792556763,97.0,75.0
eval_union,"[0.5298184961106309, 38.43458980044346, 613, 963, 544, 1576]",,25.055555555555554,99.5,2.389908382892608,1.5006821799278272,97.0,75.5
eval_union,"[0.5272255834053586, 37.59645232815965, 610, 942, 547, 1552]",,25.055555555555554,99.5,2.389908382892608,1.5416811180114744,97.0,76.0
eval_union,"[0.5272255834053586, 36.83813747228382, 610, 923, 547, 1533]",,25.055555555555554,99.5,2.389908382892608,1.590722234249115,97.0,76.5
eval_union,"[0.526361279170268, 35.68070953436808, 609, 894, 548, 1503]",,25.055555555555554,99.5,2.389908382892608,1.6407452356815342,97.0,77.0
eval_union,"[0.5229040622299049, 35.1219512195122, 605, 880, 552, 1485]",,25.055555555555554,99.5,2.389908382892608,1.6886990547180165,97.0,77.5
eval_union,"[0.5203111495246326, 34.2039911308204, 602, 857, 555, 1459]",,25.055555555555554,99.5,2.389908382892608,1.7344632649421694,97.0,78.0
eval_union,"[0.5151253241140882, 33.565410199556545, 596, 841, 561, 1437]",,25.055555555555554,99.5,2.389908382892608,1.7916628944873827,97.0,78.5
eval_union,"[0.5090751944684528, 33.006651884700666, 589, 827, 568, 1416]",,25.055555555555554,99.5,2.389908382892608,1.8576587069034574,97.0,79.0
eval_union,"[0.5073465859982714, 32.208425720620845, 587, 807, 570, 1394]",,25.055555555555554,99.5,2.389908382892608,1.9154004043340684,97.0,79.5
eval_union,"[0.5038893690579084, 31.37028824833703, 583, 786, 574, 1369]",,25.055555555555554,99.5,2.389908382892608,1.9741851329803468,97.0,80.0
eval_union,"[0.5047536732929991, 30.851441241685148, 584, 773, 573, 1357]",,25.055555555555554,99.5,2.389908382892608,2.036969654560089,97.0,80.5
eval_union,"[0.5012964563526361, 30.133037694013307, 580, 755, 577, 1335]",,25.055555555555554,99.5,2.389908382892608,2.102254722118378,97.0,81.0
eval_union,"[0.4969749351771824, 29.21507760532151, 575, 732, 582, 1307]",,25.055555555555554,99.5,2.389908382892608,2.175994237661361,97.0,81.5
eval_union,"[0.49265341400172863, 28.49667405764967, 570, 714, 587, 1284]",,25.055555555555554,99.5,2.389908382892608,2.248897409439087,97.0,82.0
eval_union,"[0.4909248055315471, 27.578713968957874, 568, 691, 589, 1259]",,25.055555555555554,99.5,2.389908382892608,2.3326381504535667,97.0,82.5
eval_union,"[0.4874675885911841, 27.05986696230599, 564, 678, 593, 1242]",,25.055555555555554,99.5,2.389908382892608,2.425430073738098,97.0,83.0
eval_union,"[0.4874675885911841, 26.221729490022174, 564, 657, 593, 1221]",,25.055555555555554,99.5,2.389908382892608,2.5196004760265356,97.0,83.5
eval_union,"[0.4857389801210026, 25.503325942350333, 562, 639, 595, 1201]",,25.055555555555554,99.5,2.389908382892608,2.6304725933074953,97.0,84.0
eval_union,"[0.4840103716508211, 24.62527716186253, 560, 617, 597, 1177]",,25.055555555555554,99.5,2.389908382892608,2.7276616275310506,97.0,84.5
eval_union,"[0.48055315471045806, 23.90687361419069, 556, 599, 601, 1155]",,25.055555555555554,99.5,2.389908382892608,2.8380211830139164,97.0,85.0
eval_union,"[0.47536732929991354, 23.18847006651885, 550, 581, 607, 1131]",,25.055555555555554,99.5,2.389908382892608,2.955703905820846,97.0,85.5
eval_union,"[0.47191011235955055, 22.390243902439025, 546, 561, 611, 1107]",,25.055555555555554,99.5,2.389908382892608,3.081022396087646,97.0,86.0
eval_union,"[0.4710458081244598, 21.951219512195124, 545, 550, 612, 1095]",,25.055555555555554,99.5,2.389908382892608,3.2219283390045166,97.0,86.5
eval_union,"[0.46672428694900603, 20.913525498891353, 540, 524, 617, 1064]",,25.055555555555554,99.5,2.389908382892608,3.3582502841949444,97.0,87.0
eval_union,"[0.4606741573033708, 19.995565410199557, 533, 501, 624, 1034]",,25.055555555555554,99.5,2.389908382892608,3.52468004822731,97.0,87.5
eval_union,"[0.4520311149524633, 19.516629711751666, 523, 489, 634, 1012]",,25.055555555555554,99.5,2.389908382892608,3.7051178741455093,97.0,88.0
eval_union,"[0.43820224719101125, 18.95787139689579, 507, 475, 650, 982]",,25.055555555555554,99.5,2.389908382892608,3.874412554502486,97.0,88.5
eval_union,"[0.4243733794295592, 18.478935698447895, 491, 463, 666, 954]",,25.055555555555554,99.5,2.389908382892608,4.0701590919494635,97.0,89.0
eval_union,"[0.4226447709593777, 18.119733924611975, 489, 454, 668, 943]",,25.055555555555554,99.5,2.389908382892608,4.255578207969666,97.0,89.5
eval_union,"[0.4044943820224719, 17.720620842572064, 468, 444, 689, 912]",,25.055555555555554,99.5,2.389908382892608,4.457726860046381,97.0,90.0
eval_union,"[0.39066551426101986, 17.361419068736144, 452, 435, 705, 887]",,25.055555555555554,99.5,2.389908382892608,4.675087914466858,97.0,90.5
eval_union,"[0.3777009507346586, 16.84257206208426, 437, 422, 720, 859]",,25.055555555555554,99.5,2.389908382892608,4.933004894256597,97.0,91.0
eval_union,"[0.3630077787381158, 16.084257206208427, 420, 403, 737, 823]",,25.055555555555554,99.5,2.389908382892608,5.220453071594238,97.0,91.5
eval_union,"[0.35177182368193605, 15.48558758314856, 407, 388, 750, 795]",,25.055555555555554,99.5,2.389908382892608,5.517267513275148,97.0,92.0
eval_union,"[0.3353500432152118, 14.966740576496676, 388, 375, 769, 763]",,25.055555555555554,99.5,2.389908382892608,5.841959142684942,97.0,92.5
eval_union,"[0.3180639585133967, 14.607538802660756, 368, 366, 789, 734]",,25.055555555555554,99.5,2.389908382892608,6.205128560066222,97.0,93.0
eval_union,"[0.3059636992221262, 13.929046563192905, 354, 349, 803, 703]",,25.055555555555554,99.5,2.389908382892608,6.654482979774491,97.0,93.5
eval_union,"[0.29213483146067415, 13.569844789356985, 338, 340, 819, 678]",,25.055555555555554,99.5,2.389908382892608,7.212375669479336,97.0,94.0
eval_union,"[0.2843560933448574, 12.971175166297119, 329, 325, 828, 654]",,25.055555555555554,99.5,2.389908382892608,7.794489538669587,97.0,94.5
eval_union,"[0.27052722558340536, 12.412416851441243, 313, 311, 844, 624]",,25.055555555555554,99.5,2.389908382892608,8.410855770111041,97.0,95.0
eval_union,"[0.25324114088159033, 12.133037694013305, 293, 304, 864, 597]",,25.055555555555554,99.5,2.389908382892608,9.304570846557606,97.0,95.5
eval_union,"[0.2411408815903198, 11.694013303769403, 279, 293, 878, 572]",,25.055555555555554,99.5,2.389908382892608,10.050942497253422,97.0,96.0
eval_union,"[0.222990492653414, 11.2549889135255, 258, 282, 899, 540]",,25.055555555555554,99.5,2.389908382892608,10.904608006477345,97.0,96.5
eval_union,"[0.19878997407087295, 10.616407982261642, 230, 266, 927, 496]",,25.055555555555554,99.5,2.389908382892608,11.678171405792227,97.0,97.0
eval_union,"[0.16594641313742436, 10.137472283813748, 192, 254, 965, 446]",,25.055555555555554,99.5,2.389908382892608,12.63719093799591,97.0,97.5
eval_union,"[0.14001728608470182, 9.658536585365855, 162, 242, 995, 404]",,25.055555555555554,99.5,2.389908382892608,13.963846740722648,97.0,98.0
eval_union,"[0.11668107173725151, 9.17960088691796, 135, 230, 1022, 365]",,25.055555555555554,99.5,2.389908382892608,16.57019313812255,97.0,98.5
eval_union,"[0.08210890233362143, 8.620842572062084, 95, 216, 1062, 311]",,25.055555555555554,99.5,2.389908382892608,20.60003761291506,97.0,99.0
eval_union,"[0.04840103716508211, 8.221729490022174, 56, 206, 1101, 262]",,25.055555555555554,99.5,2.389908382892608,28.334656648635683,97.0,99.5
eval_union,"[0.4969749351771824, 58.509977827051, 575, 1466, 582, 2041]",,25.055555555555554,99.5,2.2125669479370127,0.09077733382582664,96.0,50.0
eval_union,"[0.4961106309420916, 58.509977827051, 574, 1466, 583, 2040]",,25.055555555555554,99.5,2.2125669479370127,0.11212093323469155,96.0,50.5
eval_union,"[0.4978392394122731, 58.589800443458984, 576, 1468, 581, 2044]",,25.055555555555554,99.5,2.2125669479370127,0.13464516386389755,96.0,51.0
eval_union,"[0.49870354364736386, 58.310421286031044, 577, 1461, 580, 2038]",,25.055555555555554,99.5,2.2125669479370127,0.15403672441840174,96.0,51.5
eval_union,"[0.5004321521175453, 58.39024390243903, 579, 1463, 578, 2042]",,25.055555555555554,99.5,2.2125669479370127,0.17796872973442074,96.0,52.0
eval_union,"[0.5047536732929991, 58.270509977827054, 584, 1460, 573, 2044]",,25.055555555555554,99.5,2.2125669479370127,0.19627721086144476,96.0,52.5
eval_union,"[0.5099394987035436, 58.03104212860311, 590, 1454, 567, 2044]",,25.055555555555554,99.5,2.2125669479370127,0.22048529401421563,96.0,53.0
eval_union,"[0.5125324114088159, 58.23059866962306, 593, 1459, 564, 2052]",,25.055555555555554,99.5,2.2125669479370127,0.24122495941817762,96.0,53.5
eval_union,"[0.5125324114088159, 58.47006651884701, 593, 1465, 564, 2058]",,25.055555555555554,99.5,2.2125669479370127,0.2610533964633942,96.0,54.0
eval_union,"[0.5159896283491789, 58.23059866962306, 597, 1459, 560, 2056]",,25.055555555555554,99.5,2.2125669479370127,0.28204435005784095,96.0,54.5
eval_union,"[0.5177182368193605, 58.15077605321508, 599, 1457, 558, 2056]",,25.055555555555554,99.5,2.2125669479370127,0.30234529823064815,96.0,55.0
eval_union,"[0.5194468452895419, 58.19068736141907, 601, 1458, 556, 2059]",,25.055555555555554,99.5,2.2125669479370127,0.32569405794143685,96.0,55.5
eval_union,"[0.5203111495246326, 58.0709534368071, 602, 1455, 555, 2057]",,25.055555555555554,99.5,2.2125669479370127,0.3478954076766968,96.0,56.0
eval_union,"[0.5229040622299049, 57.83148558758315, 605, 1449, 552, 2054]",,25.055555555555554,99.5,2.2125669479370127,0.3691490027308463,96.0,56.5
eval_union,"[0.5254969749351772, 57.79157427937916, 608, 1448, 549, 2056]",,25.055555555555554,99.5,2.2125669479370127,0.3913524010777473,96.0,57.0
eval_union,"[0.5246326707000865, 57.83148558758315, 607, 1449, 550, 2056]",,25.055555555555554,99.5,2.2125669479370127,0.41571238785982123,96.0,57.5
eval_union,"[0.526361279170268, 57.83148558758315, 609, 1449, 548, 2058]",,25.055555555555554,99.5,2.2125669479370127,0.4399468266963957,96.0,58.0
eval_union,"[0.5280898876404494, 57.71175166297118, 611, 1446, 546, 2057]",,25.055555555555554,99.5,2.2125669479370127,0.46726177960634213,96.0,58.5
eval_union,"[0.5280898876404494, 57.07317073170732, 611, 1430, 546, 2041]",,25.055555555555554,99.5,2.2125669479370127,0.49008097410202023,96.0,59.0
eval_union,"[0.5324114088159032, 56.59423503325943, 616, 1418, 541, 2034]",,25.055555555555554,99.5,2.2125669479370127,0.5134383669495581,96.0,59.5
eval_union,"[0.533275713050994, 56.51441241685144, 617, 1416, 540, 2033]",,25.055555555555554,99.5,2.2125669479370127,0.536166477203369,96.0,60.0
eval_union,"[0.5341400172860847, 56.75388026607539, 618, 1422, 539, 2040]",,25.055555555555554,99.5,2.2125669479370127,0.5595470631122589,96.0,60.5
eval_union,"[0.5358686257562663, 56.95343680709535, 620, 1427, 537, 2047]",,25.055555555555554,99.5,2.2125669479370127,0.5817095768451691,96.0,61.0
eval_union,"[0.5358686257562663, 56.51441241685144, 620, 1416, 537, 2036]",,25.055555555555554,99.5,2.2125669479370127,0.6042246025800704,96.0,61.5
eval_union,"[0.5358686257562663, 56.31485587583149, 620, 1411, 537, 2031]",,25.055555555555554,99.5,2.2125669479370127,0.6289117872714997,96.0,62.0
eval_union,"[0.5358686257562663, 55.79600886917961, 620, 1398, 537, 2018]",,25.055555555555554,99.5,2.2125669479370127,0.6533820331096649,96.0,62.5
eval_union,"[0.5341400172860847, 55.67627494456763, 618, 1395, 539, 2013]",,25.055555555555554,99.5,2.2125669479370127,0.6831670719385142,96.0,63.0
eval_union,"[0.5358686257562663, 55.3569844789357, 620, 1387, 537, 2007]",,25.055555555555554,99.5,2.2125669479370127,0.7098419928550724,96.0,63.5
eval_union,"[0.5358686257562663, 55.19733924611974, 620, 1383, 537, 2003]",,25.055555555555554,99.5,2.2125669479370127,0.7381514167785644,96.0,64.0
eval_union,"[0.5350043215211755, 54.55875831485588, 619, 1367, 538, 1986]",,25.055555555555554,99.5,2.2125669479370127,0.764243181347847,96.0,64.5
eval_union,"[0.5367329299913569, 54.23946784922395, 621, 1359, 536, 1980]",,25.055555555555554,99.5,2.2125669479370127,0.7910401135683061,96.0,65.0
eval_union,"[0.5367329299913569, 53.84035476718404, 621, 1349, 536, 1970]",,25.055555555555554,99.5,2.2125669479370127,0.8190016227960588,96.0,65.5
eval_union,"[0.5367329299913569, 53.281596452328166, 621, 1335, 536, 1956]",,25.055555555555554,99.5,2.2125669479370127,0.8498276674747467,96.0,66.0
eval_union,"[0.5393258426966292, 52.72283813747229, 624, 1321, 533, 1945]",,25.055555555555554,99.5,2.2125669479370127,0.878896164894104,96.0,66.5
eval_union,"[0.5358686257562663, 52.40354767184036, 620, 1313, 537, 1933]",,25.055555555555554,99.5,2.2125669479370127,0.9106361728906633,96.0,67.0
eval_union,"[0.5367329299913569, 52.12416851441242, 621, 1306, 536, 1927]",,25.055555555555554,99.5,2.2125669479370127,0.9385085552930833,96.0,67.5
eval_union,"[0.543647363872083, 51.485587583148565, 629, 1290, 528, 1919]",,25.055555555555554,99.5,2.2125669479370127,0.9666943550109866,96.0,68.0
eval_union,"[0.5445116681071738, 50.966740576496676, 630, 1277, 527, 1907]",,25.055555555555554,99.5,2.2125669479370127,0.9929769545793534,96.0,68.5
eval_union,"[0.5453759723422644, 50.248337028824835, 631, 1259, 526, 1890]",,25.055555555555554,99.5,2.2125669479370127,1.0231032216548914,96.0,69.0
eval_union,"[0.5427830596369922, 49.37028824833703, 628, 1237, 529, 1865]",,25.055555555555554,99.5,2.2125669479370127,1.0563565552234644,96.0,69.5
eval_union,"[0.5427830596369922, 48.97117516629712, 628, 1227, 529, 1855]",,25.055555555555554,99.5,2.2125669479370127,1.0908433079719542,96.0,70.0
eval_union,"[0.5419187554019015, 48.33259423503326, 627, 1211, 530, 1838]",,25.055555555555554,99.5,2.2125669479370127,1.1248327416181563,96.0,70.5
eval_union,"[0.5427830596369922, 47.85365853658537, 628, 1199, 529, 1827]",,25.055555555555554,99.5,2.2125669479370127,1.1584407019615157,96.0,71.0
eval_union,"[0.5427830596369922, 47.09534368070954, 628, 1180, 529, 1808]",,25.055555555555554,99.5,2.2125669479370127,1.1988615226745605,96.0,71.5
eval_union,"[0.5445116681071738, 46.3769401330377, 630, 1162, 527, 1792]",,25.055555555555554,99.5,2.2125669479370127,1.23315447807312,96.0,72.0
eval_union,"[0.5453759723422644, 45.4589800443459, 631, 1139, 526, 1770]",,25.055555555555554,99.5,2.2125669479370127,1.2662764459848403,96.0,72.5
eval_union,"[0.5453759723422644, 45.13968957871397, 631, 1131, 526, 1762]",,25.055555555555554,99.5,2.2125669479370127,1.3011794543266295,96.0,73.0
eval_union,"[0.5410544511668107, 44.18181818181819, 626, 1107, 531, 1733]",,25.055555555555554,99.5,2.2125669479370127,1.3419092965126038,96.0,73.5
eval_union,"[0.5393258426966292, 43.26385809312639, 624, 1084, 533, 1708]",,25.055555555555554,99.5,2.2125669479370127,1.37932553768158,96.0,74.0
eval_union,"[0.5367329299913569, 42.305986696230605, 621, 1060, 536, 1681]",,25.055555555555554,99.5,2.2125669479370127,1.4226888734102243,96.0,74.5
eval_union,"[0.533275713050994, 41.827050997782706, 617, 1048, 540, 1665]",,25.055555555555554,99.5,2.2125669479370127,1.4639769792556763,96.0,75.0
eval_union,"[0.5324114088159032, 40.949002217294904, 616, 1026, 541, 1642]",,25.055555555555554,99.5,2.2125669479370127,1.5006821799278272,96.0,75.5
eval_union,"[0.5298184961106309, 40.15077605321508, 613, 1006, 544, 1619]",,25.055555555555554,99.5,2.2125669479370127,1.5416811180114744,96.0,76.0
eval_union,"[0.5298184961106309, 39.39246119733925, 613, 987, 544, 1600]",,25.055555555555554,99.5,2.2125669479370127,1.590722234249115,96.0,76.5
eval_union,"[0.5289541918755402, 38.31485587583149, 612, 960, 545, 1572]",,25.055555555555554,99.5,2.2125669479370127,1.6407452356815342,96.0,77.0
eval_union,"[0.5254969749351772, 37.75609756097561, 608, 946, 549, 1554]",,25.055555555555554,99.5,2.2125669479370127,1.6886990547180165,96.0,77.5
eval_union,"[0.5229040622299049, 36.87804878048781, 605, 924, 552, 1529]",,25.055555555555554,99.5,2.2125669479370127,1.7344632649421694,96.0,78.0
eval_union,"[0.5177182368193605, 36.23946784922395, 599, 908, 558, 1507]",,25.055555555555554,99.5,2.2125669479370127,1.7916628944873827,96.0,78.5
eval_union,"[0.5116681071737251, 35.68070953436808, 592, 894, 565, 1486]",,25.055555555555554,99.5,2.2125669479370127,1.8576587069034574,96.0,79.0
eval_union,"[0.5099394987035436, 34.88248337028825, 590, 874, 567, 1464]",,25.055555555555554,99.5,2.2125669479370127,1.9154004043340684,96.0,79.5
eval_union,"[0.5064822817631807, 34.04434589800444, 586, 853, 571, 1439]",,25.055555555555554,99.5,2.2125669479370127,1.9741851329803468,96.0,80.0
eval_union,"[0.5073465859982714, 33.525498891352555, 587, 840, 570, 1427]",,25.055555555555554,99.5,2.2125669479370127,2.036969654560089,96.0,80.5
eval_union,"[0.5038893690579084, 32.807095343680714, 583, 822, 574, 1405]",,25.055555555555554,99.5,2.2125669479370127,2.102254722118378,96.0,81.0
eval_union,"[0.4995678478824546, 31.889135254988915, 578, 799, 579, 1377]",,25.055555555555554,99.5,2.2125669479370127,2.175994237661361,96.0,81.5
eval_union,"[0.49524632670700086, 31.170731707317074, 573, 781, 584, 1354]",,25.055555555555554,99.5,2.2125669479370127,2.248897409439087,96.0,82.0
eval_union,"[0.49351771823681934, 30.252771618625278, 571, 758, 586, 1329]",,25.055555555555554,99.5,2.2125669479370127,2.3326381504535667,96.0,82.5
eval_union,"[0.49006050129645634, 29.694013303769403, 567, 744, 590, 1311]",,25.055555555555554,99.5,2.2125669479370127,2.425430073738098,96.0,83.0
eval_union,"[0.49006050129645634, 28.89578713968958, 567, 724, 590, 1291]",,25.055555555555554,99.5,2.2125669479370127,2.5196004760265356,96.0,83.5
eval_union,"[0.48833189282627487, 28.17738359201774, 565, 706, 592, 1271]",,25.055555555555554,99.5,2.2125669479370127,2.6304725933074953,96.0,84.0
eval_union,"[0.48660328435609335, 27.299334811529935, 563, 684, 594, 1247]",,25.055555555555554,99.5,2.2125669479370127,2.7276616275310506,96.0,84.5
eval_union,"[0.4840103716508211, 26.580931263858094, 560, 666, 597, 1226]",,25.055555555555554,99.5,2.2125669479370127,2.8380211830139164,96.0,85.0
eval_union,"[0.4788245462402766, 25.902439024390247, 554, 649, 603, 1203]",,25.055555555555554,99.5,2.2125669479370127,2.955703905820846,96.0,85.5
eval_union,"[0.47536732929991354, 25.104212860310422, 550, 629, 607, 1179]",,25.055555555555554,99.5,2.2125669479370127,3.081022396087646,96.0,86.0
eval_union,"[0.47450302506482284, 24.66518847006652, 549, 618, 608, 1167]",,25.055555555555554,99.5,2.2125669479370127,3.2219283390045166,96.0,86.5
eval_union,"[0.4701815038893691, 23.66740576496674, 544, 593, 613, 1137]",,25.055555555555554,99.5,2.2125669479370127,3.3582502841949444,96.0,87.0
eval_union,"[0.4641313742437338, 22.749445676274945, 537, 570, 620, 1107]",,25.055555555555554,99.5,2.2125669479370127,3.52468004822731,96.0,87.5
eval_union,"[0.4554883318928263, 22.270509977827054, 527, 558, 630, 1085]",,25.055555555555554,99.5,2.2125669479370127,3.7051178741455093,96.0,88.0
eval_union,"[0.44165946413137425, 21.711751662971178, 511, 544, 646, 1055]",,25.055555555555554,99.5,2.2125669479370127,3.874412554502486,96.0,88.5
eval_union,"[0.4278305963699222, 21.232815964523283, 495, 532, 662, 1027]",,25.055555555555554,99.5,2.2125669479370127,4.0701590919494635,96.0,89.0
eval_union,"[0.4261019878997407, 20.873614190687363, 493, 523, 664, 1016]",,25.055555555555554,99.5,2.2125669479370127,4.255578207969666,96.0,89.5
eval_union,"[0.4079515989628349, 20.474501108647452, 472, 513, 685, 985]",,25.055555555555554,99.5,2.2125669479370127,4.457726860046381,96.0,90.0
eval_union,"[0.3941227312013829, 20.11529933481153, 456, 504, 701, 960]",,25.055555555555554,99.5,2.2125669479370127,4.675087914466858,96.0,90.5
eval_union,"[0.3811581676750216, 19.596452328159646, 441, 491, 716, 932]",,25.055555555555554,99.5,2.2125669479370127,4.933004894256597,96.0,91.0
eval_union,"[0.36732929991356955, 18.798226164079825, 425, 471, 732, 896]",,25.055555555555554,99.5,2.2125669479370127,5.220453071594238,96.0,91.5
eval_union,"[0.3560933448573898, 18.199556541019955, 412, 456, 745, 868]",,25.055555555555554,99.5,2.2125669479370127,5.517267513275148,96.0,92.0
eval_union,"[0.33967156439066554, 17.680709534368074, 393, 443, 764, 836]",,25.055555555555554,99.5,2.2125669479370127,5.841959142684942,96.0,92.5
eval_union,"[0.32238547968885045, 17.321507760532153, 373, 434, 784, 807]",,25.055555555555554,99.5,2.2125669479370127,6.205128560066222,96.0,93.0
eval_union,"[0.31028522039757994, 16.643015521064303, 359, 417, 798, 776]",,25.055555555555554,99.5,2.2125669479370127,6.654482979774491,96.0,93.5
eval_union,"[0.29818496110630943, 16.203991130820402, 345, 406, 812, 751]",,25.055555555555554,99.5,2.2125669479370127,7.212375669479336,96.0,94.0
eval_union,"[0.2904062229904927, 15.605321507760534, 336, 391, 821, 727]",,25.055555555555554,99.5,2.2125669479370127,7.794489538669587,96.0,94.5
eval_union,"[0.27657735522904064, 15.046563192904658, 320, 377, 837, 697]",,25.055555555555554,99.5,2.2125669479370127,8.410855770111041,96.0,95.0
eval_union,"[0.25929127052722556, 14.767184035476719, 300, 370, 857, 670]",,25.055555555555554,99.5,2.2125669479370127,9.304570846557606,96.0,95.5
eval_union,"[0.24719101123595505, 14.328159645232818, 286, 359, 871, 645]",,25.055555555555554,99.5,2.2125669479370127,10.050942497253422,96.0,96.0
eval_union,"[0.22904062229904926, 13.889135254988915, 265, 348, 892, 613]",,25.055555555555554,99.5,2.2125669479370127,10.904608006477345,96.0,96.5
eval_union,"[0.2048401037165082, 13.250554323725057, 237, 332, 920, 569]",,25.055555555555554,99.5,2.2125669479370127,11.678171405792227,96.0,97.0
eval_union,"[0.17199654278305965, 12.771618625277164, 199, 320, 958, 519]",,25.055555555555554,99.5,2.2125669479370127,12.63719093799591,96.0,97.5
eval_union,"[0.14606741573033707, 12.292682926829269, 169, 308, 988, 477]",,25.055555555555554,99.5,2.2125669479370127,13.963846740722648,96.0,98.0
eval_union,"[0.12273120138288678, 11.853658536585368, 142, 297, 1015, 439]",,25.055555555555554,99.5,2.2125669479370127,16.57019313812255,96.0,98.5
eval_union,"[0.0881590319792567, 11.29490022172949, 102, 283, 1055, 385]",,25.055555555555554,99.5,2.2125669479370127,20.60003761291506,96.0,99.0
eval_union,"[0.05445116681071737, 10.89578713968958, 63, 273, 1094, 336]",,25.055555555555554,99.5,2.2125669479370127,28.334656648635683,96.0,99.5
eval_union,"[0.5004321521175453, 60.944567627494465, 579, 1527, 578, 2106]",,25.055555555555554,99.5,2.0753444194793698,0.09077733382582664,95.0,50.0
eval_union,"[0.5004321521175453, 60.90465631929047, 579, 1526, 578, 2105]",,25.055555555555554,99.5,2.0753444194793698,0.11212093323469155,95.0,50.5
eval_union,"[0.5021607605877269, 60.944567627494465, 581, 1527, 576, 2108]",,25.055555555555554,99.5,2.0753444194793698,0.13464516386389755,95.0,51.0
eval_union,"[0.5030250648228176, 60.665188470066525, 582, 1520, 575, 2102]",,25.055555555555554,99.5,2.0753444194793698,0.15403672441840174,95.0,51.5
eval_union,"[0.5047536732929991, 60.745011086474506, 584, 1522, 573, 2106]",,25.055555555555554,99.5,2.0753444194793698,0.17796872973442074,95.0,52.0
eval_union,"[0.5090751944684528, 60.625277161862535, 589, 1519, 568, 2108]",,25.055555555555554,99.5,2.0753444194793698,0.19627721086144476,95.0,52.5
eval_union,"[0.5142610198789974, 60.385809312638585, 595, 1513, 562, 2108]",,25.055555555555554,99.5,2.0753444194793698,0.22048529401421563,95.0,53.0
eval_union,"[0.5168539325842697, 60.585365853658544, 598, 1518, 559, 2116]",,25.055555555555554,99.5,2.0753444194793698,0.24122495941817762,95.0,53.5
eval_union,"[0.5168539325842697, 60.824833702882486, 598, 1524, 559, 2122]",,25.055555555555554,99.5,2.0753444194793698,0.2610533964633942,95.0,54.0
eval_union,"[0.5203111495246326, 60.585365853658544, 602, 1518, 555, 2120]",,25.055555555555554,99.5,2.0753444194793698,0.28204435005784095,95.0,54.5
eval_union,"[0.5220397579948142, 60.505543237250556, 604, 1516, 553, 2120]",,25.055555555555554,99.5,2.0753444194793698,0.30234529823064815,95.0,55.0
eval_union,"[0.5237683664649957, 60.505543237250556, 606, 1516, 551, 2122]",,25.055555555555554,99.5,2.0753444194793698,0.32569405794143685,95.0,55.5
eval_union,"[0.5246326707000865, 60.385809312638585, 607, 1513, 550, 2120]",,25.055555555555554,99.5,2.0753444194793698,0.3478954076766968,95.0,56.0
eval_union,"[0.5272255834053586, 60.146341463414636, 610, 1507, 547, 2117]",,25.055555555555554,99.5,2.0753444194793698,0.3691490027308463,95.0,56.5
eval_union,"[0.5298184961106309, 60.066518847006655, 613, 1505, 544, 2118]",,25.055555555555554,99.5,2.0753444194793698,0.3913524010777473,95.0,57.0
eval_union,"[0.5289541918755402, 60.106430155210646, 612, 1506, 545, 2118]",,25.055555555555554,99.5,2.0753444194793698,0.41571238785982123,95.0,57.5
eval_union,"[0.5306828003457217, 60.106430155210646, 614, 1506, 543, 2120]",,25.055555555555554,99.5,2.0753444194793698,0.4399468266963957,95.0,58.0
eval_union,"[0.5324114088159032, 59.986696230598675, 616, 1503, 541, 2119]",,25.055555555555554,99.5,2.0753444194793698,0.46726177960634213,95.0,58.5
eval_union,"[0.5324114088159032, 59.348115299334815, 616, 1487, 541, 2103]",,25.055555555555554,99.5,2.0753444194793698,0.49008097410202023,95.0,59.0
eval_union,"[0.5367329299913569, 58.86917960088692, 621, 1475, 536, 2096]",,25.055555555555554,99.5,2.0753444194793698,0.5134383669495581,95.0,59.5
eval_union,"[0.5375972342264477, 58.78935698447894, 622, 1473, 535, 2095]",,25.055555555555554,99.5,2.0753444194793698,0.536166477203369,95.0,60.0
eval_union,"[0.5384615384615384, 59.028824833702885, 623, 1479, 534, 2102]",,25.055555555555554,99.5,2.0753444194793698,0.5595470631122589,95.0,60.5
eval_union,"[0.54019014693172, 59.268292682926834, 625, 1485, 532, 2110]",,25.055555555555554,99.5,2.0753444194793698,0.5817095768451691,95.0,61.0
eval_union,"[0.54019014693172, 58.82926829268293, 625, 1474, 532, 2099]",,25.055555555555554,99.5,2.0753444194793698,0.6042246025800704,95.0,61.5
eval_union,"[0.54019014693172, 58.629711751662974, 625, 1469, 532, 2094]",,25.055555555555554,99.5,2.0753444194793698,0.6289117872714997,95.0,62.0
eval_union,"[0.54019014693172, 58.11086474501109, 625, 1456, 532, 2081]",,25.055555555555554,99.5,2.0753444194793698,0.6533820331096649,95.0,62.5
eval_union,"[0.5384615384615384, 57.99113082039912, 623, 1453, 534, 2076]",,25.055555555555554,99.5,2.0753444194793698,0.6831670719385142,95.0,63.0
eval_union,"[0.54019014693172, 57.6319290465632, 625, 1444, 532, 2069]",,25.055555555555554,99.5,2.0753444194793698,0.7098419928550724,95.0,63.5
eval_union,"[0.54019014693172, 57.47228381374723, 625, 1440, 532, 2065]",,25.055555555555554,99.5,2.0753444194793698,0.7381514167785644,95.0,64.0
eval_union,"[0.5384615384615384, 56.87361419068736, 623, 1425, 534, 2048]",,25.055555555555554,99.5,2.0753444194793698,0.764243181347847,95.0,64.5
eval_union,"[0.54019014693172, 56.55432372505544, 625, 1417, 532, 2042]",,25.055555555555554,99.5,2.0753444194793698,0.7910401135683061,95.0,65.0
eval_union,"[0.54019014693172, 56.15521064301552, 625, 1407, 532, 2032]",,25.055555555555554,99.5,2.0753444194793698,0.8190016227960588,95.0,65.5
eval_union,"[0.54019014693172, 55.59645232815965, 625, 1393, 532, 2018]",,25.055555555555554,99.5,2.0753444194793698,0.8498276674747467,95.0,66.0
eval_union,"[0.5427830596369922, 55.03769401330377, 628, 1379, 529, 2007]",,25.055555555555554,99.5,2.0753444194793698,0.878896164894104,95.0,66.5
eval_union,"[0.5393258426966292, 54.71840354767185, 624, 1371, 533, 1995]",,25.055555555555554,99.5,2.0753444194793698,0.9106361728906633,95.0,67.0
eval_union,"[0.54019014693172, 54.43902439024391, 625, 1364, 532, 1989]",,25.055555555555554,99.5,2.0753444194793698,0.9385085552930833,95.0,67.5
eval_union,"[0.547104580812446, 53.80044345898005, 633, 1348, 524, 1981]",,25.055555555555554,99.5,2.0753444194793698,0.9666943550109866,95.0,68.0
eval_union,"[0.5479688850475367, 53.281596452328166, 634, 1335, 523, 1969]",,25.055555555555554,99.5,2.0753444194793698,0.9929769545793534,95.0,68.5
eval_union,"[0.5488331892826275, 52.563192904656326, 635, 1317, 522, 1952]",,25.055555555555554,99.5,2.0753444194793698,1.0231032216548914,95.0,69.0
eval_union,"[0.5462402765773552, 51.68514412416852, 632, 1295, 525, 1927]",,25.055555555555554,99.5,2.0753444194793698,1.0563565552234644,95.0,69.5
eval_union,"[0.5462402765773552, 51.325942350332596, 632, 1286, 525, 1918]",,25.055555555555554,99.5,2.0753444194793698,1.0908433079719542,95.0,70.0
eval_union,"[0.5453759723422644, 50.727272727272734, 631, 1271, 526, 1902]",,25.055555555555554,99.5,2.0753444194793698,1.1248327416181563,95.0,70.5
eval_union,"[0.5462402765773552, 50.248337028824835, 632, 1259, 525, 1891]",,25.055555555555554,99.5,2.0753444194793698,1.1584407019615157,95.0,71.0
eval_union,"[0.547104580812446, 49.450110864745014, 633, 1239, 524, 1872]",,25.055555555555554,99.5,2.0753444194793698,1.1988615226745605,95.0,71.5
eval_union,"[0.5488331892826275, 48.73170731707317, 635, 1221, 522, 1856]",,25.055555555555554,99.5,2.0753444194793698,1.23315447807312,95.0,72.0
eval_union,"[0.5496974935177182, 47.81374722838138, 636, 1198, 521, 1834]",,25.055555555555554,99.5,2.0753444194793698,1.2662764459848403,95.0,72.5
eval_union,"[0.5488331892826275, 47.49445676274945, 635, 1190, 522, 1825]",,25.055555555555554,99.5,2.0753444194793698,1.3011794543266295,95.0,73.0
eval_union,"[0.5445116681071738, 46.53658536585366, 630, 1166, 527, 1796]",,25.055555555555554,99.5,2.0753444194793698,1.3419092965126038,95.0,73.5
eval_union,"[0.5427830596369922, 45.61862527716187, 628, 1143, 529, 1771]",,25.055555555555554,99.5,2.0753444194793698,1.37932553768158,95.0,74.0
eval_union,"[0.5410544511668107, 44.66075388026608, 626, 1119, 531, 1745]",,25.055555555555554,99.5,2.0753444194793698,1.4226888734102243,95.0,74.5
eval_union,"[0.5375972342264477, 44.18181818181819, 622, 1107, 535, 1729]",,25.055555555555554,99.5,2.0753444194793698,1.4639769792556763,95.0,75.0
eval_union,"[0.5367329299913569, 43.30376940133038, 621, 1085, 536, 1706]",,25.055555555555554,99.5,2.0753444194793698,1.5006821799278272,95.0,75.5
eval_union,"[0.5341400172860847, 42.465631929046566, 618, 1064, 539, 1682]",,25.055555555555554,99.5,2.0753444194793698,1.5416811180114744,95.0,76.0
eval_union,"[0.5341400172860847, 41.707317073170735, 618, 1045, 539, 1663]",,25.055555555555554,99.5,2.0753444194793698,1.590722234249115,95.0,76.5
eval_union,"[0.533275713050994, 40.669623059866964, 617, 1019, 540, 1636]",,25.055555555555554,99.5,2.0753444194793698,1.6407452356815342,95.0,77.0
eval_union,"[0.5298184961106309, 40.11086474501109, 613, 1005, 544, 1618]",,25.055555555555554,99.5,2.0753444194793698,1.6886990547180165,95.0,77.5
eval_union,"[0.5272255834053586, 39.23281596452328, 610, 983, 547, 1593]",,25.055555555555554,99.5,2.0753444194793698,1.7344632649421694,95.0,78.0
eval_union,"[0.5220397579948142, 38.59423503325942, 604, 967, 553, 1571]",,25.055555555555554,99.5,2.0753444194793698,1.7916628944873827,95.0,78.5
eval_union,"[0.5159896283491789, 38.03547671840355, 597, 953, 560, 1550]",,25.055555555555554,99.5,2.0753444194793698,1.8576587069034574,95.0,79.0
eval_union,"[0.5142610198789974, 37.23725055432373, 595, 933, 562, 1528]",,25.055555555555554,99.5,2.0753444194793698,1.9154004043340684,95.0,79.5
eval_union,"[0.5108038029386344, 36.39911308203991, 591, 912, 566, 1503]",,25.055555555555554,99.5,2.0753444194793698,1.9741851329803468,95.0,80.0
eval_union,"[0.5116681071737251, 35.88026607538803, 592, 899, 565, 1491]",,25.055555555555554,99.5,2.0753444194793698,2.036969654560089,95.0,80.5
eval_union,"[0.5082108902333622, 35.16186252771619, 588, 881, 569, 1469]",,25.055555555555554,99.5,2.0753444194793698,2.102254722118378,95.0,81.0
eval_union,"[0.5038893690579084, 34.243902439024396, 583, 858, 574, 1441]",,25.055555555555554,99.5,2.0753444194793698,2.175994237661361,95.0,81.5
eval_union,"[0.4995678478824546, 33.525498891352555, 578, 840, 579, 1418]",,25.055555555555554,99.5,2.0753444194793698,2.248897409439087,95.0,82.0
eval_union,"[0.4978392394122731, 32.607538802660756, 576, 817, 581, 1393]",,25.055555555555554,99.5,2.0753444194793698,2.3326381504535667,95.0,82.5
eval_union,"[0.4943820224719101, 32.04878048780488, 572, 803, 585, 1375]",,25.055555555555554,99.5,2.0753444194793698,2.425430073738098,95.0,83.0
eval_union,"[0.4943820224719101, 31.210643015521068, 572, 782, 585, 1354]",,25.055555555555554,99.5,2.0753444194793698,2.5196004760265356,95.0,83.5
eval_union,"[0.49265341400172863, 30.492239467849227, 570, 764, 587, 1334]",,25.055555555555554,99.5,2.0753444194793698,2.6304725933074953,95.0,84.0
eval_union,"[0.4909248055315471, 29.654101995565412, 568, 743, 589, 1311]",,25.055555555555554,99.5,2.0753444194793698,2.7276616275310506,95.0,84.5
eval_union,"[0.48833189282627487, 28.975609756097562, 565, 726, 592, 1291]",,25.055555555555554,99.5,2.0753444194793698,2.8380211830139164,95.0,85.0
eval_union,"[0.48314606741573035, 28.297117516629715, 559, 709, 598, 1268]",,25.055555555555554,99.5,2.0753444194793698,2.955703905820846,95.0,85.5
eval_union,"[0.48055315471045806, 27.4589800443459, 556, 688, 601, 1244]",,25.055555555555554,99.5,2.0753444194793698,3.081022396087646,95.0,86.0
eval_union,"[0.47968885047536736, 27.019955654102, 555, 677, 602, 1232]",,25.055555555555554,99.5,2.0753444194793698,3.2219283390045166,95.0,86.5
eval_union,"[0.47536732929991354, 26.02217294900222, 550, 652, 607, 1202]",,25.055555555555554,99.5,2.0753444194793698,3.3582502841949444,95.0,87.0
eval_union,"[0.4693171996542783, 25.104212860310422, 543, 629, 614, 1172]",,25.055555555555554,99.5,2.0753444194793698,3.52468004822731,95.0,87.5
eval_union,"[0.4606741573033708, 24.62527716186253, 533, 617, 624, 1150]",,25.055555555555554,99.5,2.0753444194793698,3.7051178741455093,95.0,88.0
eval_union,"[0.44684528954191877, 24.066518847006655, 517, 603, 640, 1120]",,25.055555555555554,99.5,2.0753444194793698,3.874412554502486,95.0,88.5
eval_union,"[0.43301642178046673, 23.62749445676275, 501, 592, 656, 1093]",,25.055555555555554,99.5,2.0753444194793698,4.0701590919494635,95.0,89.0
eval_union,"[0.4312878133102852, 23.26829268292683, 499, 583, 658, 1082]",,25.055555555555554,99.5,2.0753444194793698,4.255578207969666,95.0,89.5
eval_union,"[0.4131374243733794, 22.86917960088692, 478, 573, 679, 1051]",,25.055555555555554,99.5,2.0753444194793698,4.457726860046381,95.0,90.0
eval_union,"[0.3993085566119274, 22.509977827051, 462, 564, 695, 1026]",,25.055555555555554,99.5,2.0753444194793698,4.675087914466858,95.0,90.5
eval_union,"[0.3863439930855661, 21.991130820399114, 447, 551, 710, 998]",,25.055555555555554,99.5,2.0753444194793698,4.933004894256597,95.0,91.0
eval_union,"[0.37251512532411407, 21.192904656319293, 431, 531, 726, 962]",,25.055555555555554,99.5,2.0753444194793698,5.220453071594238,95.0,91.5
eval_union,"[0.3612791702679343, 20.594235033259427, 418, 516, 739, 934]",,25.055555555555554,99.5,2.0753444194793698,5.517267513275148,95.0,92.0
eval_union,"[0.34485738980121, 20.07538802660754, 399, 503, 758, 902]",,25.055555555555554,99.5,2.0753444194793698,5.841959142684942,95.0,92.5
eval_union,"[0.32757130509939497, 19.71618625277162, 379, 494, 778, 873]",,25.055555555555554,99.5,2.0753444194793698,6.205128560066222,95.0,93.0
eval_union,"[0.31547104580812446, 19.03769401330377, 365, 477, 792, 842]",,25.055555555555554,99.5,2.0753444194793698,6.654482979774491,95.0,93.5
eval_union,"[0.30423509075194466, 18.59866962305987, 352, 466, 805, 818]",,25.055555555555554,99.5,2.0753444194793698,7.212375669479336,95.0,94.0
eval_union,"[0.2964563526361279, 18.0, 343, 451, 814, 794]",,25.055555555555554,99.5,2.0753444194793698,7.794489538669587,95.0,94.5
eval_union,"[0.28262748487467587, 17.441241685144124, 327, 437, 830, 764]",,25.055555555555554,99.5,2.0753444194793698,8.410855770111041,95.0,95.0
eval_union,"[0.2662057044079516, 17.121951219512198, 308, 429, 849, 737]",,25.055555555555554,99.5,2.0753444194793698,9.304570846557606,95.0,95.5
eval_union,"[0.2541054451166811, 16.682926829268293, 294, 418, 863, 712]",,25.055555555555554,99.5,2.0753444194793698,10.050942497253422,95.0,96.0
eval_union,"[0.23595505617977527, 16.243902439024392, 273, 407, 884, 680]",,25.055555555555554,99.5,2.0753444194793698,10.904608006477345,95.0,96.5
eval_union,"[0.21175453759723423, 15.605321507760534, 245, 391, 912, 636]",,25.055555555555554,99.5,2.0753444194793698,11.678171405792227,95.0,97.0
eval_union,"[0.17891097666378566, 15.126385809312639, 207, 379, 950, 586]",,25.055555555555554,99.5,2.0753444194793698,12.63719093799591,95.0,97.5
eval_union,"[0.1529818496110631, 14.647450110864746, 177, 367, 980, 544]",,25.055555555555554,99.5,2.0753444194793698,13.963846740722648,95.0,98.0
eval_union,"[0.12964563526361278, 14.208425720620843, 150, 356, 1007, 506]",,25.055555555555554,99.5,2.0753444194793698,16.57019313812255,95.0,98.5
eval_union,"[0.09507346585998272, 13.649667405764967, 110, 342, 1047, 452]",,25.055555555555554,99.5,2.0753444194793698,20.60003761291506,95.0,99.0
eval_union,"[0.06136560069144339, 13.250554323725057, 71, 332, 1086, 403]",,25.055555555555554,99.5,2.0753444194793698,28.334656648635683,95.0,99.5
eval_union,"[0.5064822817631807, 63.09977827050998, 586, 1581, 571, 2167]",,25.055555555555554,99.5,1.9673549151420593,0.09077733382582664,94.0,50.0
eval_union,"[0.5064822817631807, 63.05986696230599, 586, 1580, 571, 2166]",,25.055555555555554,99.5,1.9673549151420593,0.11212093323469155,94.0,50.5
eval_union,"[0.5082108902333622, 63.09977827050998, 588, 1581, 569, 2169]",,25.055555555555554,99.5,1.9673549151420593,0.13464516386389755,94.0,51.0
eval_union,"[0.5090751944684528, 62.82039911308205, 589, 1574, 568, 2163]",,25.055555555555554,99.5,1.9673549151420593,0.15403672441840174,94.0,51.5
eval_union,"[0.5108038029386344, 62.90022172949003, 591, 1576, 566, 2167]",,25.055555555555554,99.5,1.9673549151420593,0.17796872973442074,94.0,52.0
eval_union,"[0.5151253241140882, 62.78048780487806, 596, 1573, 561, 2169]",,25.055555555555554,99.5,1.9673549151420593,0.19627721086144476,94.0,52.5
eval_union,"[0.5203111495246326, 62.54101995565411, 602, 1567, 555, 2169]",,25.055555555555554,99.5,1.9673549151420593,0.22048529401421563,94.0,53.0
eval_union,"[0.5229040622299049, 62.74057649667406, 605, 1572, 552, 2177]",,25.055555555555554,99.5,1.9673549151420593,0.24122495941817762,94.0,53.5
eval_union,"[0.5229040622299049, 62.98004434589801, 605, 1578, 552, 2183]",,25.055555555555554,99.5,1.9673549151420593,0.2610533964633942,94.0,54.0
eval_union,"[0.526361279170268, 62.74057649667406, 609, 1572, 548, 2181]",,25.055555555555554,99.5,1.9673549151420593,0.28204435005784095,94.0,54.5
eval_union,"[0.5280898876404494, 62.66075388026608, 611, 1570, 546, 2181]",,25.055555555555554,99.5,1.9673549151420593,0.30234529823064815,94.0,55.0
eval_union,"[0.5298184961106309, 62.66075388026608, 613, 1570, 544, 2183]",,25.055555555555554,99.5,1.9673549151420593,0.32569405794143685,94.0,55.5
eval_union,"[0.5306828003457217, 62.54101995565411, 614, 1567, 543, 2181]",,25.055555555555554,99.5,1.9673549151420593,0.3478954076766968,94.0,56.0
eval_union,"[0.533275713050994, 62.30155210643016, 617, 1561, 540, 2178]",,25.055555555555554,99.5,1.9673549151420593,0.3691490027308463,94.0,56.5
eval_union,"[0.5358686257562663, 62.22172949002218, 620, 1559, 537, 2179]",,25.055555555555554,99.5,1.9673549151420593,0.3913524010777473,94.0,57.0
eval_union,"[0.5350043215211755, 62.30155210643016, 619, 1561, 538, 2180]",,25.055555555555554,99.5,1.9673549151420593,0.41571238785982123,94.0,57.5
eval_union,"[0.5367329299913569, 62.30155210643016, 621, 1561, 536, 2182]",,25.055555555555554,99.5,1.9673549151420593,0.4399468266963957,94.0,58.0
eval_union,"[0.5384615384615384, 62.18181818181819, 623, 1558, 534, 2181]",,25.055555555555554,99.5,1.9673549151420593,0.46726177960634213,94.0,58.5
eval_union,"[0.5384615384615384, 61.54323725055433, 623, 1542, 534, 2165]",,25.055555555555554,99.5,1.9673549151420593,0.49008097410202023,94.0,59.0
eval_union,"[0.5427830596369922, 61.104212860310426, 628, 1531, 529, 2159]",,25.055555555555554,99.5,1.9673549151420593,0.5134383669495581,94.0,59.5
eval_union,"[0.5445116681071738, 60.984478935698455, 630, 1528, 527, 2158]",,25.055555555555554,99.5,1.9673549151420593,0.536166477203369,94.0,60.0
eval_union,"[0.5453759723422644, 61.2239467849224, 631, 1534, 526, 2165]",,25.055555555555554,99.5,1.9673549151420593,0.5595470631122589,94.0,60.5
eval_union,"[0.547104580812446, 61.463414634146346, 633, 1540, 524, 2173]",,25.055555555555554,99.5,1.9673549151420593,0.5817095768451691,94.0,61.0
eval_union,"[0.547104580812446, 61.024390243902445, 633, 1529, 524, 2162]",,25.055555555555554,99.5,1.9673549151420593,0.6042246025800704,94.0,61.5
eval_union,"[0.547104580812446, 60.824833702882486, 633, 1524, 524, 2157]",,25.055555555555554,99.5,1.9673549151420593,0.6289117872714997,94.0,62.0
eval_union,"[0.547104580812446, 60.305986696230605, 633, 1511, 524, 2144]",,25.055555555555554,99.5,1.9673549151420593,0.6533820331096649,94.0,62.5
eval_union,"[0.5453759723422644, 60.18625277161863, 631, 1508, 526, 2139]",,25.055555555555554,99.5,1.9673549151420593,0.6831670719385142,94.0,63.0
eval_union,"[0.547104580812446, 59.787139689578716, 633, 1498, 524, 2131]",,25.055555555555554,99.5,1.9673549151420593,0.7098419928550724,94.0,63.5
eval_union,"[0.547104580812446, 59.627494456762754, 633, 1494, 524, 2127]",,25.055555555555554,99.5,1.9673549151420593,0.7381514167785644,94.0,64.0
eval_union,"[0.5453759723422644, 59.028824833702885, 631, 1479, 526, 2110]",,25.055555555555554,99.5,1.9673549151420593,0.764243181347847,94.0,64.5
eval_union,"[0.547104580812446, 58.709534368070955, 633, 1471, 524, 2104]",,25.055555555555554,99.5,1.9673549151420593,0.7910401135683061,94.0,65.0
eval_union,"[0.547104580812446, 58.310421286031044, 633, 1461, 524, 2094]",,25.055555555555554,99.5,1.9673549151420593,0.8190016227960588,94.0,65.5
eval_union,"[0.547104580812446, 57.75166297117517, 633, 1447, 524, 2080]",,25.055555555555554,99.5,1.9673549151420593,0.8498276674747467,94.0,66.0
eval_union,"[0.5496974935177182, 57.19290465631929, 636, 1433, 521, 2069]",,25.055555555555554,99.5,1.9673549151420593,0.878896164894104,94.0,66.5
eval_union,"[0.5462402765773552, 56.87361419068736, 632, 1425, 525, 2057]",,25.055555555555554,99.5,1.9673549151420593,0.9106361728906633,94.0,67.0
eval_union,"[0.5462402765773552, 56.63414634146342, 632, 1419, 525, 2051]",,25.055555555555554,99.5,1.9673549151420593,0.9385085552930833,94.0,67.5
eval_union,"[0.5531547104580813, 56.03547671840355, 640, 1404, 517, 2044]",,25.055555555555554,99.5,1.9673549151420593,0.9666943550109866,94.0,68.0
eval_union,"[0.554019014693172, 55.51662971175167, 641, 1391, 516, 2032]",,25.055555555555554,99.5,1.9673549151420593,0.9929769545793534,94.0,68.5
eval_union,"[0.5548833189282627, 54.79822616407983, 642, 1373, 515, 2015]",,25.055555555555554,99.5,1.9673549151420593,1.0231032216548914,94.0,69.0
eval_union,"[0.5522904062229905, 53.92017738359202, 639, 1351, 518, 1990]",,25.055555555555554,99.5,1.9673549151420593,1.0563565552234644,94.0,69.5
eval_union,"[0.5522904062229905, 53.5609756097561, 639, 1342, 518, 1981]",,25.055555555555554,99.5,1.9673549151420593,1.0908433079719542,94.0,70.0
eval_union,"[0.5514261019878998, 52.96230598669624, 638, 1327, 519, 1965]",,25.055555555555554,99.5,1.9673549151420593,1.1248327416181563,94.0,70.5
eval_union,"[0.5522904062229905, 52.48337028824834, 639, 1315, 518, 1954]",,25.055555555555554,99.5,1.9673549151420593,1.1584407019615157,94.0,71.0
eval_union,"[0.5531547104580813, 51.68514412416852, 640, 1295, 517, 1935]",,25.055555555555554,99.5,1.9673549151420593,1.1988615226745605,94.0,71.5
eval_union,"[0.5548833189282627, 50.966740576496676, 642, 1277, 515, 1919]",,25.055555555555554,99.5,1.9673549151420593,1.23315447807312,94.0,72.0
eval_union,"[0.5557476231633535, 50.04878048780488, 643, 1254, 514, 1897]",,25.055555555555554,99.5,1.9673549151420593,1.2662764459848403,94.0,72.5
eval_union,"[0.5548833189282627, 49.72949002217295, 642, 1246, 515, 1888]",,25.055555555555554,99.5,1.9673549151420593,1.3011794543266295,94.0,73.0
eval_union,"[0.550561797752809, 48.77161862527716, 637, 1222, 520, 1859]",,25.055555555555554,99.5,1.9673549151420593,1.3419092965126038,94.0,73.5
eval_union,"[0.547104580812446, 47.93348115299335, 633, 1201, 524, 1834]",,25.055555555555554,99.5,1.9673549151420593,1.37932553768158,94.0,74.0
eval_union,"[0.5453759723422644, 46.97560975609756, 631, 1177, 526, 1808]",,25.055555555555554,99.5,1.9673549151420593,1.4226888734102243,94.0,74.5
eval_union,"[0.5419187554019015, 46.49667405764967, 627, 1165, 530, 1792]",,25.055555555555554,99.5,1.9673549151420593,1.4639769792556763,94.0,75.0
eval_union,"[0.54019014693172, 45.65853658536586, 625, 1144, 532, 1769]",,25.055555555555554,99.5,1.9673549151420593,1.5006821799278272,94.0,75.5
eval_union,"[0.5375972342264477, 44.82039911308205, 622, 1123, 535, 1745]",,25.055555555555554,99.5,1.9673549151420593,1.5416811180114744,94.0,76.0
eval_union,"[0.5375972342264477, 44.06208425720621, 622, 1104, 535, 1726]",,25.055555555555554,99.5,1.9673549151420593,1.590722234249115,94.0,76.5
eval_union,"[0.5367329299913569, 43.024390243902445, 621, 1078, 536, 1699]",,25.055555555555554,99.5,1.9673549151420593,1.6407452356815342,94.0,77.0
eval_union,"[0.533275713050994, 42.465631929046566, 617, 1064, 540, 1681]",,25.055555555555554,99.5,1.9673549151420593,1.6886990547180165,94.0,77.5
eval_union,"[0.5306828003457217, 41.547671840354774, 614, 1041, 543, 1655]",,25.055555555555554,99.5,1.9673549151420593,1.7344632649421694,94.0,78.0
eval_union,"[0.5254969749351772, 40.909090909090914, 608, 1025, 549, 1633]",,25.055555555555554,99.5,1.9673549151420593,1.7916628944873827,94.0,78.5
eval_union,"[0.5194468452895419, 40.310421286031044, 601, 1010, 556, 1611]",,25.055555555555554,99.5,1.9673549151420593,1.8576587069034574,94.0,79.0
eval_union,"[0.5177182368193605, 39.5920177383592, 599, 992, 558, 1591]",,25.055555555555554,99.5,1.9673549151420593,1.9154004043340684,94.0,79.5
eval_union,"[0.5142610198789974, 38.75388026607539, 595, 971, 562, 1566]",,25.055555555555554,99.5,1.9673549151420593,1.9741851329803468,94.0,80.0
eval_union,"[0.5151253241140882, 38.23503325942351, 596, 958, 561, 1554]",,25.055555555555554,99.5,1.9673549151420593,2.036969654560089,94.0,80.5
eval_union,"[0.5108038029386344, 37.55654101995566, 591, 941, 566, 1532]",,25.055555555555554,99.5,1.9673549151420593,2.102254722118378,94.0,81.0
eval_union,"[0.5064822817631807, 36.63858093126386, 586, 918, 571, 1504]",,25.055555555555554,99.5,1.9673549151420593,2.175994237661361,94.0,81.5
eval_union,"[0.5030250648228176, 35.88026607538803, 582, 899, 575, 1481]",,25.055555555555554,99.5,1.9673549151420593,2.248897409439087,94.0,82.0
eval_union,"[0.5030250648228176, 34.88248337028825, 582, 874, 575, 1456]",,25.055555555555554,99.5,1.9673549151420593,2.3326381504535667,94.0,82.5
eval_union,"[0.4995678478824546, 34.32372505543238, 578, 860, 579, 1438]",,25.055555555555554,99.5,1.9673549151420593,2.425430073738098,94.0,83.0
eval_union,"[0.4995678478824546, 33.485587583148565, 578, 839, 579, 1417]",,25.055555555555554,99.5,1.9673549151420593,2.5196004760265356,94.0,83.5
eval_union,"[0.4978392394122731, 32.767184035476724, 576, 821, 581, 1397]",,25.055555555555554,99.5,1.9673549151420593,2.6304725933074953,94.0,84.0
eval_union,"[0.4961106309420916, 31.92904656319291, 574, 800, 583, 1374]",,25.055555555555554,99.5,1.9673549151420593,2.7276616275310506,94.0,84.5
eval_union,"[0.49351771823681934, 31.25055432372506, 571, 783, 586, 1354]",,25.055555555555554,99.5,1.9673549151420593,2.8380211830139164,94.0,85.0
eval_union,"[0.4891961970613656, 30.572062084257208, 566, 766, 591, 1332]",,25.055555555555554,99.5,1.9673549151420593,2.955703905820846,94.0,85.5
eval_union,"[0.48660328435609335, 29.733924611973396, 563, 745, 594, 1308]",,25.055555555555554,99.5,1.9673549151420593,3.081022396087646,94.0,86.0
eval_union,"[0.4857389801210026, 29.294900221729492, 562, 734, 595, 1296]",,25.055555555555554,99.5,1.9673549151420593,3.2219283390045166,94.0,86.5
eval_union,"[0.4814174589455488, 28.297117516629715, 557, 709, 600, 1266]",,25.055555555555554,99.5,1.9673549151420593,3.3582502841949444,94.0,87.0
eval_union,"[0.47536732929991354, 27.37915742793792, 550, 686, 607, 1236]",,25.055555555555554,99.5,1.9673549151420593,3.52468004822731,94.0,87.5
eval_union,"[0.46672428694900603, 26.900221729490024, 540, 674, 617, 1214]",,25.055555555555554,99.5,1.9673549151420593,3.7051178741455093,94.0,88.0
eval_union,"[0.452895419187554, 26.34146341463415, 524, 660, 633, 1184]",,25.055555555555554,99.5,1.9673549151420593,3.874412554502486,94.0,88.5
eval_union,"[0.439066551426102, 25.902439024390247, 508, 649, 649, 1157]",,25.055555555555554,99.5,1.9673549151420593,4.0701590919494635,94.0,89.0
eval_union,"[0.4373379429559205, 25.543237250554327, 506, 640, 651, 1146]",,25.055555555555554,99.5,1.9673549151420593,4.255578207969666,94.0,89.5
eval_union,"[0.42005185825410546, 25.144124168514413, 486, 630, 671, 1116]",,25.055555555555554,99.5,1.9673549151420593,4.457726860046381,94.0,90.0
eval_union,"[0.4062229904926534, 24.784922394678492, 470, 621, 687, 1091]",,25.055555555555554,99.5,1.9673549151420593,4.675087914466858,94.0,90.5
eval_union,"[0.39325842696629215, 24.26607538802661, 455, 608, 702, 1063]",,25.055555555555554,99.5,1.9673549151420593,4.933004894256597,94.0,91.0
eval_union,"[0.3794295592048401, 23.467849223946786, 439, 588, 718, 1027]",,25.055555555555554,99.5,1.9673549151420593,5.220453071594238,94.0,91.5
eval_union,"[0.3681936041486603, 22.86917960088692, 426, 573, 731, 999]",,25.055555555555554,99.5,1.9673549151420593,5.517267513275148,94.0,92.0
eval_union,"[0.35177182368193605, 22.350332594235034, 407, 560, 750, 967]",,25.055555555555554,99.5,1.9673549151420593,5.841959142684942,94.0,92.5
eval_union,"[0.3362143474503025, 21.911308203991133, 389, 549, 768, 938]",,25.055555555555554,99.5,1.9673549151420593,6.205128560066222,94.0,93.0
eval_union,"[0.324114088159032, 21.232815964523283, 375, 532, 782, 907]",,25.055555555555554,99.5,1.9673549151420593,6.654482979774491,94.0,93.5
eval_union,"[0.31287813310285223, 20.793791574279382, 362, 521, 795, 883]",,25.055555555555554,99.5,1.9673549151420593,7.212375669479336,94.0,94.0
eval_union,"[0.3059636992221262, 20.195121951219512, 354, 506, 803, 860]",,25.055555555555554,99.5,1.9673549151420593,7.794489538669587,94.0,94.5
eval_union,"[0.29213483146067415, 19.636363636363637, 338, 492, 819, 830]",,25.055555555555554,99.5,1.9673549151420593,8.410855770111041,94.0,95.0
eval_union,"[0.2757130509939499, 19.31707317073171, 319, 484, 838, 803]",,25.055555555555554,99.5,1.9673549151420593,9.304570846557606,94.0,95.5
eval_union,"[0.2636127917026793, 18.878048780487806, 305, 473, 852, 778]",,25.055555555555554,99.5,1.9673549151420593,10.050942497253422,94.0,96.0
eval_union,"[0.24632670700086431, 18.399113082039914, 285, 461, 872, 746]",,25.055555555555554,99.5,1.9673549151420593,10.904608006477345,94.0,96.5
eval_union,"[0.22212618841832324, 17.760532150776054, 257, 445, 900, 702]",,25.055555555555554,99.5,1.9673549151420593,11.678171405792227,94.0,97.0
eval_union,"[0.18928262748487468, 17.28159645232816, 219, 433, 938, 652]",,25.055555555555554,99.5,1.9673549151420593,12.63719093799591,94.0,97.5
eval_union,"[0.16421780466724287, 16.762749445676278, 190, 420, 967, 610]",,25.055555555555554,99.5,1.9673549151420593,13.963846740722648,94.0,98.0
eval_union,"[0.14088159031979255, 16.323725055432373, 163, 409, 994, 572]",,25.055555555555554,99.5,1.9673549151420593,16.57019313812255,94.0,98.5
eval_union,"[0.1063094209161625, 15.764966740576497, 123, 395, 1034, 518]",,25.055555555555554,99.5,1.9673549151420593,20.60003761291506,94.0,99.0
eval_union,"[0.07260155574762317, 15.365853658536587, 84, 385, 1073, 469]",,25.055555555555554,99.5,1.9673549151420593,28.334656648635683,94.0,99.5
eval_union,"[0.5116681071737251, 65.69401330376941, 592, 1646, 565, 2238]",,25.055555555555554,99.5,1.870513677597046,0.09077733382582664,93.0,50.0
eval_union,"[0.5116681071737251, 65.65410199556541, 592, 1645, 565, 2237]",,25.055555555555554,99.5,1.870513677597046,0.11212093323469155,93.0,50.5
eval_union,"[0.5133967156439067, 65.69401330376941, 594, 1646, 563, 2240]",,25.055555555555554,99.5,1.870513677597046,0.13464516386389755,93.0,51.0
eval_union,"[0.5142610198789974, 65.41463414634147, 595, 1639, 562, 2234]",,25.055555555555554,99.5,1.870513677597046,0.15403672441840174,93.0,51.5
eval_union,"[0.5159896283491789, 65.45454545454545, 597, 1640, 560, 2237]",,25.055555555555554,99.5,1.870513677597046,0.17796872973442074,93.0,52.0
eval_union,"[0.5203111495246326, 65.33481152993349, 602, 1637, 555, 2239]",,25.055555555555554,99.5,1.870513677597046,0.19627721086144476,93.0,52.5
eval_union,"[0.5246326707000865, 65.21507760532151, 607, 1634, 550, 2241]",,25.055555555555554,99.5,1.870513677597046,0.22048529401421563,93.0,53.0
eval_union,"[0.5272255834053586, 65.41463414634147, 610, 1639, 547, 2249]",,25.055555555555554,99.5,1.870513677597046,0.24122495941817762,93.0,53.5
eval_union,"[0.5272255834053586, 65.65410199556541, 610, 1645, 547, 2255]",,25.055555555555554,99.5,1.870513677597046,0.2610533964633942,93.0,54.0
eval_union,"[0.5306828003457217, 65.41463414634147, 614, 1639, 543, 2253]",,25.055555555555554,99.5,1.870513677597046,0.28204435005784095,93.0,54.5
eval_union,"[0.5324114088159032, 65.33481152993349, 616, 1637, 541, 2253]",,25.055555555555554,99.5,1.870513677597046,0.30234529823064815,93.0,55.0
eval_union,"[0.5341400172860847, 65.25498891352551, 618, 1635, 539, 2253]",,25.055555555555554,99.5,1.870513677597046,0.32569405794143685,93.0,55.5
eval_union,"[0.5350043215211755, 65.17516629711753, 619, 1633, 538, 2252]",,25.055555555555554,99.5,1.870513677597046,0.3478954076766968,93.0,56.0
eval_union,"[0.5375972342264477, 64.93569844789357, 622, 1627, 535, 2249]",,25.055555555555554,99.5,1.870513677597046,0.3691490027308463,93.0,56.5
eval_union,"[0.54019014693172, 64.85587583148559, 625, 1625, 532, 2250]",,25.055555555555554,99.5,1.870513677597046,0.3913524010777473,93.0,57.0
eval_union,"[0.5393258426966292, 64.93569844789357, 624, 1627, 533, 2251]",,25.055555555555554,99.5,1.870513677597046,0.41571238785982123,93.0,57.5
eval_union,"[0.5410544511668107, 64.93569844789357, 626, 1627, 531, 2253]",,25.055555555555554,99.5,1.870513677597046,0.4399468266963957,93.0,58.0
eval_union,"[0.5427830596369922, 64.81596452328161, 628, 1624, 529, 2252]",,25.055555555555554,99.5,1.870513677597046,0.46726177960634213,93.0,58.5
eval_union,"[0.5427830596369922, 64.17738359201775, 628, 1608, 529, 2236]",,25.055555555555554,99.5,1.870513677597046,0.49008097410202023,93.0,59.0
eval_union,"[0.547104580812446, 63.73835920177384, 633, 1597, 524, 2230]",,25.055555555555554,99.5,1.870513677597046,0.5134383669495581,93.0,59.5
eval_union,"[0.5479688850475367, 63.61862527716187, 634, 1594, 523, 2228]",,25.055555555555554,99.5,1.870513677597046,0.536166477203369,93.0,60.0
eval_union,"[0.5488331892826275, 63.85809312638582, 635, 1600, 522, 2235]",,25.055555555555554,99.5,1.870513677597046,0.5595470631122589,93.0,60.5
eval_union,"[0.550561797752809, 64.09756097560977, 637, 1606, 520, 2243]",,25.055555555555554,99.5,1.870513677597046,0.5817095768451691,93.0,61.0
eval_union,"[0.550561797752809, 63.65853658536586, 637, 1595, 520, 2232]",,25.055555555555554,99.5,1.870513677597046,0.6042246025800704,93.0,61.5
eval_union,"[0.550561797752809, 63.4589800443459, 637, 1590, 520, 2227]",,25.055555555555554,99.5,1.870513677597046,0.6289117872714997,93.0,62.0
eval_union,"[0.5514261019878998, 62.90022172949003, 638, 1576, 519, 2214]",,25.055555555555554,99.5,1.870513677597046,0.6533820331096649,93.0,62.5
eval_union,"[0.5496974935177182, 62.74057649667406, 636, 1572, 521, 2208]",,25.055555555555554,99.5,1.870513677597046,0.6831670719385142,93.0,63.0
eval_union,"[0.5514261019878998, 62.34146341463415, 638, 1562, 519, 2200]",,25.055555555555554,99.5,1.870513677597046,0.7098419928550724,93.0,63.5
eval_union,"[0.5514261019878998, 62.18181818181819, 638, 1558, 519, 2196]",,25.055555555555554,99.5,1.870513677597046,0.7381514167785644,93.0,64.0
eval_union,"[0.5496974935177182, 61.58314855875832, 636, 1543, 521, 2179]",,25.055555555555554,99.5,1.870513677597046,0.764243181347847,93.0,64.5
eval_union,"[0.5514261019878998, 61.343680709534375, 638, 1537, 519, 2175]",,25.055555555555554,99.5,1.870513677597046,0.7910401135683061,93.0,65.0
eval_union,"[0.5514261019878998, 60.944567627494465, 638, 1527, 519, 2165]",,25.055555555555554,99.5,1.870513677597046,0.8190016227960588,93.0,65.5
eval_union,"[0.5514261019878998, 60.425720620842576, 638, 1514, 519, 2152]",,25.055555555555554,99.5,1.870513677597046,0.8498276674747467,93.0,66.0
eval_union,"[0.554019014693172, 59.946784922394684, 641, 1502, 516, 2143]",,25.055555555555554,99.5,1.870513677597046,0.878896164894104,93.0,66.5
eval_union,"[0.550561797752809, 59.627494456762754, 637, 1494, 520, 2131]",,25.055555555555554,99.5,1.870513677597046,0.9106361728906633,93.0,67.0
eval_union,"[0.550561797752809, 59.388026607538805, 637, 1488, 520, 2125]",,25.055555555555554,99.5,1.870513677597046,0.9385085552930833,93.0,67.5
eval_union,"[0.5566119273984442, 58.82926829268293, 644, 1474, 513, 2118]",,25.055555555555554,99.5,1.870513677597046,0.9666943550109866,93.0,68.0
eval_union,"[0.557476231633535, 58.270509977827054, 645, 1460, 512, 2105]",,25.055555555555554,99.5,1.870513677597046,0.9929769545793534,93.0,68.5
eval_union,"[0.5583405358686258, 57.55210643015521, 646, 1442, 511, 2088]",,25.055555555555554,99.5,1.870513677597046,1.0231032216548914,93.0,69.0
eval_union,"[0.5557476231633535, 56.67405764966741, 643, 1420, 514, 2063]",,25.055555555555554,99.5,1.870513677597046,1.0563565552234644,93.0,69.5
eval_union,"[0.5557476231633535, 56.31485587583149, 643, 1411, 514, 2054]",,25.055555555555554,99.5,1.870513677597046,1.0908433079719542,93.0,70.0
eval_union,"[0.5548833189282627, 55.71618625277162, 642, 1396, 515, 2038]",,25.055555555555554,99.5,1.870513677597046,1.1248327416181563,93.0,70.5
eval_union,"[0.5557476231633535, 55.23725055432373, 643, 1384, 514, 2027]",,25.055555555555554,99.5,1.870513677597046,1.1584407019615157,93.0,71.0
eval_union,"[0.5566119273984442, 54.43902439024391, 644, 1364, 513, 2008]",,25.055555555555554,99.5,1.870513677597046,1.1988615226745605,93.0,71.5
eval_union,"[0.557476231633535, 53.76053215077606, 645, 1347, 512, 1992]",,25.055555555555554,99.5,1.870513677597046,1.23315447807312,93.0,72.0
eval_union,"[0.5583405358686258, 52.84257206208426, 646, 1324, 511, 1970]",,25.055555555555554,99.5,1.870513677597046,1.2662764459848403,93.0,72.5
eval_union,"[0.557476231633535, 52.563192904656326, 645, 1317, 512, 1962]",,25.055555555555554,99.5,1.870513677597046,1.3011794543266295,93.0,73.0
eval_union,"[0.5531547104580813, 51.645232815964526, 640, 1294, 517, 1934]",,25.055555555555554,99.5,1.870513677597046,1.3419092965126038,93.0,73.5
eval_union,"[0.5496974935177182, 50.847006651884705, 636, 1274, 521, 1910]",,25.055555555555554,99.5,1.870513677597046,1.37932553768158,93.0,74.0
eval_union,"[0.5479688850475367, 49.889135254988915, 634, 1250, 523, 1884]",,25.055555555555554,99.5,1.870513677597046,1.4226888734102243,93.0,74.5
eval_union,"[0.5445116681071738, 49.41019955654102, 630, 1238, 527, 1868]",,25.055555555555554,99.5,1.870513677597046,1.4639769792556763,93.0,75.0
eval_union,"[0.5427830596369922, 48.57206208425721, 628, 1217, 529, 1845]",,25.055555555555554,99.5,1.870513677597046,1.5006821799278272,93.0,75.5
eval_union,"[0.54019014693172, 47.77383592017739, 625, 1197, 532, 1822]",,25.055555555555554,99.5,1.870513677597046,1.5416811180114744,93.0,76.0
eval_union,"[0.54019014693172, 47.01552106430156, 625, 1178, 532, 1803]",,25.055555555555554,99.5,1.870513677597046,1.590722234249115,93.0,76.5
eval_union,"[0.5393258426966292, 45.97782705099779, 624, 1152, 533, 1776]",,25.055555555555554,99.5,1.870513677597046,1.6407452356815342,93.0,77.0
eval_union,"[0.5358686257562663, 45.41906873614191, 620, 1138, 537, 1758]",,25.055555555555554,99.5,1.870513677597046,1.6886990547180165,93.0,77.5
eval_union,"[0.533275713050994, 44.54101995565411, 617, 1116, 540, 1733]",,25.055555555555554,99.5,1.870513677597046,1.7344632649421694,93.0,78.0
eval_union,"[0.5289541918755402, 43.86252771618626, 612, 1099, 545, 1711]",,25.055555555555554,99.5,1.870513677597046,1.7916628944873827,93.0,78.5
eval_union,"[0.5229040622299049, 43.2239467849224, 605, 1083, 552, 1688]",,25.055555555555554,99.5,1.870513677597046,1.8576587069034574,93.0,79.0
eval_union,"[0.5211754537597234, 42.505543237250556, 603, 1065, 554, 1668]",,25.055555555555554,99.5,1.870513677597046,1.9154004043340684,93.0,79.5
eval_union,"[0.5177182368193605, 41.747228381374725, 599, 1046, 558, 1645]",,25.055555555555554,99.5,1.870513677597046,1.9741851329803468,93.0,80.0
eval_union,"[0.5185825410544511, 41.228381374722844, 600, 1033, 557, 1633]",,25.055555555555554,99.5,1.870513677597046,2.036969654560089,93.0,80.5
eval_union,"[0.5142610198789974, 40.54988913525499, 595, 1016, 562, 1611]",,25.055555555555554,99.5,1.870513677597046,2.102254722118378,93.0,81.0
eval_union,"[0.5099394987035436, 39.631929046563194, 590, 993, 567, 1583]",,25.055555555555554,99.5,1.870513677597046,2.175994237661361,93.0,81.5
eval_union,"[0.5073465859982714, 38.83370288248337, 587, 973, 570, 1560]",,25.055555555555554,99.5,1.870513677597046,2.248897409439087,93.0,82.0
eval_union,"[0.5073465859982714, 37.83592017738359, 587, 948, 570, 1535]",,25.055555555555554,99.5,1.870513677597046,2.3326381504535667,93.0,82.5
eval_union,"[0.5038893690579084, 37.27716186252772, 583, 934, 574, 1517]",,25.055555555555554,99.5,1.870513677597046,2.425430073738098,93.0,83.0
eval_union,"[0.5030250648228176, 36.4789356984479, 582, 914, 575, 1496]",,25.055555555555554,99.5,1.870513677597046,2.5196004760265356,93.0,83.5
eval_union,"[0.5012964563526361, 35.72062084257207, 580, 895, 577, 1475]",,25.055555555555554,99.5,1.870513677597046,2.6304725933074953,93.0,84.0
eval_union,"[0.4995678478824546, 34.88248337028825, 578, 874, 579, 1452]",,25.055555555555554,99.5,1.870513677597046,2.7276616275310506,93.0,84.5
eval_union,"[0.4969749351771824, 34.2039911308204, 575, 857, 582, 1432]",,25.055555555555554,99.5,1.870513677597046,2.8380211830139164,93.0,85.0
eval_union,"[0.49265341400172863, 33.525498891352555, 570, 840, 587, 1410]",,25.055555555555554,99.5,1.870513677597046,2.955703905820846,93.0,85.5
eval_union,"[0.49006050129645634, 32.687361419068736, 567, 819, 590, 1386]",,25.055555555555554,99.5,1.870513677597046,3.081022396087646,93.0,86.0
eval_union,"[0.4891961970613656, 32.248337028824835, 566, 808, 591, 1374]",,25.055555555555554,99.5,1.870513677597046,3.2219283390045166,93.0,86.5
eval_union,"[0.48660328435609335, 31.170731707317074, 563, 781, 594, 1344]",,25.055555555555554,99.5,1.870513677597046,3.3582502841949444,93.0,87.0
eval_union,"[0.48055315471045806, 30.252771618625278, 556, 758, 601, 1314]",,25.055555555555554,99.5,1.870513677597046,3.52468004822731,93.0,87.5
eval_union,"[0.47191011235955055, 29.813747228381377, 546, 747, 611, 1293]",,25.055555555555554,99.5,1.870513677597046,3.7051178741455093,93.0,88.0
eval_union,"[0.4580812445980985, 29.2549889135255, 530, 733, 627, 1263]",,25.055555555555554,99.5,1.870513677597046,3.874412554502486,93.0,88.5
eval_union,"[0.4442523768366465, 28.8159645232816, 514, 722, 643, 1236]",,25.055555555555554,99.5,1.870513677597046,4.0701590919494635,93.0,89.0
eval_union,"[0.442523768366465, 28.45676274944568, 512, 713, 645, 1225]",,25.055555555555554,99.5,1.870513677597046,4.255578207969666,93.0,89.5
eval_union,"[0.42523768366465, 28.057649667405766, 492, 703, 665, 1195]",,25.055555555555554,99.5,1.870513677597046,4.457726860046381,93.0,90.0
eval_union,"[0.41140881590319794, 27.698447893569845, 476, 694, 681, 1170]",,25.055555555555554,99.5,1.870513677597046,4.675087914466858,93.0,90.5
eval_union,"[0.39844425237683667, 27.219512195121954, 461, 682, 696, 1143]",,25.055555555555554,99.5,1.870513677597046,4.933004894256597,93.0,91.0
eval_union,"[0.38547968885047534, 26.38137472283814, 446, 661, 711, 1107]",,25.055555555555554,99.5,1.870513677597046,5.220453071594238,93.0,91.5
eval_union,"[0.3742437337942956, 25.782705099778273, 433, 646, 724, 1079]",,25.055555555555554,99.5,1.870513677597046,5.517267513275148,93.0,92.0
eval_union,"[0.35868625756266204, 25.223946784922397, 415, 632, 742, 1047]",,25.055555555555554,99.5,1.870513677597046,5.841959142684942,93.0,92.5
eval_union,"[0.34312878133102853, 24.784922394678492, 397, 621, 760, 1018]",,25.055555555555554,99.5,1.870513677597046,6.205128560066222,93.0,93.0
eval_union,"[0.331028522039758, 24.106430155210646, 383, 604, 774, 987]",,25.055555555555554,99.5,1.870513677597046,6.654482979774491,93.0,93.5
eval_union,"[0.3197925669835782, 23.66740576496674, 370, 593, 787, 963]",,25.055555555555554,99.5,1.870513677597046,7.212375669479336,93.0,94.0
eval_union,"[0.31287813310285223, 23.068736141906875, 362, 578, 795, 940]",,25.055555555555554,99.5,1.870513677597046,7.794489538669587,93.0,94.5
eval_union,"[0.2990492653414002, 22.509977827051, 346, 564, 811, 910]",,25.055555555555554,99.5,1.870513677597046,8.410855770111041,93.0,95.0
eval_union,"[0.28262748487467587, 22.19068736141907, 327, 556, 830, 883]",,25.055555555555554,99.5,1.870513677597046,9.304570846557606,93.0,95.5
eval_union,"[0.27052722558340536, 21.75166297117517, 313, 545, 844, 858]",,25.055555555555554,99.5,1.870513677597046,10.050942497253422,93.0,96.0
eval_union,"[0.25324114088159033, 21.272727272727273, 293, 533, 864, 826]",,25.055555555555554,99.5,1.870513677597046,10.904608006477345,93.0,96.5
eval_union,"[0.22904062229904926, 20.634146341463417, 265, 517, 892, 782]",,25.055555555555554,99.5,1.870513677597046,11.678171405792227,93.0,97.0
eval_union,"[0.19706136560069146, 20.11529933481153, 228, 504, 929, 732]",,25.055555555555554,99.5,1.870513677597046,12.63719093799591,93.0,97.5
eval_union,"[0.17199654278305965, 19.596452328159646, 199, 491, 958, 690]",,25.055555555555554,99.5,1.870513677597046,13.963846740722648,93.0,98.0
eval_union,"[0.1495246326707001, 19.117516629711755, 173, 479, 984, 652]",,25.055555555555554,99.5,1.870513677597046,16.57019313812255,93.0,98.5
eval_union,"[0.11581676750216076, 18.518847006651885, 134, 464, 1023, 598]",,25.055555555555554,99.5,1.870513677597046,20.60003761291506,93.0,99.0
eval_union,"[0.08210890233362143, 18.119733924611975, 95, 454, 1062, 549]",,25.055555555555554,99.5,1.870513677597046,28.334656648635683,93.0,99.5
eval_union,"[0.5159896283491789, 68.04878048780488, 597, 1705, 560, 2302]",,25.055555555555554,99.5,1.7928772354125981,0.09077733382582664,92.0,50.0
eval_union,"[0.5159896283491789, 68.0088691796009, 597, 1704, 560, 2301]",,25.055555555555554,99.5,1.7928772354125981,0.11212093323469155,92.0,50.5
eval_union,"[0.5177182368193605, 68.04878048780488, 599, 1705, 558, 2304]",,25.055555555555554,99.5,1.7928772354125981,0.13464516386389755,92.0,51.0
eval_union,"[0.5185825410544511, 67.76940133037695, 600, 1698, 557, 2298]",,25.055555555555554,99.5,1.7928772354125981,0.15403672441840174,92.0,51.5
eval_union,"[0.5203111495246326, 67.84922394678493, 602, 1700, 555, 2302]",,25.055555555555554,99.5,1.7928772354125981,0.17796872973442074,92.0,52.0
eval_union,"[0.5246326707000865, 67.76940133037695, 607, 1698, 550, 2305]",,25.055555555555554,99.5,1.7928772354125981,0.19627721086144476,92.0,52.5
eval_union,"[0.5289541918755402, 67.64966740576497, 612, 1695, 545, 2307]",,25.055555555555554,99.5,1.7928772354125981,0.22048529401421563,92.0,53.0
eval_union,"[0.5315471045808124, 67.80931263858093, 615, 1699, 542, 2314]",,25.055555555555554,99.5,1.7928772354125981,0.24122495941817762,92.0,53.5
eval_union,"[0.5315471045808124, 68.04878048780488, 615, 1705, 542, 2320]",,25.055555555555554,99.5,1.7928772354125981,0.2610533964633942,92.0,54.0
eval_union,"[0.5350043215211755, 67.76940133037695, 619, 1698, 538, 2317]",,25.055555555555554,99.5,1.7928772354125981,0.28204435005784095,92.0,54.5
eval_union,"[0.5367329299913569, 67.68957871396897, 621, 1696, 536, 2317]",,25.055555555555554,99.5,1.7928772354125981,0.30234529823064815,92.0,55.0
eval_union,"[0.5384615384615384, 67.60975609756098, 623, 1694, 534, 2317]",,25.055555555555554,99.5,1.7928772354125981,0.32569405794143685,92.0,55.5
eval_union,"[0.5393258426966292, 67.49002217294901, 624, 1691, 533, 2315]",,25.055555555555554,99.5,1.7928772354125981,0.3478954076766968,92.0,56.0
eval_union,"[0.5419187554019015, 67.25055432372505, 627, 1685, 530, 2312]",,25.055555555555554,99.5,1.7928772354125981,0.3691490027308463,92.0,56.5
eval_union,"[0.5445116681071738, 67.17073170731707, 630, 1683, 527, 2313]",,25.055555555555554,99.5,1.7928772354125981,0.3913524010777473,92.0,57.0
eval_union,"[0.543647363872083, 67.25055432372505, 629, 1685, 528, 2314]",,25.055555555555554,99.5,1.7928772354125981,0.41571238785982123,92.0,57.5
eval_union,"[0.5453759723422644, 67.25055432372505, 631, 1685, 526, 2316]",,25.055555555555554,99.5,1.7928772354125981,0.4399468266963957,92.0,58.0
eval_union,"[0.547104580812446, 67.13082039911309, 633, 1682, 524, 2315]",,25.055555555555554,99.5,1.7928772354125981,0.46726177960634213,92.0,58.5
eval_union,"[0.547104580812446, 66.49223946784923, 633, 1666, 524, 2299]",,25.055555555555554,99.5,1.7928772354125981,0.49008097410202023,92.0,59.0
eval_union,"[0.5514261019878998, 66.05321507760533, 638, 1655, 519, 2293]",,25.055555555555554,99.5,1.7928772354125981,0.5134383669495581,92.0,59.5
eval_union,"[0.5522904062229905, 65.93348115299335, 639, 1652, 518, 2291]",,25.055555555555554,99.5,1.7928772354125981,0.536166477203369,92.0,60.0
eval_union,"[0.5531547104580813, 66.1729490022173, 640, 1658, 517, 2298]",,25.055555555555554,99.5,1.7928772354125981,0.5595470631122589,92.0,60.5
eval_union,"[0.5548833189282627, 66.41241685144125, 642, 1664, 515, 2306]",,25.055555555555554,99.5,1.7928772354125981,0.5817095768451691,92.0,61.0
eval_union,"[0.5548833189282627, 65.97339246119735, 642, 1653, 515, 2295]",,25.055555555555554,99.5,1.7928772354125981,0.6042246025800704,92.0,61.5
eval_union,"[0.5548833189282627, 65.81374722838137, 642, 1649, 515, 2291]",,25.055555555555554,99.5,1.7928772354125981,0.6289117872714997,92.0,62.0
eval_union,"[0.5557476231633535, 65.25498891352551, 643, 1635, 514, 2278]",,25.055555555555554,99.5,1.7928772354125981,0.6533820331096649,92.0,62.5
eval_union,"[0.554019014693172, 65.09534368070953, 641, 1631, 516, 2272]",,25.055555555555554,99.5,1.7928772354125981,0.6831670719385142,92.0,63.0
eval_union,"[0.5557476231633535, 64.69623059866963, 643, 1621, 514, 2264]",,25.055555555555554,99.5,1.7928772354125981,0.7098419928550724,92.0,63.5
eval_union,"[0.5557476231633535, 64.53658536585367, 643, 1617, 514, 2260]",,25.055555555555554,99.5,1.7928772354125981,0.7381514167785644,92.0,64.0
eval_union,"[0.554019014693172, 63.97782705099779, 641, 1603, 516, 2244]",,25.055555555555554,99.5,1.7928772354125981,0.764243181347847,92.0,64.5
eval_union,"[0.5557476231633535, 63.69844789356985, 643, 1596, 514, 2239]",,25.055555555555554,99.5,1.7928772354125981,0.7910401135683061,92.0,65.0
eval_union,"[0.5557476231633535, 63.25942350332595, 643, 1585, 514, 2228]",,25.055555555555554,99.5,1.7928772354125981,0.8190016227960588,92.0,65.5
eval_union,"[0.5557476231633535, 62.74057649667406, 643, 1572, 514, 2215]",,25.055555555555554,99.5,1.7928772354125981,0.8498276674747467,92.0,66.0
eval_union,"[0.5583405358686258, 62.26164079822617, 646, 1560, 511, 2206]",,25.055555555555554,99.5,1.7928772354125981,0.878896164894104,92.0,66.5
eval_union,"[0.5548833189282627, 61.94235033259424, 642, 1552, 515, 2194]",,25.055555555555554,99.5,1.7928772354125981,0.9106361728906633,92.0,67.0
eval_union,"[0.5548833189282627, 61.702882483370296, 642, 1546, 515, 2188]",,25.055555555555554,99.5,1.7928772354125981,0.9385085552930833,92.0,67.5
eval_union,"[0.560933448573898, 61.144124168514416, 649, 1532, 508, 2181]",,25.055555555555554,99.5,1.7928772354125981,0.9666943550109866,92.0,68.0
eval_union,"[0.5617977528089888, 60.625277161862535, 650, 1519, 507, 2169]",,25.055555555555554,99.5,1.7928772354125981,0.9929769545793534,92.0,68.5
eval_union,"[0.5626620570440796, 59.906873614190694, 651, 1501, 506, 2152]",,25.055555555555554,99.5,1.7928772354125981,1.0231032216548914,92.0,69.0
eval_union,"[0.5600691443388073, 59.028824833702885, 648, 1479, 509, 2127]",,25.055555555555554,99.5,1.7928772354125981,1.0563565552234644,92.0,69.5
eval_union,"[0.5600691443388073, 58.669623059866964, 648, 1470, 509, 2118]",,25.055555555555554,99.5,1.7928772354125981,1.0908433079719542,92.0,70.0
eval_union,"[0.5592048401037165, 58.0709534368071, 647, 1455, 510, 2102]",,25.055555555555554,99.5,1.7928772354125981,1.1248327416181563,92.0,70.5
eval_union,"[0.5600691443388073, 57.5920177383592, 648, 1443, 509, 2091]",,25.055555555555554,99.5,1.7928772354125981,1.1584407019615157,92.0,71.0
eval_union,"[0.560933448573898, 56.79379157427938, 649, 1423, 508, 2072]",,25.055555555555554,99.5,1.7928772354125981,1.1988615226745605,92.0,71.5
eval_union,"[0.5617977528089888, 56.11529933481153, 650, 1406, 507, 2056]",,25.055555555555554,99.5,1.7928772354125981,1.23315447807312,92.0,72.0
eval_union,"[0.5626620570440796, 55.19733924611974, 651, 1383, 506, 2034]",,25.055555555555554,99.5,1.7928772354125981,1.2662764459848403,92.0,72.5
eval_union,"[0.5617977528089888, 54.9179600886918, 650, 1376, 507, 2026]",,25.055555555555554,99.5,1.7928772354125981,1.3011794543266295,92.0,73.0
eval_union,"[0.557476231633535, 54.00000000000001, 645, 1353, 512, 1998]",,25.055555555555554,99.5,1.7928772354125981,1.3419092965126038,92.0,73.5
eval_union,"[0.554019014693172, 53.241685144124176, 641, 1334, 516, 1975]",,25.055555555555554,99.5,1.7928772354125981,1.37932553768158,92.0,74.0
eval_union,"[0.5522904062229905, 52.283813747228386, 639, 1310, 518, 1949]",,25.055555555555554,99.5,1.7928772354125981,1.4226888734102243,92.0,74.5
eval_union,"[0.5488331892826275, 51.804878048780495, 635, 1298, 522, 1933]",,25.055555555555554,99.5,1.7928772354125981,1.4639769792556763,92.0,75.0
eval_union,"[0.547104580812446, 50.966740576496676, 633, 1277, 524, 1910]",,25.055555555555554,99.5,1.7928772354125981,1.5006821799278272,92.0,75.5
eval_union,"[0.5445116681071738, 50.248337028824835, 630, 1259, 527, 1889]",,25.055555555555554,99.5,1.7928772354125981,1.5416811180114744,92.0,76.0
eval_union,"[0.5445116681071738, 49.490022172949004, 630, 1240, 527, 1870]",,25.055555555555554,99.5,1.7928772354125981,1.590722234249115,92.0,76.5
eval_union,"[0.543647363872083, 48.45232815964523, 629, 1214, 528, 1843]",,25.055555555555554,99.5,1.7928772354125981,1.6407452356815342,92.0,77.0
eval_union,"[0.54019014693172, 47.89356984478936, 625, 1200, 532, 1825]",,25.055555555555554,99.5,1.7928772354125981,1.6886990547180165,92.0,77.5
eval_union,"[0.5375972342264477, 47.01552106430156, 622, 1178, 535, 1800]",,25.055555555555554,99.5,1.7928772354125981,1.7344632649421694,92.0,78.0
eval_union,"[0.533275713050994, 46.33702882483371, 617, 1161, 540, 1778]",,25.055555555555554,99.5,1.7928772354125981,1.7916628944873827,92.0,78.5
eval_union,"[0.5272255834053586, 45.73835920177384, 610, 1146, 547, 1756]",,25.055555555555554,99.5,1.7928772354125981,1.8576587069034574,92.0,79.0
eval_union,"[0.5254969749351772, 45.019955654102, 608, 1128, 549, 1736]",,25.055555555555554,99.5,1.7928772354125981,1.9154004043340684,92.0,79.5
eval_union,"[0.5220397579948142, 44.26164079822617, 604, 1109, 553, 1713]",,25.055555555555554,99.5,1.7928772354125981,1.9741851329803468,92.0,80.0
eval_union,"[0.5229040622299049, 43.742793791574286, 605, 1096, 552, 1701]",,25.055555555555554,99.5,1.7928772354125981,2.036969654560089,92.0,80.5
eval_union,"[0.5185825410544511, 43.064301552106436, 600, 1079, 557, 1679]",,25.055555555555554,99.5,1.7928772354125981,2.102254722118378,92.0,81.0
eval_union,"[0.5142610198789974, 42.106430155210646, 595, 1055, 562, 1650]",,25.055555555555554,99.5,1.7928772354125981,2.175994237661361,92.0,81.5
eval_union,"[0.5116681071737251, 41.308203991130824, 592, 1035, 565, 1627]",,25.055555555555554,99.5,1.7928772354125981,2.248897409439087,92.0,82.0
eval_union,"[0.5116681071737251, 40.310421286031044, 592, 1010, 565, 1602]",,25.055555555555554,99.5,1.7928772354125981,2.3326381504535667,92.0,82.5
eval_union,"[0.5082108902333622, 39.75166297117517, 588, 996, 569, 1584]",,25.055555555555554,99.5,1.7928772354125981,2.425430073738098,92.0,83.0
eval_union,"[0.5073465859982714, 38.95343680709534, 587, 976, 570, 1563]",,25.055555555555554,99.5,1.7928772354125981,2.5196004760265356,92.0,83.5
eval_union,"[0.5056179775280899, 38.23503325942351, 585, 958, 572, 1543]",,25.055555555555554,99.5,1.7928772354125981,2.6304725933074953,92.0,84.0
eval_union,"[0.5038893690579084, 37.39689578713969, 583, 937, 574, 1520]",,25.055555555555554,99.5,1.7928772354125981,2.7276616275310506,92.0,84.5
eval_union,"[0.5012964563526361, 36.71840354767184, 580, 920, 577, 1500]",,25.055555555555554,99.5,1.7928772354125981,2.8380211830139164,92.0,85.0
eval_union,"[0.4961106309420916, 36.07982261640799, 574, 904, 583, 1478]",,25.055555555555554,99.5,1.7928772354125981,2.955703905820846,92.0,85.5
eval_union,"[0.49351771823681934, 35.24168514412417, 571, 883, 586, 1454]",,25.055555555555554,99.5,1.7928772354125981,3.081022396087646,92.0,86.0
eval_union,"[0.49265341400172863, 34.80266075388027, 570, 872, 587, 1442]",,25.055555555555554,99.5,1.7928772354125981,3.2219283390045166,92.0,86.5
eval_union,"[0.49006050129645634, 33.72505543237251, 567, 845, 590, 1412]",,25.055555555555554,99.5,1.7928772354125981,3.3582502841949444,92.0,87.0
eval_union,"[0.4840103716508211, 32.807095343680714, 560, 822, 597, 1382]",,25.055555555555554,99.5,1.7928772354125981,3.52468004822731,92.0,87.5
eval_union,"[0.47536732929991354, 32.407982261640804, 550, 812, 607, 1362]",,25.055555555555554,99.5,1.7928772354125981,3.7051178741455093,92.0,88.0
eval_union,"[0.46153846153846156, 31.849223946784925, 534, 798, 623, 1332]",,25.055555555555554,99.5,1.7928772354125981,3.874412554502486,92.0,88.5
eval_union,"[0.44770959377700953, 31.410199556541023, 518, 787, 639, 1305]",,25.055555555555554,99.5,1.7928772354125981,4.0701590919494635,92.0,89.0
eval_union,"[0.44684528954191877, 31.050997782705103, 517, 778, 640, 1295]",,25.055555555555554,99.5,1.7928772354125981,4.255578207969666,92.0,89.5
eval_union,"[0.43042350907519444, 30.6119733924612, 498, 767, 659, 1265]",,25.055555555555554,99.5,1.7928772354125981,4.457726860046381,92.0,90.0
eval_union,"[0.41659464131374246, 30.252771618625278, 482, 758, 675, 1240]",,25.055555555555554,99.5,1.7928772354125981,4.675087914466858,92.0,90.5
eval_union,"[0.40363007778738114, 29.733924611973396, 467, 745, 690, 1212]",,25.055555555555554,99.5,1.7928772354125981,4.933004894256597,92.0,91.0
eval_union,"[0.39066551426101986, 28.93569844789357, 452, 725, 705, 1177]",,25.055555555555554,99.5,1.7928772354125981,5.220453071594238,92.0,91.5
eval_union,"[0.3794295592048401, 28.337028824833705, 439, 710, 718, 1149]",,25.055555555555554,99.5,1.7928772354125981,5.517267513275148,92.0,92.0
eval_union,"[0.36387208297320656, 27.77827050997783, 421, 696, 736, 1117]",,25.055555555555554,99.5,1.7928772354125981,5.841959142684942,92.0,92.5
eval_union,"[0.34917891097666376, 27.299334811529935, 404, 684, 753, 1088]",,25.055555555555554,99.5,1.7928772354125981,6.205128560066222,92.0,93.0
eval_union,"[0.33707865168539325, 26.620842572062088, 390, 667, 767, 1057]",,25.055555555555554,99.5,1.7928772354125981,6.654482979774491,92.0,93.5
eval_union,"[0.3267070008643042, 26.141906873614193, 378, 655, 779, 1033]",,25.055555555555554,99.5,1.7928772354125981,7.212375669479336,92.0,94.0
eval_union,"[0.3197925669835782, 25.543237250554327, 370, 640, 787, 1010]",,25.055555555555554,99.5,1.7928772354125981,7.794489538669587,92.0,94.5
eval_union,"[0.3059636992221262, 24.98447893569845, 354, 626, 803, 980]",,25.055555555555554,99.5,1.7928772354125981,8.410855770111041,92.0,95.0
eval_union,"[0.2895419187554019, 24.66518847006652, 335, 618, 822, 953]",,25.055555555555554,99.5,1.7928772354125981,9.304570846557606,92.0,95.5
eval_union,"[0.27744165946413135, 24.226164079822617, 321, 607, 836, 928]",,25.055555555555554,99.5,1.7928772354125981,10.050942497253422,92.0,96.0
eval_union,"[0.2601555747623163, 23.747228381374725, 301, 595, 856, 896]",,25.055555555555554,99.5,1.7928772354125981,10.904608006477345,92.0,96.5
eval_union,"[0.23595505617977527, 23.108647450110865, 273, 579, 884, 852]",,25.055555555555554,99.5,1.7928772354125981,11.678171405792227,92.0,97.0
eval_union,"[0.20397579948141745, 22.58980044345898, 236, 566, 921, 802]",,25.055555555555554,99.5,1.7928772354125981,12.63719093799591,92.0,97.5
eval_union,"[0.1797752808988764, 22.031042128603104, 208, 552, 949, 760]",,25.055555555555554,99.5,1.7928772354125981,13.963846740722648,92.0,98.0
eval_union,"[0.15730337078651685, 21.552106430155213, 182, 540, 975, 722]",,25.055555555555554,99.5,1.7928772354125981,16.57019313812255,92.0,98.5
eval_union,"[0.12359550561797752, 20.953436807095347, 143, 525, 1014, 668]",,25.055555555555554,99.5,1.7928772354125981,20.60003761291506,92.0,99.0
eval_union,"[0.0898876404494382, 20.554323725055433, 104, 515, 1053, 619]",,25.055555555555554,99.5,1.7928772354125981,28.334656648635683,92.0,99.5
eval_union,"[0.5211754537597234, 71.44124168514413, 603, 1790, 554, 2393]",,25.055555555555554,99.5,1.6598509430885315,0.09077733382582664,90.0,50.0
eval_union,"[0.5211754537597234, 71.40133037694014, 603, 1789, 554, 2392]",,25.055555555555554,99.5,1.6598509430885315,0.11212093323469155,90.0,50.5
eval_union,"[0.5229040622299049, 71.44124168514413, 605, 1790, 552, 2395]",,25.055555555555554,99.5,1.6598509430885315,0.13464516386389755,90.0,51.0
eval_union,"[0.5246326707000865, 71.1219512195122, 607, 1782, 550, 2389]",,25.055555555555554,99.5,1.6598509430885315,0.15403672441840174,90.0,51.5
eval_union,"[0.526361279170268, 71.20177383592018, 609, 1784, 548, 2393]",,25.055555555555554,99.5,1.6598509430885315,0.17796872973442074,90.0,52.0
eval_union,"[0.5306828003457217, 71.1219512195122, 614, 1782, 543, 2396]",,25.055555555555554,99.5,1.6598509430885315,0.19627721086144476,90.0,52.5
eval_union,"[0.5350043215211755, 71.00221729490023, 619, 1779, 538, 2398]",,25.055555555555554,99.5,1.6598509430885315,0.22048529401421563,90.0,53.0
eval_union,"[0.5375972342264477, 71.1618625277162, 622, 1783, 535, 2405]",,25.055555555555554,99.5,1.6598509430885315,0.24122495941817762,90.0,53.5
eval_union,"[0.5375972342264477, 71.40133037694014, 622, 1789, 535, 2411]",,25.055555555555554,99.5,1.6598509430885315,0.2610533964633942,90.0,54.0
eval_union,"[0.5410544511668107, 71.1219512195122, 626, 1782, 531, 2408]",,25.055555555555554,99.5,1.6598509430885315,0.28204435005784095,90.0,54.5
eval_union,"[0.5427830596369922, 71.04212860310422, 628, 1780, 529, 2408]",,25.055555555555554,99.5,1.6598509430885315,0.30234529823064815,90.0,55.0
eval_union,"[0.5445116681071738, 70.96230598669624, 630, 1778, 527, 2408]",,25.055555555555554,99.5,1.6598509430885315,0.32569405794143685,90.0,55.5
eval_union,"[0.5453759723422644, 70.84257206208426, 631, 1775, 526, 2406]",,25.055555555555554,99.5,1.6598509430885315,0.3478954076766968,90.0,56.0
eval_union,"[0.5479688850475367, 70.60310421286032, 634, 1769, 523, 2403]",,25.055555555555554,99.5,1.6598509430885315,0.3691490027308463,90.0,56.5
eval_union,"[0.550561797752809, 70.52328159645234, 637, 1767, 520, 2404]",,25.055555555555554,99.5,1.6598509430885315,0.3913524010777473,90.0,57.0
eval_union,"[0.5496974935177182, 70.60310421286032, 636, 1769, 521, 2405]",,25.055555555555554,99.5,1.6598509430885315,0.41571238785982123,90.0,57.5
eval_union,"[0.5514261019878998, 70.56319290465632, 638, 1768, 519, 2406]",,25.055555555555554,99.5,1.6598509430885315,0.4399468266963957,90.0,58.0
eval_union,"[0.5531547104580813, 70.44345898004435, 640, 1765, 517, 2405]",,25.055555555555554,99.5,1.6598509430885315,0.46726177960634213,90.0,58.5
eval_union,"[0.5531547104580813, 69.84478935698448, 640, 1750, 517, 2390]",,25.055555555555554,99.5,1.6598509430885315,0.49008097410202023,90.0,59.0
eval_union,"[0.557476231633535, 69.3658536585366, 645, 1738, 512, 2383]",,25.055555555555554,99.5,1.6598509430885315,0.5134383669495581,90.0,59.5
eval_union,"[0.5583405358686258, 69.24611973392462, 646, 1735, 511, 2381]",,25.055555555555554,99.5,1.6598509430885315,0.536166477203369,90.0,60.0
eval_union,"[0.5592048401037165, 69.48558758314856, 647, 1741, 510, 2388]",,25.055555555555554,99.5,1.6598509430885315,0.5595470631122589,90.0,60.5
eval_union,"[0.560933448573898, 69.72505543237251, 649, 1747, 508, 2396]",,25.055555555555554,99.5,1.6598509430885315,0.5817095768451691,90.0,61.0
eval_union,"[0.560933448573898, 69.28603104212861, 649, 1736, 508, 2385]",,25.055555555555554,99.5,1.6598509430885315,0.6042246025800704,90.0,61.5
eval_union,"[0.560933448573898, 69.16629711751663, 649, 1733, 508, 2382]",,25.055555555555554,99.5,1.6598509430885315,0.6289117872714997,90.0,62.0
eval_union,"[0.5617977528089888, 68.64745011086475, 650, 1720, 507, 2370]",,25.055555555555554,99.5,1.6598509430885315,0.6533820331096649,90.0,62.5
eval_union,"[0.5600691443388073, 68.48780487804879, 648, 1716, 509, 2364]",,25.055555555555554,99.5,1.6598509430885315,0.6831670719385142,90.0,63.0
eval_union,"[0.5617977528089888, 68.08869179600887, 650, 1706, 507, 2356]",,25.055555555555554,99.5,1.6598509430885315,0.7098419928550724,90.0,63.5
eval_union,"[0.5617977528089888, 67.92904656319291, 650, 1702, 507, 2352]",,25.055555555555554,99.5,1.6598509430885315,0.7381514167785644,90.0,64.0
eval_union,"[0.5600691443388073, 67.37028824833703, 648, 1688, 509, 2336]",,25.055555555555554,99.5,1.6598509430885315,0.764243181347847,90.0,64.5
eval_union,"[0.5617977528089888, 67.0909090909091, 650, 1681, 507, 2331]",,25.055555555555554,99.5,1.6598509430885315,0.7910401135683061,90.0,65.0
eval_union,"[0.5617977528089888, 66.69179600886919, 650, 1671, 507, 2321]",,25.055555555555554,99.5,1.6598509430885315,0.8190016227960588,90.0,65.5
eval_union,"[0.5617977528089888, 66.1729490022173, 650, 1658, 507, 2308]",,25.055555555555554,99.5,1.6598509430885315,0.8498276674747467,90.0,66.0
eval_union,"[0.564390665514261, 65.69401330376941, 653, 1646, 504, 2299]",,25.055555555555554,99.5,1.6598509430885315,0.878896164894104,90.0,66.5
eval_union,"[0.5617977528089888, 65.33481152993349, 650, 1637, 507, 2287]",,25.055555555555554,99.5,1.6598509430885315,0.9106361728906633,90.0,67.0
eval_union,"[0.5626620570440796, 65.01552106430155, 651, 1629, 506, 2280]",,25.055555555555554,99.5,1.6598509430885315,0.9385085552930833,90.0,67.5
eval_union,"[0.5687121866897148, 64.45676274944569, 658, 1615, 499, 2273]",,25.055555555555554,99.5,1.6598509430885315,0.9666943550109866,90.0,68.0
eval_union,"[0.5695764909248056, 63.89800443458981, 659, 1601, 498, 2260]",,25.055555555555554,99.5,1.6598509430885315,0.9929769545793534,90.0,68.5
eval_union,"[0.5704407951598963, 63.17960088691797, 660, 1583, 497, 2243]",,25.055555555555554,99.5,1.6598509430885315,1.0231032216548914,90.0,69.0
eval_union,"[0.567847882454624, 62.34146341463415, 657, 1562, 500, 2219]",,25.055555555555554,99.5,1.6598509430885315,1.0563565552234644,90.0,69.5
eval_union,"[0.567847882454624, 61.98226164079823, 657, 1553, 500, 2210]",,25.055555555555554,99.5,1.6598509430885315,1.0908433079719542,90.0,70.0
eval_union,"[0.5669835782195333, 61.383592017738366, 656, 1538, 501, 2194]",,25.055555555555554,99.5,1.6598509430885315,1.1248327416181563,90.0,70.5
eval_union,"[0.567847882454624, 60.86474501108648, 657, 1525, 500, 2182]",,25.055555555555554,99.5,1.6598509430885315,1.1584407019615157,90.0,71.0
eval_union,"[0.5687121866897148, 60.066518847006655, 658, 1505, 499, 2163]",,25.055555555555554,99.5,1.6598509430885315,1.1988615226745605,90.0,71.5
eval_union,"[0.5695764909248056, 59.388026607538805, 659, 1488, 498, 2147]",,25.055555555555554,99.5,1.6598509430885315,1.23315447807312,90.0,72.0
eval_union,"[0.5704407951598963, 58.47006651884701, 660, 1465, 497, 2125]",,25.055555555555554,99.5,1.6598509430885315,1.2662764459848403,90.0,72.5
eval_union,"[0.5695764909248056, 58.19068736141907, 659, 1458, 498, 2117]",,25.055555555555554,99.5,1.6598509430885315,1.3011794543266295,90.0,73.0
eval_union,"[0.5652549697493517, 57.27272727272728, 654, 1435, 503, 2089]",,25.055555555555554,99.5,1.6598509430885315,1.3419092965126038,90.0,73.5
eval_union,"[0.5617977528089888, 56.55432372505544, 650, 1417, 507, 2067]",,25.055555555555554,99.5,1.6598509430885315,1.37932553768158,90.0,74.0
eval_union,"[0.5600691443388073, 55.63636363636364, 648, 1394, 509, 2042]",,25.055555555555554,99.5,1.6598509430885315,1.4226888734102243,90.0,74.5
eval_union,"[0.5566119273984442, 55.15742793791575, 644, 1382, 513, 2026]",,25.055555555555554,99.5,1.6598509430885315,1.4639769792556763,90.0,75.0
eval_union,"[0.5548833189282627, 54.31929046563193, 642, 1361, 515, 2003]",,25.055555555555554,99.5,1.6598509430885315,1.5006821799278272,90.0,75.5
eval_union,"[0.5522904062229905, 53.5609756097561, 639, 1342, 518, 1981]",,25.055555555555554,99.5,1.6598509430885315,1.5416811180114744,90.0,76.0
eval_union,"[0.5522904062229905, 52.80266075388027, 639, 1323, 518, 1962]",,25.055555555555554,99.5,1.6598509430885315,1.590722234249115,90.0,76.5
eval_union,"[0.5514261019878998, 51.7649667405765, 638, 1297, 519, 1935]",,25.055555555555554,99.5,1.6598509430885315,1.6407452356815342,90.0,77.0
eval_union,"[0.5479688850475367, 51.166297117516635, 634, 1282, 523, 1916]",,25.055555555555554,99.5,1.6598509430885315,1.6886990547180165,90.0,77.5
eval_union,"[0.5453759723422644, 50.36807095343681, 631, 1262, 526, 1893]",,25.055555555555554,99.5,1.6598509430885315,1.7344632649421694,90.0,78.0
eval_union,"[0.5410544511668107, 49.68957871396896, 626, 1245, 531, 1871]",,25.055555555555554,99.5,1.6598509430885315,1.7916628944873827,90.0,78.5
eval_union,"[0.5350043215211755, 49.170731707317074, 619, 1232, 538, 1851]",,25.055555555555554,99.5,1.6598509430885315,1.8576587069034574,90.0,79.0
eval_union,"[0.533275713050994, 48.45232815964523, 617, 1214, 540, 1831]",,25.055555555555554,99.5,1.6598509430885315,1.9154004043340684,90.0,79.5
eval_union,"[0.5306828003457217, 47.61419068736142, 614, 1193, 543, 1807]",,25.055555555555554,99.5,1.6598509430885315,1.9741851329803468,90.0,80.0
eval_union,"[0.5315471045808124, 47.09534368070954, 615, 1180, 542, 1795]",,25.055555555555554,99.5,1.6598509430885315,2.036969654560089,90.0,80.5
eval_union,"[0.5280898876404494, 46.3769401330377, 611, 1162, 546, 1773]",,25.055555555555554,99.5,1.6598509430885315,2.102254722118378,90.0,81.0
eval_union,"[0.5246326707000865, 45.37915742793792, 607, 1137, 550, 1744]",,25.055555555555554,99.5,1.6598509430885315,2.175994237661361,90.0,81.5
eval_union,"[0.5220397579948142, 44.5809312638581, 604, 1117, 553, 1721]",,25.055555555555554,99.5,1.6598509430885315,2.248897409439087,90.0,82.0
eval_union,"[0.5220397579948142, 43.58314855875832, 604, 1092, 553, 1696]",,25.055555555555554,99.5,1.6598509430885315,2.3326381504535667,90.0,82.5
eval_union,"[0.5185825410544511, 43.024390243902445, 600, 1078, 557, 1678]",,25.055555555555554,99.5,1.6598509430885315,2.425430073738098,90.0,83.0
eval_union,"[0.5177182368193605, 42.22616407982262, 599, 1058, 558, 1657]",,25.055555555555554,99.5,1.6598509430885315,2.5196004760265356,90.0,83.5
eval_union,"[0.5159896283491789, 41.507760532150776, 597, 1040, 560, 1637]",,25.055555555555554,99.5,1.6598509430885315,2.6304725933074953,90.0,84.0
eval_union,"[0.5142610198789974, 40.669623059866964, 595, 1019, 562, 1614]",,25.055555555555554,99.5,1.6598509430885315,2.7276616275310506,90.0,84.5
eval_union,"[0.5116681071737251, 39.991130820399114, 592, 1002, 565, 1594]",,25.055555555555554,99.5,1.6598509430885315,2.8380211830139164,90.0,85.0
eval_union,"[0.5064822817631807, 39.43237250554324, 586, 988, 571, 1574]",,25.055555555555554,99.5,1.6598509430885315,2.955703905820846,90.0,85.5
eval_union,"[0.5038893690579084, 38.63414634146342, 583, 968, 574, 1551]",,25.055555555555554,99.5,1.6598509430885315,3.081022396087646,90.0,86.0
eval_union,"[0.5030250648228176, 38.19512195121951, 582, 957, 575, 1539]",,25.055555555555554,99.5,1.6598509430885315,3.2219283390045166,90.0,86.5
eval_union,"[0.5004321521175453, 37.15742793791575, 579, 931, 578, 1510]",,25.055555555555554,99.5,1.6598509430885315,3.3582502841949444,90.0,87.0
eval_union,"[0.4943820224719101, 36.23946784922395, 572, 908, 585, 1480]",,25.055555555555554,99.5,1.6598509430885315,3.52468004822731,90.0,87.5
eval_union,"[0.4857389801210026, 35.84035476718404, 562, 898, 595, 1460]",,25.055555555555554,99.5,1.6598509430885315,3.7051178741455093,90.0,88.0
eval_union,"[0.47191011235955055, 35.28159645232816, 546, 884, 611, 1430]",,25.055555555555554,99.5,1.6598509430885315,3.874412554502486,90.0,88.5
eval_union,"[0.4580812445980985, 34.84257206208426, 530, 873, 627, 1403]",,25.055555555555554,99.5,1.6598509430885315,4.0701590919494635,90.0,89.0
eval_union,"[0.45721694036300775, 34.48337028824834, 529, 864, 628, 1393]",,25.055555555555554,99.5,1.6598509430885315,4.255578207969666,90.0,89.5
eval_union,"[0.4407951598962835, 34.04434589800444, 510, 853, 647, 1363]",,25.055555555555554,99.5,1.6598509430885315,4.457726860046381,90.0,90.0
eval_union,"[0.42696629213483145, 33.68514412416852, 494, 844, 663, 1338]",,25.055555555555554,99.5,1.6598509430885315,4.675087914466858,90.0,90.5
eval_union,"[0.41486603284356094, 33.126385809312644, 480, 830, 677, 1310]",,25.055555555555554,99.5,1.6598509430885315,4.933004894256597,90.0,91.0
eval_union,"[0.40190146931719967, 32.328159645232816, 465, 810, 692, 1275]",,25.055555555555554,99.5,1.6598509430885315,5.220453071594238,90.0,91.5
eval_union,"[0.3923941227312014, 31.64966740576497, 454, 793, 703, 1247]",,25.055555555555554,99.5,1.6598509430885315,5.517267513275148,90.0,92.0
eval_union,"[0.37683664649956783, 31.090909090909093, 436, 779, 721, 1215]",,25.055555555555554,99.5,1.6598509430885315,5.841959142684942,90.0,92.5
eval_union,"[0.3612791702679343, 30.651884700665192, 418, 768, 739, 1186]",,25.055555555555554,99.5,1.6598509430885315,6.205128560066222,90.0,93.0
eval_union,"[0.34917891097666376, 30.013303769401332, 404, 752, 753, 1156]",,25.055555555555554,99.5,1.6598509430885315,6.654482979774491,90.0,93.5
eval_union,"[0.3388072601555748, 29.57427937915743, 392, 741, 765, 1133]",,25.055555555555554,99.5,1.6598509430885315,7.212375669479336,90.0,94.0
eval_union,"[0.33189282627484873, 28.975609756097562, 384, 726, 773, 1110]",,25.055555555555554,99.5,1.6598509430885315,7.794489538669587,90.0,94.5
eval_union,"[0.3180639585133967, 28.416851441241686, 368, 712, 789, 1080]",,25.055555555555554,99.5,1.6598509430885315,8.410855770111041,90.0,95.0
eval_union,"[0.3016421780466724, 28.09756097560976, 349, 704, 808, 1053]",,25.055555555555554,99.5,1.6598509430885315,9.304570846557606,90.0,95.5
eval_union,"[0.2895419187554019, 27.658536585365855, 335, 693, 822, 1028]",,25.055555555555554,99.5,1.6598509430885315,10.050942497253422,90.0,96.0
eval_union,"[0.2713915298184961, 27.219512195121954, 314, 682, 843, 996]",,25.055555555555554,99.5,1.6598509430885315,10.904608006477345,90.0,96.5
eval_union,"[0.24719101123595505, 26.620842572062088, 286, 667, 871, 953]",,25.055555555555554,99.5,1.6598509430885315,11.678171405792227,90.0,97.0
eval_union,"[0.21521175453759722, 26.101995565410203, 249, 654, 908, 903]",,25.055555555555554,99.5,1.6598509430885315,12.63719093799591,90.0,97.5
eval_union,"[0.19101123595505617, 25.543237250554327, 221, 640, 936, 861]",,25.055555555555554,99.5,1.6598509430885315,13.963846740722648,90.0,98.0
eval_union,"[0.1694036300777874, 25.02439024390244, 196, 627, 961, 823]",,25.055555555555554,99.5,1.6598509430885315,16.57019313812255,90.0,98.5
eval_union,"[0.13569576490924806, 24.425720620842576, 157, 612, 1000, 769]",,25.055555555555554,99.5,1.6598509430885315,20.60003761291506,90.0,99.0
eval_union,"[0.10198789974070872, 24.02660753880266, 118, 602, 1039, 720]",,25.055555555555554,99.5,1.6598509430885315,28.334656648635683,90.0,99.5
