Recall,FP_h,TP,FP,evaluator,theta,N,seed,pctl
0.4874675885911841,45.09977827050998,564,1130,eval_at,0.0640794150531292,10,0,50.0
0.49178910976663787,45.05986696230599,569,1129,eval_at,0.08502260208129879,10,0,50.5
0.49351771823681934,44.86031042128604,571,1124,eval_at,0.10537857413291939,10,0,51.0
0.4943820224719101,45.13968957871397,572,1131,eval_at,0.12326241731643682,10,0,51.5
0.49524632670700086,45.37915742793792,573,1137,eval_at,0.1454234284162521,10,0,52.0
0.4995678478824546,45.05986696230599,578,1129,eval_at,0.1671763028949505,10,0,52.5
0.5021607605877269,44.46119733924613,581,1114,eval_at,0.1883760003745559,10,0,53.0
0.5038893690579084,44.101995565410206,583,1105,eval_at,0.210532233864069,10,0,53.5
0.5073465859982714,44.06208425720621,587,1104,eval_at,0.22893880695104613,10,0,54.0
0.5090751944684528,43.70288248337029,589,1095,eval_at,0.24903572224080578,10,0,54.5
0.5099394987035436,43.6629711751663,590,1094,eval_at,0.26866719424724583,10,0,55.0
0.5090751944684528,43.423503325942356,589,1088,eval_at,0.28888033881783504,10,0,55.5
0.5090751944684528,43.18403547671841,589,1082,eval_at,0.31266218185424804,10,0,56.0
0.5099394987035436,43.18403547671841,590,1082,eval_at,0.3325340372323986,10,0,56.5
0.5099394987035436,42.94456762749446,590,1076,eval_at,0.35377461552619915,10,0,57.0
0.5116681071737251,42.86474501108648,592,1074,eval_at,0.37599620893597596,10,0,57.5
0.5108038029386344,43.104212860310426,591,1080,eval_at,0.3996204435825342,10,0,58.0
0.5177182368193605,42.824833702882486,599,1073,eval_at,0.4215405985712999,10,0,58.5
0.5151253241140882,42.465631929046566,596,1064,eval_at,0.44776299357414245,10,0,59.0
0.5142610198789974,42.305986696230605,595,1060,eval_at,0.4728517293930052,10,0,59.5
0.5116681071737251,41.946784922394684,592,1051,eval_at,0.5003839969635009,10,0,60.0
0.5116681071737251,42.106430155210646,592,1055,eval_at,0.5227027890086174,10,0,60.5
0.5133967156439067,41.707317073170735,594,1045,eval_at,0.5422166448831558,10,0,61.0
0.5133967156439067,41.587583148558764,594,1042,eval_at,0.5700395819544792,10,0,61.5
0.5133967156439067,41.388026607538805,594,1037,eval_at,0.5926671552658082,10,0,62.0
0.5142610198789974,41.18847006651885,595,1032,eval_at,0.6173166930675507,10,0,62.5
0.5133967156439067,41.308203991130824,594,1035,eval_at,0.6433302909135818,10,0,63.0
0.5185825410544511,41.028824833702885,600,1028,eval_at,0.6669586879014974,10,0,63.5
0.5177182368193605,40.909090909090914,599,1025,eval_at,0.692806887626648,10,0,64.0
0.5185825410544511,40.909090909090914,600,1025,eval_at,0.7169757333397865,10,0,64.5
0.5194468452895419,40.54988913525499,601,1016,eval_at,0.741105973720551,10,0,65.0
0.5194468452895419,39.991130820399114,601,1002,eval_at,0.7660296362638473,10,0,65.5
0.5220397579948142,39.75166297117517,604,996,eval_at,0.792535469532013,10,0,66.0
0.5229040622299049,38.99334811529934,605,977,eval_at,0.8215417724847793,10,0,66.5
0.5237683664649957,38.51441241685144,606,965,eval_at,0.8483282494544984,10,0,67.0
0.5211754537597234,37.83592017738359,603,948,eval_at,0.8774404764175416,10,0,67.5
0.5229040622299049,37.23725055432373,605,933,eval_at,0.9050523686409,10,0,68.0
0.5229040622299049,36.55875831485588,605,916,eval_at,0.933322780430318,10,0,68.5
0.5237683664649957,36.43902439024391,606,913,eval_at,0.9642750835418696,10,0,69.0
0.5220397579948142,35.96008869179601,604,901,eval_at,0.9959020668268197,10,0,69.5
0.5168539325842697,35.80044345898005,598,897,eval_at,1.0255342841148374,10,0,70.0
0.5142610198789974,35.5609756097561,595,891,eval_at,1.0577460920810697,10,0,70.5
0.5125324114088159,35.00221729490023,593,877,eval_at,1.092403047084807,10,0,71.0
0.5133967156439067,34.72283813747229,594,870,eval_at,1.1269448339939117,10,0,71.5
0.5064822817631807,34.243902439024396,586,858,eval_at,1.1649450731277466,10,0,72.0
0.5073465859982714,33.844789356984485,587,848,eval_at,1.202113455533981,10,0,72.5
0.5021607605877269,33.246119733924616,581,833,eval_at,1.2393521833419798,10,0,73.0
0.4969749351771824,32.966740576496676,575,826,eval_at,1.2776343315839767,10,0,73.5
0.49351771823681934,32.328159645232816,571,810,eval_at,1.317822942733765,10,0,74.0
0.4891961970613656,31.72949002217295,566,795,eval_at,1.3548711466789245,10,0,74.5
0.4840103716508211,31.29046563192905,560,784,eval_at,1.4005345106124878,10,0,75.0
0.4822817631806396,30.6119733924612,558,767,eval_at,1.4423832762241364,10,0,75.5
0.4840103716508211,30.172949002217297,560,756,eval_at,1.4790810155868528,10,0,76.0
0.4840103716508211,29.494456762749447,560,739,eval_at,1.5202893555164336,10,0,76.5
0.4840103716508211,28.696230598669626,560,719,eval_at,1.5672527706623085,10,0,77.0
0.4822817631806396,28.017738359201775,558,702,eval_at,1.615519770979881,10,0,77.5
0.4788245462402766,27.4589800443459,554,688,eval_at,1.6728794264793396,10,0,78.0
0.47796024200518583,26.620842572062088,553,667,eval_at,1.720953862071038,10,0,78.5
0.4727744165946413,25.982261640798228,547,651,eval_at,1.7735779082775112,10,0,79.0
0.4675885911840968,25.223946784922397,541,632,eval_at,1.8312276399135596,10,0,79.5
0.46672428694900603,24.38580931263858,540,611,eval_at,1.8976337671279913,10,0,80.0
0.46240276577355227,23.98669623059867,535,601,eval_at,1.9618938559293746,10,0,80.5
0.46153846153846156,23.18847006651885,534,581,eval_at,2.0312149810791036,10,0,81.0
0.4546240276577355,22.709534368070955,526,569,eval_at,2.099404579401016,10,0,81.5
0.45030250648228176,21.75166297117517,521,545,eval_at,2.172230558395386,10,0,82.0
0.445980985306828,20.953436807095347,516,525,eval_at,2.2583927631378122,10,0,82.5
0.4407951598962835,20.11529933481153,510,504,eval_at,2.3411515212058998,10,0,83.0
0.4347450302506482,19.67627494456763,503,493,eval_at,2.424887726306916,10,0,83.5
0.428694900605013,19.07760532150776,496,478,eval_at,2.507883157730101,10,0,84.0
0.4243733794295592,18.039911308203994,491,452,eval_at,2.6053979027271272,10,0,84.5
0.41832324978392393,17.20177383592018,484,431,eval_at,2.7001182079315194,10,0,85.0
0.4131374243733794,16.363636363636363,478,410,eval_at,2.801808326244354,10,0,85.5
0.40535868625756266,15.884700665188472,469,398,eval_at,2.9085505056381225,10,0,86.0
0.39671564390665515,15.086474501108649,459,378,eval_at,3.041408396959305,10,0,86.5
0.38720829732065687,14.328159645232818,448,359,eval_at,3.1563173484802216,10,0,87.0
0.37856525496974935,13.410199556541022,438,336,eval_at,3.302518367767334,10,0,87.5
0.37251512532411407,12.611973392461199,431,316,eval_at,3.4452850914001507,10,0,88.0
0.35782195332757133,12.172949002217296,414,305,eval_at,3.6004327070713034,10,0,88.5
0.3465859982713915,11.65410199556541,401,292,eval_at,3.778454012870789,10,0,89.0
0.337942955920484,11.414634146341465,391,286,eval_at,3.951216412782676,10,0,89.5
0.3292999135695765,10.776053215077606,381,270,eval_at,4.14518232345581,10,0,90.0
0.32152117545375974,10.297117516629713,372,258,eval_at,4.390398037433629,10,0,90.5
0.3050993949870354,9.458980044345898,353,237,eval_at,4.6487295866012595,10,0,91.0
0.29213483146067415,8.980044345898005,338,225,eval_at,4.914055690765379,10,0,91.5
0.2731201382886776,8.461197339246121,316,212,eval_at,5.243704910278321,10,0,92.0
0.2610198789974071,7.782705099778271,302,195,eval_at,5.580703401565562,10,0,92.5
0.25237683664649957,7.184035476718404,292,180,eval_at,5.973628854751587,10,0,93.0
0.23681936041486604,6.585365853658537,274,165,eval_at,6.377878851890566,10,0,93.5
0.22817631806395852,6.1862527716186255,264,155,eval_at,6.870238752365106,10,0,94.0
0.21694036300777875,5.587583148558759,251,140,eval_at,7.435738892555238,10,0,94.5
0.20397579948141745,4.869179600886918,236,122,eval_at,8.021546411514272,10,0,95.0
0.19101123595505617,4.230598669623061,221,106,eval_at,8.853099370002742,10,0,95.5
0.17372515125324114,3.791574279379158,201,95,eval_at,9.788473014831547,10,0,96.0
0.15903197925669835,3.1529933481152996,184,79,eval_at,10.963394837379427,10,0,96.5
0.14433880726015558,2.7937915742793793,167,70,eval_at,12.382238616943333,10,0,97.0
0.12445980985306827,2.6341463414634148,144,66,eval_at,14.104111504554782,10,0,97.5
0.10371650821089023,1.9955654101995568,120,50,eval_at,16.25376873016356,10,0,98.0
0.08643042350907519,1.476718403547672,100,37,eval_at,20.116111183166485,10,0,98.5
0.06309420916162489,0.8381374722838139,73,21,eval_at,26.846980304718038,10,0,99.0
0.032843560933448576,0.3192904656319291,38,8,eval_at,40.783941478729076,10,0,99.5
0.36041486603284356,40.629711751662974,417,1018,eval_at,0.054826971143484116,10,1,50.0
0.3621434745030251,40.949002217294904,419,1026,eval_at,0.07694583654403685,10,1,50.5
0.3647363872082973,40.669623059866964,422,1019,eval_at,0.09594673633575444,10,1,51.0
0.3647363872082973,40.82926829268293,422,1023,eval_at,0.1170363735035063,10,1,51.5
0.3656006914433881,41.068736141906875,423,1029,eval_at,0.1391051542758941,10,1,52.0
0.3716508210890233,41.427937915742795,430,1038,eval_at,0.15836446546018212,10,1,52.5
0.3742437337942956,41.268292682926834,433,1034,eval_at,0.17752461135387435,10,1,53.0
0.37510803802938636,41.068736141906875,434,1029,eval_at,0.19837609022855762,10,1,53.5
0.37856525496974935,40.86917960088692,438,1024,eval_at,0.21984446078538927,10,1,54.0
0.3794295592048401,40.709534368070955,439,1020,eval_at,0.2412128852307797,10,1,54.5
0.3863439930855661,40.509977827051,447,1015,eval_at,0.2598624959588051,10,1,55.0
0.39066551426101986,40.310421286031044,452,1010,eval_at,0.28410326838493405,10,1,55.5
0.38807260155574763,40.23059866962306,449,1008,eval_at,0.3045903360843659,10,1,56.0
0.3915298184961106,40.350332594235034,453,1011,eval_at,0.3256219509243965,10,1,56.5
0.3915298184961106,40.509977827051,453,1015,eval_at,0.34826923459768283,10,1,57.0
0.3915298184961106,40.270509977827054,453,1009,eval_at,0.37020353302359577,10,1,57.5
0.3915298184961106,40.031042128603104,453,1003,eval_at,0.3902228045463562,10,1,58.0
0.3941227312013829,39.951219512195124,456,1001,eval_at,0.4099215851724147,10,1,58.5
0.3993085566119274,39.951219512195124,462,1001,eval_at,0.4308805450797081,10,1,59.0
0.4010371650821089,39.951219512195124,464,1001,eval_at,0.4526118049025535,10,1,59.5
0.4044943820224719,39.55210643015521,468,991,eval_at,0.4744483351707456,10,1,60.0
0.4079515989628349,39.312638580931264,472,985,eval_at,0.49712022677063944,10,1,60.5
0.40881590319792566,39.83148558758315,473,998,eval_at,0.5215905272960661,10,1,61.0
0.4105445116681072,39.39246119733925,475,987,eval_at,0.5422411224246024,10,1,61.5
0.4105445116681072,39.27272727272727,475,984,eval_at,0.5625982320308687,10,1,62.0
0.41140881590319794,39.47228381374723,476,989,eval_at,0.586066722869873,10,1,62.5
0.4131374243733794,38.95343680709534,478,976,eval_at,0.6087353044748304,10,1,63.0
0.4131374243733794,38.7139689578714,478,970,eval_at,0.6310121181607248,10,1,63.5
0.4105445116681072,38.43458980044346,475,963,eval_at,0.6537191963195801,10,1,64.0
0.4096802074330164,38.43458980044346,474,963,eval_at,0.6761514303088187,10,1,64.5
0.41227312013828865,38.2749445676275,477,959,eval_at,0.6979875534772874,10,1,65.0
0.4131374243733794,38.15521064301552,478,956,eval_at,0.720822775065899,10,1,65.5
0.4096802074330164,38.19512195121951,474,957,eval_at,0.7443136966228485,10,1,66.0
0.4096802074330164,37.95565410199557,474,951,eval_at,0.7691395419836045,10,1,66.5
0.4096802074330164,37.91574279379158,474,950,eval_at,0.794710043668747,10,1,67.0
0.41140881590319794,37.87583148558759,476,949,eval_at,0.8214652732014657,10,1,67.5
0.41227312013828865,37.19733924611974,477,932,eval_at,0.8478290152549746,10,1,68.0
0.41227312013828865,37.07760532150776,477,929,eval_at,0.8722869995236399,10,1,68.5
0.4131374243733794,36.75831485587583,478,921,eval_at,0.8969899535179137,10,1,69.0
0.41486603284356094,36.35920177383592,480,911,eval_at,0.9247530686855313,10,1,69.5
0.4105445116681072,36.0,475,902,eval_at,0.9517444670200347,10,1,70.0
0.4062229904926534,35.44124168514413,470,888,eval_at,0.9795747891068458,10,1,70.5
0.40363007778738114,35.00221729490023,467,877,eval_at,1.003376779556274,10,1,71.0
0.40276577355229043,34.80266075388027,466,872,eval_at,1.0297281348705292,10,1,71.5
0.4010371650821089,34.36363636363637,464,861,eval_at,1.0584523248672486,10,1,72.0
0.3975799481417459,34.44345898004435,460,863,eval_at,1.0878576368093487,10,1,72.5
0.39844425237683667,33.844789356984485,461,848,eval_at,1.1156467449665064,10,1,73.0
0.39671564390665515,33.325942350332596,459,835,eval_at,1.148747964501381,10,1,73.5
0.39844425237683667,32.567627494456765,461,816,eval_at,1.1817719292640687,10,1,74.0
0.40017286084701814,32.04878048780488,463,803,eval_at,1.2134939318895337,10,1,74.5
0.3993085566119274,31.490022172949004,462,789,eval_at,1.2457336485385895,10,1,75.0
0.40190146931719967,30.97117516629712,465,776,eval_at,1.282982106804848,10,1,75.5
0.40017286084701814,30.572062084257208,463,766,eval_at,1.3181576824188226,10,1,76.0
0.3975799481417459,30.252771618625278,460,758,eval_at,1.3552105522155762,10,1,76.5
0.39671564390665515,29.733924611973396,459,745,eval_at,1.3881203007698066,10,1,77.0
0.39671564390665515,29.21507760532151,459,732,eval_at,1.423766389489174,10,1,77.5
0.3958513396715644,28.696230598669626,458,719,eval_at,1.4656795597076417,10,1,78.0
0.3958513396715644,27.49889135254989,458,689,eval_at,1.5081964427232744,10,1,78.5
0.3941227312013829,27.13968957871397,456,680,eval_at,1.5500210511684411,10,1,79.0
0.39066551426101986,26.940133037694014,452,675,eval_at,1.5925160783529289,10,1,79.5
0.38720829732065687,26.34146341463415,448,660,eval_at,1.6416083335876468,10,1,80.0
0.38547968885047534,25.902439024390247,446,649,eval_at,1.6834295177459717,10,1,80.5
0.38807260155574763,25.383592017738362,449,636,eval_at,1.731541433334351,10,1,81.0
0.3828867761452031,24.904656319290467,443,624,eval_at,1.7731505787372586,10,1,81.5
0.3828867761452031,24.26607538802661,443,608,eval_at,1.8243623542785647,10,1,82.0
0.3811581676750216,23.348115299334815,441,585,eval_at,1.8746142685413323,10,1,82.5
0.3794295592048401,23.068736141906875,439,578,eval_at,1.931724672317504,10,1,83.0
0.3759723422644771,22.54988913525499,435,565,eval_at,1.990841035842896,10,1,83.5
0.3716508210890233,21.871396895787143,430,548,eval_at,2.0477236080169674,10,1,84.0
0.36732929991356955,20.793791574279382,425,521,eval_at,2.1116834819316863,10,1,84.5
0.3647363872082973,19.875831485587586,422,498,eval_at,2.180691981315613,10,1,85.0
0.3595505617977528,19.157427937915745,416,480,eval_at,2.251667239665983,10,1,85.5
0.3543647363872083,18.23946784922395,410,457,eval_at,2.319008326530456,10,1,86.0
0.3465859982713915,17.28159645232816,401,433,eval_at,2.4063841819763185,10,1,86.5
0.34485738980121,16.643015521064303,399,417,eval_at,2.4992973089218133,10,1,87.0
0.33967156439066554,15.645232815964524,393,392,eval_at,2.5991430282592773,10,1,87.5
0.33189282627484873,14.567627494456763,384,365,eval_at,2.695555181503296,10,1,88.0
0.32497839239412274,13.968957871396897,376,350,eval_at,2.7989773821830743,10,1,88.5
0.31892826274848746,13.01108647450111,369,326,eval_at,2.9295791482925417,10,1,89.0
0.31201382886776147,11.97339246119734,361,300,eval_at,3.0606482231616985,10,1,89.5
0.30423509075194466,11.374722838137473,352,285,eval_at,3.2140692710876455,10,1,90.0
0.29818496110630943,10.855875831485589,345,272,eval_at,3.3825698196887988,10,1,90.5
0.2878133102852204,10.736141906873614,333,269,eval_at,3.5344421863555966,10,1,91.0
0.2783059636992221,9.977827050997783,322,250,eval_at,3.726195061206816,10,1,91.5
0.26879861711322384,9.099778270509978,311,228,eval_at,3.9327110290527347,10,1,92.0
0.25842696629213485,8.221729490022174,299,206,eval_at,4.189522886276261,10,1,92.5
0.2480553154710458,7.343680709534369,287,184,eval_at,4.446857638359069,10,1,93.0
0.24200518582541056,6.505543237250555,280,163,eval_at,4.7851304745674135,10,1,93.5
0.23163353500432152,5.547671840354767,268,139,eval_at,5.122640762329101,10,1,94.0
0.22039757994814174,5.108647450110865,255,128,eval_at,5.605507848262787,10,1,94.5
0.2065687121866897,4.3503325942350335,239,109,eval_at,6.14375765323637,10,1,95.0
0.19101123595505617,4.070953436807096,221,102,eval_at,6.810866885185235,10,1,95.5
0.1797752808988764,3.4722838137472287,208,87,eval_at,7.627362823486331,10,1,96.0
0.16248919619706137,3.1130820399113084,188,78,eval_at,8.50521778583526,10,1,96.5
0.14779602420051857,2.753880266075388,171,69,eval_at,9.471718225479124,10,1,97.0
0.12186689714779603,2.2350332594235036,141,56,eval_at,10.752773475646984,10,1,97.5
0.10458081244598098,1.9157427937915745,121,48,eval_at,12.487367076873774,10,1,98.0
0.08556611927398444,1.436807095343681,99,36,eval_at,14.728744478225709,10,1,98.5
0.055315471045808126,1.0776053215077606,64,27,eval_at,19.05652425766002,10,1,99.0
0.020743301642178046,0.7982261640798227,24,20,eval_at,29.784960403441993,10,1,99.5
0.4407951598962835,42.106430155210646,510,1055,eval_at,0.06911791861057281,10,2,50.0
0.4399308556611927,42.026607538802665,509,1053,eval_at,0.08968508109450336,10,2,50.5
0.4407951598962835,41.787139689578716,510,1047,eval_at,0.11183521196246152,10,2,51.0
0.442523768366465,41.587583148558764,512,1042,eval_at,0.13084904313087467,10,2,51.5
0.442523768366465,41.747228381374725,512,1046,eval_at,0.15470889806747437,10,2,52.0
0.445980985306828,41.388026607538805,516,1037,eval_at,0.1732219386845828,10,2,52.5
0.44684528954191877,41.747228381374725,517,1046,eval_at,0.19629420876503031,10,2,53.0
0.44684528954191877,41.547671840354774,517,1041,eval_at,0.217678212672472,10,2,53.5
0.4511668107173725,41.108647450110865,522,1030,eval_at,0.23784792751073844,10,2,54.0
0.45030250648228176,41.467849223946786,521,1039,eval_at,0.2588753655552864,10,2,54.5
0.4520311149524633,41.667405764966745,523,1044,eval_at,0.280573183298111,10,2,55.0
0.45375972342264476,41.507760532150776,525,1040,eval_at,0.30083881542086605,10,2,55.5
0.45635263612791704,41.707317073170735,528,1045,eval_at,0.3227710270881658,10,2,56.0
0.452895419187554,41.507760532150776,524,1040,eval_at,0.34634290561079845,10,2,56.5
0.4546240276577355,41.18847006651885,526,1032,eval_at,0.36931747257709485,10,2,57.0
0.4554883318928263,40.988913525498894,527,1027,eval_at,0.3911873124539852,10,2,57.5
0.452895419187554,41.268292682926834,524,1034,eval_at,0.4170681416988371,10,2,58.0
0.4520311149524633,40.749445676274945,523,1021,eval_at,0.44050813779234843,10,2,58.5
0.4520311149524633,40.589800443458984,523,1017,eval_at,0.4652027553319931,10,2,59.0
0.4554883318928263,40.509977827051,527,1015,eval_at,0.48816205397248263,10,2,59.5
0.45635263612791704,40.54988913525499,528,1016,eval_at,0.5119720935821529,10,2,60.0
0.4589455488331893,40.390243902439025,531,1012,eval_at,0.5368806749582292,10,2,60.5
0.4606741573033708,39.75166297117517,533,996,eval_at,0.5616350662708282,10,2,61.0
0.46240276577355227,39.91130820399113,535,1000,eval_at,0.5846587741374965,10,2,61.5
0.4606741573033708,39.71175166297118,533,995,eval_at,0.6080358421802523,10,2,62.0
0.45980985306828004,39.27272727272727,532,984,eval_at,0.6306486129760742,10,2,62.5
0.45980985306828004,39.35254988913526,532,986,eval_at,0.6559813874959944,10,2,63.0
0.4589455488331893,39.23281596452328,531,983,eval_at,0.68061066031456,10,2,63.5
0.4580812445980985,39.19290465631929,530,982,eval_at,0.7057729601860047,10,2,64.0
0.45721694036300775,39.07317073170732,529,979,eval_at,0.734571963250637,10,2,64.5
0.45721694036300775,38.75388026607539,529,971,eval_at,0.7633469432592396,10,2,65.0
0.45721694036300775,38.15521064301552,529,956,eval_at,0.7946773546934129,10,2,65.5
0.45635263612791704,38.03547671840355,528,953,eval_at,0.8246857011318207,10,2,66.0
0.45635263612791704,38.19512195121951,528,957,eval_at,0.8519479712843898,10,2,66.5
0.4580812445980985,37.83592017738359,530,948,eval_at,0.8816411733627322,10,2,67.0
0.46153846153846156,37.47671840354767,534,939,eval_at,0.9108267426490784,10,2,67.5
0.45980985306828004,36.87804878048781,532,924,eval_at,0.9420884227752689,10,2,68.0
0.46240276577355227,36.79822616407983,535,922,eval_at,0.9713667812943466,10,2,68.5
0.46499567847882456,36.75831485587583,538,921,eval_at,1.0011530089378353,10,2,69.0
0.4641313742437338,36.19955654101996,537,907,eval_at,1.0382283079624173,10,2,69.5
0.46499567847882456,36.15964523281597,538,906,eval_at,1.0701887130737304,10,2,70.0
0.4641313742437338,35.48115299334812,537,889,eval_at,1.1012950241565704,10,2,70.5
0.46240276577355227,35.1219512195122,535,880,eval_at,1.1300831544399261,10,2,71.0
0.46240276577355227,34.56319290465632,535,866,eval_at,1.162354588508606,10,2,71.5
0.45980985306828004,34.2039911308204,532,857,eval_at,1.198467993736267,10,2,72.0
0.45980985306828004,34.16407982261641,532,856,eval_at,1.2356370389461513,10,2,72.5
0.46153846153846156,33.68514412416852,534,844,eval_at,1.272135223150253,10,2,73.0
0.46153846153846156,33.166297117516635,534,831,eval_at,1.3073751997947691,10,2,73.5
0.4589455488331893,32.966740576496676,531,826,eval_at,1.3489537715911866,10,2,74.0
0.45635263612791704,32.607538802660756,528,817,eval_at,1.3922502297163009,10,2,74.5
0.4554883318928263,32.328159645232816,527,810,eval_at,1.4293259680271149,10,2,75.0
0.4511668107173725,31.809312638580934,522,797,eval_at,1.46837289094925,10,2,75.5
0.45030250648228176,31.64966740576497,521,793,eval_at,1.508080239295959,10,2,76.0
0.449438202247191,30.851441241685148,520,773,eval_at,1.5529964119195938,10,2,76.5
0.44770959377700953,30.292682926829272,518,759,eval_at,1.6010312080383307,10,2,77.0
0.44165946413137425,29.813747228381377,511,747,eval_at,1.6458427011966705,10,2,77.5
0.43820224719101125,29.175166297117517,507,731,eval_at,1.6915150070190432,10,2,78.0
0.4312878133102852,28.696230598669626,499,719,eval_at,1.73924545109272,10,2,78.5
0.428694900605013,27.85809312638581,496,698,eval_at,1.7815013813972471,10,2,79.0
0.42696629213483145,27.019955654102,494,677,eval_at,1.8332310479879386,10,2,79.5
0.42523768366465,26.221729490022174,492,657,eval_at,1.8836119174957284,10,2,80.0
0.4243733794295592,25.34368070953437,491,635,eval_at,1.9389511412382125,10,2,80.5
0.4209161624891962,24.864745011086477,487,623,eval_at,1.9985065472126007,10,2,81.0
0.4140017286084702,24.465631929046566,479,613,eval_at,2.0637724411487577,10,2,81.5
0.40535868625756266,23.747228381374725,469,595,eval_at,2.1292089557647706,10,2,82.0
0.40017286084701814,23.22838137472284,463,582,eval_at,2.1918473660945823,10,2,82.5
0.3975799481417459,22.350332594235034,460,560,eval_at,2.2557305049896237,10,2,83.0
0.3958513396715644,21.352549889135258,458,535,eval_at,2.332315242290497,10,2,83.5
0.3923941227312014,20.793791574279382,454,521,eval_at,2.404828243255614,10,2,84.0
0.3915298184961106,20.43458980044346,453,512,eval_at,2.4843953144550315,10,2,84.5
0.3915298184961106,19.71618625277162,453,494,eval_at,2.5692346930503858,10,2,85.0
0.38547968885047534,19.03769401330377,446,477,eval_at,2.6558571720123285,10,2,85.5
0.3828867761452031,18.518847006651885,443,464,eval_at,2.754715733528137,10,2,86.0
0.3777009507346586,18.0,437,451,eval_at,2.8512439608573916,10,2,86.5
0.3707865168539326,17.64079822616408,429,442,eval_at,2.9531144189834566,10,2,87.0
0.3647363872082973,16.922394678492243,422,424,eval_at,3.0532239377498627,10,2,87.5
0.3526361279170268,16.363636363636363,408,410,eval_at,3.163227977752688,10,2,88.0
0.34831460674157305,15.405764966740577,403,386,eval_at,3.282894464731215,10,2,88.5
0.34572169403630076,14.966740576496676,400,375,eval_at,3.406288878917694,10,2,89.0
0.34053586862575624,14.288248337028826,394,358,eval_at,3.5318326199054724,10,2,89.5
0.32843560933448573,13.410199556541022,380,336,eval_at,3.6858404636383053,10,2,90.0
0.320656871218669,12.372505543237251,371,310,eval_at,3.8399889445304902,10,2,90.5
0.3163353500432152,11.65410199556541,366,292,eval_at,4.020934119224556,10,2,91.0
0.31201382886776147,10.855875831485589,361,272,eval_at,4.1995992493629455,10,2,91.5
0.30423509075194466,9.778270509977828,352,245,eval_at,4.390745353698732,10,2,92.0
0.2912705272255834,9.379157427937917,337,235,eval_at,4.645951497554795,10,2,92.5
0.2817631806395851,8.501108647450112,326,213,eval_at,4.877679562568664,10,2,93.0
0.2644770959377701,7.822616407982262,306,196,eval_at,5.169019196033487,10,2,93.5
0.25583405358686256,6.944567627494457,296,174,eval_at,5.470038862228392,10,2,94.0
0.2394122731201383,6.305986696230599,277,158,eval_at,5.81896683216095,10,2,94.5
0.22212618841832324,5.866962305986696,257,147,eval_at,6.228966736793515,10,2,95.0
0.2048401037165082,5.108647450110865,237,128,eval_at,6.731904718875883,10,2,95.5
0.18582541054451165,4.58980044345898,215,115,eval_at,7.367174873352051,10,2,96.0
0.1694036300777874,3.831485587583149,196,96,eval_at,8.181705656051626,10,2,96.5
0.15211754537597233,3.3924611973392462,176,85,eval_at,9.173775482177728,10,2,97.0
0.1365600691443388,2.8337028824833705,158,71,eval_at,10.377084326744082,10,2,97.5
0.11754537597234227,2.354767184035477,136,59,eval_at,11.915377826690671,10,2,98.0
0.09420916162489196,1.75609756097561,109,44,eval_at,14.184829382896423,10,2,98.5
0.06395851339671564,1.2771618625277164,74,32,eval_at,17.157070846557655,10,2,99.0
0.03543647363872083,0.6784922394678493,41,17,eval_at,23.16152465820298,10,2,99.5
0.4399308556611927,42.385809312638585,509,1062,eval_at,0.07220334559679031,10,3,50.0
0.442523768366465,42.465631929046566,512,1064,eval_at,0.09313012689352035,10,3,50.5
0.44511668107173724,42.665188470066525,515,1069,eval_at,0.1123005123436452,10,3,51.0
0.45030250648228176,42.665188470066525,521,1069,eval_at,0.13496645554900172,10,3,51.5
0.449438202247191,42.58536585365854,520,1067,eval_at,0.15643281936645503,10,3,52.0
0.449438202247191,41.906873614190694,520,1050,eval_at,0.1791774407029152,10,3,52.5
0.4511668107173725,41.427937915742795,522,1038,eval_at,0.2030628781020644,10,3,53.0
0.4520311149524633,41.148558758314856,523,1031,eval_at,0.2250650154799223,10,3,53.5
0.4520311149524633,41.228381374722844,523,1033,eval_at,0.24861538022756605,10,3,54.0
0.4546240276577355,41.18847006651885,526,1032,eval_at,0.2712476877868176,10,3,54.5
0.45721694036300775,41.228381374722844,529,1033,eval_at,0.2915184155106545,10,3,55.0
0.45980985306828004,41.228381374722844,532,1033,eval_at,0.31326579958200484,10,3,55.5
0.45721694036300775,41.308203991130824,529,1035,eval_at,0.3387380290031435,10,3,56.0
0.4580812445980985,40.749445676274945,530,1021,eval_at,0.36297955676913246,10,3,56.5
0.45721694036300775,40.709534368070955,529,1020,eval_at,0.38252483546733845,10,3,57.0
0.452895419187554,40.949002217294904,524,1026,eval_at,0.4070034898817539,10,3,57.5
0.4554883318928263,40.54988913525499,527,1016,eval_at,0.4296873450279235,10,3,58.0
0.45721694036300775,40.23059866962306,529,1008,eval_at,0.453556424975395,10,3,58.5
0.46153846153846156,40.390243902439025,534,1012,eval_at,0.4774768456816673,10,3,59.0
0.46326707000864303,40.270509977827054,536,1009,eval_at,0.5035129752755164,10,3,59.5
0.4641313742437338,40.031042128603104,537,1003,eval_at,0.5305212974548338,10,3,60.0
0.46499567847882456,40.031042128603104,538,1003,eval_at,0.5591973513364794,10,3,60.5
0.4641313742437338,40.0709534368071,537,1004,eval_at,0.582432923913002,10,3,61.0
0.46240276577355227,40.0709534368071,535,1004,eval_at,0.6094029906392093,10,3,61.5
0.4606741573033708,40.0709534368071,533,1004,eval_at,0.6344162416458131,10,3,62.0
0.46153846153846156,39.75166297117517,534,996,eval_at,0.6622178852558136,10,3,62.5
0.46153846153846156,39.47228381374723,534,989,eval_at,0.6841560477018355,10,3,63.0
0.46153846153846156,39.23281596452328,534,983,eval_at,0.7120860588550568,10,3,63.5
0.46326707000864303,38.7139689578714,536,970,eval_at,0.7376669311523437,10,3,64.0
0.46240276577355227,38.51441241685144,535,965,eval_at,0.7667490091919898,10,3,64.5
0.4641313742437338,38.07538802660754,537,954,eval_at,0.7956584274768833,10,3,65.0
0.46240276577355227,37.75609756097561,535,946,eval_at,0.8236268562078477,10,3,65.5
0.4641313742437338,37.55654101995566,537,941,eval_at,0.85447350025177,10,3,66.0
0.46326707000864303,37.07760532150776,536,929,eval_at,0.8867133548855783,10,3,66.5
0.45980985306828004,36.51884700665189,532,915,eval_at,0.9181954842805863,10,3,67.0
0.45721694036300775,36.039911308204,529,903,eval_at,0.9517219096422196,10,3,67.5
0.45635263612791704,35.72062084257207,528,895,eval_at,0.9872955656051643,10,3,68.0
0.4554883318928263,35.52106430155211,527,890,eval_at,1.0189465421438217,10,3,68.5
0.45721694036300775,35.32150776053216,529,885,eval_at,1.055386949777603,10,3,69.0
0.4580812445980985,34.84257206208426,530,873,eval_at,1.090772942900657,10,3,69.5
0.4606741573033708,34.00443458980045,533,852,eval_at,1.1290831208229064,10,3,70.0
0.4606741573033708,33.565410199556545,533,841,eval_at,1.1684210592508313,10,3,70.5
0.46153846153846156,33.006651884700666,534,827,eval_at,1.2097039663791649,10,3,71.0
0.46240276577355227,32.527716186252775,535,815,eval_at,1.2523703384399414,10,3,71.5
0.4606741573033708,31.849223946784925,533,798,eval_at,1.293330998420715,10,3,72.0
0.4589455488331893,31.490022172949004,531,789,eval_at,1.3320725619792937,10,3,72.5
0.4580812445980985,31.490022172949004,530,789,eval_at,1.3719544839859004,10,3,73.0
0.4546240276577355,31.011086474501113,526,777,eval_at,1.4168799233436584,10,3,73.5
0.4554883318928263,30.412416851441243,527,762,eval_at,1.4571122884750367,10,3,74.0
0.4520311149524633,29.893569844789358,523,749,eval_at,1.5092605304718008,10,3,74.5
0.44857389801210024,29.534368070953438,519,740,eval_at,1.5537029802799225,10,3,75.0
0.4442523768366465,28.656319290465635,514,718,eval_at,1.6029427731037142,10,3,75.5
0.44684528954191877,27.977827050997785,517,701,eval_at,1.6559489965438838,10,3,76.0
0.4442523768366465,27.658536585365855,514,693,eval_at,1.7067410069704056,10,3,76.5
0.44338807260155577,27.339246119733925,513,685,eval_at,1.7587320077419286,10,3,77.0
0.4407951598962835,27.09977827050998,510,679,eval_at,1.8132275283336639,10,3,77.5
0.43560933448573896,26.66075388026608,504,668,eval_at,1.8711000442504884,10,3,78.0
0.428694900605013,25.942350332594238,496,650,eval_at,1.931066312193871,10,3,78.5
0.42696629213483145,25.503325942350333,494,639,eval_at,1.993221955299377,10,3,79.0
0.4226447709593777,24.904656319290467,489,624,eval_at,2.0717115318775194,10,3,79.5
0.4191875540190147,23.90687361419069,485,599,eval_at,2.159554862976074,10,3,80.0
0.41227312013828865,23.50776053215078,477,589,eval_at,2.239217085838318,10,3,80.5
0.4062229904926534,23.14855875831486,470,580,eval_at,2.3113895654678362,10,3,81.0
0.40017286084701814,22.90909090909091,463,574,eval_at,2.3991971349716166,10,3,81.5
0.39325842696629215,22.19068736141907,455,556,eval_at,2.4837111616134644,10,3,82.0
0.3923941227312014,21.592017738359203,454,541,eval_at,2.5817999720573397,10,3,82.5
0.3915298184961106,20.793791574279382,453,521,eval_at,2.6913427424430845,10,3,83.0
0.38547968885047534,19.995565410199557,446,501,eval_at,2.7919435656070712,10,3,83.5
0.38547968885047534,19.43680709534368,446,487,eval_at,2.8934269332885707,10,3,84.0
0.3811581676750216,19.07760532150776,441,478,eval_at,3.007518494129181,10,3,84.5
0.3716508210890233,18.67849223946785,430,468,eval_at,3.110887801647187,10,3,85.0
0.3656006914433881,17.96008869179601,423,450,eval_at,3.2362906837463368,10,3,85.5
0.35868625756266204,17.401330376940134,415,436,eval_at,3.368686943054199,10,3,86.0
0.35350043215211757,16.922394678492243,409,424,eval_at,3.508866144418718,10,3,86.5
0.34831460674157305,16.643015521064303,403,417,eval_at,3.659894750118255,10,3,87.0
0.341400172860847,15.764966740576497,395,395,eval_at,3.8067429065704346,10,3,87.5
0.3327571305099395,14.966740576496676,385,375,eval_at,3.9687354278564455,10,3,88.0
0.324114088159032,14.487804878048781,375,363,eval_at,4.135225143432617,10,3,88.5
0.32152117545375974,14.04878048780488,372,352,eval_at,4.307998366355896,10,3,89.0
0.31547104580812446,13.529933481152995,365,339,eval_at,4.498855495452885,10,3,89.5
0.3076923076923077,13.130820399113084,356,329,eval_at,4.709185981750486,10,3,90.0
0.29732065687121867,12.611973392461199,344,316,eval_at,4.930128970146179,10,3,90.5
0.2791702679343129,12.252771618625278,323,307,eval_at,5.180423998832709,10,3,91.0
0.2662057044079516,11.454545454545455,308,287,eval_at,5.443024699687957,10,3,91.5
0.25583405358686256,10.656319290465634,296,267,eval_at,5.717500648498536,10,3,92.0
0.24632670700086431,9.8980044345898,285,248,eval_at,6.034490227699285,10,3,92.5
0.23595505617977527,9.419068736141908,273,236,eval_at,6.353270816802978,10,3,93.0
0.226447709593777,8.461197339246121,262,212,eval_at,6.71448079109192,10,3,93.5
0.21002592912705273,7.782705099778271,243,195,eval_at,7.1482001209259005,10,3,94.0
0.1996542783059637,7.144124168514413,231,179,eval_at,7.655788176059723,10,3,94.5
0.18582541054451165,6.545454545454546,215,164,eval_at,8.26388654708862,10,3,95.0
0.16248919619706137,5.747228381374724,188,144,eval_at,8.933464636802674,10,3,95.5
0.14520311149524634,5.4279379157427945,168,136,eval_at,9.691949310302736,10,3,96.0
0.12964563526361278,4.829268292682928,150,121,eval_at,10.694526352882383,10,3,96.5
0.11408815903197926,4.270509977827051,132,107,eval_at,11.97609352111815,10,3,97.0
0.10112359550561797,3.1529933481152996,117,79,eval_at,13.599955105781556,10,3,97.5
0.08124459809853068,2.5942350332594235,94,65,eval_at,15.836639938354486,10,3,98.0
0.056179775280898875,2.075388026607539,65,52,eval_at,19.885945158004755,10,3,98.5
0.03802938634399308,1.476718403547672,44,37,eval_at,26.92922859191895,10,3,99.0
0.013828867761452032,0.5587583148558759,16,14,eval_at,49.44994733810307,10,3,99.5
0.439066551426102,42.98447893569845,508,1077,eval_at,0.06402157619595528,10,4,50.0
0.4407951598962835,43.18403547671841,510,1082,eval_at,0.08412383705377578,10,4,50.5
0.442523768366465,43.34368070953437,512,1086,eval_at,0.10471922636032112,10,4,51.0
0.44338807260155577,43.50332594235034,513,1090,eval_at,0.12524162113666537,10,4,51.5
0.44511668107173724,43.54323725055433,515,1091,eval_at,0.14669699788093557,10,4,52.0
0.44511668107173724,43.782705099778276,515,1097,eval_at,0.16571828946471243,10,4,52.5
0.445980985306828,43.90243902439025,516,1100,eval_at,0.18505224183201807,10,4,53.0
0.44857389801210024,43.26385809312639,519,1084,eval_at,0.20430186808109285,10,4,53.5
0.4511668107173725,43.383592017738366,522,1087,eval_at,0.22561090409755707,10,4,54.0
0.452895419187554,44.02217294900222,524,1103,eval_at,0.2465619713813067,10,4,54.5
0.45635263612791704,43.742793791574286,528,1096,eval_at,0.26764599233865743,10,4,55.0
0.45635263612791704,43.62305986696231,528,1093,eval_at,0.2903360316157342,10,4,55.5
0.4580812445980985,43.58314855875832,530,1092,eval_at,0.30956521630287176,10,4,56.0
0.4606741573033708,42.86474501108648,533,1074,eval_at,0.3302671733498571,10,4,56.5
0.4589455488331893,42.784922394678496,531,1072,eval_at,0.3491161757707594,10,4,57.0
0.45980985306828004,42.58536585365854,532,1067,eval_at,0.37089854478836054,10,4,57.5
0.4606741573033708,42.305986696230605,533,1060,eval_at,0.39117168545722947,10,4,58.0
0.45980985306828004,42.026607538802665,532,1053,eval_at,0.4154362513124942,10,4,58.5
0.46240276577355227,41.707317073170735,535,1045,eval_at,0.4363861405849457,10,4,59.0
0.46499567847882456,41.587583148558764,538,1042,eval_at,0.4581413409113883,10,4,59.5
0.4641313742437338,41.268292682926834,537,1034,eval_at,0.4811046600341796,10,4,60.0
0.4693171996542783,41.388026607538805,543,1037,eval_at,0.5065034860372544,10,4,60.5
0.4736387208297321,41.148558758314856,548,1031,eval_at,0.5271688389778137,10,4,61.0
0.4727744165946413,40.949002217294904,547,1026,eval_at,0.5467695805430408,10,4,61.5
0.47709593777009507,40.43015521064302,552,1013,eval_at,0.5691771996021272,10,4,62.0
0.47450302506482284,39.71175166297118,549,995,eval_at,0.5932737216353416,10,4,62.5
0.47536732929991354,39.35254988913526,550,986,eval_at,0.6175221943855282,10,4,63.0
0.47191011235955055,39.55210643015521,546,991,eval_at,0.6433302694559098,10,4,63.5
0.4727744165946413,39.35254988913526,547,986,eval_at,0.6666962885856629,10,4,64.0
0.4736387208297321,38.87361419068736,548,974,eval_at,0.6915221488475799,10,4,64.5
0.47536732929991354,38.47450110864745,550,964,eval_at,0.7188053488731386,10,4,65.0
0.4762316335350043,38.03547671840355,551,953,eval_at,0.7451913905143739,10,4,65.5
0.47536732929991354,37.15742793791575,550,931,eval_at,0.7745746791362763,10,4,66.0
0.4736387208297321,36.4789356984479,548,914,eval_at,0.7998987957835197,10,4,66.5
0.4727744165946413,36.51884700665189,547,915,eval_at,0.82327891767025,10,4,67.0
0.47191011235955055,36.27937915742794,546,909,eval_at,0.8514146208763123,10,4,67.5
0.47191011235955055,35.92017738359202,546,900,eval_at,0.8825892877578744,10,4,68.0
0.4710458081244598,35.84035476718404,545,898,eval_at,0.9122296872735025,10,4,68.5
0.46845289541918755,35.32150776053216,542,885,eval_at,0.9400130975246426,10,4,69.0
0.4701815038893691,35.08203991130821,544,879,eval_at,0.9698469191789606,10,4,69.5
0.4701815038893691,34.72283813747229,544,870,eval_at,1.0040614604949951,10,4,70.0
0.4693171996542783,34.44345898004435,543,863,eval_at,1.0350751173496244,10,4,70.5
0.46845289541918755,34.00443458980045,542,852,eval_at,1.0664541196823114,10,4,71.0
0.46845289541918755,33.72505543237251,542,845,eval_at,1.0974097961187361,10,4,71.5
0.4675885911840968,33.36585365853659,541,836,eval_at,1.1305199909210204,10,4,72.0
0.4675885911840968,32.687361419068736,541,819,eval_at,1.1644766509532924,10,4,72.5
0.4641313742437338,32.328159645232816,537,810,eval_at,1.1965829110145567,10,4,73.0
0.4641313742437338,31.68957871396896,537,794,eval_at,1.2337360841035843,10,4,73.5
0.4641313742437338,31.210643015521068,537,782,eval_at,1.269692554473878,10,4,74.0
0.4658599827139153,30.771618625277164,539,771,eval_at,1.3044571149349211,10,4,74.5
0.46153846153846156,30.332594235033262,534,760,eval_at,1.3415930569171906,10,4,75.0
0.4580812445980985,29.694013303769403,530,744,eval_at,1.380969268679619,10,4,75.5
0.4589455488331893,28.89578713968958,531,724,eval_at,1.4216641712188718,10,4,76.0
0.45375972342264476,28.736141906873616,525,720,eval_at,1.4668467575311661,10,4,76.5
0.44857389801210024,27.977827050997785,519,701,eval_at,1.50900621175766,10,4,77.0
0.44511668107173724,27.259423503325944,515,683,eval_at,1.5515964508056639,10,4,77.5
0.44684528954191877,26.42128603104213,517,662,eval_at,1.5973124265670777,10,4,78.0
0.439066551426102,25.702882483370292,508,644,eval_at,1.6466678041219716,10,4,78.5
0.4364736387208297,25.064301552106432,505,628,eval_at,1.6910792636871337,10,4,79.0
0.4373379429559205,24.824833702882486,506,622,eval_at,1.742195316553116,10,4,79.5
0.4347450302506482,24.34589800443459,503,610,eval_at,1.8053830146789551,10,4,80.0
0.43560933448573896,23.747228381374725,504,595,eval_at,1.8598454576730727,10,4,80.5
0.43042350907519444,22.86917960088692,498,573,eval_at,1.9168277227878574,10,4,81.0
0.428694900605013,22.11086474501109,496,554,eval_at,1.9728442734479898,10,4,81.5
0.428694900605013,21.352549889135258,496,535,eval_at,2.0415403079986576,10,4,82.0
0.42350907519446845,20.753880266075388,490,520,eval_at,2.109382081031798,10,4,82.5
0.4226447709593777,20.474501108647452,489,513,eval_at,2.1799185180664056,10,4,83.0
0.41659464131374246,20.07538802660754,482,503,eval_at,2.2548112630844117,10,4,83.5
0.4079515989628349,19.197339246119736,472,481,eval_at,2.323321027755735,10,4,84.0
0.4062229904926534,18.59866962305987,470,466,eval_at,2.3952224540710447,10,4,84.5
0.40276577355229043,17.720620842572064,466,444,eval_at,2.472614908218384,10,4,85.0
0.3958513396715644,17.002217294900223,458,426,eval_at,2.5537083768844604,10,4,85.5
0.39066551426101986,16.643015521064303,452,417,eval_at,2.645179767608642,10,4,86.0
0.38720829732065687,16.124168514412418,448,404,eval_at,2.7395859718322764,10,4,86.5
0.3794295592048401,15.246119733924614,439,382,eval_at,2.856522312164305,10,4,87.0
0.37510803802938636,14.647450110864746,434,367,eval_at,2.9745961129665375,10,4,87.5
0.3742437337942956,13.968957871396897,433,350,eval_at,3.0897856330871587,10,4,88.0
0.36992221261884184,13.130820399113084,428,329,eval_at,3.2081855571269973,10,4,88.5
0.36041486603284356,12.452328159645234,417,312,eval_at,3.344545209407807,10,4,89.0
0.3500432152117545,12.133037694013305,405,304,eval_at,3.4913729500770607,10,4,89.5
0.34572169403630076,11.2549889135255,400,282,eval_at,3.632603502273559,10,4,90.0
0.337942955920484,10.496674057649669,391,263,eval_at,3.807360212802888,10,4,90.5
0.331028522039758,9.458980044345898,383,237,eval_at,4.034344244003297,10,4,91.0
0.32757130509939497,8.580931263858094,379,215,eval_at,4.247294950485229,10,4,91.5
0.31287813310285223,7.8625277161862535,362,197,eval_at,4.510415096282962,10,4,92.0
0.2999135695764909,7.144124168514413,347,179,eval_at,4.798427402973176,10,4,92.5
0.29213483146067415,6.425720620842573,338,161,eval_at,5.100375938415527,10,4,93.0
0.27657735522904064,5.866962305986696,320,147,eval_at,5.4488353657722515,10,4,93.5
0.2644770959377701,5.2682926829268295,306,132,eval_at,5.876661205291747,10,4,94.0
0.2497839239412273,4.470066518847007,289,112,eval_at,6.47831877231598,10,4,94.5
0.2445980985306828,4.150776053215078,283,104,eval_at,6.962734484672535,10,4,95.0
0.226447709593777,3.831485587583149,262,96,eval_at,7.755714209079735,10,4,95.5
0.20138288677614521,3.3525498891352554,233,84,eval_at,8.524425201416017,10,4,96.0
0.1815038893690579,2.674057649667406,210,67,eval_at,9.668670811653136,10,4,96.5
0.1581676750216076,2.075388026607539,183,52,eval_at,11.18526347160339,10,4,97.0
0.14347450302506481,1.6762749445676277,166,42,eval_at,13.170119667053227,10,4,97.5
0.11581676750216076,1.237250554323725,134,31,eval_at,15.668455371856684,10,4,98.0
0.09766637856525497,0.878048780487805,113,22,eval_at,19.8119642829895,10,4,98.5
0.07087294727744166,0.598669623059867,82,15,eval_at,26.667793884277366,10,4,99.0
0.043215211754537596,0.19955654101995568,50,5,eval_at,40.399130668639515,10,4,99.5
0.43301642178046673,46.45676274944568,501,1164,eval_at,0.0757651999592781,30,0,50.0
0.4347450302506482,46.77605321507761,503,1172,eval_at,0.09639630503952501,30,0,50.5
0.4364736387208297,47.01552106430156,505,1178,eval_at,0.11619652956724191,30,0,51.0
0.439066551426102,47.05543237250555,508,1179,eval_at,0.13724691294133667,30,0,51.5
0.439066551426102,46.8159645232816,508,1173,eval_at,0.15836654484271995,30,0,52.0
0.4399308556611927,46.85587583148559,509,1174,eval_at,0.18065297976136224,30,0,52.5
0.4442523768366465,46.89578713968958,514,1175,eval_at,0.204540372490883,30,0,53.0
0.44511668107173724,46.8159645232816,515,1173,eval_at,0.22375637620687486,30,0,53.5
0.44511668107173724,46.65631929046564,515,1169,eval_at,0.24614898800849935,30,0,54.0
0.44770959377700953,46.57649667405765,518,1167,eval_at,0.26912195295095453,30,0,54.5
0.44857389801210024,45.97782705099779,519,1152,eval_at,0.2922897592186928,30,0,55.0
0.45030250648228176,45.85809312638581,521,1149,eval_at,0.3141688998043539,30,0,55.5
0.452895419187554,45.57871396895788,524,1142,eval_at,0.3372623503208163,30,0,56.0
0.45375972342264476,45.61862527716187,525,1143,eval_at,0.35993409603834137,30,0,56.5
0.45635263612791704,45.17960088691796,528,1132,eval_at,0.3842935234308238,30,0,57.0
0.45635263612791704,45.41906873614191,528,1138,eval_at,0.4062426120042801,30,0,57.5
0.45635263612791704,45.41906873614191,528,1138,eval_at,0.42855376899242387,30,0,58.0
0.4589455488331893,45.21951219512196,531,1133,eval_at,0.45197179168462753,30,0,58.5
0.45721694036300775,45.09977827050998,529,1130,eval_at,0.4731284335255623,30,0,59.0
0.4589455488331893,44.90022172949003,531,1125,eval_at,0.49705181360244743,30,0,59.5
0.45980985306828004,44.50110864745012,532,1115,eval_at,0.5200636267662047,30,0,60.0
0.4606741573033708,44.1419068736142,533,1106,eval_at,0.5426572367548944,30,0,60.5
0.46153846153846156,43.82261640798227,534,1098,eval_at,0.566771678328514,30,0,61.0
0.4658599827139153,43.54323725055433,539,1091,eval_at,0.5920508688688275,30,0,61.5
0.4658599827139153,43.423503325942356,539,1088,eval_at,0.6171165931224823,30,0,62.0
0.4675885911840968,43.34368070953437,541,1086,eval_at,0.642661415040493,30,0,62.5
0.47191011235955055,42.90465631929047,546,1075,eval_at,0.6663754439353943,30,0,63.0
0.47191011235955055,42.385809312638585,546,1062,eval_at,0.6933297574520112,30,0,63.5
0.47191011235955055,42.146341463414636,546,1056,eval_at,0.7209613418579103,30,0,64.0
0.4727744165946413,41.946784922394684,547,1051,eval_at,0.7499104923009872,30,0,64.5
0.4736387208297321,41.627494456762754,548,1043,eval_at,0.7768831372261051,30,0,65.0
0.47450302506482284,41.388026607538805,549,1037,eval_at,0.8033864521980286,30,0,65.5
0.47536732929991354,41.028824833702885,550,1028,eval_at,0.8289002180099487,30,0,66.0
0.47709593777009507,40.949002217294904,552,1026,eval_at,0.859943363964558,30,0,66.5
0.47709593777009507,40.270509977827054,552,1009,eval_at,0.887814983725548,30,0,67.0
0.4788245462402766,39.671840354767184,554,994,eval_at,0.9154681563377381,30,0,67.5
0.4814174589455488,39.43237250554324,557,988,eval_at,0.9445854902267456,30,0,68.0
0.4814174589455488,39.19290465631929,557,982,eval_at,0.9756061705946932,30,0,68.5
0.4840103716508211,38.31485587583149,560,960,eval_at,1.0087409377098078,30,0,69.0
0.48314606741573035,38.07538802660754,559,954,eval_at,1.0404277431964868,30,0,69.5
0.4840103716508211,37.27716186252772,560,934,eval_at,1.0729870319366452,30,0,70.0
0.4814174589455488,36.59866962305987,557,917,eval_at,1.1081511294841753,30,0,70.5
0.4727744165946413,36.39911308203991,547,912,eval_at,1.1401912021636962,30,0,71.0
0.47191011235955055,35.64079822616408,546,893,eval_at,1.1732275557518006,30,0,71.5
0.4710458081244598,35.1219512195122,545,880,eval_at,1.2055896234512329,30,0,72.0
0.47191011235955055,34.32372505543238,546,860,eval_at,1.2454991310834884,30,0,72.5
0.47191011235955055,33.246119733924616,546,833,eval_at,1.2835711765289304,30,0,73.0
0.4727744165946413,32.567627494456765,547,816,eval_at,1.3218634098768234,30,0,73.5
0.47191011235955055,31.889135254988915,546,799,eval_at,1.36166170835495,30,0,74.0
0.4701815038893691,31.33037694013304,544,785,eval_at,1.4057076227664944,30,0,74.5
0.4701815038893691,30.691796008869183,544,769,eval_at,1.454026311635971,30,0,75.0
0.4710458081244598,29.813747228381377,545,747,eval_at,1.5001555198431016,30,0,75.5
0.47191011235955055,29.374722838137476,546,736,eval_at,1.5468742847442625,30,0,76.0
0.47191011235955055,28.975609756097562,546,726,eval_at,1.6033431661128998,30,0,76.5
0.4710458081244598,28.57649667405765,545,716,eval_at,1.6580150008201602,30,0,77.0
0.4710458081244598,28.13747228381375,545,705,eval_at,1.7053173094987868,30,0,77.5
0.4727744165946413,27.259423503325944,547,683,eval_at,1.7590204501152038,30,0,78.0
0.4701815038893691,26.501108647450113,544,664,eval_at,1.8163492572307594,30,0,78.5
0.46845289541918755,25.623059866962308,542,642,eval_at,1.8769410979747772,30,0,79.0
0.4675885911840968,24.864745011086477,541,623,eval_at,1.9420407259464267,30,0,79.5
0.46153846153846156,24.226164079822617,534,607,eval_at,2.0046059608459474,30,0,80.0
0.45635263612791704,23.62749445676275,528,592,eval_at,2.0743264257907867,30,0,80.5
0.45375972342264476,22.82926829268293,525,572,eval_at,2.1438958406448365,30,0,81.0
0.452895419187554,22.350332594235034,524,560,eval_at,2.2189861524105043,30,0,81.5
0.4520311149524633,21.631929046563194,523,542,eval_at,2.297184042930603,30,0,82.0
0.452895419187554,20.913525498891353,524,524,eval_at,2.377666813135147,30,0,82.5
0.442523768366465,20.235033259423506,512,507,eval_at,2.473168375492095,30,0,83.0
0.4399308556611927,19.516629711751666,509,489,eval_at,2.568375836610794,30,0,83.5
0.439066551426102,18.67849223946785,508,468,eval_at,2.66307340621948,30,0,84.0
0.442523768366465,17.92017738359202,512,449,eval_at,2.7509515798091884,30,0,84.5
0.43820224719101125,17.441241685144124,507,437,eval_at,2.8613864660263064,30,0,85.0
0.43042350907519444,16.88248337028825,498,423,eval_at,2.9731273686885786,30,0,85.5
0.428694900605013,15.725055432372507,496,394,eval_at,3.0925290822982787,30,0,86.0
0.4243733794295592,15.405764966740577,491,386,eval_at,3.2151965034008048,30,0,86.5
0.4209161624891962,14.767184035476719,487,370,eval_at,3.341328532695768,30,0,87.0
0.41832324978392393,14.168514412416853,484,355,eval_at,3.473977953195572,30,0,87.5
0.41227312013828865,13.569844789356985,477,340,eval_at,3.619171180725101,30,0,88.0
0.40017286084701814,12.532150776053216,463,314,eval_at,3.788161361217498,30,0,88.5
0.39325842696629215,11.813747228381375,455,296,eval_at,3.95504567861557,30,0,89.0
0.38547968885047534,11.135254988913527,446,279,eval_at,4.157610869407655,30,0,89.5
0.37510803802938636,10.696230598669624,434,268,eval_at,4.393010854721067,30,0,90.0
0.36732929991356955,9.85809312638581,425,247,eval_at,4.628314259052278,30,0,90.5
0.35350043215211757,9.299334811529935,409,233,eval_at,4.874003353118897,30,0,91.0
0.3474503025064823,8.78048780487805,402,220,eval_at,5.162658276557922,30,0,91.5
0.33189282627484873,8.461197339246121,384,212,eval_at,5.4854279708862315,30,0,92.0
0.3180639585133967,7.7028824833702885,368,193,eval_at,5.841515457630159,30,0,92.5
0.2999135695764909,7.1042128603104215,347,178,eval_at,6.204127745628357,30,0,93.0
0.2912705272255834,6.226164079822617,337,156,eval_at,6.597940187454225,30,0,93.5
0.2791702679343129,5.787139689578715,323,145,eval_at,7.059436597824093,30,0,94.0
0.2601555747623163,5.2682926829268295,301,132,eval_at,7.571432189941408,30,0,94.5
0.23681936041486604,4.749445676274945,274,119,eval_at,8.155983734130853,30,0,95.0
0.21866897147796024,4.629711751662971,253,116,eval_at,8.816828761100767,30,0,95.5
0.19187554019014694,4.3503325942350335,222,109,eval_at,9.658260726928711,30,0,96.0
0.17458945548833188,3.592017738359202,202,90,eval_at,10.562698841094871,30,0,96.5
0.1547104580812446,3.272727272727273,179,82,eval_at,11.85246622085571,30,0,97.0
0.13050993949870354,2.993348115299335,151,75,eval_at,13.267514157295231,30,0,97.5
0.10285220397579949,2.5144124168514415,119,63,eval_at,15.32974815368644,30,0,98.0
0.07519446845289542,1.8359201773835923,87,46,eval_at,17.992223758697506,30,0,98.5
0.049265341400172864,1.3569844789356986,57,34,eval_at,24.02278432846076,30,0,99.0
0.02679343128781331,0.7982261640798227,31,20,eval_at,38.00289613723748,30,0,99.5
0.4442523768366465,46.33702882483371,514,1161,eval_at,0.06351029872894287,30,1,50.0
0.44684528954191877,46.3769401330377,517,1162,eval_at,0.08294887736439689,30,1,50.5
0.44857389801210024,46.45676274944568,519,1164,eval_at,0.10368366390466732,30,1,51.0
0.4520311149524633,46.41685144124169,523,1163,eval_at,0.12381473630666735,30,1,51.5
0.4554883318928263,46.93569844789357,527,1176,eval_at,0.1434771037101745,30,1,52.0
0.45721694036300775,47.13525498891353,529,1181,eval_at,0.16314213797450083,30,1,52.5
0.45635263612791704,47.29490022172949,528,1185,eval_at,0.1837211149930954,30,1,53.0
0.4589455488331893,46.97560975609756,531,1177,eval_at,0.20568040393292908,30,1,53.5
0.46153846153846156,47.01552106430156,534,1178,eval_at,0.2263236013054859,30,1,54.0
0.46326707000864303,46.93569844789357,536,1176,eval_at,0.24637894235551364,30,1,54.5
0.46499567847882456,47.17516629711752,538,1182,eval_at,0.2682743430137635,30,1,55.0
0.4675885911840968,47.29490022172949,541,1185,eval_at,0.2889812478423121,30,1,55.5
0.4693171996542783,47.13525498891353,543,1181,eval_at,0.3092066037654877,30,1,56.0
0.47191011235955055,47.09534368070954,546,1180,eval_at,0.32825948327779764,30,1,56.5
0.4701815038893691,46.65631929046564,544,1169,eval_at,0.3489727514982223,30,1,57.0
0.4727744165946413,46.17738359201774,547,1157,eval_at,0.37172040343284607,30,1,57.5
0.4727744165946413,45.97782705099779,547,1152,eval_at,0.3935058605670926,30,1,58.0
0.4727744165946413,45.8980044345898,547,1150,eval_at,0.41501091182231903,30,1,58.5
0.47191011235955055,45.53880266075388,546,1141,eval_at,0.43808489024639125,30,1,59.0
0.4727744165946413,45.49889135254989,547,1140,eval_at,0.46209638565778727,30,1,59.5
0.47450302506482284,45.09977827050998,549,1130,eval_at,0.48457480072975123,30,1,60.0
0.4736387208297321,45.4589800443459,548,1139,eval_at,0.5075201237201691,30,1,60.5
0.47709593777009507,45.69844789356985,552,1145,eval_at,0.5317549133300781,30,1,61.0
0.4814174589455488,45.33924611973393,557,1136,eval_at,0.5518021145462989,30,1,61.5
0.47968885047536736,44.94013303769402,555,1126,eval_at,0.5747226762771607,30,1,62.0
0.47709593777009507,44.70066518847007,552,1120,eval_at,0.5965422093868256,30,1,62.5
0.47968885047536736,44.5809312638581,555,1117,eval_at,0.6203703355789183,30,1,63.0
0.4788245462402766,44.06208425720621,554,1104,eval_at,0.6456742459535599,30,1,63.5
0.47796024200518583,44.101995565410206,553,1105,eval_at,0.6712559461593628,30,1,64.0
0.47968885047536736,43.70288248337029,555,1095,eval_at,0.6963303580880165,30,1,64.5
0.48055315471045806,43.104212860310426,556,1080,eval_at,0.7223826229572297,30,1,65.0
0.4814174589455488,42.94456762749446,557,1076,eval_at,0.7502662134170532,30,1,65.5
0.4822817631806396,43.383592017738366,558,1087,eval_at,0.7736812126636505,30,1,66.0
0.48055315471045806,43.144124168514416,556,1081,eval_at,0.7967674136161805,30,1,66.5
0.4822817631806396,42.58536585365854,558,1067,eval_at,0.8221879315376295,30,1,67.0
0.4822817631806396,42.026607538802665,558,1053,eval_at,0.8505458191037178,30,1,67.5
0.47968885047536736,42.146341463414636,555,1056,eval_at,0.8782293629646302,30,1,68.0
0.4788245462402766,41.547671840354774,554,1041,eval_at,0.906401931643486,30,1,68.5
0.47968885047536736,41.148558758314856,555,1031,eval_at,0.936826964020729,30,1,69.0
0.48055315471045806,40.629711751662974,556,1018,eval_at,0.9629634377360341,30,1,69.5
0.47796024200518583,40.0709534368071,553,1004,eval_at,0.9934970915317535,30,1,70.0
0.47796024200518583,39.5920177383592,553,992,eval_at,1.0231845331192015,30,1,70.5
0.47709593777009507,39.07317073170732,552,979,eval_at,1.0534536147117615,30,1,71.0
0.4788245462402766,38.79379157427938,554,972,eval_at,1.087404545545578,30,1,71.5
0.47796024200518583,38.19512195121951,553,957,eval_at,1.1183024311065672,30,1,72.0
0.4736387208297321,37.47671840354767,548,939,eval_at,1.1514468789100643,30,1,72.5
0.4762316335350043,36.95787139689579,551,926,eval_at,1.1878819632530213,30,1,73.0
0.47536732929991354,36.19955654101996,550,907,eval_at,1.2277114856243132,30,1,73.5
0.47450302506482284,35.44124168514413,549,888,eval_at,1.263731689453126,30,1,74.0
0.4736387208297321,34.80266075388027,548,872,eval_at,1.2958372193574905,30,1,74.5
0.4701815038893691,34.40354767184036,544,862,eval_at,1.3308107256889343,30,1,75.0
0.4693171996542783,33.645232815964526,543,843,eval_at,1.372986376285553,30,1,75.5
0.46672428694900603,33.006651884700666,540,827,eval_at,1.4154503965377803,30,1,76.0
0.46499567847882456,32.328159645232816,538,810,eval_at,1.4650324308872222,30,1,76.5
0.46326707000864303,31.490022172949004,536,789,eval_at,1.5118305075168623,30,1,77.0
0.4606741573033708,31.25055432372506,533,783,eval_at,1.5554144978523252,30,1,77.5
0.45980985306828004,30.572062084257208,532,766,eval_at,1.6062347173690799,30,1,78.0
0.45980985306828004,29.853658536585368,532,748,eval_at,1.6586193537712102,30,1,78.5
0.4580812445980985,29.095343680709536,530,729,eval_at,1.7094437205791473,30,1,79.0
0.4546240276577355,28.25720620842572,526,708,eval_at,1.7589367836713792,30,1,79.5
0.45375972342264476,27.49889135254989,525,689,eval_at,1.8085139751434334,30,1,80.0
0.45375972342264476,26.74057649667406,525,670,eval_at,1.8635073274374006,30,1,80.5
0.44857389801210024,25.463414634146343,519,638,eval_at,1.9261191499233248,30,1,81.0
0.44511668107173724,25.104212860310422,515,629,eval_at,1.979854805469511,30,1,81.5
0.4407951598962835,24.70509977827051,510,619,eval_at,2.0429488754272462,30,1,82.0
0.43301642178046673,23.90687361419069,501,599,eval_at,2.1072897315025294,30,1,82.5
0.43301642178046673,23.068736141906875,501,578,eval_at,2.166946358680725,30,1,83.0
0.4278305963699222,22.43015521064302,495,562,eval_at,2.245864738225937,30,1,83.5
0.4226447709593777,21.592017738359203,489,541,eval_at,2.319242191314697,30,1,84.0
0.42005185825410546,21.11308203991131,486,529,eval_at,2.402295129299163,30,1,84.5
0.4191875540190147,20.354767184035477,485,510,eval_at,2.4828940391540533,30,1,85.0
0.41486603284356094,19.277161862527716,480,483,eval_at,2.5730980813503264,30,1,85.5
0.4070872947277442,18.399113082039914,471,461,eval_at,2.6792378520965574,30,1,86.0
0.40190146931719967,17.441241685144124,465,437,eval_at,2.7822599184513104,30,1,86.5
0.3923941227312014,16.323725055432373,454,409,eval_at,2.8881538724899287,30,1,87.0
0.3898012100259291,15.445676274944569,451,387,eval_at,2.9916252493858337,30,1,87.5
0.38720829732065687,14.647450110864746,448,367,eval_at,3.1194802665710455,30,1,88.0
0.38202247191011235,13.68957871396896,442,343,eval_at,3.271471174955368,30,1,88.5
0.37337942955920483,12.931263858093127,432,324,eval_at,3.407736303806305,30,1,89.0
0.36646499567847884,12.212860310421288,424,306,eval_at,3.562391198873522,30,1,89.5
0.3595505617977528,11.65410199556541,416,292,eval_at,3.7147065401077257,30,1,90.0
0.35782195332757133,10.815964523281597,414,271,eval_at,3.9068102133274096,30,1,90.5
0.3474503025064823,10.337028824833704,402,259,eval_at,4.083369193077092,30,1,91.0
0.34053586862575624,9.259423503325943,394,232,eval_at,4.283957786560059,30,1,91.5
0.33016421780466726,8.501108647450112,382,213,eval_at,4.552220230102541,30,1,92.0
0.320656871218669,7.782705099778271,371,195,eval_at,4.798257231712343,30,1,92.5
0.31287813310285223,7.343680709534369,362,184,eval_at,5.083649444580078,30,1,93.0
0.2938634399308557,6.505543237250555,340,163,eval_at,5.423065037727365,30,1,93.5
0.27657735522904064,5.707317073170732,320,143,eval_at,5.815308866500852,30,1,94.0
0.2601555747623163,5.148558758314857,301,129,eval_at,6.273215827941895,30,1,94.5
0.2411408815903198,4.5099778270509985,279,113,eval_at,6.779720115661611,30,1,95.0
0.22212618841832324,3.9512195121951224,257,99,eval_at,7.334616053104397,30,1,95.5
0.20397579948141745,3.192904656319291,236,80,eval_at,8.07621711730957,30,1,96.0
0.18841832324978391,2.674057649667406,218,67,eval_at,9.066274652481077,30,1,96.5
0.16248919619706137,2.3148558758314857,188,58,eval_at,10.192256860733016,30,1,97.0
0.14606741573033707,1.75609756097561,169,44,eval_at,11.6266458511353,30,1,97.5
0.12100259291270528,1.476718403547672,140,37,eval_at,13.286382560729974,30,1,98.0
0.09334485738980121,1.0776053215077606,108,27,eval_at,15.76651623725891,30,1,98.5
0.06482281763180639,0.8381374722838139,75,21,eval_at,19.133962268829393,30,1,99.0
0.03975799481417459,0.3592017738359202,46,9,eval_at,25.737596225737988,30,1,99.5
0.4407951598962835,43.94235033259424,510,1101,eval_at,0.059487203136086464,30,2,50.0
0.44338807260155577,43.86252771618626,513,1099,eval_at,0.07867856569588143,30,2,50.5
0.44511668107173724,43.82261640798227,515,1098,eval_at,0.09937241159379498,30,2,51.0
0.44511668107173724,43.62305986696231,515,1093,eval_at,0.12111941322684289,30,2,51.5
0.44684528954191877,43.58314855875832,517,1092,eval_at,0.14453429341316223,30,2,52.0
0.44770959377700953,43.90243902439025,518,1100,eval_at,0.16437997221946757,30,2,52.5
0.44684528954191877,43.70288248337029,517,1095,eval_at,0.18441991493105908,30,2,53.0
0.445980985306828,43.6629711751663,516,1094,eval_at,0.20375355973839762,30,2,53.5
0.44684528954191877,43.70288248337029,517,1095,eval_at,0.22526983290910724,30,2,54.0
0.44770959377700953,42.90465631929047,518,1075,eval_at,0.24576817475259308,30,2,54.5
0.45030250648228176,42.824833702882486,521,1073,eval_at,0.26872278153896345,30,2,55.0
0.4511668107173725,42.345898004434595,522,1061,eval_at,0.2893356262147428,30,2,55.5
0.4511668107173725,42.266075388026614,522,1059,eval_at,0.31134638905525214,30,2,56.0
0.4546240276577355,42.385809312638585,526,1062,eval_at,0.33529206320643373,30,2,56.5
0.4580812445980985,42.186252771618626,530,1057,eval_at,0.35610075622797005,30,2,57.0
0.45721694036300775,42.146341463414636,529,1056,eval_at,0.38009074181318275,30,2,57.5
0.45980985306828004,42.106430155210646,532,1055,eval_at,0.4041729867458343,30,2,58.0
0.45635263612791704,41.946784922394684,528,1051,eval_at,0.42752441272139546,30,2,58.5
0.4589455488331893,41.747228381374725,531,1046,eval_at,0.4529896658658981,30,2,59.0
0.45980985306828004,41.747228381374725,532,1046,eval_at,0.4776904621720313,30,2,59.5
0.46153846153846156,41.467849223946786,534,1039,eval_at,0.501621949672699,30,2,60.0
0.46326707000864303,41.148558758314856,536,1031,eval_at,0.525884755253792,30,2,60.5
0.46240276577355227,40.509977827051,535,1015,eval_at,0.5507137209177018,30,2,61.0
0.46499567847882456,40.390243902439025,538,1012,eval_at,0.5757115477323529,30,2,61.5
0.46326707000864303,39.671840354767184,536,994,eval_at,0.6032398116588593,30,2,62.0
0.4589455488331893,39.47228381374723,531,989,eval_at,0.6298324465751648,30,2,62.5
0.45980985306828004,39.39246119733925,532,987,eval_at,0.65564084649086,30,2,63.0
0.4606741573033708,39.23281596452328,533,983,eval_at,0.6816897988319403,30,2,63.5
0.46240276577355227,39.312638580931264,535,985,eval_at,0.7092875599861146,30,2,64.0
0.4589455488331893,39.11308203991131,531,980,eval_at,0.7371412199735642,30,2,64.5
0.4589455488331893,38.51441241685144,531,965,eval_at,0.7692315906286242,30,2,65.0
0.45635263612791704,38.43458980044346,528,963,eval_at,0.7990446755290032,30,2,65.5
0.4554883318928263,38.03547671840355,527,953,eval_at,0.829302943944931,30,2,66.0
0.45980985306828004,37.51662971175167,532,940,eval_at,0.861301791369916,30,2,66.5
0.4589455488331893,37.19733924611974,531,932,eval_at,0.8926947921514513,30,2,67.0
0.45980985306828004,36.99778270509978,532,927,eval_at,0.9243638545274735,30,2,67.5
0.45721694036300775,36.87804878048781,529,924,eval_at,0.9561951732635499,30,2,68.0
0.45375972342264476,36.71840354767184,525,920,eval_at,0.9882801201939585,30,2,68.5
0.452895419187554,36.39911308203991,524,912,eval_at,1.0238950753211968,30,2,69.0
0.449438202247191,36.039911308204,520,903,eval_at,1.0536185592412948,30,2,69.5
0.452895419187554,35.96008869179601,524,901,eval_at,1.086917519569397,30,2,70.0
0.45375972342264476,35.76053215077606,525,896,eval_at,1.1221185696125027,30,2,70.5
0.45375972342264476,35.48115299334812,525,889,eval_at,1.1577170133590693,30,2,71.0
0.4546240276577355,35.24168514412417,526,883,eval_at,1.1976654928922652,30,2,71.5
0.45375972342264476,34.6829268292683,525,869,eval_at,1.2328534984588622,30,2,72.0
0.45030250648228176,34.36363636363637,521,861,eval_at,1.2688091456890105,30,2,72.5
0.4511668107173725,33.7649667405765,522,846,eval_at,1.3087265050411216,30,2,73.0
0.4511668107173725,32.847006651884705,522,823,eval_at,1.3501833111047743,30,2,73.5
0.4546240276577355,32.487804878048784,526,814,eval_at,1.389339234828949,30,2,74.0
0.45635263612791704,32.208425720620845,528,807,eval_at,1.4312030750513074,30,2,74.5
0.45635263612791704,31.889135254988915,528,799,eval_at,1.4743359684944153,30,2,75.0
0.4554883318928263,31.090909090909093,527,779,eval_at,1.5164544993638993,30,2,75.5
0.4554883318928263,30.651884700665192,527,768,eval_at,1.563664216995239,30,2,76.0
0.45635263612791704,30.093126385809317,528,754,eval_at,1.6099849700927735,30,2,76.5
0.452895419187554,29.694013303769403,524,744,eval_at,1.6598681783676152,30,2,77.0
0.45635263612791704,29.095343680709536,528,729,eval_at,1.7080465942621226,30,2,77.5
0.4546240276577355,28.61640798226164,526,717,eval_at,1.758538386821747,30,2,78.0
0.449438202247191,27.73835920177384,520,695,eval_at,1.8128600901365288,30,2,78.5
0.449438202247191,27.259423503325944,520,683,eval_at,1.863898760080336,30,2,79.0
0.44684528954191877,26.501108647450113,517,664,eval_at,1.9171101707220077,30,2,79.5
0.44857389801210024,25.942350332594238,519,650,eval_at,1.979170608520511,30,2,80.0
0.4442523768366465,24.98447893569845,514,626,eval_at,2.045700978040695,30,2,80.5
0.4407951598962835,24.425720620842576,510,612,eval_at,2.108786175251008,30,2,81.0
0.43820224719101125,23.66740576496674,507,593,eval_at,2.172242755889891,30,2,81.5
0.4347450302506482,22.78935698447894,503,571,eval_at,2.241643924713135,30,2,82.0
0.42955920484010374,22.11086474501109,497,554,eval_at,2.3109034478664383,30,2,82.5
0.4261019878997407,21.75166297117517,493,545,eval_at,2.386877968311309,30,2,83.0
0.42523768366465,21.352549889135258,492,535,eval_at,2.463518795967102,30,2,83.5
0.41745894554883317,20.793791574279382,483,521,eval_at,2.548559379577632,30,2,84.0
0.41659464131374246,19.955654101995567,482,500,eval_at,2.6407562351226805,30,2,84.5
0.41227312013828865,19.197339246119736,477,481,eval_at,2.728798854351044,30,2,85.0
0.40535868625756266,18.439024390243905,469,462,eval_at,2.826653922796249,30,2,85.5
0.3958513396715644,17.720620842572064,458,444,eval_at,2.9386070251464838,30,2,86.0
0.38547968885047534,16.922394678492243,446,424,eval_at,3.056497740745545,30,2,86.5
0.3794295592048401,16.243902439024392,439,407,eval_at,3.157327268123626,30,2,87.0
0.37337942955920483,15.565410199556542,432,390,eval_at,3.2677407264709473,30,2,87.5
0.36732929991356955,14.487804878048781,425,363,eval_at,3.3929514789581328,30,2,88.0
0.36041486603284356,13.849223946784923,417,347,eval_at,3.5261365544795975,30,2,88.5
0.35177182368193605,13.01108647450111,407,326,eval_at,3.673603115081787,30,2,89.0
0.34312878133102853,12.691796008869181,397,318,eval_at,3.814630714654924,30,2,89.5
0.334485738980121,11.97339246119734,387,300,eval_at,3.9732635259628295,30,2,90.0
0.32843560933448573,11.374722838137473,380,285,eval_at,4.183959360122682,30,2,90.5
0.3180639585133967,10.576496674057651,368,265,eval_at,4.38717124938965,30,2,91.0
0.30682800345721695,9.977827050997783,355,250,eval_at,4.586899905204773,30,2,91.5
0.2990492653414002,9.299334811529935,346,233,eval_at,4.849641704559328,30,2,92.0
0.2904062229904927,8.660753880266077,336,217,eval_at,5.126628124713902,30,2,92.5
0.28003457216940364,7.822616407982262,324,196,eval_at,5.425197820663452,30,2,93.0
0.26188418323249785,7.303769401330378,303,183,eval_at,5.741439425945287,30,2,93.5
0.2575626620570441,6.745011086474501,298,169,eval_at,6.116606197357176,30,2,94.0
0.24200518582541056,6.3458980044345905,280,159,eval_at,6.566650111675263,30,2,94.5
0.22904062229904926,5.707317073170732,265,143,eval_at,7.038226294517516,30,2,95.0
0.21521175453759722,4.869179600886918,249,122,eval_at,7.535810780525206,30,2,95.5
0.20224719101123595,4.110864745011087,234,103,eval_at,8.150403747558594,30,2,96.0
0.18323249783923942,3.312638580931264,212,83,eval_at,8.880399641990593,30,2,96.5
0.1633535004321521,3.0332594235033263,189,76,eval_at,9.76711089134216,30,2,97.0
0.14001728608470182,2.47450110864745,162,62,eval_at,10.854637217521669,30,2,97.5
0.12445980985306827,1.9955654101995568,144,50,eval_at,12.325508346557616,30,2,98.0
0.10112359550561797,1.436807095343681,117,36,eval_at,14.317707767486567,30,2,98.5
0.07346585998271392,0.9179600886917961,85,23,eval_at,16.922304534912136,30,2,99.0
0.043215211754537596,0.39911308203991136,50,10,eval_at,21.96780372619628,30,2,99.5
0.44511668107173724,42.86474501108648,515,1074,eval_at,0.07715337723493576,30,3,50.0
0.445980985306828,42.98447893569845,516,1077,eval_at,0.09874690882861607,30,3,50.5
0.445980985306828,43.26385809312639,516,1084,eval_at,0.11997434325516225,30,3,51.0
0.44684528954191877,43.54323725055433,517,1091,eval_at,0.14240467898547685,30,3,51.5
0.449438202247191,43.463414634146346,520,1089,eval_at,0.1657034981250763,30,3,52.0
0.45030250648228176,42.98447893569845,521,1077,eval_at,0.18535082451999205,30,3,52.5
0.452895419187554,42.625277161862535,524,1068,eval_at,0.20719153732061396,30,3,53.0
0.452895419187554,42.705099778270515,524,1070,eval_at,0.23001148611307146,30,3,53.5
0.4546240276577355,42.425720620842576,526,1063,eval_at,0.2550693827867514,30,3,54.0
0.4554883318928263,42.385809312638585,527,1062,eval_at,0.27759139582514764,30,3,54.5
0.45721694036300775,42.22616407982262,529,1058,eval_at,0.30313238799572007,30,3,55.0
0.4546240276577355,42.425720620842576,526,1063,eval_at,0.3269611373543742,30,3,55.5
0.4546240276577355,42.625277161862535,526,1068,eval_at,0.3531170487403872,30,3,56.0
0.45635263612791704,42.665188470066525,528,1069,eval_at,0.3777425670623779,30,3,56.5
0.45980985306828004,42.625277161862535,532,1068,eval_at,0.40289702206849964,30,3,57.0
0.45980985306828004,42.54545454545455,532,1066,eval_at,0.42824902236461637,30,3,57.5
0.46326707000864303,42.54545454545455,536,1066,eval_at,0.45389921307563746,30,3,58.0
0.46326707000864303,42.54545454545455,536,1066,eval_at,0.4780921293795107,30,3,58.5
0.4658599827139153,42.465631929046566,539,1064,eval_at,0.5043097233772278,30,3,59.0
0.4675885911840968,42.385809312638585,541,1062,eval_at,0.5319046717882153,30,3,59.5
0.46672428694900603,42.505543237250556,540,1065,eval_at,0.5570527911186218,30,3,60.0
0.46845289541918755,42.266075388026614,542,1059,eval_at,0.5830519071221352,30,3,60.5
0.4675885911840968,42.146341463414636,541,1056,eval_at,0.6110239773988724,30,3,61.0
0.4675885911840968,41.667405764966745,541,1044,eval_at,0.6390804922580717,30,3,61.5
0.4675885911840968,41.467849223946786,541,1039,eval_at,0.6646892011165619,30,3,62.0
0.46845289541918755,40.709534368070955,542,1020,eval_at,0.6918932572007179,30,3,62.5
0.4701815038893691,40.43015521064302,544,1013,eval_at,0.7239440405368803,30,3,63.0
0.47191011235955055,40.270509977827054,546,1009,eval_at,0.7529814594984056,30,3,63.5
0.4710458081244598,39.87139689578714,545,999,eval_at,0.7844618177413942,30,3,64.0
0.4701815038893691,39.671840354767184,544,994,eval_at,0.8147821661829948,30,3,64.5
0.4693171996542783,39.631929046563194,543,993,eval_at,0.84624269604683,30,3,65.0
0.4710458081244598,39.11308203991131,545,980,eval_at,0.8781980586051943,30,3,65.5
0.4710458081244598,38.67405764966741,545,969,eval_at,0.9081596970558167,30,3,66.0
0.4727744165946413,38.23503325942351,547,958,eval_at,0.9424095699191094,30,3,66.5
0.4736387208297321,37.7960088691796,548,947,eval_at,0.9748776179552079,30,3,67.0
0.4736387208297321,37.43680709534368,548,938,eval_at,1.0081607371568682,30,3,67.5
0.4727744165946413,36.95787139689579,547,926,eval_at,1.0409817266464239,30,3,68.0
0.4762316335350043,36.4789356984479,551,914,eval_at,1.0756304073333744,30,3,68.5
0.4762316335350043,36.23946784922395,551,908,eval_at,1.11221293926239,30,3,69.0
0.47450302506482284,35.32150776053216,549,885,eval_at,1.145302475094794,30,3,69.5
0.4701815038893691,34.64301552106431,544,868,eval_at,1.1821099877357482,30,3,70.0
0.4701815038893691,34.12416851441242,544,855,eval_at,1.2235360699892044,30,3,70.5
0.4675885911840968,33.645232815964526,541,843,eval_at,1.2654601335525508,30,3,71.0
0.46499567847882456,33.40576496674058,538,837,eval_at,1.3107691574096678,30,3,71.5
0.46672428694900603,32.886917960088695,540,824,eval_at,1.3510390186309813,30,3,72.0
0.4675885911840968,32.647450110864746,541,818,eval_at,1.393322330713272,30,3,72.5
0.46672428694900603,31.9689578713969,540,801,eval_at,1.4377827084064476,30,3,73.0
0.4658599827139153,31.68957871396896,539,794,eval_at,1.4829038941860198,30,3,73.5
0.46672428694900603,30.851441241685148,540,773,eval_at,1.5282290053367615,30,3,74.0
0.4658599827139153,30.412416851441243,539,762,eval_at,1.5738182020187377,30,3,74.5
0.46326707000864303,29.534368070953438,536,740,eval_at,1.6236573457717896,30,3,75.0
0.46240276577355227,29.095343680709536,535,729,eval_at,1.68536124765873,30,3,75.5
0.4606741573033708,28.25720620842572,533,708,eval_at,1.7365227031707764,30,3,76.0
0.45635263612791704,27.578713968957874,528,691,eval_at,1.7903189527988435,30,3,76.5
0.45375972342264476,27.05986696230599,525,678,eval_at,1.8469453537464169,30,3,77.0
0.452895419187554,26.42128603104213,524,662,eval_at,1.9063901424407954,30,3,77.5
0.4511668107173725,25.742793791574282,522,645,eval_at,1.9766773962974549,30,3,78.0
0.44857389801210024,25.144124168514413,519,630,eval_at,2.0484191918373127,30,3,78.5
0.44770959377700953,25.02439024390244,518,627,eval_at,2.117488641738891,30,3,79.0
0.4442523768366465,24.34589800443459,514,610,eval_at,2.192286003828049,30,3,79.5
0.4407951598962835,23.747228381374725,510,595,eval_at,2.2618087291717535,30,3,80.0
0.4407951598962835,23.348115299334815,510,585,eval_at,2.3325214171409607,30,3,80.5
0.44165946413137425,22.58980044345898,511,566,eval_at,2.4112774324417123,30,3,81.0
0.44165946413137425,21.871396895787143,511,548,eval_at,2.4953977882862084,30,3,81.5
0.439066551426102,21.552106430155213,508,540,eval_at,2.574402585029602,30,3,82.0
0.4364736387208297,21.073170731707318,505,528,eval_at,2.6717152118682774,30,3,82.5
0.43560933448573896,20.394678492239468,504,511,eval_at,2.76456005334854,30,3,83.0
0.43301642178046673,19.31707317073171,501,484,eval_at,2.854199874401093,30,3,83.5
0.4278305963699222,19.157427937915745,495,480,eval_at,2.9586586189269997,30,3,84.0
0.4226447709593777,18.399113082039914,489,461,eval_at,3.0668356239795687,30,3,84.5
0.41832324978392393,18.0,484,451,eval_at,3.1785929918289186,30,3,85.0
0.4140017286084702,17.121951219512198,479,429,eval_at,3.3001122844219193,30,3,85.5
0.4062229904926534,16.563192904656322,470,415,eval_at,3.417799377441406,30,3,86.0
0.3941227312013829,15.80487804878049,456,396,eval_at,3.5663727521896367,30,3,86.5
0.39066551426101986,15.405764966740577,452,386,eval_at,3.7022800493240346,30,3,87.0
0.38461538461538464,14.44789356984479,445,362,eval_at,3.841726392507553,30,3,87.5
0.3777009507346586,14.288248337028826,437,358,eval_at,4.007566337585451,30,3,88.0
0.3690579083837511,13.929046563192905,427,349,eval_at,4.172662072181701,30,3,88.5
0.3560933448573898,13.050997782705101,412,327,eval_at,4.368869066238403,30,3,89.0
0.3526361279170268,12.212860310421288,408,306,eval_at,4.559542429447175,30,3,89.5
0.3465859982713915,11.534368070953438,401,289,eval_at,4.77675313949585,30,3,90.0
0.34053586862575624,10.855875831485589,394,272,eval_at,5.025586457252506,30,3,90.5
0.33016421780466726,10.257206208425721,382,257,eval_at,5.258851485252386,30,3,91.0
0.3180639585133967,9.53880266075388,368,239,eval_at,5.56250871181488,30,3,91.5
0.30855661192739847,8.541019955654102,357,214,eval_at,5.86693874359131,30,3,92.0
0.3016421780466724,7.822616407982262,349,196,eval_at,6.260431861877455,30,3,92.5
0.29472774416594644,6.904656319290466,341,173,eval_at,6.680308799743652,30,3,93.0
0.2791702679343129,6.305986696230599,323,158,eval_at,7.151656413078317,30,3,93.5
0.2644770959377701,5.62749445676275,306,141,eval_at,7.662534580230685,30,3,94.0
0.2445980985306828,5.068736141906874,283,127,eval_at,8.291199560165406,30,3,94.5
0.22558340535868626,4.58980044345898,261,115,eval_at,9.193347454071043,30,3,95.0
0.2048401037165082,4.230598669623061,237,106,eval_at,10.041194753646847,30,3,95.5
0.18409680207433016,3.6718403547671845,213,92,eval_at,11.211872482299805,30,3,96.0
0.16076058772687987,3.073170731707317,186,77,eval_at,12.58694047451019,30,3,96.5
0.14001728608470182,2.7139689578713972,162,68,eval_at,14.418803091049194,30,3,97.0
0.11754537597234227,2.394678492239468,136,60,eval_at,17.043225955963173,30,3,97.5
0.10112359550561797,1.8758314855875833,117,47,eval_at,20.238411788940414,30,3,98.0
0.08124459809853068,1.5166297117516632,94,38,eval_at,24.8144927406311,30,3,98.5
0.058772687986171135,1.1574279379157428,68,29,eval_at,31.974888954162793,30,3,99.0
0.029386343993085567,0.6784922394678493,34,17,eval_at,45.45815443038917,30,3,99.5
0.4338807260155575,42.106430155210646,502,1055,eval_at,0.07573956251144409,30,4,50.0
0.4373379429559205,41.906873614190694,506,1050,eval_at,0.09756721671670672,30,4,50.5
0.439066551426102,42.385809312638585,508,1062,eval_at,0.11860615395009519,30,4,51.0
0.4399308556611927,42.625277161862535,509,1068,eval_at,0.1405558349937201,30,4,51.5
0.44165946413137425,42.625277161862535,511,1068,eval_at,0.16031806409358973,30,4,52.0
0.4407951598962835,42.625277161862535,510,1068,eval_at,0.18195945844054237,30,4,52.5
0.4442523768366465,42.54545454545455,514,1066,eval_at,0.20378899484872828,30,4,53.0
0.445980985306828,42.106430155210646,516,1055,eval_at,0.226018625497818,30,4,53.5
0.44770959377700953,42.465631929046566,518,1064,eval_at,0.2492859822511675,30,4,54.0
0.4511668107173725,42.745011086474506,522,1071,eval_at,0.27201982632279403,30,4,54.5
0.4511668107173725,42.705099778270515,522,1070,eval_at,0.2988200277090073,30,4,55.0
0.452895419187554,42.784922394678496,524,1072,eval_at,0.31884576618671423,30,4,55.5
0.4554883318928263,42.86474501108648,527,1074,eval_at,0.34064404487609884,30,4,56.0
0.45721694036300775,42.98447893569845,529,1077,eval_at,0.35988074764609307,30,4,56.5
0.45980985306828004,43.064301552106436,532,1079,eval_at,0.38653188586235043,30,4,57.0
0.45980985306828004,42.784922394678496,532,1072,eval_at,0.4101775690913198,30,4,57.5
0.4606741573033708,42.625277161862535,533,1068,eval_at,0.43329890370368945,30,4,58.0
0.46153846153846156,42.58536585365854,534,1067,eval_at,0.46067920282483077,30,4,58.5
0.46240276577355227,42.745011086474506,535,1071,eval_at,0.48183794170618055,30,4,59.0
0.46499567847882456,42.465631929046566,538,1064,eval_at,0.5090165057778357,30,4,59.5
0.4675885911840968,42.026607538802665,541,1053,eval_at,0.53122980594635,30,4,60.0
0.46672428694900603,42.186252771618626,540,1057,eval_at,0.5531399661302566,30,4,60.5
0.4675885911840968,42.026607538802665,541,1053,eval_at,0.5757569199800491,30,4,61.0
0.46672428694900603,42.186252771618626,540,1057,eval_at,0.6044911739230151,30,4,61.5
0.4675885911840968,41.827050997782706,541,1048,eval_at,0.6274939370155336,30,4,62.0
0.4675885911840968,41.467849223946786,541,1039,eval_at,0.6553276628255844,30,4,62.5
0.46845289541918755,41.028824833702885,542,1028,eval_at,0.678596014380455,30,4,63.0
0.4710458081244598,40.82926829268293,545,1023,eval_at,0.7030917483568198,30,4,63.5
0.4710458081244598,40.47006651884701,545,1014,eval_at,0.7283678722381592,30,4,64.0
0.4693171996542783,40.350332594235034,543,1011,eval_at,0.7559415009617806,30,4,64.5
0.4727744165946413,39.75166297117517,547,996,eval_at,0.7852102518081667,30,4,65.0
0.4727744165946413,39.671840354767184,547,994,eval_at,0.8141817536950112,30,4,65.5
0.47450302506482284,39.35254988913526,549,986,eval_at,0.8452725219726562,30,4,66.0
0.47191011235955055,39.312638580931264,546,985,eval_at,0.8772159773111345,30,4,66.5
0.4710458081244598,39.35254988913526,545,986,eval_at,0.9043852794170385,30,4,67.0
0.47191011235955055,38.91352549889135,546,975,eval_at,0.9347943112254143,30,4,67.5
0.4736387208297321,38.63414634146342,548,968,eval_at,0.9663575053215028,30,4,68.0
0.47709593777009507,38.23503325942351,552,958,eval_at,0.9942173102498055,30,4,68.5
0.47709593777009507,37.95565410199557,552,951,eval_at,1.0258916831016538,30,4,69.0
0.47709593777009507,37.43680709534368,552,938,eval_at,1.0611848217248891,30,4,69.5
0.47536732929991354,36.63858093126386,550,918,eval_at,1.0956544756889344,30,4,70.0
0.4727744165946413,36.4789356984479,547,914,eval_at,1.1296218568086622,30,4,70.5
0.47191011235955055,36.39911308203991,546,912,eval_at,1.1645757520198818,30,4,71.0
0.47191011235955055,35.84035476718404,546,898,eval_at,1.1993356782197953,30,4,71.5
0.46845289541918755,35.28159645232816,542,884,eval_at,1.2324159431457518,30,4,72.0
0.4675885911840968,34.64301552106431,541,868,eval_at,1.2726036697626113,30,4,72.5
0.4658599827139153,34.16407982261641,539,856,eval_at,1.3091695892810802,30,4,73.0
0.46672428694900603,33.44567627494457,540,838,eval_at,1.3513396114110947,30,4,73.5
0.46672428694900603,33.325942350332596,540,835,eval_at,1.388855168819428,30,4,74.0
0.46499567847882456,32.926829268292686,538,825,eval_at,1.4348365414142599,30,4,74.5
0.46499567847882456,31.92904656319291,538,800,eval_at,1.4770629405975342,30,4,75.0
0.46153846153846156,31.490022172949004,534,789,eval_at,1.5158408612012868,30,4,75.5
0.46153846153846156,30.891352549889138,534,774,eval_at,1.5582862377166746,30,4,76.0
0.46240276577355227,30.332594235033262,535,760,eval_at,1.6024453228712083,30,4,76.5
0.46326707000864303,29.654101995565412,536,743,eval_at,1.6489674139022834,30,4,77.0
0.4606741573033708,29.095343680709536,533,729,eval_at,1.6947965919971462,30,4,77.5
0.45721694036300775,28.53658536585366,529,715,eval_at,1.7465685009956362,30,4,78.0
0.4554883318928263,27.898004434589804,527,699,eval_at,1.8008913183212292,30,4,78.5
0.449438202247191,27.299334811529935,520,684,eval_at,1.8522113931179045,30,4,79.0
0.45030250648228176,27.05986696230599,521,678,eval_at,1.9082400804758073,30,4,79.5
0.44770959377700953,26.141906873614193,518,655,eval_at,1.9634582042694093,30,4,80.0
0.44684528954191877,25.463414634146343,517,638,eval_at,2.0234618854522703,30,4,80.5
0.44684528954191877,24.784922394678492,517,621,eval_at,2.0798072504997256,30,4,81.0
0.4442523768366465,23.98669623059867,514,601,eval_at,2.1466045105457283,30,4,81.5
0.43820224719101125,23.30820399113082,507,584,eval_at,2.2244528579711913,30,4,82.0
0.4338807260155575,22.47006651884701,502,563,eval_at,2.29326012134552,30,4,82.5
0.43301642178046673,21.631929046563194,501,542,eval_at,2.3771934223175046,30,4,83.0
0.43301642178046673,20.913525498891353,501,524,eval_at,2.46931675195694,30,4,83.5
0.4261019878997407,20.274944567627497,493,508,eval_at,2.558872509002684,30,4,84.0
0.42178046672428693,19.516629711751666,488,489,eval_at,2.648914545774459,30,4,84.5
0.4157303370786517,18.838137472283815,481,472,eval_at,2.747252690792085,30,4,85.0
0.41140881590319794,18.31929046563193,476,459,eval_at,2.8537191891670224,30,4,85.5
0.4105445116681072,17.48115299334812,475,438,eval_at,2.9699789667129517,30,4,86.0
0.4096802074330164,16.563192904656322,474,415,eval_at,3.0855198466777813,30,4,86.5
0.40190146931719967,15.605321507760534,465,391,eval_at,3.214062972068783,30,4,87.0
0.39844425237683667,14.527716186252773,461,364,eval_at,3.3518338203430176,30,4,87.5
0.3898012100259291,13.609756097560977,451,341,eval_at,3.4987654876709016,30,4,88.0
0.38547968885047534,12.611973392461199,446,316,eval_at,3.674733754396434,30,4,88.5
0.3759723422644771,12.212860310421288,435,306,eval_at,3.84297812461853,30,4,89.0
0.3716508210890233,11.374722838137473,430,285,eval_at,4.059821162223818,30,4,89.5
0.3630077787381158,10.935698447893571,420,274,eval_at,4.300297594070434,30,4,90.0
0.3500432152117545,10.496674057649669,405,263,eval_at,4.5239303731918366,30,4,90.5
0.334485738980121,9.8980044345898,387,248,eval_at,4.769278631210331,30,4,91.0
0.3258426966292135,9.019955654101997,377,226,eval_at,5.0359124946594225,30,4,91.5
0.3146067415730337,7.982261640798227,364,200,eval_at,5.375351524353029,30,4,92.0
0.2999135695764909,7.583148558758316,347,190,eval_at,5.727844452857972,30,4,92.5
0.2843560933448574,7.144124168514413,329,179,eval_at,6.096546750068664,30,4,93.0
0.2731201382886776,6.625277161862528,316,166,eval_at,6.51612051010132,30,4,93.5
0.25324114088159033,6.146341463414634,293,154,eval_at,6.9817414188384985,30,4,94.0
0.23681936041486604,5.507760532150776,274,138,eval_at,7.538267853260043,30,4,94.5
0.22731201382886776,5.108647450110865,263,128,eval_at,8.155245733261106,30,4,95.0
0.212618841832325,4.789356984478936,246,120,eval_at,8.827132053375232,30,4,95.5
0.1979256698357822,4.150776053215078,229,104,eval_at,9.679302024841311,30,4,96.0
0.17545375972342264,3.592017738359202,203,90,eval_at,10.567184143066399,30,4,96.5
0.1512532411408816,3.0332594235033263,175,76,eval_at,11.865342578887939,30,4,97.0
0.13050993949870354,2.5942350332594235,151,65,eval_at,13.259796357154869,30,4,97.5
0.111495246326707,2.155210643015521,129,54,eval_at,15.184230422973606,30,4,98.0
0.09075194468452895,1.5166297117516632,105,38,eval_at,17.635332221984864,30,4,98.5
0.059636992221261884,1.0376940133037695,69,26,eval_at,21.653559226989763,30,4,99.0
0.025064822817631807,0.7583148558758316,29,19,eval_at,30.42728224754332,30,4,99.5
0.4736387208297321,48.57206208425721,548,1217,eval_at,0.07780544087290764,100,0,50.0
0.47191011235955055,48.89135254988914,546,1225,eval_at,0.0992362060770392,100,0,50.5
0.4710458081244598,49.01108647450111,545,1228,eval_at,0.11664936006069188,100,0,51.0
0.47536732929991354,49.529933481152995,550,1241,eval_at,0.13671033844351785,100,0,51.5
0.47968885047536736,49.0509977827051,555,1229,eval_at,0.15625000715255727,100,0,52.0
0.4840103716508211,48.93126385809313,560,1226,eval_at,0.17609934955835355,100,0,52.5
0.4891961970613656,48.89135254988914,566,1225,eval_at,0.19689282327890395,100,0,53.0
0.49351771823681934,49.0509977827051,571,1229,eval_at,0.21796736240386963,100,0,53.5
0.4961106309420916,48.89135254988914,574,1225,eval_at,0.23914549231529247,100,0,54.0
0.5012964563526361,48.97117516629712,580,1227,eval_at,0.25909923523664485,100,0,54.5
0.5047536732929991,48.811529933481154,584,1223,eval_at,0.2799144461750985,100,0,55.0
0.5056179775280899,48.49223946784923,585,1215,eval_at,0.30059780597686786,100,0,55.5
0.5064822817631807,48.29268292682927,586,1210,eval_at,0.32198195815086406,100,0,56.0
0.5099394987035436,48.13303769401331,590,1206,eval_at,0.342623856961727,100,0,56.5
0.5082108902333622,47.85365853658537,588,1199,eval_at,0.3627157878875732,100,0,57.0
0.5108038029386344,47.53436807095344,591,1191,eval_at,0.3829667337238786,100,0,57.5
0.5108038029386344,47.41463414634147,591,1188,eval_at,0.40421461582183826,100,0,58.0
0.5125324114088159,47.33481152993348,593,1186,eval_at,0.42646261736750596,100,0,58.5
0.5142610198789974,47.21507760532151,595,1183,eval_at,0.44858444839715955,100,0,59.0
0.5168539325842697,46.93569844789357,598,1176,eval_at,0.4712474352121352,100,0,59.5
0.5151253241140882,46.89578713968958,596,1175,eval_at,0.4950722694396972,100,0,60.0
0.5142610198789974,46.8159645232816,595,1173,eval_at,0.5154661047458649,100,0,60.5
0.5151253241140882,46.57649667405765,596,1167,eval_at,0.5387904262542724,100,0,61.0
0.5168539325842697,46.21729490022173,598,1158,eval_at,0.5619115233421321,100,0,61.5
0.5185825410544511,45.81818181818182,600,1148,eval_at,0.5833628833293917,100,0,62.0
0.5194468452895419,45.33924611973393,601,1136,eval_at,0.6092061549425125,100,0,62.5
0.5194468452895419,45.09977827050998,601,1130,eval_at,0.6311009657382964,100,0,63.0
0.5211754537597234,44.94013303769402,603,1126,eval_at,0.6554562607407571,100,0,63.5
0.5211754537597234,44.82039911308205,603,1123,eval_at,0.6789905047416688,100,0,64.0
0.5229040622299049,44.54101995565411,605,1116,eval_at,0.7084769797325134,100,0,64.5
0.5272255834053586,43.82261640798227,610,1098,eval_at,0.7346858412027365,100,0,65.0
0.5298184961106309,43.90243902439025,613,1100,eval_at,0.7631794545054439,100,0,65.5
0.5298184961106309,43.30376940133038,613,1085,eval_at,0.7897880113124848,100,0,66.0
0.5324114088159032,43.024390243902445,616,1078,eval_at,0.8192729681730279,100,0,66.5
0.5306828003457217,42.505543237250556,614,1065,eval_at,0.8445627415180207,100,0,67.0
0.5315471045808124,42.026607538802665,615,1053,eval_at,0.8711833089590073,100,0,67.5
0.533275713050994,41.507760532150776,617,1040,eval_at,0.9013145017623903,100,0,68.0
0.5315471045808124,40.709534368070955,615,1020,eval_at,0.9295295241475113,100,0,68.5
0.5298184961106309,40.031042128603104,613,1003,eval_at,0.9618005287647247,100,0,69.0
0.5306828003457217,39.47228381374723,614,989,eval_at,0.9924450418353078,100,0,69.5
0.5280898876404494,38.59423503325942,611,967,eval_at,1.0235802888870238,100,0,70.0
0.5289541918755402,38.19512195121951,612,957,eval_at,1.0552875018119812,100,0,70.5
0.5315471045808124,37.71618625277162,615,945,eval_at,1.0863237464427944,100,0,71.0
0.5315471045808124,37.51662971175167,615,940,eval_at,1.1171400094032287,100,0,71.5
0.5315471045808124,37.11751662971175,615,930,eval_at,1.1485373067855833,100,0,72.0
0.5280898876404494,36.43902439024391,611,913,eval_at,1.186938208341598,100,0,72.5
0.5280898876404494,36.0,611,902,eval_at,1.2232729804515836,100,0,73.0
0.5272255834053586,35.44124168514413,610,888,eval_at,1.2575541985034941,100,0,73.5
0.526361279170268,34.84257206208426,609,873,eval_at,1.2929346251487734,100,0,74.0
0.5246326707000865,34.56319290465632,607,866,eval_at,1.3339556688070295,100,0,74.5
0.5237683664649957,34.08425720620843,606,854,eval_at,1.3775092959403992,100,0,75.0
0.5220397579948142,33.565410199556545,604,841,eval_at,1.421435613036156,100,0,75.5
0.5203111495246326,32.607538802660756,602,817,eval_at,1.4645334863662718,100,0,76.0
0.5203111495246326,31.9689578713969,602,801,eval_at,1.5073038601875308,100,0,76.5
0.5177182368193605,31.011086474501113,599,777,eval_at,1.5550573968887331,100,0,77.0
0.5194468452895419,30.013303769401332,601,752,eval_at,1.6039640456438065,100,0,77.5
0.5177182368193605,29.2549889135255,599,733,eval_at,1.6477560400962832,100,0,78.0
0.5133967156439067,28.61640798226164,594,717,eval_at,1.6974756002426155,100,0,78.5
0.5116681071737251,28.017738359201775,592,702,eval_at,1.7510044360160826,100,0,79.0
0.5116681071737251,26.980044345898005,592,676,eval_at,1.7994337123632442,100,0,79.5
0.5099394987035436,25.902439024390247,590,649,eval_at,1.8534941196441654,100,0,80.0
0.5064822817631807,24.62527716186253,586,617,eval_at,1.9151114308834074,100,0,80.5
0.5038893690579084,24.106430155210646,583,604,eval_at,1.9777481746673595,100,0,81.0
0.5012964563526361,23.427937915742795,580,587,eval_at,2.036347784996031,100,0,81.5
0.5012964563526361,22.270509977827054,580,558,eval_at,2.1057475137710573,100,0,82.0
0.4961106309420916,21.512195121951223,574,539,eval_at,2.179042077064507,100,0,82.5
0.49524632670700086,20.873614190687363,573,523,eval_at,2.249311192035675,100,0,83.0
0.4969749351771824,19.835920177383592,575,497,eval_at,2.3248576283454896,100,0,83.5
0.4943820224719101,19.03769401330377,572,477,eval_at,2.4106155872344965,100,0,84.0
0.48833189282627487,18.399113082039914,565,461,eval_at,2.490680284500122,100,0,84.5
0.4840103716508211,17.48115299334812,560,438,eval_at,2.5815700769424446,100,0,85.0
0.4788245462402766,16.52328159645233,554,414,eval_at,2.6920475900173177,100,0,85.5
0.4727744165946413,15.565410199556542,547,390,eval_at,2.796103401184082,100,0,86.0
0.46672428694900603,15.046563192904658,540,377,eval_at,2.9023369657993343,100,0,86.5
0.4589455488331893,14.368070953436808,531,360,eval_at,3.02036723613739,100,0,87.0
0.4554883318928263,13.609756097560977,527,341,eval_at,3.1615124344825745,100,0,87.5
0.4520311149524633,12.572062084257206,523,315,eval_at,3.30444259643555,100,0,88.0
0.44338807260155577,11.733924611973393,513,294,eval_at,3.4617080867290495,100,0,88.5
0.43301642178046673,11.095343680709535,501,278,eval_at,3.6268471598625185,100,0,89.0
0.42178046672428693,10.416851441241686,488,261,eval_at,3.8233614051342015,100,0,89.5
0.4105445116681072,9.738359201773836,475,244,eval_at,4.003461503982542,100,0,90.0
0.40017286084701814,9.419068736141908,463,236,eval_at,4.232751793861393,100,0,90.5
0.38720829732065687,8.541019955654102,448,214,eval_at,4.456123371124271,100,0,91.0
0.37683664649956783,8.101995565410201,436,203,eval_at,4.716993780136106,100,0,91.5
0.3612791702679343,7.782705099778271,418,195,eval_at,5.004770641326904,100,0,92.0
0.34312878133102853,7.2638580931263865,397,182,eval_at,5.314421379566194,100,0,92.5
0.3197925669835782,6.705099778270511,370,168,eval_at,5.636450271606444,100,0,93.0
0.30337078651685395,6.1862527716186255,351,155,eval_at,6.0319452524185255,100,0,93.5
0.29213483146067415,5.507760532150776,338,138,eval_at,6.451882095336905,100,0,94.0
0.27744165946413135,5.028824833702883,321,126,eval_at,6.950463545322418,100,0,94.5
0.2601555747623163,4.5099778270509985,301,113,eval_at,7.479580593109119,100,0,95.0
0.2394122731201383,3.87139689578714,277,97,eval_at,8.165423536300654,100,0,95.5
0.219533275713051,3.312638580931264,254,83,eval_at,8.959533576965333,100,0,96.0
0.2031114952463267,3.192904656319291,235,80,eval_at,9.991873044967651,100,0,96.5
0.17199654278305965,2.5942350332594235,199,65,eval_at,11.065775518417356,100,0,97.0
0.14693171996542784,2.155210643015521,170,54,eval_at,12.47675704956056,100,0,97.5
0.11840968020743302,1.796008869179601,137,45,eval_at,14.397156791686951,100,0,98.0
0.08729472774416594,1.5166297117516632,101,38,eval_at,16.757587528228754,100,0,98.5
0.058772687986171135,1.1574279379157428,68,29,eval_at,20.604203319549576,100,0,99.0
0.029386343993085567,0.6385809312638582,34,16,eval_at,27.816958351135,100,0,99.5
0.4364736387208297,46.3769401330377,505,1162,eval_at,0.07170554623007774,100,1,50.0
0.4399308556611927,45.77827050997783,509,1147,eval_at,0.09285638973116873,100,1,50.5
0.44511668107173724,45.97782705099779,515,1152,eval_at,0.11374180108308794,100,1,51.0
0.445980985306828,45.73835920177384,516,1146,eval_at,0.1322622281312943,100,1,51.5
0.445980985306828,45.33924611973393,516,1136,eval_at,0.15198595643043514,100,1,52.0
0.44684528954191877,45.09977827050998,517,1130,eval_at,0.1741420540958645,100,1,52.5
0.4520311149524633,44.86031042128604,523,1124,eval_at,0.19567633256316194,100,1,53.0
0.449438202247191,45.05986696230599,520,1129,eval_at,0.21813932225108149,100,1,53.5
0.449438202247191,45.57871396895788,520,1142,eval_at,0.24017013728618689,100,1,54.0
0.4520311149524633,45.37915742793792,523,1137,eval_at,0.25980414405465135,100,1,54.5
0.45375972342264476,45.17960088691796,525,1132,eval_at,0.2818554773926735,100,1,55.0
0.45375972342264476,45.25942350332595,525,1134,eval_at,0.3035157638788226,100,1,55.5
0.4520311149524633,45.13968957871397,523,1131,eval_at,0.32613913059234656,100,1,56.0
0.45635263612791704,44.62084257206209,528,1118,eval_at,0.34775551408529276,100,1,56.5
0.4589455488331893,44.101995565410206,531,1105,eval_at,0.3719798997044556,100,1,57.0
0.46326707000864303,43.463414634146346,536,1089,eval_at,0.39714928492903695,100,1,57.5
0.4641313742437338,43.064301552106436,537,1079,eval_at,0.41917959392070764,100,1,58.0
0.46672428694900603,43.18403547671841,540,1082,eval_at,0.44368067145347506,100,1,58.5
0.46672428694900603,42.625277161862535,540,1068,eval_at,0.46946559876203536,100,1,59.0
0.46845289541918755,42.186252771618626,542,1057,eval_at,0.49332654058933245,100,1,59.5
0.4727744165946413,41.787139689578716,547,1047,eval_at,0.5177506566047662,100,1,60.0
0.4727744165946413,41.388026607538805,547,1037,eval_at,0.5454486557841302,100,1,60.5
0.4710458081244598,41.348115299334815,545,1036,eval_at,0.5716056013107299,100,1,61.0
0.4675885911840968,41.028824833702885,541,1028,eval_at,0.6001598724722861,100,1,61.5
0.46845289541918755,40.47006651884701,542,1014,eval_at,0.6271485614776616,100,1,62.0
0.4727744165946413,40.509977827051,547,1015,eval_at,0.6569683402776718,100,1,62.5
0.4736387208297321,40.0709534368071,548,1004,eval_at,0.6902083599567412,100,1,63.0
0.47709593777009507,40.031042128603104,552,1003,eval_at,0.7217492288351061,100,1,63.5
0.47968885047536736,39.83148558758315,555,998,eval_at,0.7531101441383363,100,1,64.0
0.48314606741573035,39.43237250554324,559,988,eval_at,0.7836571025848387,100,1,64.5
0.4874675885911841,39.19290465631929,564,982,eval_at,0.8157382190227518,100,1,65.0
0.4891961970613656,38.75388026607539,566,971,eval_at,0.8485565641522409,100,1,65.5
0.48833189282627487,38.51441241685144,565,965,eval_at,0.8799361622333527,100,1,66.0
0.48833189282627487,38.83370288248337,565,973,eval_at,0.9113580533862118,100,1,66.5
0.49178910976663787,38.35476718403548,569,961,eval_at,0.9405999392271043,100,1,67.0
0.4909248055315471,38.19512195121951,568,957,eval_at,0.9749247074127199,100,1,67.5
0.49006050129645634,38.11529933481153,567,955,eval_at,1.0073164367675789,100,1,68.0
0.4943820224719101,37.99556541019956,572,952,eval_at,1.0397526705265046,100,1,68.5
0.4943820224719101,37.55654101995566,572,941,eval_at,1.072896735668182,100,1,69.0
0.49178910976663787,36.67849223946785,569,919,eval_at,1.1078930389881128,100,1,69.5
0.49265341400172863,36.39911308203991,570,912,eval_at,1.142662751674652,100,1,70.0
0.49351771823681934,36.0,571,902,eval_at,1.1770989364385605,100,1,70.5
0.4943820224719101,35.5609756097561,572,891,eval_at,1.2162316858768463,100,1,71.0
0.49524632670700086,35.24168514412417,573,883,eval_at,1.2542215406894683,100,1,71.5
0.4978392394122731,35.40133037694014,576,887,eval_at,1.2946887397766107,100,1,72.0
0.5004321521175453,35.00221729490023,579,877,eval_at,1.3358961433172223,100,1,72.5
0.5021607605877269,34.88248337028825,581,874,eval_at,1.3746201765537263,100,1,73.0
0.5004321521175453,34.04434589800444,579,853,eval_at,1.4115816891193387,100,1,73.5
0.4995678478824546,33.884700665188475,578,849,eval_at,1.4528133201599125,100,1,74.0
0.5030250648228176,33.36585365853659,582,836,eval_at,1.4909667617082591,100,1,74.5
0.5021607605877269,32.72727272727273,581,820,eval_at,1.536131352186203,100,1,75.0
0.5004321521175453,32.208425720620845,579,807,eval_at,1.5792355251312256,100,1,75.5
0.5012964563526361,31.68957871396896,580,794,eval_at,1.6236101627349853,100,1,76.0
0.49870354364736386,31.050997782705103,577,778,eval_at,1.6720967411994936,100,1,76.5
0.4995678478824546,30.332594235033262,578,760,eval_at,1.7185281229019171,100,1,77.0
0.4995678478824546,29.813747228381377,578,747,eval_at,1.7660662442445754,100,1,77.5
0.4969749351771824,28.93569844789357,575,725,eval_at,1.815897812843323,100,1,78.0
0.49265341400172863,28.337028824833705,570,710,eval_at,1.8700102102756513,100,1,78.5
0.49351771823681934,27.578713968957874,571,691,eval_at,1.919352084398269,100,1,79.0
0.4943820224719101,26.860310421286034,572,673,eval_at,1.974215171933175,100,1,79.5
0.49524632670700086,25.982261640798228,573,651,eval_at,2.036611032485962,100,1,80.0
0.4969749351771824,25.423503325942352,575,637,eval_at,2.0996322453022,100,1,80.5
0.49524632670700086,24.34589800443459,573,610,eval_at,2.161035413742067,100,1,81.0
0.49265341400172863,23.747228381374725,570,595,eval_at,2.222709250450134,100,1,81.5
0.4874675885911841,22.988913525498894,564,576,eval_at,2.304541120529175,100,1,82.0
0.48660328435609335,22.47006651884701,563,563,eval_at,2.385060244798656,100,1,82.5
0.48055315471045806,21.552106430155213,556,540,eval_at,2.460788979530334,100,1,83.0
0.4736387208297321,20.43458980044346,548,512,eval_at,2.5394034600257873,100,1,83.5
0.4710458081244598,19.47671840354767,545,488,eval_at,2.6220504951477026,100,1,84.0
0.4727744165946413,18.917960088691796,547,474,eval_at,2.725999745130539,100,1,84.5
0.4675885911840968,18.039911308203994,541,452,eval_at,2.8363021254539498,100,1,85.0
0.4641313742437338,17.121951219512198,537,429,eval_at,2.9333879840373966,100,1,85.5
0.45635263612791704,16.52328159645233,528,414,eval_at,3.050458002090454,100,1,86.0
0.449438202247191,15.84478935698448,520,397,eval_at,3.1673569917678837,100,1,86.5
0.44857389801210024,14.647450110864746,519,367,eval_at,3.2865220856666557,100,1,87.0
0.4399308556611927,13.529933481152995,509,339,eval_at,3.427250951528549,100,1,87.5
0.43042350907519444,12.971175166297119,498,325,eval_at,3.582686700820926,100,1,88.0
0.4278305963699222,12.33259423503326,495,309,eval_at,3.750553218126294,100,1,88.5
0.42350907519446845,11.57427937915743,490,290,eval_at,3.9254899334907534,100,1,89.0
0.41486603284356094,10.89578713968958,480,273,eval_at,4.137173988819135,100,1,89.5
0.40535868625756266,10.21729490022173,469,256,eval_at,4.363433980941772,100,1,90.0
0.3941227312013829,9.419068736141908,456,236,eval_at,4.607558629512791,100,1,90.5
0.38461538461538464,8.541019955654102,445,214,eval_at,4.843756322860728,100,1,91.0
0.3742437337942956,8.062084257206209,433,202,eval_at,5.140541582107542,100,1,91.5
0.36387208297320656,7.662971175166298,421,192,eval_at,5.440599555969239,100,1,92.0
0.35522904062229904,7.06430155210643,411,177,eval_at,5.7576709032058755,100,1,92.5
0.33967156439066554,6.266075388026608,393,157,eval_at,6.152316036224362,100,1,93.0
0.3258426966292135,5.827050997782705,377,146,eval_at,6.587629172801978,100,1,93.5
0.3076923076923077,5.388026607538803,356,135,eval_at,7.005336666107176,100,1,94.0
0.2878133102852204,4.829268292682928,333,121,eval_at,7.499502327442169,100,1,94.5
0.2644770959377701,3.911308203991131,306,98,eval_at,8.039968538284283,100,1,95.0
0.24200518582541056,3.6319290465631933,280,91,eval_at,8.737536091804497,100,1,95.5
0.2247191011235955,2.873614190687362,260,72,eval_at,9.566000328063966,100,1,96.0
0.20138288677614521,2.5543237250554327,233,64,eval_at,10.645165877342215,100,1,96.5
0.17718236819360414,2.155210643015521,205,54,eval_at,11.836532106399535,100,1,97.0
0.1547104580812446,1.3569844789356986,179,34,eval_at,13.646642088890083,100,1,97.5
0.1348314606741573,0.7982261640798227,156,20,eval_at,15.679936561584421,100,1,98.0
0.1097666378565255,0.39911308203991136,127,10,eval_at,18.841721181869506,100,1,98.5
0.07692307692307693,0.23946784922394682,89,6,eval_at,24.460230216980136,100,1,99.0
0.04235090751944685,0.07982261640798227,49,2,eval_at,33.49778505325221,100,1,99.5
0.4909248055315471,47.97339246119734,568,1202,eval_at,0.08317405357956886,100,2,50.0
0.49006050129645634,47.65410199556541,567,1194,eval_at,0.1050969856232402,100,2,50.5
0.49351771823681934,48.01330376940133,571,1203,eval_at,0.12464492499828345,100,2,51.0
0.4961106309420916,47.77383592017739,574,1197,eval_at,0.14397138059139256,100,2,51.5
0.4995678478824546,47.6940133037694,578,1195,eval_at,0.16552581667900076,100,2,52.0
0.5038893690579084,47.65410199556541,583,1194,eval_at,0.18670973666012292,100,2,52.5
0.5047536732929991,47.49445676274945,584,1190,eval_at,0.20533319532871247,100,2,53.0
0.5064822817631807,47.37472283813747,586,1187,eval_at,0.22560702711343766,100,2,53.5
0.5099394987035436,47.45454545454546,590,1189,eval_at,0.2486805081367493,100,2,54.0
0.5142610198789974,47.33481152993348,595,1186,eval_at,0.2735454508662224,100,2,54.5
0.5168539325842697,47.21507760532151,598,1183,eval_at,0.29377317279577264,100,2,55.0
0.5194468452895419,46.69623059866963,601,1170,eval_at,0.31775981590151814,100,2,55.5
0.5220397579948142,46.65631929046564,604,1169,eval_at,0.34048114061355594,100,2,56.0
0.5211754537597234,46.17738359201774,603,1157,eval_at,0.3621307027339931,100,2,56.5
0.5203111495246326,46.17738359201774,602,1157,eval_at,0.38249674856662746,100,2,57.0
0.5177182368193605,46.09756097560976,599,1155,eval_at,0.40519818738102914,100,2,57.5
0.5168539325842697,45.49889135254989,598,1140,eval_at,0.4278842628002165,100,2,58.0
0.5159896283491789,45.57871396895788,597,1142,eval_at,0.4477786873281,100,2,58.5
0.5194468452895419,45.73835920177384,601,1146,eval_at,0.475170504450798,100,2,59.0
0.5185825410544511,45.57871396895788,600,1142,eval_at,0.5003602176904678,100,2,59.5
0.5177182368193605,45.57871396895788,599,1142,eval_at,0.5232582211494445,100,2,60.0
0.5159896283491789,45.17960088691796,597,1132,eval_at,0.5491142663359643,100,2,60.5
0.5177182368193605,44.86031042128604,599,1124,eval_at,0.5735050439834594,100,2,61.0
0.5168539325842697,44.54101995565411,598,1116,eval_at,0.6021453303098677,100,2,61.5
0.5142610198789974,44.26164079822617,595,1109,eval_at,0.6270638525485994,100,2,62.0
0.5142610198789974,44.101995565410206,595,1105,eval_at,0.6527112349867821,100,2,62.5
0.5159896283491789,43.70288248337029,597,1095,eval_at,0.6802981054782867,100,2,63.0
0.5177182368193605,43.26385809312639,599,1084,eval_at,0.7074080294370653,100,2,63.5
0.5177182368193605,43.26385809312639,599,1084,eval_at,0.7347961878776553,100,2,64.0
0.5194468452895419,42.94456762749446,601,1076,eval_at,0.7639312398433685,100,2,64.5
0.5203111495246326,42.665188470066525,602,1069,eval_at,0.7907201200723654,100,2,65.0
0.5185825410544511,42.305986696230605,600,1060,eval_at,0.8189571189880371,100,2,65.5
0.5194468452895419,42.186252771618626,601,1057,eval_at,0.8471367025375366,100,2,66.0
0.5203111495246326,41.787139689578716,602,1047,eval_at,0.8794315713644029,100,2,66.5
0.5229040622299049,41.228381374722844,605,1033,eval_at,0.9093431216478349,100,2,67.0
0.5229040622299049,40.669623059866964,605,1019,eval_at,0.9383794263005256,100,2,67.5
0.5203111495246326,40.23059866962306,602,1008,eval_at,0.9719057536125197,100,2,68.0
0.5185825410544511,39.87139689578714,600,999,eval_at,1.0053724724054338,100,2,68.5
0.5185825410544511,39.23281596452328,600,983,eval_at,1.0395081925392144,100,2,69.0
0.5185825410544511,39.312638580931264,600,985,eval_at,1.072860731482505,100,2,69.5
0.5203111495246326,39.19290465631929,602,982,eval_at,1.1083031773567198,100,2,70.0
0.5203111495246326,38.91352549889135,602,975,eval_at,1.1420587134361266,100,2,70.5
0.5237683664649957,38.2749445676275,606,959,eval_at,1.175947566032409,100,2,71.0
0.5220397579948142,37.47671840354767,604,939,eval_at,1.2071135783195495,100,2,71.5
0.5237683664649957,36.83813747228382,606,923,eval_at,1.2456484699249268,100,2,72.0
0.5254969749351772,36.51884700665189,608,915,eval_at,1.2826061248779292,100,2,72.5
0.5289541918755402,36.039911308204,612,903,eval_at,1.3155610537528988,100,2,73.0
0.5272255834053586,35.44124168514413,610,888,eval_at,1.3521027958393097,100,2,73.5
0.5229040622299049,34.48337028824834,605,864,eval_at,1.3877038860321047,100,2,74.0
0.5237683664649957,34.12416851441242,606,855,eval_at,1.4280632889270775,100,2,74.5
0.5254969749351772,33.40576496674058,608,837,eval_at,1.4698601365089417,100,2,75.0
0.526361279170268,32.607538802660756,609,817,eval_at,1.511219114661217,100,2,75.5
0.5229040622299049,31.9689578713969,605,801,eval_at,1.5578433322906493,100,2,76.0
0.5237683664649957,31.090909090909093,606,779,eval_at,1.6074102449417116,100,2,76.5
0.5229040622299049,30.172949002217297,605,756,eval_at,1.6557493352890016,100,2,77.0
0.5168539325842697,29.654101995565412,598,743,eval_at,1.7028545975685112,100,2,77.5
0.5142610198789974,29.2549889135255,595,733,eval_at,1.7581511712074283,100,2,78.0
0.5125324114088159,28.656319290465635,593,718,eval_at,1.8145197123289127,100,2,78.5
0.5125324114088159,28.057649667405766,593,703,eval_at,1.8728565442562102,100,2,79.0
0.5125324114088159,27.05986696230599,593,678,eval_at,1.9289178967475895,100,2,79.5
0.5142610198789974,26.541019955654104,595,665,eval_at,1.9867543220520025,100,2,80.0
0.5108038029386344,25.742793791574282,591,645,eval_at,2.044662137031555,100,2,80.5
0.5064822817631807,24.38580931263858,586,611,eval_at,2.108657417297364,100,2,81.0
0.5004321521175453,23.747228381374725,579,595,eval_at,2.1798351585865015,100,2,81.5
0.4978392394122731,23.108647450110865,576,579,eval_at,2.253009123802185,100,2,82.0
0.49351771823681934,22.0709534368071,571,553,eval_at,2.335585010051727,100,2,82.5
0.4891961970613656,21.592017738359203,566,541,eval_at,2.4108532595634458,100,2,83.0
0.4822817631806396,20.594235033259427,558,516,eval_at,2.4969101548194885,100,2,83.5
0.47796024200518583,19.875831485587586,553,498,eval_at,2.5839291191101066,100,2,84.0
0.4762316335350043,19.237250554323726,551,482,eval_at,2.671760927438736,100,2,84.5
0.47191011235955055,18.59866962305987,546,466,eval_at,2.7661941885948185,100,2,85.0
0.4701815038893691,17.84035476718404,544,447,eval_at,2.867915159463879,100,2,85.5
0.46153846153846156,17.16186252771619,534,430,eval_at,2.977945952415466,100,2,86.0
0.45375972342264476,16.443458980044348,525,412,eval_at,3.0946185636520385,100,2,86.5
0.44684528954191877,15.80487804878049,517,396,eval_at,3.2155860066413875,100,2,87.0
0.44338807260155577,15.006651884700666,513,376,eval_at,3.33700829744339,100,2,87.5
0.4364736387208297,13.68957871396896,505,343,eval_at,3.4753179645538332,100,2,88.0
0.43042350907519444,12.811529933481154,498,321,eval_at,3.62422896027565,100,2,88.5
0.4261019878997407,12.053215077605323,493,302,eval_at,3.7939294648170474,100,2,89.0
0.42523768366465,11.454545454545455,492,287,eval_at,3.9737940573692327,100,2,89.5
0.4191875540190147,10.616407982261642,485,266,eval_at,4.152288246154785,100,2,90.0
0.40881590319792566,9.937915742793793,473,249,eval_at,4.378705534935,100,2,90.5
0.39671564390665515,9.379157427937917,459,235,eval_at,4.604291052818302,100,2,91.0
0.3863439930855661,8.660753880266077,447,217,eval_at,4.8369613742828355,100,2,91.5
0.3690579083837511,7.942350332594236,427,199,eval_at,5.133769950866699,100,2,92.0
0.35868625756266204,7.184035476718404,415,180,eval_at,5.460872840881349,100,2,92.5
0.34917891097666376,6.625277161862528,404,166,eval_at,5.776778168678284,100,2,93.0
0.3362143474503025,5.827050997782705,389,146,eval_at,6.130885572433473,100,2,93.5
0.3197925669835782,5.2682926829268295,370,132,eval_at,6.5363500404357895,100,2,94.0
0.29818496110630943,4.669623059866963,345,117,eval_at,6.979805374145508,100,2,94.5
0.2748487467588591,4.310421286031042,318,108,eval_at,7.473090219497679,100,2,95.0
0.2515125324114088,3.87139689578714,291,97,eval_at,8.135793147087092,100,2,95.5
0.23163353500432152,3.592017738359202,268,90,eval_at,8.861751632690432,100,2,96.0
0.21175453759723423,2.953436807095344,245,74,eval_at,9.671464605331415,100,2,96.5
0.18668971477960242,2.5543237250554327,216,64,eval_at,10.65919759750366,100,2,97.0
0.16508210890233363,2.075388026607539,191,52,eval_at,11.902302742004402,100,2,97.5
0.1348314606741573,1.5964523281596454,156,40,eval_at,13.475888633728026,100,2,98.0
0.10544511668107173,1.1175166297117518,122,28,eval_at,15.598632597923276,100,2,98.5
0.07692307692307693,0.6784922394678493,89,17,eval_at,19.23668130874635,100,2,99.0
0.04235090751944685,0.19955654101995568,49,5,eval_at,25.678575401306105,100,2,99.5
0.4243733794295592,44.50110864745012,491,1115,eval_at,0.06116697937250137,100,3,50.0
0.42523768366465,44.78048780487805,492,1122,eval_at,0.07964339040219781,100,3,50.5
0.42350907519446845,45.17960088691796,490,1132,eval_at,0.09838990122079873,100,3,51.0
0.42350907519446845,45.25942350332595,490,1134,eval_at,0.1186759038642049,100,3,51.5
0.42178046672428693,44.98004434589801,488,1127,eval_at,0.14225156962871552,100,3,52.0
0.42350907519446845,44.70066518847007,490,1120,eval_at,0.16335149332881002,100,3,52.5
0.42005185825410546,44.70066518847007,486,1120,eval_at,0.18556877911090888,100,3,53.0
0.42350907519446845,44.74057649667406,490,1121,eval_at,0.2073309648036957,100,3,53.5
0.42523768366465,44.50110864745012,492,1115,eval_at,0.22725403666496297,100,3,54.0
0.42696629213483145,44.90022172949003,494,1125,eval_at,0.2471008750796321,100,3,54.5
0.42955920484010374,44.62084257206209,497,1118,eval_at,0.2687475234270096,100,3,55.0
0.43215211754537597,44.46119733924613,500,1114,eval_at,0.290171581953764,100,3,55.5
0.42955920484010374,44.62084257206209,497,1118,eval_at,0.31323840498924277,100,3,56.0
0.4278305963699222,44.34146341463415,495,1111,eval_at,0.3345667709410189,100,3,56.5
0.43042350907519444,44.101995565410206,498,1105,eval_at,0.3593595546483991,100,3,57.0
0.4312878133102852,44.06208425720621,499,1104,eval_at,0.3837333515286445,100,3,57.5
0.428694900605013,44.02217294900222,496,1103,eval_at,0.4069054532051086,100,3,58.0
0.43215211754537597,44.1419068736142,500,1106,eval_at,0.4320747652649876,100,3,58.5
0.43215211754537597,43.463414634146346,500,1089,eval_at,0.45528858542442324,100,3,59.0
0.4347450302506482,43.54323725055433,503,1091,eval_at,0.47810093447566027,100,3,59.5
0.4338807260155575,43.50332594235034,502,1090,eval_at,0.5020741343498224,100,3,60.0
0.4347450302506482,43.34368070953437,503,1086,eval_at,0.5274411883950234,100,3,60.5
0.439066551426102,43.423503325942356,508,1088,eval_at,0.5514976096153259,100,3,61.0
0.4373379429559205,42.94456762749446,506,1076,eval_at,0.5756820347905156,100,3,61.5
0.4407951598962835,42.58536585365854,510,1067,eval_at,0.5986726188659669,100,3,62.0
0.44165946413137425,42.305986696230605,511,1060,eval_at,0.6244394928216934,100,3,62.5
0.445980985306828,42.305986696230605,516,1060,eval_at,0.6524487602710723,100,3,63.0
0.44338807260155577,41.787139689578716,513,1047,eval_at,0.67872967004776,100,3,63.5
0.45030250648228176,41.427937915742795,521,1038,eval_at,0.7041461610794068,100,3,64.0
0.45030250648228176,41.228381374722844,521,1033,eval_at,0.7314336660504339,100,3,64.5
0.4511668107173725,40.949002217294904,522,1026,eval_at,0.7571419179439547,100,3,65.0
0.452895419187554,40.350332594235034,524,1011,eval_at,0.7879065251350403,100,3,65.5
0.45375972342264476,39.87139689578714,525,999,eval_at,0.8143724012374878,100,3,66.0
0.452895419187554,39.671840354767184,524,994,eval_at,0.8425347846746448,100,3,66.5
0.4580812445980985,39.27272727272727,530,984,eval_at,0.8710926908254625,100,3,67.0
0.45635263612791704,39.43237250554324,528,988,eval_at,0.8981390684843064,100,3,67.5
0.4589455488331893,39.03325942350333,531,978,eval_at,0.9243710422515872,100,3,68.0
0.4606741573033708,38.47450110864745,533,964,eval_at,0.9565388751029974,100,3,68.5
0.45980985306828004,37.91574279379158,532,950,eval_at,0.9891708773374552,100,3,69.0
0.4580812445980985,37.47671840354767,530,939,eval_at,1.024672610759735,100,3,69.5
0.4606741573033708,37.15742793791575,533,931,eval_at,1.0613105773925782,100,3,70.0
0.45980985306828004,36.0,532,902,eval_at,1.0937881577014923,100,3,70.5
0.46153846153846156,35.24168514412417,534,883,eval_at,1.127044565677642,100,3,71.0
0.46326707000864303,34.52328159645233,536,865,eval_at,1.1633810889720917,100,3,71.5
0.4589455488331893,34.04434589800444,531,853,eval_at,1.2015842819213864,100,3,72.0
0.45635263612791704,33.605321507760536,528,842,eval_at,1.2455298393964767,100,3,72.5
0.46153846153846156,32.926829268292686,534,825,eval_at,1.2826431572437278,100,3,73.0
0.4589455488331893,32.168514412416854,531,806,eval_at,1.3220827716588974,100,3,73.5
0.45980985306828004,31.490022172949004,532,789,eval_at,1.365344960689545,100,3,74.0
0.4606741573033708,30.532150776053218,533,765,eval_at,1.4089577400684357,100,3,74.5
0.45980985306828004,30.292682926829272,532,759,eval_at,1.453723818063736,100,3,75.0
0.46153846153846156,29.654101995565412,534,743,eval_at,1.5002516192197812,100,3,75.5
0.4606741573033708,29.494456762749447,533,739,eval_at,1.547049722671508,100,3,76.0
0.4580812445980985,28.696230598669626,530,719,eval_at,1.5979035931825638,100,3,76.5
0.4546240276577355,27.73835920177384,526,695,eval_at,1.6493452727794653,100,3,77.0
0.452895419187554,26.980044345898005,524,676,eval_at,1.6986451596021648,100,3,77.5
0.449438202247191,26.541019955654104,520,665,eval_at,1.7531417965888978,100,3,78.0
0.44770959377700953,25.782705099778273,518,646,eval_at,1.8119404530525216,100,3,78.5
0.44770959377700953,25.223946784922397,518,632,eval_at,1.8714132487773891,100,3,79.0
0.44857389801210024,24.38580931263858,519,611,eval_at,1.9409030175209048,100,3,79.5
0.44770959377700953,23.66740576496674,518,593,eval_at,2.007617330551148,100,3,80.0
0.449438202247191,22.988913525498894,520,576,eval_at,2.0769803631305694,100,3,80.5
0.4511668107173725,22.270509977827054,522,558,eval_at,2.147966580390931,100,3,81.0
0.449438202247191,21.711751662971178,520,544,eval_at,2.222014143466949,100,3,81.5
0.44857389801210024,20.993348115299337,519,526,eval_at,2.301695246696472,100,3,82.0
0.445980985306828,20.07538802660754,516,503,eval_at,2.3788403093814834,100,3,82.5
0.4442523768366465,19.71618625277162,514,494,eval_at,2.463862218856811,100,3,83.0
0.442523768366465,19.31707317073171,512,484,eval_at,2.5439834737777716,100,3,83.5
0.439066551426102,18.758314855875835,508,470,eval_at,2.631507816314696,100,3,84.0
0.43560933448573896,18.31929046563193,504,459,eval_at,2.7278931140899654,100,3,84.5
0.43301642178046673,17.441241685144124,501,437,eval_at,2.835084235668184,100,3,85.0
0.428694900605013,16.603104212860313,496,416,eval_at,2.944255888462055,100,3,85.5
0.42350907519446845,15.80487804878049,490,396,eval_at,3.057275366783142,100,3,86.0
0.4209161624891962,15.48558758314856,487,388,eval_at,3.1792605435848262,100,3,86.5
0.41227312013828865,15.126385809312639,477,379,eval_at,3.2810547924041735,100,3,87.0
0.4044943820224719,14.567627494456763,468,365,eval_at,3.4090355336666107,100,3,87.5
0.39671564390665515,13.769401330376942,459,345,eval_at,3.5266699123382597,100,3,88.0
0.3863439930855661,13.01108647450111,447,326,eval_at,3.6801110017299643,100,3,88.5
0.37683664649956783,12.452328159645234,436,312,eval_at,3.852130439281464,100,3,89.0
0.3716508210890233,11.694013303769403,430,293,eval_at,4.009496901035309,100,3,89.5
0.3630077787381158,11.135254988913527,420,279,eval_at,4.194726896286008,100,3,90.0
0.34917891097666376,10.616407982261642,404,266,eval_at,4.392271654605866,100,3,90.5
0.337942955920484,10.097560975609756,391,253,eval_at,4.594776535034181,100,3,91.0
0.331028522039758,9.53880266075388,383,239,eval_at,4.850119018554687,100,3,91.5
0.31547104580812446,9.099778270509978,365,228,eval_at,5.096958007812501,100,3,92.0
0.29732065687121867,8.580931263858094,344,215,eval_at,5.36182044744492,100,3,92.5
0.2791702679343129,8.141906873614191,323,204,eval_at,5.670507435798644,100,3,93.0
0.26707000864304237,7.503325942350333,309,188,eval_at,6.036088650226597,100,3,93.5
0.26188418323249785,6.705099778270511,303,168,eval_at,6.402614297866811,100,3,94.0
0.24027657735522903,5.827050997782705,278,146,eval_at,6.8265317344665535,100,3,94.5
0.226447709593777,5.388026607538803,262,135,eval_at,7.29798398017882,100,3,95.0
0.2065687121866897,4.909090909090909,239,123,eval_at,7.883230762481686,100,3,95.5
0.1961970613656007,4.190687361419069,227,105,eval_at,8.68098728179932,100,3,96.0
0.17372515125324114,3.6319290465631933,201,91,eval_at,9.560083298683118,100,3,96.5
0.15557476231633535,2.993348115299335,180,75,eval_at,10.542200880050657,100,3,97.0
0.14088159031979255,2.035476718403548,163,51,eval_at,11.789577794075024,100,3,97.5
0.10890233362143474,1.5565410199556542,126,39,eval_at,13.770635547637918,100,3,98.0
0.08556611927398444,0.9179600886917961,99,23,eval_at,16.485444555282587,100,3,98.5
0.05790838375108038,0.7184035476718404,67,18,eval_at,21.860313434600833,100,3,99.0
0.032843560933448576,0.3192904656319291,38,8,eval_at,31.52506477355953,100,3,99.5
0.48314606741573035,46.57649667405765,559,1167,eval_at,0.08371863514184952,100,4,50.0
0.48660328435609335,46.85587583148559,563,1174,eval_at,0.10464059941470617,100,4,50.5
0.49006050129645634,47.37472283813747,567,1187,eval_at,0.12580730602145238,100,4,51.0
0.4874675885911841,47.65410199556541,564,1194,eval_at,0.14933567702770234,100,4,51.5
0.4891961970613656,47.53436807095344,566,1191,eval_at,0.1736697804927826,100,4,52.0
0.4891961970613656,47.61419068736142,566,1193,eval_at,0.19363159090280546,100,4,52.5
0.4909248055315471,47.29490022172949,568,1185,eval_at,0.2166390371322632,100,4,53.0
0.48833189282627487,47.37472283813747,565,1187,eval_at,0.2398180139064789,100,4,53.5
0.4857389801210026,47.49445676274945,562,1190,eval_at,0.26136101782321963,100,4,54.0
0.4891961970613656,47.33481152993348,566,1186,eval_at,0.28236752703785983,100,4,54.5
0.48833189282627487,47.01552106430156,565,1178,eval_at,0.3038116112351418,100,4,55.0
0.48833189282627487,46.97560975609756,565,1177,eval_at,0.3259195736050609,100,4,55.5
0.4909248055315471,46.73614190687362,568,1171,eval_at,0.3485823738574982,100,4,56.0
0.48833189282627487,46.17738359201774,565,1157,eval_at,0.37153238102793684,100,4,56.5
0.48833189282627487,45.81818181818182,565,1148,eval_at,0.3946538922190646,100,4,57.0
0.49006050129645634,45.65853658536586,567,1144,eval_at,0.41947789862751944,100,4,57.5
0.49006050129645634,45.53880266075388,567,1141,eval_at,0.44387665212154354,100,4,58.0
0.49006050129645634,45.21951219512196,567,1133,eval_at,0.46726001754403096,100,4,58.5
0.49178910976663787,45.33924611973393,569,1136,eval_at,0.49058884561061855,100,4,59.0
0.4943820224719101,45.33924611973393,572,1136,eval_at,0.5153696799278259,100,4,59.5
0.49524632670700086,45.21951219512196,573,1133,eval_at,0.5394745588302604,100,4,60.0
0.49870354364736386,45.09977827050998,577,1130,eval_at,0.5644265857338906,100,4,60.5
0.5004321521175453,44.62084257206209,579,1118,eval_at,0.5904443228244781,100,4,61.0
0.4995678478824546,44.54101995565411,578,1116,eval_at,0.617824623584747,100,4,61.5
0.49870354364736386,44.5809312638581,577,1117,eval_at,0.6438483810424805,100,4,62.0
0.5021607605877269,44.82039911308205,581,1123,eval_at,0.6683776378631592,100,4,62.5
0.5038893690579084,44.54101995565411,583,1116,eval_at,0.694928451180458,100,4,63.0
0.5064822817631807,43.98226164079823,586,1102,eval_at,0.7221966031193734,100,4,63.5
0.5038893690579084,43.98226164079823,583,1102,eval_at,0.7508859014511109,100,4,64.0
0.5047536732929991,43.782705099778276,584,1097,eval_at,0.779331187903881,100,4,64.5
0.5047536732929991,43.6629711751663,584,1094,eval_at,0.8074640035629274,100,4,65.0
0.5004321521175453,43.144124168514416,579,1081,eval_at,0.8346039700508119,100,4,65.5
0.5021607605877269,42.745011086474506,581,1071,eval_at,0.8610830986499787,100,4,66.0
0.5030250648228176,42.146341463414636,582,1056,eval_at,0.8884788230061533,100,4,66.5
0.5047536732929991,41.627494456762754,584,1043,eval_at,0.9179585510492326,100,4,67.0
0.5064822817631807,40.909090909090914,586,1025,eval_at,0.9490252509713173,100,4,67.5
0.5073465859982714,40.350332594235034,587,1011,eval_at,0.9820214223861704,100,4,68.0
0.5056179775280899,40.11086474501109,585,1005,eval_at,1.0124643009901049,100,4,68.5
0.5082108902333622,39.43237250554324,588,988,eval_at,1.0425603663921355,100,4,69.0
0.5056179775280899,38.99334811529934,585,977,eval_at,1.0761182337999342,100,4,69.5
0.5038893690579084,38.47450110864745,583,964,eval_at,1.1110636115074157,100,4,70.0
0.5021607605877269,38.11529933481153,581,955,eval_at,1.1415177458524703,100,4,70.5
0.5038893690579084,37.63636363636364,583,943,eval_at,1.1795652592182158,100,4,71.0
0.5021607605877269,36.87804878048781,581,924,eval_at,1.2174965286254882,100,4,71.5
0.5038893690579084,36.43902439024391,583,913,eval_at,1.2507285499572751,100,4,72.0
0.5047536732929991,35.84035476718404,584,898,eval_at,1.2893292397260658,100,4,72.5
0.5012964563526361,35.1219512195122,580,880,eval_at,1.3310155677795408,100,4,73.0
0.5012964563526361,34.92239467849224,580,875,eval_at,1.3701770949363707,100,4,73.5
0.5030250648228176,34.36363636363637,582,861,eval_at,1.4107184886932373,100,4,74.0
0.5021607605877269,34.08425720620843,581,854,eval_at,1.452850367426872,100,4,74.5
0.5038893690579084,33.325942350332596,583,835,eval_at,1.491752028465271,100,4,75.0
0.5030250648228176,32.847006651884705,582,823,eval_at,1.5370694088935852,100,4,75.5
0.5012964563526361,32.128603104212864,580,805,eval_at,1.5807597923278809,100,4,76.0
0.49870354364736386,31.450110864745014,577,788,eval_at,1.625600045323372,100,4,76.5
0.4943820224719101,30.97117516629712,572,776,eval_at,1.6752774465084077,100,4,77.0
0.49178910976663787,30.292682926829272,569,759,eval_at,1.723285076022148,100,4,77.5
0.4848746758859118,29.813747228381377,561,747,eval_at,1.780192089080811,100,4,78.0
0.48055315471045806,28.776053215077606,556,721,eval_at,1.8456530183553714,100,4,78.5
0.4788245462402766,28.17738359201774,554,706,eval_at,1.9057822096347805,100,4,79.0
0.47796024200518583,27.179600886917964,553,681,eval_at,1.9725533097982424,100,4,79.5
0.47968885047536736,26.101995565410203,555,654,eval_at,2.0315568447113037,100,4,80.0
0.47968885047536736,25.543237250554327,555,640,eval_at,2.0912128138542174,100,4,80.5
0.47796024200518583,24.98447893569845,553,626,eval_at,2.1545978069305423,100,4,81.0
0.47536732929991354,24.62527716186253,550,617,eval_at,2.2200476777553555,100,4,81.5
0.4727744165946413,23.866962305986696,547,598,eval_at,2.3041062545776367,100,4,82.0
0.4727744165946413,23.108647450110865,547,579,eval_at,2.3892172694206226,100,4,82.5
0.4693171996542783,22.310421286031044,543,559,eval_at,2.4650042057037354,100,4,83.0
0.46845289541918755,21.43237250554324,542,537,eval_at,2.5574367809295655,100,4,83.5
0.4658599827139153,21.073170731707318,539,528,eval_at,2.656935901641841,100,4,84.0
0.4589455488331893,20.394678492239468,531,511,eval_at,2.7379305219650267,100,4,84.5
0.4554883318928263,19.237250554323726,527,482,eval_at,2.8375102758407604,100,4,85.0
0.449438202247191,18.159645232815965,520,455,eval_at,2.9329558777809135,100,4,85.5
0.4442523768366465,17.64079822616408,514,442,eval_at,3.0536325454711903,100,4,86.0
0.4364736387208297,16.962305986696233,505,425,eval_at,3.1659776186943063,100,4,86.5
0.43560933448573896,16.323725055432373,504,409,eval_at,3.2869314718246443,100,4,87.0
0.43042350907519444,15.206208425720622,498,381,eval_at,3.433936595916748,100,4,87.5
0.42696629213483145,14.687361419068738,494,368,eval_at,3.583821029663088,100,4,88.0
0.4243733794295592,13.849223946784923,491,347,eval_at,3.7580968308448788,100,4,88.5
0.41832324978392393,13.090909090909092,484,328,eval_at,3.930439078807831,100,4,89.0
0.4096802074330164,12.292682926829269,474,308,eval_at,4.109372520446778,100,4,89.5
0.3993085566119274,11.65410199556541,462,292,eval_at,4.297983360290527,100,4,90.0
0.3889369057908384,10.935698447893571,450,274,eval_at,4.5227896738052396,100,4,90.5
0.3794295592048401,10.456762749445677,439,262,eval_at,4.710915555953981,100,4,91.0
0.36646499567847884,9.49889135254989,424,238,eval_at,4.966674165725706,100,4,91.5
0.35522904062229904,8.461197339246121,411,212,eval_at,5.2376392555236855,100,4,92.0
0.341400172860847,7.822616407982262,395,196,eval_at,5.495444941520692,100,4,92.5
0.334485738980121,7.184035476718404,387,180,eval_at,5.881583485603332,100,4,93.0
0.31892826274848746,6.545454545454546,369,164,eval_at,6.259022552967073,100,4,93.5
0.3111495246326707,6.026607538802661,360,151,eval_at,6.661615657806394,100,4,94.0
0.2912705272255834,5.2682926829268295,337,132,eval_at,7.22707492351532,100,4,94.5
0.2722558340535869,4.749445676274945,315,119,eval_at,7.788715434074396,100,4,95.0
0.2549697493517718,4.110864745011087,295,103,eval_at,8.384517931938152,100,4,95.5
0.22558340535868626,3.592017738359202,261,90,eval_at,9.111268501281739,100,4,96.0
0.21002592912705273,2.8337028824833705,243,71,eval_at,9.99121561050415,100,4,96.5
0.17718236819360414,2.434589800443459,205,61,eval_at,11.002129783630362,100,4,97.0
0.15211754537597233,1.6363636363636365,176,41,eval_at,12.355335378646863,100,4,97.5
0.1331028522039758,1.3170731707317074,154,33,eval_at,14.536674594879134,100,4,98.0
0.10458081244598098,0.9977827050997784,121,25,eval_at,17.26846061706543,100,4,98.5
0.0682800345721694,0.5188470066518848,79,13,eval_at,21.428153266906765,100,4,99.0
0.03889369057908384,0.3592017738359202,45,9,eval_at,29.854899759292504,100,4,99.5
0.49524632670700086,46.69623059866963,573,1170,eval_at,0.08578434586524963,300,0,50.0
0.4978392394122731,46.49667405764967,576,1165,eval_at,0.10475343972444519,300,0,50.5
0.5004321521175453,46.41685144124169,579,1163,eval_at,0.1255408875644209,300,0,51.0
0.5038893690579084,46.33702882483371,583,1161,eval_at,0.14678514376282695,300,0,51.5
0.5064822817631807,46.25720620842572,586,1159,eval_at,0.1683829617500305,300,0,52.0
0.5099394987035436,46.49667405764967,590,1165,eval_at,0.1908781841397287,300,0,52.5
0.5090751944684528,46.05764966740577,589,1154,eval_at,0.2107452608644963,300,0,53.0
0.5125324114088159,45.61862527716187,593,1143,eval_at,0.22977608881890774,300,0,53.5
0.5159896283491789,45.49889135254989,597,1140,eval_at,0.2519407510757447,300,0,54.0
0.5194468452895419,45.8980044345898,601,1150,eval_at,0.2727339412271977,300,0,54.5
0.5194468452895419,45.77827050997783,601,1147,eval_at,0.2963251382112503,300,0,55.0
0.5220397579948142,45.25942350332595,604,1134,eval_at,0.322138826400042,300,0,55.5
0.5229040622299049,45.25942350332595,605,1134,eval_at,0.34465505242347727,300,0,56.0
0.5229040622299049,45.49889135254989,605,1140,eval_at,0.36591725170612327,300,0,56.5
0.5246326707000865,45.53880266075388,607,1141,eval_at,0.3901710140705107,300,0,57.0
0.5272255834053586,45.61862527716187,610,1143,eval_at,0.41359768807888025,300,0,57.5
0.5289541918755402,45.17960088691796,612,1132,eval_at,0.4383771336078642,300,0,58.0
0.5315471045808124,44.82039911308205,615,1123,eval_at,0.46050697669386836,300,0,58.5
0.5324114088159032,44.54101995565411,616,1116,eval_at,0.4860755717754364,300,0,59.0
0.5324114088159032,44.42128603104213,616,1113,eval_at,0.5134680536389348,300,0,59.5
0.5315471045808124,44.62084257206209,615,1118,eval_at,0.5411445498466487,300,0,60.0
0.533275713050994,44.30155210643016,617,1110,eval_at,0.5675203323364258,300,0,60.5
0.5350043215211755,43.742793791574286,619,1096,eval_at,0.5929797476530074,300,0,61.0
0.5375972342264477,43.024390243902445,622,1078,eval_at,0.6194100314378737,300,0,61.5
0.5410544511668107,42.90465631929047,626,1075,eval_at,0.6450907146930697,300,0,62.0
0.543647363872083,42.465631929046566,629,1064,eval_at,0.673660397529602,300,0,62.5
0.5453759723422644,42.305986696230605,631,1060,eval_at,0.7025665247440337,300,0,63.0
0.5462402765773552,42.385809312638585,632,1062,eval_at,0.729282962679863,300,0,63.5
0.547104580812446,42.186252771618626,633,1057,eval_at,0.757577452659607,300,0,64.0
0.547104580812446,41.747228381374725,633,1046,eval_at,0.786791306734085,300,0,64.5
0.5522904062229905,41.467849223946786,639,1039,eval_at,0.8121970742940905,300,0,65.0
0.5514261019878998,41.068736141906875,638,1029,eval_at,0.843620819449425,300,0,65.5
0.550561797752809,40.270509977827054,637,1009,eval_at,0.8768715190887452,300,0,66.0
0.5496974935177182,39.79157427937916,636,997,eval_at,0.9082421919703485,300,0,66.5
0.547104580812446,39.51219512195122,633,990,eval_at,0.9394917392730716,300,0,67.0
0.5445116681071738,38.91352549889135,630,975,eval_at,0.9692120730876923,300,0,67.5
0.5427830596369922,38.23503325942351,628,958,eval_at,1.0019993114471437,300,0,68.0
0.5427830596369922,37.87583148558759,628,949,eval_at,1.0371670079231268,300,0,68.5
0.5427830596369922,37.23725055432373,628,933,eval_at,1.0686018931865686,300,0,69.0
0.5427830596369922,36.59866962305987,628,917,eval_at,1.1065881645679472,300,0,69.5
0.5419187554019015,36.11973392461198,627,905,eval_at,1.144087171554565,300,0,70.0
0.543647363872083,35.5609756097561,629,891,eval_at,1.1811041378974914,300,0,70.5
0.5393258426966292,35.04212860310422,624,878,eval_at,1.2168702101707451,300,0,71.0
0.5419187554019015,34.36363636363637,627,861,eval_at,1.254818458557129,300,0,71.5
0.543647363872083,33.485587583148565,629,839,eval_at,1.2954579257965082,300,0,72.0
0.5419187554019015,33.206208425720625,627,832,eval_at,1.3393008589744564,300,0,72.5
0.54019014693172,32.607538802660756,625,817,eval_at,1.3833157777786247,300,0,73.0
0.5367329299913569,32.447893569844794,621,813,eval_at,1.4328669464588164,300,0,73.5
0.5375972342264477,31.64966740576497,622,793,eval_at,1.4820981955528263,300,0,74.0
0.5410544511668107,31.050997782705103,626,778,eval_at,1.530703307390213,300,0,74.5
0.5419187554019015,30.651884700665192,627,768,eval_at,1.5818919241428375,300,0,75.0
0.5419187554019015,30.013303769401332,627,752,eval_at,1.6272182542085656,300,0,75.5
0.54019014693172,29.454545454545457,625,738,eval_at,1.6764502048492431,300,0,76.0
0.5315471045808124,28.93569844789357,615,725,eval_at,1.7282526504993438,300,0,76.5
0.5306828003457217,28.416851441241686,614,712,eval_at,1.7831546735763568,300,0,77.0
0.5280898876404494,27.49889135254989,611,689,eval_at,1.8390542477369307,300,0,77.5
0.5246326707000865,26.541019955654104,607,665,eval_at,1.9012437367439277,300,0,78.0
0.5237683664649957,25.902439024390247,606,649,eval_at,1.9622358006238942,300,0,78.5
0.5194468452895419,25.383592017738362,601,636,eval_at,2.0210539722442626,300,0,79.0
0.5159896283491789,24.62527716186253,597,617,eval_at,2.085971146821976,300,0,79.5
0.5125324114088159,24.26607538802661,593,608,eval_at,2.15460376739502,300,0,80.0
0.5064822817631807,23.427937915742795,586,587,eval_at,2.2196315646171567,300,0,80.5
0.5047536732929991,22.709534368070955,584,569,eval_at,2.2984235095977805,300,0,81.0
0.5038893690579084,22.11086474501109,583,554,eval_at,2.3746464765071864,300,0,81.5
0.5004321521175453,21.392461197339248,579,536,eval_at,2.4461094188690184,300,0,82.0
0.4961106309420916,20.594235033259427,574,516,eval_at,2.5380453109741183,300,0,82.5
0.49351771823681934,19.915742793791576,571,499,eval_at,2.639860603809356,300,0,83.0
0.4909248055315471,19.117516629711755,568,479,eval_at,2.731652576923371,300,0,83.5
0.4874675885911841,18.31929046563193,564,459,eval_at,2.824850540161128,300,0,84.0
0.48055315471045806,17.64079822616408,556,442,eval_at,2.9183272802829734,300,0,84.5
0.4693171996542783,17.48115299334812,543,438,eval_at,3.0270493030548096,300,0,85.0
0.4641313742437338,16.643015521064303,537,417,eval_at,3.1275033462047572,300,0,85.5
0.4589455488331893,16.563192904656322,531,415,eval_at,3.2502401971817014,300,0,86.0
0.45375972342264476,16.004434589800443,525,401,eval_at,3.363686412572861,300,0,86.5
0.44338807260155577,15.046563192904658,513,377,eval_at,3.4944953584671006,300,0,87.0
0.43560933448573896,14.208425720620843,504,356,eval_at,3.6292792558670044,300,0,87.5
0.42178046672428693,13.609756097560977,488,341,eval_at,3.777378177642823,300,0,88.0
0.4140017286084702,13.569844789356985,479,340,eval_at,3.9267816019058226,300,0,88.5
0.4070872947277442,13.090909090909092,471,328,eval_at,4.112614850997925,300,0,89.0
0.4010371650821089,12.492239467849226,464,313,eval_at,4.301786804199222,300,0,89.5
0.3898012100259291,11.813747228381375,451,296,eval_at,4.498662710189819,300,0,90.0
0.3863439930855661,10.776053215077606,447,270,eval_at,4.678703355789184,300,0,90.5
0.37683664649956783,10.536585365853659,436,264,eval_at,4.879114141464238,300,0,91.0
0.3621434745030251,9.85809312638581,419,247,eval_at,5.118621306419373,300,0,91.5
0.3500432152117545,9.17960088691796,405,230,eval_at,5.38973945617676,300,0,92.0
0.337942955920484,8.381374722838139,391,210,eval_at,5.6669835805893065,300,0,92.5
0.33189282627484873,7.74279379157428,384,194,eval_at,5.976944432258605,300,0,93.0
0.3163353500432152,7.06430155210643,366,177,eval_at,6.358050200939184,300,0,93.5
0.2999135695764909,6.425720620842573,347,161,eval_at,6.728672943115234,300,0,94.0
0.27744165946413135,5.62749445676275,321,141,eval_at,7.196698389053346,300,0,94.5
0.2610198789974071,4.9490022172949,302,124,eval_at,7.778733325004555,300,0,95.0
0.24632670700086431,4.230598669623061,285,106,eval_at,8.393303356170653,300,0,95.5
0.22990492653414002,3.6319290465631933,266,91,eval_at,9.083611412048343,300,0,96.0
0.21348314606741572,3.192904656319291,247,80,eval_at,9.849286861419671,300,0,96.5
0.19187554019014694,2.674057649667406,222,67,eval_at,10.833543987274165,300,0,97.0
0.15903197925669835,2.3148558758314857,184,58,eval_at,11.97224469184877,300,0,97.5
0.12705272255834055,1.8758314855875833,147,47,eval_at,13.252056255340555,300,0,98.0
0.10285220397579949,1.3170731707317074,119,33,eval_at,15.29066097736358,300,0,98.5
0.07346585998271392,0.9179600886917961,85,23,eval_at,17.925245780944834,300,0,99.0
0.037165082108902334,0.4390243902439025,43,11,eval_at,23.083016910552807,300,0,99.5
0.47536732929991354,45.97782705099779,550,1152,eval_at,0.08739567920565605,300,1,50.0
0.47709593777009507,46.29711751662972,552,1160,eval_at,0.10840388767421241,300,1,50.5
0.47536732929991354,46.29711751662972,550,1160,eval_at,0.1290906900167466,300,1,51.0
0.47968885047536736,46.41685144124169,555,1163,eval_at,0.14860189899802212,300,1,51.5
0.47968885047536736,46.29711751662972,555,1160,eval_at,0.16790902256965637,300,1,52.0
0.47796024200518583,46.61640798226164,553,1168,eval_at,0.18740699477493766,300,1,52.5
0.4814174589455488,46.53658536585366,557,1166,eval_at,0.2072650353610516,300,1,53.0
0.47968885047536736,46.25720620842572,555,1159,eval_at,0.22894979953765873,300,1,53.5
0.48314606741573035,46.13747228381375,559,1156,eval_at,0.24724465399980555,300,1,54.0
0.48833189282627487,46.01773835920178,565,1153,eval_at,0.26596164718270304,300,1,54.5
0.49178910976663787,45.9379157427938,569,1151,eval_at,0.28692501187324526,300,1,55.0
0.49351771823681934,45.57871396895788,571,1142,eval_at,0.3084278276562695,300,1,55.5
0.49351771823681934,45.69844789356985,571,1145,eval_at,0.3291705489158636,300,1,56.0
0.4969749351771824,45.69844789356985,575,1145,eval_at,0.3522465233504769,300,1,56.5
0.4995678478824546,45.29933481152994,578,1135,eval_at,0.3719323951005935,300,1,57.0
0.49870354364736386,45.17960088691796,577,1132,eval_at,0.3964855559170246,300,1,57.5
0.5038893690579084,44.74057649667406,583,1121,eval_at,0.4190255188941954,300,1,58.0
0.5073465859982714,44.46119733924613,587,1114,eval_at,0.4444727657735346,300,1,58.5
0.5056179775280899,43.50332594235034,585,1090,eval_at,0.4679706025123596,300,1,59.0
0.5082108902333622,43.26385809312639,588,1084,eval_at,0.48995472759008407,300,1,59.5
0.5064822817631807,43.144124168514416,586,1081,eval_at,0.5124341964721679,300,1,60.0
0.5073465859982714,42.94456762749446,587,1076,eval_at,0.537301541864872,300,1,60.5
0.5108038029386344,42.665188470066525,591,1069,eval_at,0.5607290977239607,300,1,61.0
0.5116681071737251,42.22616407982262,592,1058,eval_at,0.5842718827724455,300,1,61.5
0.5151253241140882,41.827050997782706,596,1048,eval_at,0.6094497728347781,300,1,62.0
0.5151253241140882,41.707317073170735,596,1045,eval_at,0.6389784291386604,300,1,62.5
0.5203111495246326,41.148558758314856,602,1031,eval_at,0.663703264594078,300,1,63.0
0.5211754537597234,40.82926829268293,603,1023,eval_at,0.6883605098724375,300,1,63.5
0.5229040622299049,40.23059866962306,605,1008,eval_at,0.716794970035553,300,1,64.0
0.5246326707000865,39.91130820399113,607,1000,eval_at,0.7491823655366897,300,1,64.5
0.5246326707000865,39.23281596452328,607,983,eval_at,0.7810668289661408,300,1,65.0
0.5280898876404494,38.87361419068736,611,974,eval_at,0.808963420391083,300,1,65.5
0.5280898876404494,38.63414634146342,611,968,eval_at,0.8394070816040039,300,1,66.0
0.5298184961106309,38.39467849223947,613,962,eval_at,0.8721195790171626,300,1,66.5
0.5324114088159032,38.07538802660754,616,954,eval_at,0.9022615361213692,300,1,67.0
0.5315471045808124,37.55654101995566,615,941,eval_at,0.93542400598526,300,1,67.5
0.5315471045808124,36.87804878048781,615,924,eval_at,0.9671990203857423,300,1,68.0
0.5315471045808124,36.27937915742794,615,909,eval_at,0.9986244165897372,300,1,68.5
0.5324114088159032,35.84035476718404,616,898,eval_at,1.0357002389430996,300,1,69.0
0.5306828003457217,34.96230598669624,614,876,eval_at,1.0709033286571499,300,1,69.5
0.5306828003457217,34.92239467849224,614,875,eval_at,1.1048805475234984,300,1,70.0
0.5280898876404494,34.40354767184036,611,862,eval_at,1.1389183926582334,300,1,70.5
0.526361279170268,34.08425720620843,609,854,eval_at,1.1796589243412012,300,1,71.0
0.5280898876404494,33.924611973392466,611,850,eval_at,1.2156248021125793,300,1,71.5
0.5280898876404494,33.72505543237251,611,845,eval_at,1.2533732318878168,300,1,72.0
0.5246326707000865,32.72727272727273,607,820,eval_at,1.2903033435344684,300,1,72.5
0.5229040622299049,32.248337028824835,605,808,eval_at,1.3306767666339874,300,1,73.0
0.5220397579948142,31.9689578713969,604,801,eval_at,1.3710004985332487,300,1,73.5
0.5220397579948142,31.68957871396896,604,794,eval_at,1.4139547634124758,300,1,74.0
0.5211754537597234,30.851441241685148,603,773,eval_at,1.4590479063987722,300,1,74.5
0.5220397579948142,30.572062084257208,604,766,eval_at,1.5011417865753174,300,1,75.0
0.5203111495246326,30.133037694013307,602,755,eval_at,1.548922812342644,300,1,75.5
0.5203111495246326,29.374722838137476,602,736,eval_at,1.5939881992340086,300,1,76.0
0.5185825410544511,28.776053215077606,600,721,eval_at,1.6413097113370902,300,1,76.5
0.5185825410544511,27.81818181818182,600,697,eval_at,1.6907794749736798,300,1,77.0
0.5194468452895419,27.37915742793792,601,686,eval_at,1.7364503264427182,300,1,77.5
0.5151253241140882,26.820399113082043,596,672,eval_at,1.7921234512329103,300,1,78.0
0.5133967156439067,26.620842572062088,594,667,eval_at,1.8444779706001304,300,1,78.5
0.5125324114088159,26.261640798226168,593,658,eval_at,1.9020081770420072,300,1,79.0
0.5125324114088159,25.702882483370292,593,644,eval_at,1.9604814124107364,300,1,79.5
0.5099394987035436,24.944567627494457,590,625,eval_at,2.0227588653564457,300,1,80.0
0.5073465859982714,24.186252771618626,587,606,eval_at,2.0876319539546966,300,1,80.5
0.5056179775280899,23.068736141906875,585,578,eval_at,2.1491073107719423,300,1,81.0
0.5030250648228176,22.390243902439025,582,561,eval_at,2.212190337181091,300,1,81.5
0.5056179775280899,21.671840354767184,585,543,eval_at,2.2798823356628417,300,1,82.0
0.5056179775280899,21.11308203991131,585,529,eval_at,2.363865464925765,300,1,82.5
0.49870354364736386,20.594235033259427,577,516,eval_at,2.4472252130508414,300,1,83.0
0.5021607605877269,19.995565410199557,581,501,eval_at,2.523496700525284,300,1,83.5
0.4969749351771824,19.117516629711755,575,479,eval_at,2.6118823623657224,300,1,84.0
0.49351771823681934,18.439024390243905,571,462,eval_at,2.7002432382106774,300,1,84.5
0.4874675885911841,17.92017738359202,564,449,eval_at,2.7963667035102855,300,1,85.0
0.47796024200518583,17.28159645232816,553,433,eval_at,2.894280472993845,300,1,85.5
0.4675885911840968,16.52328159645233,541,414,eval_at,3.01343373298645,300,1,86.0
0.46240276577355227,16.124168514412418,535,404,eval_at,3.133523049354555,300,1,86.5
0.4554883318928263,15.246119733924614,527,382,eval_at,3.257361366748809,300,1,87.0
0.4554883318928263,14.44789356984479,527,362,eval_at,3.407219737768173,300,1,87.5
0.4520311149524633,13.250554323725057,523,332,eval_at,3.5433473110198985,300,1,88.0
0.44165946413137425,12.651884700665189,511,317,eval_at,3.719621164798736,300,1,88.5
0.4364736387208297,11.933481152993348,505,299,eval_at,3.8822178101539615,300,1,89.0
0.4261019878997407,11.334811529933482,493,284,eval_at,4.059626240730299,300,1,89.5
0.4140017286084702,10.656319290465634,479,267,eval_at,4.287352180480955,300,1,90.0
0.40363007778738114,9.738359201773836,467,244,eval_at,4.5189792561531075,300,1,90.5
0.39671564390665515,9.17960088691796,459,230,eval_at,4.753196959495545,300,1,91.0
0.3837510803802939,8.74057649667406,444,219,eval_at,5.033598053455352,300,1,91.5
0.3656006914433881,8.101995565410201,423,203,eval_at,5.332295646667481,300,1,92.0
0.34917891097666376,7.303769401330378,404,183,eval_at,5.689094865322154,300,1,92.5
0.33362143474503025,6.745011086474501,386,169,eval_at,6.040413942337036,300,1,93.0
0.32152117545375974,6.266075388026608,372,157,eval_at,6.431401131153113,300,1,93.5
0.3025064822817632,5.707317073170732,350,143,eval_at,6.820925998687738,300,1,94.0
0.28694900605012963,5.108647450110865,332,128,eval_at,7.3359185481071485,300,1,94.5
0.26707000864304237,4.390243902439025,309,110,eval_at,7.901989579200737,300,1,95.0
0.24373379429559205,3.6718403547671845,282,92,eval_at,8.548340682983378,300,1,95.5
0.222990492653414,3.192904656319291,258,80,eval_at,9.32006416320801,300,1,96.0
0.1961970613656007,2.7937915742793793,227,70,eval_at,10.258469543457018,300,1,96.5
0.17545375972342264,2.3148558758314857,203,58,eval_at,11.368740749359121,300,1,97.0
0.14606741573033707,1.9157427937915745,169,48,eval_at,12.78558952808383,300,1,97.5
0.11927398444252377,1.436807095343681,138,36,eval_at,14.731044692993159,300,1,98.0
0.09680207433016422,0.9977827050997784,112,25,eval_at,17.456416292190546,300,1,98.5
0.07519446845289542,0.6385809312638582,87,16,eval_at,21.259697475433367,300,1,99.0
0.036300777873811585,0.3192904656319291,42,8,eval_at,27.226897058486845,300,1,99.5
0.4909248055315471,50.807095343680714,568,1273,eval_at,0.09624766185879707,300,2,50.0
0.49265341400172863,50.487804878048784,570,1265,eval_at,0.11385752804577345,300,2,50.5
0.4969749351771824,50.447893569844794,575,1264,eval_at,0.13388649106025702,300,2,51.0
0.5012964563526361,50.36807095343681,580,1262,eval_at,0.15509629823267462,300,2,51.5
0.5021607605877269,50.168514412416854,581,1257,eval_at,0.1741847628355026,300,2,52.0
0.5021607605877269,50.487804878048784,581,1265,eval_at,0.19324115775525585,300,2,52.5
0.5038893690579084,50.248337028824835,583,1259,eval_at,0.2135628770291809,300,2,53.0
0.5047536732929991,50.607538802660756,584,1268,eval_at,0.23319659106433394,300,2,53.5
0.5030250648228176,50.208425720620845,582,1258,eval_at,0.25545277357101454,300,2,54.0
0.5073465859982714,49.450110864745014,587,1239,eval_at,0.27847307741642,300,2,54.5
0.5108038029386344,49.01108647450111,591,1228,eval_at,0.2976705431938173,300,2,55.0
0.5133967156439067,49.09090909090909,594,1230,eval_at,0.31893346756696705,300,2,55.5
0.5116681071737251,48.73170731707317,592,1221,eval_at,0.3428883993625641,300,2,56.0
0.5133967156439067,48.41241685144124,594,1213,eval_at,0.36340427190065366,300,2,56.5
0.5125324114088159,48.09312638580931,593,1205,eval_at,0.38490047514438575,300,2,57.0
0.5159896283491789,48.49223946784923,597,1215,eval_at,0.40907418429851533,300,2,57.5
0.5168539325842697,48.33259423503326,598,1211,eval_at,0.43127720057964325,300,2,58.0
0.5203111495246326,48.57206208425721,602,1217,eval_at,0.4528695000708102,300,2,58.5
0.5203111495246326,48.6119733924612,602,1218,eval_at,0.4763373580574989,300,2,59.0
0.5254969749351772,48.6119733924612,608,1218,eval_at,0.5003324887156484,300,2,59.5
0.5254969749351772,47.89356984478936,608,1200,eval_at,0.5214339256286619,300,2,60.0
0.5254969749351772,47.85365853658537,608,1199,eval_at,0.5438794228434563,300,2,60.5
0.5246326707000865,47.65410199556541,607,1194,eval_at,0.5698356872797012,300,2,61.0
0.5289541918755402,47.45454545454546,612,1189,eval_at,0.5925228649377822,300,2,61.5
0.5289541918755402,46.85587583148559,612,1174,eval_at,0.6180750906467438,300,2,62.0
0.5298184961106309,46.3769401330377,613,1162,eval_at,0.6428229212760925,300,2,62.5
0.5289541918755402,46.17738359201774,612,1157,eval_at,0.6658725178241729,300,2,63.0
0.526361279170268,45.49889135254989,609,1140,eval_at,0.6908442473411566,300,2,63.5
0.5280898876404494,45.13968957871397,611,1131,eval_at,0.7200396966934204,300,2,64.0
0.5280898876404494,44.46119733924613,611,1114,eval_at,0.7486900249123571,300,2,64.5
0.5289541918755402,44.22172949002218,612,1108,eval_at,0.7779317945241929,300,2,65.0
0.5289541918755402,43.70288248337029,612,1095,eval_at,0.8095230060815816,300,2,65.5
0.5289541918755402,43.024390243902445,612,1078,eval_at,0.8360519361495972,300,2,66.0
0.5272255834053586,42.54545454545455,610,1066,eval_at,0.8671193435788156,300,2,66.5
0.5272255834053586,41.507760532150776,610,1040,eval_at,0.8998545354604721,300,2,67.0
0.5237683664649957,41.18847006651885,606,1032,eval_at,0.930833259224892,300,2,67.5
0.5229040622299049,40.15077605321508,605,1006,eval_at,0.962170915603638,300,2,68.0
0.5211754537597234,39.79157427937916,603,997,eval_at,0.9900443473458291,300,2,68.5
0.5229040622299049,39.312638580931264,605,985,eval_at,1.0204531896114344,300,2,69.0
0.5211754537597234,38.75388026607539,603,971,eval_at,1.0527816551923748,300,2,69.5
0.5194468452895419,38.23503325942351,601,958,eval_at,1.0880411744117737,300,2,70.0
0.5237683664649957,37.75609756097561,606,946,eval_at,1.1254964160919179,300,2,70.5
0.5246326707000865,37.43680709534368,607,938,eval_at,1.1620668303966506,300,2,71.0
0.526361279170268,37.19733924611974,609,932,eval_at,1.1998574894666671,300,2,71.5
0.526361279170268,36.99778270509978,609,927,eval_at,1.2356022644042968,300,2,72.0
0.5272255834053586,36.63858093126386,610,918,eval_at,1.274840542674064,300,2,72.5
0.5272255834053586,36.0,610,902,eval_at,1.3122132074832902,300,2,73.0
0.5298184961106309,35.68070953436808,613,894,eval_at,1.350748801231384,300,2,73.5
0.5324114088159032,35.48115299334812,616,889,eval_at,1.3920185375213627,300,2,74.0
0.5341400172860847,35.00221729490023,618,877,eval_at,1.4364719945192332,300,2,74.5
0.5324114088159032,34.36363636363637,616,861,eval_at,1.478000670671463,300,2,75.0
0.533275713050994,33.565410199556545,617,841,eval_at,1.5241692227125168,300,2,75.5
0.5324114088159032,32.926829268292686,616,825,eval_at,1.5681453180313099,300,2,76.0
0.5289541918755402,32.288248337028826,612,809,eval_at,1.6129738879203799,300,2,76.5
0.5298184961106309,31.72949002217295,613,795,eval_at,1.6581529259681709,300,2,77.0
0.5272255834053586,31.130820399113084,610,780,eval_at,1.710694971680641,300,2,77.5
0.5289541918755402,30.292682926829272,612,759,eval_at,1.754411842823029,300,2,78.0
0.5280898876404494,29.454545454545457,611,738,eval_at,1.8091776448488235,300,2,78.5
0.5280898876404494,28.93569844789357,611,725,eval_at,1.8608195674419392,300,2,79.0
0.5220397579948142,27.937915742793795,604,700,eval_at,1.9144921308755878,300,2,79.5
0.5194468452895419,27.4589800443459,601,688,eval_at,1.9720880031585701,300,2,80.0
0.5108038029386344,26.42128603104213,591,662,eval_at,2.036028091907501,300,2,80.5
0.5125324114088159,25.902439024390247,593,649,eval_at,2.0981401276588443,300,2,81.0
0.5099394987035436,25.303769401330378,590,634,eval_at,2.1690724074840544,300,2,81.5
0.5064822817631807,24.505543237250556,586,614,eval_at,2.233676118850708,300,2,82.0
0.5047536732929991,23.388026607538805,584,586,eval_at,2.3128511846065516,300,2,82.5
0.4969749351771824,22.54988913525499,575,565,eval_at,2.390460982322693,300,2,83.0
0.4978392394122731,21.711751662971178,576,544,eval_at,2.4675341987609865,300,2,83.5
0.4943820224719101,20.394678492239468,572,511,eval_at,2.558294887542721,300,2,84.0
0.49178910976663787,19.516629711751666,569,489,eval_at,2.646102151870727,300,2,84.5
0.48833189282627487,18.558758314855876,565,465,eval_at,2.744605624675751,300,2,85.0
0.4891961970613656,17.64079822616408,566,442,eval_at,2.8545534276962243,300,2,85.5
0.4857389801210026,17.002217294900223,562,426,eval_at,2.9680696725845337,300,2,86.0
0.47968885047536736,16.403547671840357,555,411,eval_at,3.0839761078357704,300,2,86.5
0.4693171996542783,15.48558758314856,543,388,eval_at,3.2062363982200592,300,2,87.0
0.46326707000864303,14.368070953436808,536,360,eval_at,3.3514984846115112,300,2,87.5
0.4589455488331893,13.72949002217295,531,344,eval_at,3.4994266605377207,300,2,88.0
0.4511668107173725,12.611973392461199,522,316,eval_at,3.671105006933211,300,2,88.5
0.442523768366465,11.773835920177385,512,295,eval_at,3.846148676872254,300,2,89.0
0.4338807260155575,10.815964523281597,502,271,eval_at,4.045911867618563,300,2,89.5
0.4243733794295592,9.977827050997783,491,250,eval_at,4.27694110870361,300,2,90.0
0.4131374243733794,9.53880266075388,478,239,eval_at,4.493431589603426,300,2,90.5
0.40017286084701814,8.940133037694014,463,224,eval_at,4.732019300460828,300,2,91.0
0.3837510803802939,8.301552106430156,444,208,eval_at,5.003803448677062,300,2,91.5
0.36732929991356955,7.662971175166298,425,192,eval_at,5.2991834640502935,300,2,92.0
0.35522904062229904,7.144124168514413,411,179,eval_at,5.614025497436536,300,2,92.5
0.34485738980121,6.1862527716186255,399,155,eval_at,6.007221002578735,300,2,93.0
0.3258426966292135,5.547671840354767,377,139,eval_at,6.456843729019177,300,2,93.5
0.3025064822817632,4.909090909090909,350,123,eval_at,6.948189067840573,300,2,94.0
0.28867761452031115,4.669623059866963,334,117,eval_at,7.570198514461519,300,2,94.5
0.26793431287813313,4.270509977827051,310,107,eval_at,8.194320058822628,300,2,95.0
0.24891961970613655,3.592017738359202,288,90,eval_at,8.871366639137266,300,2,95.5
0.22817631806395852,2.993348115299335,264,75,eval_at,9.77098510742188,300,2,96.0
0.20570440795159897,2.47450110864745,238,62,eval_at,10.73918147563934,300,2,96.5
0.18063958513396716,1.8359201773835923,209,46,eval_at,11.91715764045715,300,2,97.0
0.1512532411408816,1.3569844789356986,175,34,eval_at,13.592764592170733,300,2,97.5
0.12532411408815902,1.1175166297117518,145,28,eval_at,15.714802246093749,300,2,98.0
0.09507346585998272,0.9179600886917961,110,23,eval_at,18.91567532539367,300,2,98.5
0.06309420916162489,0.47893569844789363,73,12,eval_at,23.890684928894125,300,2,99.0
0.03543647363872083,0.27937915742793795,41,7,eval_at,31.48775099754302,300,2,99.5
0.47536732929991354,46.77605321507761,550,1172,eval_at,0.0905570387840271,300,3,50.0
0.47968885047536736,46.69623059866963,555,1170,eval_at,0.11159910321235653,300,3,50.5
0.4822817631806396,46.85587583148559,558,1174,eval_at,0.1315020486712458,300,3,51.0
0.48055315471045806,47.2549889135255,556,1184,eval_at,0.15324928842484953,300,3,51.5
0.48314606741573035,47.2549889135255,559,1184,eval_at,0.17428344130516052,300,3,52.0
0.4848746758859118,47.21507760532151,561,1183,eval_at,0.19379653036594394,300,3,52.5
0.49006050129645634,47.17516629711752,567,1182,eval_at,0.2134293477237228,300,3,53.0
0.4891961970613656,47.33481152993348,566,1186,eval_at,0.2347267757356167,300,3,53.5
0.49265341400172863,47.33481152993348,570,1186,eval_at,0.2545126837491999,300,3,54.0
0.4943820224719101,47.45454545454546,572,1189,eval_at,0.276041117310524,300,3,54.5
0.49524632670700086,47.33481152993348,573,1186,eval_at,0.29801722615957266,300,3,55.0
0.4969749351771824,46.97560975609756,575,1177,eval_at,0.31986346721649206,300,3,55.5
0.4978392394122731,46.49667405764967,576,1165,eval_at,0.3426174139976503,300,3,56.0
0.4978392394122731,46.25720620842572,576,1159,eval_at,0.3661537751555441,300,3,56.5
0.5021607605877269,45.8980044345898,581,1150,eval_at,0.38904207348823505,300,3,57.0
0.49870354364736386,45.69844789356985,577,1145,eval_at,0.410733101516962,300,3,57.5
0.4969749351771824,46.05764966740577,575,1154,eval_at,0.43708479464054056,300,3,58.0
0.4978392394122731,46.45676274944568,576,1164,eval_at,0.4599822141230105,300,3,58.5
0.4978392394122731,45.97782705099779,576,1152,eval_at,0.48385361969470975,300,3,59.0
0.5012964563526361,45.57871396895788,580,1142,eval_at,0.5044741606712341,300,3,59.5
0.4995678478824546,45.13968957871397,578,1131,eval_at,0.5287508487701414,300,3,60.0
0.4995678478824546,44.70066518847007,578,1120,eval_at,0.5537832143902779,300,3,60.5
0.49870354364736386,43.90243902439025,577,1100,eval_at,0.5799634343385695,300,3,61.0
0.5038893690579084,43.383592017738366,583,1087,eval_at,0.6025886341929435,300,3,61.5
0.5064822817631807,43.54323725055433,586,1091,eval_at,0.6300395703315735,300,3,62.0
0.5082108902333622,43.30376940133038,588,1085,eval_at,0.6556243374943733,300,3,62.5
0.5108038029386344,43.2239467849224,591,1083,eval_at,0.6838861173391342,300,3,63.0
0.5133967156439067,43.26385809312639,594,1084,eval_at,0.7123964884877207,300,3,63.5
0.5159896283491789,42.665188470066525,597,1069,eval_at,0.7414161372184755,300,3,64.0
0.5151253241140882,42.58536585365854,596,1067,eval_at,0.765659627020359,300,3,64.5
0.5168539325842697,42.266075388026614,598,1059,eval_at,0.7929336577653886,300,3,65.0
0.5151253241140882,41.866962305986696,596,1049,eval_at,0.821265822052956,300,3,65.5
0.5151253241140882,41.028824833702885,596,1028,eval_at,0.8488699042797089,300,3,66.0
0.5203111495246326,40.789356984478935,602,1022,eval_at,0.8797744846344002,300,3,66.5
0.5168539325842697,40.350332594235034,598,1011,eval_at,0.9134110903739929,300,3,67.0
0.5151253241140882,39.71175166297118,596,995,eval_at,0.9431042209267616,300,3,67.5
0.5151253241140882,39.19290465631929,596,982,eval_at,0.9786204195022589,300,3,68.0
0.5151253241140882,38.91352549889135,596,975,eval_at,1.014354671239853,300,3,68.5
0.5159896283491789,38.67405764966741,597,969,eval_at,1.0462751162052149,300,3,69.0
0.5211754537597234,38.23503325942351,603,958,eval_at,1.079018699526786,300,3,69.5
0.5229040622299049,37.63636363636364,605,943,eval_at,1.1163389921188354,300,3,70.0
0.5229040622299049,37.47671840354767,605,939,eval_at,1.1519101333618162,300,3,70.5
0.5237683664649957,37.07760532150776,606,929,eval_at,1.1911249434947968,300,3,71.0
0.5237683664649957,36.27937915742794,606,909,eval_at,1.2248819947242737,300,3,71.5
0.5229040622299049,35.60088691796009,605,892,eval_at,1.264404544830322,300,3,72.0
0.5237683664649957,35.00221729490023,606,877,eval_at,1.3054728478193278,300,3,72.5
0.5203111495246326,34.56319290465632,602,866,eval_at,1.3503819990158081,300,3,73.0
0.5220397579948142,34.2039911308204,604,857,eval_at,1.3945266377925871,300,3,73.5
0.5203111495246326,33.565410199556545,602,841,eval_at,1.4385376381874087,300,3,74.0
0.5194468452895419,32.807095343680714,601,822,eval_at,1.4849043363332748,300,3,74.5
0.5203111495246326,32.208425720620845,602,807,eval_at,1.5330153405666351,300,3,75.0
0.5133967156439067,31.68957871396896,594,794,eval_at,1.582322247624398,300,3,75.5
0.5151253241140882,31.011086474501113,596,777,eval_at,1.6288424110412594,300,3,76.0
0.5142610198789974,30.771618625277164,595,771,eval_at,1.6807129263877871,300,3,76.5
0.5142610198789974,29.93348115299335,595,750,eval_at,1.7327296137809753,300,3,77.0
0.5142610198789974,29.334811529933482,595,735,eval_at,1.7862101018428802,300,3,77.5
0.5116681071737251,28.8159645232816,592,722,eval_at,1.8422126364707947,300,3,78.0
0.5116681071737251,28.337028824833705,592,710,eval_at,1.8978484416008006,300,3,78.5
0.5133967156439067,27.49889135254989,594,689,eval_at,1.9571544790267936,300,3,79.0
0.5142610198789974,27.179600886917964,595,681,eval_at,2.0196109688282013,300,3,79.5
0.5151253241140882,26.42128603104213,596,662,eval_at,2.083048534393311,300,3,80.0
0.5142610198789974,25.463414634146343,595,638,eval_at,2.153895598649979,300,3,80.5
0.5099394987035436,24.784922394678492,590,621,eval_at,2.222281670570374,300,3,81.0
0.5082108902333622,23.98669623059867,588,601,eval_at,2.29446653842926,300,3,81.5
0.5082108902333622,22.988913525498894,588,576,eval_at,2.372791314125061,300,3,82.0
0.5047536732929991,22.509977827051,584,564,eval_at,2.4445276558399196,300,3,82.5
0.5030250648228176,21.951219512195124,582,550,eval_at,2.5154250621795637,300,3,83.0
0.4961106309420916,21.392461197339248,574,536,eval_at,2.6014538729190826,300,3,83.5
0.49006050129645634,20.634146341463417,567,517,eval_at,2.6891139411926264,300,3,84.0
0.4857389801210026,19.636363636363637,562,492,eval_at,2.785789247751236,300,3,84.5
0.4840103716508211,18.99778270509978,560,476,eval_at,2.899475896358491,300,3,85.0
0.47709593777009507,18.039911308203994,552,452,eval_at,2.9990465331077565,300,3,85.5
0.46845289541918755,17.28159645232816,542,433,eval_at,3.1081802654266357,300,3,86.0
0.4641313742437338,16.682926829268293,537,418,eval_at,3.229107458591461,300,3,86.5
0.45980985306828004,15.685144124168515,532,393,eval_at,3.3525904297828655,300,3,87.0
0.449438202247191,14.966740576496676,520,375,eval_at,3.4847493767738342,300,3,87.5
0.439066551426102,14.208425720620843,508,356,eval_at,3.617882242202761,300,3,88.0
0.4338807260155575,13.33037694013304,502,334,eval_at,3.773579022884367,300,3,88.5
0.4278305963699222,12.252771618625278,495,307,eval_at,3.9574157691001894,300,3,89.0
0.4140017286084702,11.534368070953438,479,289,eval_at,4.157175216674806,300,3,89.5
0.4079515989628349,10.815964523281597,472,271,eval_at,4.348701667785644,300,3,90.0
0.38807260155574763,10.057649667405766,449,252,eval_at,4.562176246643068,300,3,90.5
0.3811581676750216,9.219512195121952,441,231,eval_at,4.841774072647114,300,3,91.0
0.37251512532411407,8.541019955654102,431,214,eval_at,5.077155275344849,300,3,91.5
0.3560933448573898,8.062084257206209,412,202,eval_at,5.361998062133791,300,3,92.0
0.3500432152117545,7.503325942350333,405,188,eval_at,5.708989882469186,300,3,92.5
0.334485738980121,7.1042128603104215,387,178,eval_at,6.090486311912536,300,3,93.0
0.32152117545375974,6.545454545454546,372,164,eval_at,6.555777773857121,300,3,93.5
0.3025064822817632,6.026607538802661,350,151,eval_at,6.996660852432249,300,3,94.0
0.2904062229904927,5.507760532150776,336,138,eval_at,7.557096533775329,300,3,94.5
0.2644770959377701,4.58980044345898,306,115,eval_at,8.116555976867648,300,3,95.0
0.25064822817631804,3.911308203991131,290,98,eval_at,8.75110130310058,300,3,95.5
0.226447709593777,3.592017738359202,262,90,eval_at,9.446999206542973,300,3,96.0
0.20743301642178047,3.1529933481152996,240,79,eval_at,10.352786774635312,300,3,96.5
0.18668971477960242,2.5144124168514415,216,63,eval_at,11.29641289710998,300,3,97.0
0.16594641313742436,1.9157427937915745,192,48,eval_at,12.52138555049897,300,3,97.5
0.1331028522039758,1.6363636363636365,154,41,eval_at,13.919501094818113,300,3,98.0
0.10112359550561797,1.3170731707317074,117,33,eval_at,15.805545196533195,300,3,98.5
0.06914433880726016,1.0776053215077606,80,27,eval_at,18.329772262573247,300,3,99.0
0.032843560933448576,0.598669623059867,38,15,eval_at,22.997309265136543,300,3,99.5
0.4788245462402766,44.06208425720621,554,1104,eval_at,0.09070108458399773,300,4,50.0
0.48314606741573035,44.02217294900222,559,1103,eval_at,0.11185631770640599,300,4,50.5
0.4874675885911841,43.6629711751663,564,1094,eval_at,0.13490412622690232,300,4,51.0
0.48833189282627487,43.70288248337029,565,1095,eval_at,0.15543857581913473,300,4,51.5
0.4909248055315471,43.70288248337029,568,1095,eval_at,0.1791640466451645,300,4,52.0
0.49524632670700086,43.86252771618626,573,1099,eval_at,0.20288982652127827,300,4,52.5
0.4961106309420916,44.06208425720621,574,1104,eval_at,0.2246817693114282,300,4,53.0
0.4961106309420916,44.02217294900222,574,1103,eval_at,0.24799447275698186,300,4,53.5
0.49524632670700086,43.94235033259424,573,1101,eval_at,0.27490880668163337,300,4,54.0
0.49524632670700086,43.90243902439025,573,1100,eval_at,0.29909053593873997,300,4,54.5
0.4969749351771824,43.70288248337029,575,1095,eval_at,0.32397312819957735,300,4,55.0
0.4943820224719101,43.54323725055433,572,1091,eval_at,0.34621008455753377,300,4,55.5
0.49524632670700086,43.30376940133038,573,1085,eval_at,0.3698334991931916,300,4,56.0
0.4978392394122731,42.94456762749446,576,1076,eval_at,0.3902386297285554,300,4,56.5
0.4995678478824546,42.745011086474506,578,1071,eval_at,0.4144029578566547,300,4,57.0
0.5004321521175453,42.465631929046566,579,1064,eval_at,0.4393639862537384,300,4,57.5
0.5004321521175453,42.22616407982262,579,1058,eval_at,0.4634969776868819,300,4,58.0
0.4995678478824546,42.266075388026614,578,1059,eval_at,0.4916757096350192,300,4,58.5
0.5012964563526361,42.146341463414636,580,1056,eval_at,0.5190671038627624,300,4,59.0
0.5030250648228176,41.986696230598675,582,1052,eval_at,0.5421623092889785,300,4,59.5
0.5090751944684528,41.547671840354774,589,1041,eval_at,0.5702255249023436,300,4,60.0
0.5116681071737251,41.946784922394684,592,1051,eval_at,0.5948706993460655,300,4,60.5
0.5125324114088159,41.787139689578716,593,1047,eval_at,0.6227257651090621,300,4,61.0
0.5116681071737251,41.787139689578716,592,1047,eval_at,0.6518554186820984,300,4,61.5
0.5151253241140882,41.427937915742795,596,1038,eval_at,0.6797179019451143,300,4,62.0
0.5151253241140882,41.148558758314856,596,1031,eval_at,0.7046374455094337,300,4,62.5
0.5185825410544511,40.988913525498894,600,1027,eval_at,0.7338387084007262,300,4,63.0
0.5203111495246326,40.86917960088692,602,1024,eval_at,0.7627439519762994,300,4,63.5
0.5220397579948142,40.47006651884701,604,1014,eval_at,0.7954618787765503,300,4,64.0
0.5229040622299049,40.031042128603104,605,1003,eval_at,0.821599082648754,300,4,64.5
0.5229040622299049,39.43237250554324,605,988,eval_at,0.8489040791988373,300,4,65.0
0.526361279170268,38.99334811529934,609,977,eval_at,0.8807229116559029,300,4,65.5
0.526361279170268,38.39467849223947,609,962,eval_at,0.9091644251346589,300,4,66.0
0.5280898876404494,38.19512195121951,611,957,eval_at,0.9403921714425088,300,4,66.5
0.5306828003457217,37.83592017738359,614,948,eval_at,0.9741855436563495,300,4,67.0
0.5306828003457217,37.59645232815965,614,942,eval_at,1.0113225549459457,300,4,67.5
0.5315471045808124,37.07760532150776,615,929,eval_at,1.0432056617736816,300,4,68.0
0.533275713050994,37.03769401330377,617,928,eval_at,1.0799996083974839,300,4,68.5
0.5358686257562663,36.9179600886918,620,925,eval_at,1.120192790031433,300,4,69.0
0.5350043215211755,36.71840354767184,619,920,eval_at,1.1567476904392235,300,4,69.5
0.5384615384615384,36.59866962305987,623,917,eval_at,1.1953526258468627,300,4,70.0
0.5350043215211755,35.80044345898005,619,897,eval_at,1.226765955686569,300,4,70.5
0.5324114088159032,35.32150776053216,616,885,eval_at,1.267888638973235,300,4,71.0
0.533275713050994,34.603104212860316,617,867,eval_at,1.3079607909917832,300,4,71.5
0.533275713050994,34.283813747228386,617,859,eval_at,1.3497823047637938,300,4,72.0
0.5315471045808124,33.844789356984485,615,848,eval_at,1.3846358329057689,300,4,72.5
0.5298184961106309,32.926829268292686,613,825,eval_at,1.42872967839241,300,4,73.0
0.5298184961106309,32.487804878048784,613,814,eval_at,1.4711756998300551,300,4,73.5
0.5289541918755402,32.208425720620845,612,807,eval_at,1.5148538064956667,300,4,74.0
0.5298184961106309,32.088691796008874,613,804,eval_at,1.5619843780994416,300,4,74.5
0.5280898876404494,31.769401330376944,611,796,eval_at,1.611442506313324,300,4,75.0
0.5289541918755402,31.210643015521068,612,782,eval_at,1.6569877815246585,300,4,75.5
0.5289541918755402,30.292682926829272,612,759,eval_at,1.7064904880523677,300,4,76.0
0.5280898876404494,29.294900221729492,611,734,eval_at,1.7548729187250143,300,4,76.5
0.5229040622299049,28.656319290465635,605,718,eval_at,1.804961253404621,300,4,77.0
0.5203111495246326,28.17738359201774,602,706,eval_at,1.862730655074119,300,4,77.5
0.5168539325842697,27.73835920177384,598,695,eval_at,1.9205741548538209,300,4,78.0
0.5159896283491789,27.49889135254989,597,689,eval_at,1.9756504100561145,300,4,78.5
0.5177182368193605,26.78048780487805,599,671,eval_at,2.0355433726310728,300,4,79.0
0.5125324114088159,26.181818181818183,593,656,eval_at,2.0972426629066483,300,4,79.5
0.5108038029386344,25.463414634146343,591,638,eval_at,2.1603647232055674,300,4,80.0
0.5082108902333622,24.545454545454547,588,615,eval_at,2.220597516298294,300,4,80.5
0.5056179775280899,23.54767184035477,585,590,eval_at,2.301104953289033,300,4,81.0
0.5030250648228176,23.108647450110865,582,579,eval_at,2.3787648558616636,300,4,81.5
0.5012964563526361,22.58980044345898,580,566,eval_at,2.4548513793945315,300,4,82.0
0.4961106309420916,21.671840354767184,574,543,eval_at,2.5368871152400962,300,4,82.5
0.4909248055315471,21.232815964523283,568,532,eval_at,2.625216228961944,300,4,83.0
0.47968885047536736,20.394678492239468,555,511,eval_at,2.701653423309326,300,4,83.5
0.4788245462402766,19.596452328159646,554,491,eval_at,2.7886825275421137,300,4,84.0
0.4762316335350043,18.478935698447895,551,463,eval_at,2.8817452728748294,300,4,84.5
0.4710458081244598,17.92017738359202,545,449,eval_at,2.988263607025147,300,4,85.0
0.4658599827139153,16.922394678492243,539,424,eval_at,3.099223530292509,300,4,85.5
0.46326707000864303,16.164079822616408,536,405,eval_at,3.211674699783325,300,4,86.0
0.4589455488331893,15.764966740576497,531,395,eval_at,3.3393429183959964,300,4,86.5
0.452895419187554,14.687361419068738,524,368,eval_at,3.4612095284461972,300,4,87.0
0.44338807260155577,14.248337028824835,513,357,eval_at,3.6094406843185425,300,4,87.5
0.4373379429559205,13.490022172949002,506,338,eval_at,3.751235008239749,300,4,88.0
0.4312878133102852,12.811529933481154,499,321,eval_at,3.8997858130931835,300,4,88.5
0.4243733794295592,11.97339246119734,491,300,eval_at,4.090465145111084,300,4,89.0
0.41140881590319794,11.135254988913527,476,279,eval_at,4.291612033844,300,4,89.5
0.4062229904926534,10.536585365853659,470,264,eval_at,4.499682235717773,300,4,90.0
0.40190146931719967,10.017738359201775,465,251,eval_at,4.750662298202517,300,4,90.5
0.3915298184961106,9.379157427937917,453,235,eval_at,4.9786424207687405,300,4,91.0
0.3811581676750216,8.461197339246121,441,212,eval_at,5.224008209705353,300,4,91.5
0.3681936041486603,7.8625277161862535,426,197,eval_at,5.556826763153078,300,4,92.0
0.34831460674157305,7.343680709534369,403,184,eval_at,5.9293109178543135,300,4,92.5
0.33016421780466726,6.864745011086475,382,172,eval_at,6.343843560218811,300,4,93.0
0.3076923076923077,6.305986696230599,356,158,eval_at,6.775028605461121,300,4,93.5
0.2895419187554019,5.827050997782705,335,146,eval_at,7.328010959625242,300,4,94.0
0.26707000864304237,5.507760532150776,309,138,eval_at,7.8433704090118415,300,4,94.5
0.2566983578219533,5.068736141906874,297,127,eval_at,8.465789604186984,300,4,95.0
0.2411408815903198,4.390243902439025,279,110,eval_at,9.251533160209643,300,4,95.5
0.21780466724286948,3.831485587583149,252,96,eval_at,10.017056198120118,300,4,96.0
0.19878997407087295,2.993348115299335,230,75,eval_at,10.973794836997952,300,4,96.5
0.17113223854796888,2.5144124168514415,198,63,eval_at,12.123582906722993,300,4,97.0
0.14606741573033707,1.9955654101995568,169,50,eval_at,13.839680409431462,300,4,97.5
0.12100259291270528,1.5565410199556542,140,39,eval_at,15.949102916717502,300,4,98.0
0.09248055315471046,0.9578713968957873,107,24,eval_at,18.716646699905386,300,4,98.5
0.06568712186689715,0.5188470066518848,76,13,eval_at,23.01892923355103,300,4,99.0
0.03889369057908384,0.15964523281596454,45,4,eval_at,31.060369138717437,300,4,99.5
0.5099394987035436,48.09312638580931,590,1205,eval_at,0.10904895886778831,1000,0,50.0
0.5125324114088159,47.6940133037694,593,1195,eval_at,0.1301919303089378,1000,0,50.5
0.5125324114088159,48.05321507760532,593,1204,eval_at,0.15375760108232508,1000,0,51.0
0.5151253241140882,47.89356984478936,596,1200,eval_at,0.17413908205926418,1000,0,51.5
0.5142610198789974,48.29268292682927,595,1210,eval_at,0.1974159896373749,1000,0,52.0
0.5142610198789974,48.53215077605322,595,1216,eval_at,0.21588158383965503,1000,0,52.5
0.5185825410544511,48.1729490022173,600,1207,eval_at,0.23861214056611066,1000,0,53.0
0.5203111495246326,47.97339246119734,602,1202,eval_at,0.26185544788837434,1000,0,53.5
0.5229040622299049,48.01330376940133,605,1203,eval_at,0.2824584150314332,1000,0,54.0
0.5272255834053586,47.77383592017739,610,1197,eval_at,0.3039244891703129,1000,0,54.5
0.5298184961106309,48.09312638580931,613,1205,eval_at,0.3262671649456025,1000,0,55.0
0.5315471045808124,47.89356984478936,615,1200,eval_at,0.3467662724852562,1000,0,55.5
0.533275713050994,47.85365853658537,617,1199,eval_at,0.3696902775764466,1000,0,56.0
0.5341400172860847,47.49445676274945,618,1190,eval_at,0.39403564170002897,1000,0,56.5
0.5367329299913569,47.61419068736142,621,1193,eval_at,0.4158895432949063,1000,0,57.0
0.5341400172860847,47.29490022172949,618,1185,eval_at,0.4408461287617683,1000,0,57.5
0.5384615384615384,47.09534368070954,623,1180,eval_at,0.4636224222183222,1000,0,58.0
0.5384615384615384,46.3769401330377,623,1162,eval_at,0.4862138393521306,1000,0,58.5
0.5419187554019015,46.41685144124169,627,1163,eval_at,0.5100289094448089,1000,0,59.0
0.543647363872083,46.41685144124169,629,1163,eval_at,0.53369487285614,1000,0,59.5
0.5445116681071738,46.17738359201774,630,1157,eval_at,0.5609069585800168,1000,0,60.0
0.5427830596369922,45.97782705099779,628,1152,eval_at,0.5843599221110344,1000,0,60.5
0.547104580812446,45.49889135254989,633,1140,eval_at,0.6091355311870574,1000,0,61.0
0.5479688850475367,45.019955654102,634,1128,eval_at,0.6337484446167945,1000,0,61.5
0.5479688850475367,45.019955654102,634,1128,eval_at,0.6624158799648286,1000,0,62.0
0.5479688850475367,44.94013303769402,634,1126,eval_at,0.6881835907697678,1000,0,62.5
0.5479688850475367,44.66075388026608,634,1119,eval_at,0.7135676008462906,1000,0,63.0
0.5488331892826275,44.101995565410206,635,1105,eval_at,0.7418914434313776,1000,0,63.5
0.547104580812446,43.463414634146346,633,1089,eval_at,0.7703533840179444,1000,0,64.0
0.5453759723422644,43.2239467849224,631,1083,eval_at,0.8025784644484519,1000,0,64.5
0.547104580812446,42.94456762749446,633,1076,eval_at,0.8315627306699753,1000,0,65.0
0.5488331892826275,42.186252771618626,635,1057,eval_at,0.8658838188648225,1000,0,65.5
0.5496974935177182,41.587583148558764,636,1042,eval_at,0.8965475130081176,1000,0,66.0
0.5488331892826275,41.028824833702885,635,1028,eval_at,0.9232272216677666,1000,0,66.5
0.5479688850475367,40.54988913525499,634,1016,eval_at,0.9576035112142568,1000,0,67.0
0.547104580812446,40.15077605321508,633,1006,eval_at,0.9907978430390358,1000,0,67.5
0.550561797752809,39.75166297117517,637,996,eval_at,1.0248948192596439,1000,0,68.0
0.5488331892826275,39.51219512195122,635,990,eval_at,1.0617841202020648,1000,0,68.5
0.5522904062229905,38.63414634146342,639,968,eval_at,1.0956259822845453,1000,0,69.0
0.5531547104580813,37.83592017738359,640,948,eval_at,1.1298832172155377,1000,0,69.5
0.5557476231633535,36.99778270509978,643,927,eval_at,1.1659016728401184,1000,0,70.0
0.5566119273984442,36.39911308203991,644,912,eval_at,1.2029517996311185,1000,0,70.5
0.5548833189282627,35.80044345898005,642,897,eval_at,1.2367551493644713,1000,0,71.0
0.5531547104580813,35.00221729490023,640,877,eval_at,1.2753512686491013,1000,0,71.5
0.5557476231633535,34.48337028824834,643,864,eval_at,1.313337516784667,1000,0,72.0
0.5557476231633535,33.645232815964526,643,843,eval_at,1.3550862908363333,1000,0,72.5
0.5566119273984442,33.166297117516635,644,831,eval_at,1.4004395008087156,1000,0,73.0
0.5557476231633535,32.72727272727273,643,820,eval_at,1.447225480079651,1000,0,73.5
0.5522904062229905,31.9689578713969,639,801,eval_at,1.4940763139724755,1000,0,74.0
0.550561797752809,31.050997782705103,637,778,eval_at,1.5394434517621989,1000,0,74.5
0.547104580812446,30.532150776053218,633,765,eval_at,1.5910484492778778,1000,0,75.0
0.547104580812446,30.133037694013307,633,755,eval_at,1.637551926970482,1000,0,75.5
0.5462402765773552,29.973392461197342,632,751,eval_at,1.6867225074768064,1000,0,76.0
0.543647363872083,29.813747228381377,629,747,eval_at,1.7353397941589357,1000,0,76.5
0.5384615384615384,29.2549889135255,623,733,eval_at,1.789190582036973,1000,0,77.0
0.533275713050994,28.45676274944568,617,713,eval_at,1.845455855131149,1000,0,77.5
0.533275713050994,27.658536585365855,617,693,eval_at,1.907536187171936,1000,0,78.0
0.5315471045808124,27.05986696230599,615,678,eval_at,1.968847541213037,1000,0,78.5
0.5289541918755402,26.34146341463415,612,660,eval_at,2.030156440734863,1000,0,79.0
0.5254969749351772,25.543237250554327,608,640,eval_at,2.1054047334194186,1000,0,79.5
0.5246326707000865,24.904656319290467,607,624,eval_at,2.1719389438629153,1000,0,80.0
0.5246326707000865,24.186252771618626,607,606,eval_at,2.2400103437900545,1000,0,80.5
0.5229040622299049,23.26829268292683,605,583,eval_at,2.3093816184997573,1000,0,81.0
0.5229040622299049,22.43015521064302,605,562,eval_at,2.389580998420715,1000,0,81.5
0.5168539325842697,21.552106430155213,598,540,eval_at,2.465525913238525,1000,0,82.0
0.5159896283491789,20.594235033259427,597,516,eval_at,2.550545418262481,1000,0,82.5
0.5125324114088159,19.556541019955656,593,490,eval_at,2.642178962230681,1000,0,83.0
0.5108038029386344,19.03769401330377,591,477,eval_at,2.743435935974121,1000,0,83.5
0.5116681071737251,17.800443458980045,592,446,eval_at,2.838485832214352,1000,0,84.0
0.5090751944684528,17.20177383592018,589,431,eval_at,2.9505861079692837,1000,0,84.5
0.5030250648228176,16.643015521064303,582,417,eval_at,3.0633385419845585,1000,0,85.0
0.5012964563526361,15.725055432372507,580,394,eval_at,3.188520919084548,1000,0,85.5
0.4969749351771824,14.807095343680711,575,371,eval_at,3.3199927473068236,1000,0,86.0
0.49265341400172863,14.368070953436808,570,360,eval_at,3.461715782880787,1000,0,86.5
0.4840103716508211,13.410199556541022,560,336,eval_at,3.611596016883839,1000,0,87.0
0.47450302506482284,12.651884700665189,549,317,eval_at,3.757173776626587,1000,0,87.5
0.4675885911840968,12.292682926829269,541,308,eval_at,3.9160948753356952,1000,0,88.0
0.4589455488331893,11.61419068736142,531,291,eval_at,4.093383531570432,1000,0,88.5
0.45375972342264476,11.374722838137473,525,285,eval_at,4.248846001625061,1000,0,89.0
0.44338807260155577,10.456762749445677,513,262,eval_at,4.422906408309941,1000,0,89.5
0.4364736387208297,10.017738359201775,505,251,eval_at,4.612645578384398,1000,0,90.0
0.42005185825410546,9.339246119733925,486,234,eval_at,4.830001890659335,1000,0,90.5
0.4010371650821089,8.620842572062084,464,216,eval_at,5.0861229276657305,1000,0,91.0
0.38547968885047534,8.101995565410201,446,203,eval_at,5.32815319776535,1000,0,91.5
0.3681936041486603,7.463414634146342,426,187,eval_at,5.616868019104008,1000,0,92.0
0.3526361279170268,6.705099778270511,408,168,eval_at,5.945296394824982,1000,0,92.5
0.331028522039758,6.146341463414634,383,154,eval_at,6.349316420555114,1000,0,93.0
0.31374243733794294,5.587583148558759,363,140,eval_at,6.733911137580873,1000,0,93.5
0.2990492653414002,4.988913525498892,346,125,eval_at,7.210405616760242,1000,0,94.0
0.28349178910976663,4.5099778270509985,328,113,eval_at,7.767701828479767,1000,0,94.5
0.27052722558340536,4.230598669623061,313,106,eval_at,8.446426439285242,1000,0,95.0
0.24546240276577355,3.5521064301552108,284,89,eval_at,9.173789854049673,1000,0,95.5
0.22212618841832324,3.272727272727273,257,82,eval_at,10.049182777404791,1000,0,96.0
0.20051858254105445,2.7139689578713972,232,68,eval_at,10.926393294334403,1000,0,96.5
0.1763180639585134,2.354767184035477,204,59,eval_at,12.192634134292597,1000,0,97.0
0.14866032843560933,2.155210643015521,172,54,eval_at,13.360099530220038,1000,0,97.5
0.12273120138288678,1.75609756097561,142,44,eval_at,14.429577312469451,1000,0,98.0
0.0881590319792567,1.237250554323725,102,31,eval_at,15.970506649017327,1000,0,98.5
0.06568712186689715,1.0776053215077606,76,27,eval_at,20.09672775268556,1000,0,99.0
0.03111495246326707,0.3192904656319291,36,8,eval_at,27.69619127273558,1000,0,99.5
0.5099394987035436,48.09312638580931,590,1205,eval_at,0.10904895886778831,1000,1,50.0
0.5125324114088159,47.6940133037694,593,1195,eval_at,0.1301919303089378,1000,1,50.5
0.5125324114088159,48.05321507760532,593,1204,eval_at,0.15375760108232508,1000,1,51.0
0.5151253241140882,47.89356984478936,596,1200,eval_at,0.17413908205926418,1000,1,51.5
0.5142610198789974,48.29268292682927,595,1210,eval_at,0.1974159896373749,1000,1,52.0
0.5142610198789974,48.53215077605322,595,1216,eval_at,0.21588158383965503,1000,1,52.5
0.5185825410544511,48.1729490022173,600,1207,eval_at,0.23861214056611066,1000,1,53.0
0.5203111495246326,47.97339246119734,602,1202,eval_at,0.26185544788837434,1000,1,53.5
0.5229040622299049,48.01330376940133,605,1203,eval_at,0.2824584150314332,1000,1,54.0
0.5272255834053586,47.77383592017739,610,1197,eval_at,0.3039244891703129,1000,1,54.5
0.5298184961106309,48.09312638580931,613,1205,eval_at,0.3262671649456025,1000,1,55.0
0.5315471045808124,47.89356984478936,615,1200,eval_at,0.3467662724852562,1000,1,55.5
0.533275713050994,47.85365853658537,617,1199,eval_at,0.3696902775764466,1000,1,56.0
0.5341400172860847,47.49445676274945,618,1190,eval_at,0.39403564170002897,1000,1,56.5
0.5367329299913569,47.61419068736142,621,1193,eval_at,0.4158895432949063,1000,1,57.0
0.5341400172860847,47.29490022172949,618,1185,eval_at,0.4408461287617683,1000,1,57.5
0.5384615384615384,47.09534368070954,623,1180,eval_at,0.4636224222183222,1000,1,58.0
0.5384615384615384,46.3769401330377,623,1162,eval_at,0.4862138393521306,1000,1,58.5
0.5419187554019015,46.41685144124169,627,1163,eval_at,0.5100289094448089,1000,1,59.0
0.543647363872083,46.41685144124169,629,1163,eval_at,0.53369487285614,1000,1,59.5
0.5445116681071738,46.17738359201774,630,1157,eval_at,0.5609069585800168,1000,1,60.0
0.5427830596369922,45.97782705099779,628,1152,eval_at,0.5843599221110344,1000,1,60.5
0.547104580812446,45.49889135254989,633,1140,eval_at,0.6091355311870574,1000,1,61.0
0.5479688850475367,45.019955654102,634,1128,eval_at,0.6337484446167945,1000,1,61.5
0.5479688850475367,45.019955654102,634,1128,eval_at,0.6624158799648286,1000,1,62.0
0.5479688850475367,44.94013303769402,634,1126,eval_at,0.6881835907697678,1000,1,62.5
0.5479688850475367,44.66075388026608,634,1119,eval_at,0.7135676008462906,1000,1,63.0
0.5488331892826275,44.101995565410206,635,1105,eval_at,0.7418914434313776,1000,1,63.5
0.547104580812446,43.463414634146346,633,1089,eval_at,0.7703533840179444,1000,1,64.0
0.5453759723422644,43.2239467849224,631,1083,eval_at,0.8025784644484519,1000,1,64.5
0.547104580812446,42.94456762749446,633,1076,eval_at,0.8315627306699753,1000,1,65.0
0.5488331892826275,42.186252771618626,635,1057,eval_at,0.8658838188648225,1000,1,65.5
0.5496974935177182,41.587583148558764,636,1042,eval_at,0.8965475130081176,1000,1,66.0
0.5488331892826275,41.028824833702885,635,1028,eval_at,0.9232272216677666,1000,1,66.5
0.5479688850475367,40.54988913525499,634,1016,eval_at,0.9576035112142568,1000,1,67.0
0.547104580812446,40.15077605321508,633,1006,eval_at,0.9907978430390358,1000,1,67.5
0.550561797752809,39.75166297117517,637,996,eval_at,1.0248948192596439,1000,1,68.0
0.5488331892826275,39.51219512195122,635,990,eval_at,1.0617841202020648,1000,1,68.5
0.5522904062229905,38.63414634146342,639,968,eval_at,1.0956259822845453,1000,1,69.0
0.5531547104580813,37.83592017738359,640,948,eval_at,1.1298832172155377,1000,1,69.5
0.5557476231633535,36.99778270509978,643,927,eval_at,1.1659016728401184,1000,1,70.0
0.5566119273984442,36.39911308203991,644,912,eval_at,1.2029517996311185,1000,1,70.5
0.5548833189282627,35.80044345898005,642,897,eval_at,1.2367551493644713,1000,1,71.0
0.5531547104580813,35.00221729490023,640,877,eval_at,1.2753512686491013,1000,1,71.5
0.5557476231633535,34.48337028824834,643,864,eval_at,1.313337516784667,1000,1,72.0
0.5557476231633535,33.645232815964526,643,843,eval_at,1.3550862908363333,1000,1,72.5
0.5566119273984442,33.166297117516635,644,831,eval_at,1.4004395008087156,1000,1,73.0
0.5557476231633535,32.72727272727273,643,820,eval_at,1.447225480079651,1000,1,73.5
0.5522904062229905,31.9689578713969,639,801,eval_at,1.4940763139724755,1000,1,74.0
0.550561797752809,31.050997782705103,637,778,eval_at,1.5394434517621989,1000,1,74.5
0.547104580812446,30.532150776053218,633,765,eval_at,1.5910484492778778,1000,1,75.0
0.547104580812446,30.133037694013307,633,755,eval_at,1.637551926970482,1000,1,75.5
0.5462402765773552,29.973392461197342,632,751,eval_at,1.6867225074768064,1000,1,76.0
0.543647363872083,29.813747228381377,629,747,eval_at,1.7353397941589357,1000,1,76.5
0.5384615384615384,29.2549889135255,623,733,eval_at,1.789190582036973,1000,1,77.0
0.533275713050994,28.45676274944568,617,713,eval_at,1.845455855131149,1000,1,77.5
0.533275713050994,27.658536585365855,617,693,eval_at,1.907536187171936,1000,1,78.0
0.5315471045808124,27.05986696230599,615,678,eval_at,1.968847541213037,1000,1,78.5
0.5289541918755402,26.34146341463415,612,660,eval_at,2.030156440734863,1000,1,79.0
0.5254969749351772,25.543237250554327,608,640,eval_at,2.1054047334194186,1000,1,79.5
0.5246326707000865,24.904656319290467,607,624,eval_at,2.1719389438629153,1000,1,80.0
0.5246326707000865,24.186252771618626,607,606,eval_at,2.2400103437900545,1000,1,80.5
0.5229040622299049,23.26829268292683,605,583,eval_at,2.3093816184997573,1000,1,81.0
0.5229040622299049,22.43015521064302,605,562,eval_at,2.389580998420715,1000,1,81.5
0.5168539325842697,21.552106430155213,598,540,eval_at,2.465525913238525,1000,1,82.0
0.5159896283491789,20.594235033259427,597,516,eval_at,2.550545418262481,1000,1,82.5
0.5125324114088159,19.556541019955656,593,490,eval_at,2.642178962230681,1000,1,83.0
0.5108038029386344,19.03769401330377,591,477,eval_at,2.743435935974121,1000,1,83.5
0.5116681071737251,17.800443458980045,592,446,eval_at,2.838485832214352,1000,1,84.0
0.5090751944684528,17.20177383592018,589,431,eval_at,2.9505861079692837,1000,1,84.5
0.5030250648228176,16.643015521064303,582,417,eval_at,3.0633385419845585,1000,1,85.0
0.5012964563526361,15.725055432372507,580,394,eval_at,3.188520919084548,1000,1,85.5
0.4969749351771824,14.807095343680711,575,371,eval_at,3.3199927473068236,1000,1,86.0
0.49265341400172863,14.368070953436808,570,360,eval_at,3.461715782880787,1000,1,86.5
0.4840103716508211,13.410199556541022,560,336,eval_at,3.611596016883839,1000,1,87.0
0.47450302506482284,12.651884700665189,549,317,eval_at,3.757173776626587,1000,1,87.5
0.4675885911840968,12.292682926829269,541,308,eval_at,3.9160948753356952,1000,1,88.0
0.4589455488331893,11.61419068736142,531,291,eval_at,4.093383531570432,1000,1,88.5
0.45375972342264476,11.374722838137473,525,285,eval_at,4.248846001625061,1000,1,89.0
0.44338807260155577,10.456762749445677,513,262,eval_at,4.422906408309941,1000,1,89.5
0.4364736387208297,10.017738359201775,505,251,eval_at,4.612645578384398,1000,1,90.0
0.42005185825410546,9.339246119733925,486,234,eval_at,4.830001890659335,1000,1,90.5
0.4010371650821089,8.620842572062084,464,216,eval_at,5.0861229276657305,1000,1,91.0
0.38547968885047534,8.101995565410201,446,203,eval_at,5.32815319776535,1000,1,91.5
0.3681936041486603,7.463414634146342,426,187,eval_at,5.616868019104008,1000,1,92.0
0.3526361279170268,6.705099778270511,408,168,eval_at,5.945296394824982,1000,1,92.5
0.331028522039758,6.146341463414634,383,154,eval_at,6.349316420555114,1000,1,93.0
0.31374243733794294,5.587583148558759,363,140,eval_at,6.733911137580873,1000,1,93.5
0.2990492653414002,4.988913525498892,346,125,eval_at,7.210405616760242,1000,1,94.0
0.28349178910976663,4.5099778270509985,328,113,eval_at,7.767701828479767,1000,1,94.5
0.27052722558340536,4.230598669623061,313,106,eval_at,8.446426439285242,1000,1,95.0
0.24546240276577355,3.5521064301552108,284,89,eval_at,9.173789854049673,1000,1,95.5
0.22212618841832324,3.272727272727273,257,82,eval_at,10.049182777404791,1000,1,96.0
0.20051858254105445,2.7139689578713972,232,68,eval_at,10.926393294334403,1000,1,96.5
0.1763180639585134,2.354767184035477,204,59,eval_at,12.192634134292597,1000,1,97.0
0.14866032843560933,2.155210643015521,172,54,eval_at,13.360099530220038,1000,1,97.5
0.12273120138288678,1.75609756097561,142,44,eval_at,14.429577312469451,1000,1,98.0
0.0881590319792567,1.237250554323725,102,31,eval_at,15.970506649017327,1000,1,98.5
0.06568712186689715,1.0776053215077606,76,27,eval_at,20.09672775268556,1000,1,99.0
0.03111495246326707,0.3192904656319291,36,8,eval_at,27.69619127273558,1000,1,99.5
0.5099394987035436,48.09312638580931,590,1205,eval_at,0.10904895886778831,1000,2,50.0
0.5125324114088159,47.6940133037694,593,1195,eval_at,0.1301919303089378,1000,2,50.5
0.5125324114088159,48.05321507760532,593,1204,eval_at,0.15375760108232508,1000,2,51.0
0.5151253241140882,47.89356984478936,596,1200,eval_at,0.17413908205926418,1000,2,51.5
0.5142610198789974,48.29268292682927,595,1210,eval_at,0.1974159896373749,1000,2,52.0
0.5142610198789974,48.53215077605322,595,1216,eval_at,0.21588158383965503,1000,2,52.5
0.5185825410544511,48.1729490022173,600,1207,eval_at,0.23861214056611066,1000,2,53.0
0.5203111495246326,47.97339246119734,602,1202,eval_at,0.26185544788837434,1000,2,53.5
0.5229040622299049,48.01330376940133,605,1203,eval_at,0.2824584150314332,1000,2,54.0
0.5272255834053586,47.77383592017739,610,1197,eval_at,0.3039244891703129,1000,2,54.5
0.5298184961106309,48.09312638580931,613,1205,eval_at,0.3262671649456025,1000,2,55.0
0.5315471045808124,47.89356984478936,615,1200,eval_at,0.3467662724852562,1000,2,55.5
0.533275713050994,47.85365853658537,617,1199,eval_at,0.3696902775764466,1000,2,56.0
0.5341400172860847,47.49445676274945,618,1190,eval_at,0.39403564170002897,1000,2,56.5
0.5367329299913569,47.61419068736142,621,1193,eval_at,0.4158895432949063,1000,2,57.0
0.5341400172860847,47.29490022172949,618,1185,eval_at,0.4408461287617683,1000,2,57.5
0.5384615384615384,47.09534368070954,623,1180,eval_at,0.4636224222183222,1000,2,58.0
0.5384615384615384,46.3769401330377,623,1162,eval_at,0.4862138393521306,1000,2,58.5
0.5419187554019015,46.41685144124169,627,1163,eval_at,0.5100289094448089,1000,2,59.0
0.543647363872083,46.41685144124169,629,1163,eval_at,0.53369487285614,1000,2,59.5
0.5445116681071738,46.17738359201774,630,1157,eval_at,0.5609069585800168,1000,2,60.0
0.5427830596369922,45.97782705099779,628,1152,eval_at,0.5843599221110344,1000,2,60.5
0.547104580812446,45.49889135254989,633,1140,eval_at,0.6091355311870574,1000,2,61.0
0.5479688850475367,45.019955654102,634,1128,eval_at,0.6337484446167945,1000,2,61.5
0.5479688850475367,45.019955654102,634,1128,eval_at,0.6624158799648286,1000,2,62.0
0.5479688850475367,44.94013303769402,634,1126,eval_at,0.6881835907697678,1000,2,62.5
0.5479688850475367,44.66075388026608,634,1119,eval_at,0.7135676008462906,1000,2,63.0
0.5488331892826275,44.101995565410206,635,1105,eval_at,0.7418914434313776,1000,2,63.5
0.547104580812446,43.463414634146346,633,1089,eval_at,0.7703533840179444,1000,2,64.0
0.5453759723422644,43.2239467849224,631,1083,eval_at,0.8025784644484519,1000,2,64.5
0.547104580812446,42.94456762749446,633,1076,eval_at,0.8315627306699753,1000,2,65.0
0.5488331892826275,42.186252771618626,635,1057,eval_at,0.8658838188648225,1000,2,65.5
0.5496974935177182,41.587583148558764,636,1042,eval_at,0.8965475130081176,1000,2,66.0
0.5488331892826275,41.028824833702885,635,1028,eval_at,0.9232272216677666,1000,2,66.5
0.5479688850475367,40.54988913525499,634,1016,eval_at,0.9576035112142568,1000,2,67.0
0.547104580812446,40.15077605321508,633,1006,eval_at,0.9907978430390358,1000,2,67.5
0.550561797752809,39.75166297117517,637,996,eval_at,1.0248948192596439,1000,2,68.0
0.5488331892826275,39.51219512195122,635,990,eval_at,1.0617841202020648,1000,2,68.5
0.5522904062229905,38.63414634146342,639,968,eval_at,1.0956259822845453,1000,2,69.0
0.5531547104580813,37.83592017738359,640,948,eval_at,1.1298832172155377,1000,2,69.5
0.5557476231633535,36.99778270509978,643,927,eval_at,1.1659016728401184,1000,2,70.0
0.5566119273984442,36.39911308203991,644,912,eval_at,1.2029517996311185,1000,2,70.5
0.5548833189282627,35.80044345898005,642,897,eval_at,1.2367551493644713,1000,2,71.0
0.5531547104580813,35.00221729490023,640,877,eval_at,1.2753512686491013,1000,2,71.5
0.5557476231633535,34.48337028824834,643,864,eval_at,1.313337516784667,1000,2,72.0
0.5557476231633535,33.645232815964526,643,843,eval_at,1.3550862908363333,1000,2,72.5
0.5566119273984442,33.166297117516635,644,831,eval_at,1.4004395008087156,1000,2,73.0
0.5557476231633535,32.72727272727273,643,820,eval_at,1.447225480079651,1000,2,73.5
0.5522904062229905,31.9689578713969,639,801,eval_at,1.4940763139724755,1000,2,74.0
0.550561797752809,31.050997782705103,637,778,eval_at,1.5394434517621989,1000,2,74.5
0.547104580812446,30.532150776053218,633,765,eval_at,1.5910484492778778,1000,2,75.0
0.547104580812446,30.133037694013307,633,755,eval_at,1.637551926970482,1000,2,75.5
0.5462402765773552,29.973392461197342,632,751,eval_at,1.6867225074768064,1000,2,76.0
0.543647363872083,29.813747228381377,629,747,eval_at,1.7353397941589357,1000,2,76.5
0.5384615384615384,29.2549889135255,623,733,eval_at,1.789190582036973,1000,2,77.0
0.533275713050994,28.45676274944568,617,713,eval_at,1.845455855131149,1000,2,77.5
0.533275713050994,27.658536585365855,617,693,eval_at,1.907536187171936,1000,2,78.0
0.5315471045808124,27.05986696230599,615,678,eval_at,1.968847541213037,1000,2,78.5
0.5289541918755402,26.34146341463415,612,660,eval_at,2.030156440734863,1000,2,79.0
0.5254969749351772,25.543237250554327,608,640,eval_at,2.1054047334194186,1000,2,79.5
0.5246326707000865,24.904656319290467,607,624,eval_at,2.1719389438629153,1000,2,80.0
0.5246326707000865,24.186252771618626,607,606,eval_at,2.2400103437900545,1000,2,80.5
0.5229040622299049,23.26829268292683,605,583,eval_at,2.3093816184997573,1000,2,81.0
0.5229040622299049,22.43015521064302,605,562,eval_at,2.389580998420715,1000,2,81.5
0.5168539325842697,21.552106430155213,598,540,eval_at,2.465525913238525,1000,2,82.0
0.5159896283491789,20.594235033259427,597,516,eval_at,2.550545418262481,1000,2,82.5
0.5125324114088159,19.556541019955656,593,490,eval_at,2.642178962230681,1000,2,83.0
0.5108038029386344,19.03769401330377,591,477,eval_at,2.743435935974121,1000,2,83.5
0.5116681071737251,17.800443458980045,592,446,eval_at,2.838485832214352,1000,2,84.0
0.5090751944684528,17.20177383592018,589,431,eval_at,2.9505861079692837,1000,2,84.5
0.5030250648228176,16.643015521064303,582,417,eval_at,3.0633385419845585,1000,2,85.0
0.5012964563526361,15.725055432372507,580,394,eval_at,3.188520919084548,1000,2,85.5
0.4969749351771824,14.807095343680711,575,371,eval_at,3.3199927473068236,1000,2,86.0
0.49265341400172863,14.368070953436808,570,360,eval_at,3.461715782880787,1000,2,86.5
0.4840103716508211,13.410199556541022,560,336,eval_at,3.611596016883839,1000,2,87.0
0.47450302506482284,12.651884700665189,549,317,eval_at,3.757173776626587,1000,2,87.5
0.4675885911840968,12.292682926829269,541,308,eval_at,3.9160948753356952,1000,2,88.0
0.4589455488331893,11.61419068736142,531,291,eval_at,4.093383531570432,1000,2,88.5
0.45375972342264476,11.374722838137473,525,285,eval_at,4.248846001625061,1000,2,89.0
0.44338807260155577,10.456762749445677,513,262,eval_at,4.422906408309941,1000,2,89.5
0.4364736387208297,10.017738359201775,505,251,eval_at,4.612645578384398,1000,2,90.0
0.42005185825410546,9.339246119733925,486,234,eval_at,4.830001890659335,1000,2,90.5
0.4010371650821089,8.620842572062084,464,216,eval_at,5.0861229276657305,1000,2,91.0
0.38547968885047534,8.101995565410201,446,203,eval_at,5.32815319776535,1000,2,91.5
0.3681936041486603,7.463414634146342,426,187,eval_at,5.616868019104008,1000,2,92.0
0.3526361279170268,6.705099778270511,408,168,eval_at,5.945296394824982,1000,2,92.5
0.331028522039758,6.146341463414634,383,154,eval_at,6.349316420555114,1000,2,93.0
0.31374243733794294,5.587583148558759,363,140,eval_at,6.733911137580873,1000,2,93.5
0.2990492653414002,4.988913525498892,346,125,eval_at,7.210405616760242,1000,2,94.0
0.28349178910976663,4.5099778270509985,328,113,eval_at,7.767701828479767,1000,2,94.5
0.27052722558340536,4.230598669623061,313,106,eval_at,8.446426439285242,1000,2,95.0
0.24546240276577355,3.5521064301552108,284,89,eval_at,9.173789854049673,1000,2,95.5
0.22212618841832324,3.272727272727273,257,82,eval_at,10.049182777404791,1000,2,96.0
0.20051858254105445,2.7139689578713972,232,68,eval_at,10.926393294334403,1000,2,96.5
0.1763180639585134,2.354767184035477,204,59,eval_at,12.192634134292597,1000,2,97.0
0.14866032843560933,2.155210643015521,172,54,eval_at,13.360099530220038,1000,2,97.5
0.12273120138288678,1.75609756097561,142,44,eval_at,14.429577312469451,1000,2,98.0
0.0881590319792567,1.237250554323725,102,31,eval_at,15.970506649017327,1000,2,98.5
0.06568712186689715,1.0776053215077606,76,27,eval_at,20.09672775268556,1000,2,99.0
0.03111495246326707,0.3192904656319291,36,8,eval_at,27.69619127273558,1000,2,99.5
0.5099394987035436,48.09312638580931,590,1205,eval_at,0.10904895886778831,1000,3,50.0
0.5125324114088159,47.6940133037694,593,1195,eval_at,0.1301919303089378,1000,3,50.5
0.5125324114088159,48.05321507760532,593,1204,eval_at,0.15375760108232508,1000,3,51.0
0.5151253241140882,47.89356984478936,596,1200,eval_at,0.17413908205926418,1000,3,51.5
0.5142610198789974,48.29268292682927,595,1210,eval_at,0.1974159896373749,1000,3,52.0
0.5142610198789974,48.53215077605322,595,1216,eval_at,0.21588158383965503,1000,3,52.5
0.5185825410544511,48.1729490022173,600,1207,eval_at,0.23861214056611066,1000,3,53.0
0.5203111495246326,47.97339246119734,602,1202,eval_at,0.26185544788837434,1000,3,53.5
0.5229040622299049,48.01330376940133,605,1203,eval_at,0.2824584150314332,1000,3,54.0
0.5272255834053586,47.77383592017739,610,1197,eval_at,0.3039244891703129,1000,3,54.5
0.5298184961106309,48.09312638580931,613,1205,eval_at,0.3262671649456025,1000,3,55.0
0.5315471045808124,47.89356984478936,615,1200,eval_at,0.3467662724852562,1000,3,55.5
0.533275713050994,47.85365853658537,617,1199,eval_at,0.3696902775764466,1000,3,56.0
0.5341400172860847,47.49445676274945,618,1190,eval_at,0.39403564170002897,1000,3,56.5
0.5367329299913569,47.61419068736142,621,1193,eval_at,0.4158895432949063,1000,3,57.0
0.5341400172860847,47.29490022172949,618,1185,eval_at,0.4408461287617683,1000,3,57.5
0.5384615384615384,47.09534368070954,623,1180,eval_at,0.4636224222183222,1000,3,58.0
0.5384615384615384,46.3769401330377,623,1162,eval_at,0.4862138393521306,1000,3,58.5
0.5419187554019015,46.41685144124169,627,1163,eval_at,0.5100289094448089,1000,3,59.0
0.543647363872083,46.41685144124169,629,1163,eval_at,0.53369487285614,1000,3,59.5
0.5445116681071738,46.17738359201774,630,1157,eval_at,0.5609069585800168,1000,3,60.0
0.5427830596369922,45.97782705099779,628,1152,eval_at,0.5843599221110344,1000,3,60.5
0.547104580812446,45.49889135254989,633,1140,eval_at,0.6091355311870574,1000,3,61.0
0.5479688850475367,45.019955654102,634,1128,eval_at,0.6337484446167945,1000,3,61.5
0.5479688850475367,45.019955654102,634,1128,eval_at,0.6624158799648286,1000,3,62.0
0.5479688850475367,44.94013303769402,634,1126,eval_at,0.6881835907697678,1000,3,62.5
0.5479688850475367,44.66075388026608,634,1119,eval_at,0.7135676008462906,1000,3,63.0
0.5488331892826275,44.101995565410206,635,1105,eval_at,0.7418914434313776,1000,3,63.5
0.547104580812446,43.463414634146346,633,1089,eval_at,0.7703533840179444,1000,3,64.0
0.5453759723422644,43.2239467849224,631,1083,eval_at,0.8025784644484519,1000,3,64.5
0.547104580812446,42.94456762749446,633,1076,eval_at,0.8315627306699753,1000,3,65.0
0.5488331892826275,42.186252771618626,635,1057,eval_at,0.8658838188648225,1000,3,65.5
0.5496974935177182,41.587583148558764,636,1042,eval_at,0.8965475130081176,1000,3,66.0
0.5488331892826275,41.028824833702885,635,1028,eval_at,0.9232272216677666,1000,3,66.5
0.5479688850475367,40.54988913525499,634,1016,eval_at,0.9576035112142568,1000,3,67.0
0.547104580812446,40.15077605321508,633,1006,eval_at,0.9907978430390358,1000,3,67.5
0.550561797752809,39.75166297117517,637,996,eval_at,1.0248948192596439,1000,3,68.0
0.5488331892826275,39.51219512195122,635,990,eval_at,1.0617841202020648,1000,3,68.5
0.5522904062229905,38.63414634146342,639,968,eval_at,1.0956259822845453,1000,3,69.0
0.5531547104580813,37.83592017738359,640,948,eval_at,1.1298832172155377,1000,3,69.5
0.5557476231633535,36.99778270509978,643,927,eval_at,1.1659016728401184,1000,3,70.0
0.5566119273984442,36.39911308203991,644,912,eval_at,1.2029517996311185,1000,3,70.5
0.5548833189282627,35.80044345898005,642,897,eval_at,1.2367551493644713,1000,3,71.0
0.5531547104580813,35.00221729490023,640,877,eval_at,1.2753512686491013,1000,3,71.5
0.5557476231633535,34.48337028824834,643,864,eval_at,1.313337516784667,1000,3,72.0
0.5557476231633535,33.645232815964526,643,843,eval_at,1.3550862908363333,1000,3,72.5
0.5566119273984442,33.166297117516635,644,831,eval_at,1.4004395008087156,1000,3,73.0
0.5557476231633535,32.72727272727273,643,820,eval_at,1.447225480079651,1000,3,73.5
0.5522904062229905,31.9689578713969,639,801,eval_at,1.4940763139724755,1000,3,74.0
0.550561797752809,31.050997782705103,637,778,eval_at,1.5394434517621989,1000,3,74.5
0.547104580812446,30.532150776053218,633,765,eval_at,1.5910484492778778,1000,3,75.0
0.547104580812446,30.133037694013307,633,755,eval_at,1.637551926970482,1000,3,75.5
0.5462402765773552,29.973392461197342,632,751,eval_at,1.6867225074768064,1000,3,76.0
0.543647363872083,29.813747228381377,629,747,eval_at,1.7353397941589357,1000,3,76.5
0.5384615384615384,29.2549889135255,623,733,eval_at,1.789190582036973,1000,3,77.0
0.533275713050994,28.45676274944568,617,713,eval_at,1.845455855131149,1000,3,77.5
0.533275713050994,27.658536585365855,617,693,eval_at,1.907536187171936,1000,3,78.0
0.5315471045808124,27.05986696230599,615,678,eval_at,1.968847541213037,1000,3,78.5
0.5289541918755402,26.34146341463415,612,660,eval_at,2.030156440734863,1000,3,79.0
0.5254969749351772,25.543237250554327,608,640,eval_at,2.1054047334194186,1000,3,79.5
0.5246326707000865,24.904656319290467,607,624,eval_at,2.1719389438629153,1000,3,80.0
0.5246326707000865,24.186252771618626,607,606,eval_at,2.2400103437900545,1000,3,80.5
0.5229040622299049,23.26829268292683,605,583,eval_at,2.3093816184997573,1000,3,81.0
0.5229040622299049,22.43015521064302,605,562,eval_at,2.389580998420715,1000,3,81.5
0.5168539325842697,21.552106430155213,598,540,eval_at,2.465525913238525,1000,3,82.0
0.5159896283491789,20.594235033259427,597,516,eval_at,2.550545418262481,1000,3,82.5
0.5125324114088159,19.556541019955656,593,490,eval_at,2.642178962230681,1000,3,83.0
0.5108038029386344,19.03769401330377,591,477,eval_at,2.743435935974121,1000,3,83.5
0.5116681071737251,17.800443458980045,592,446,eval_at,2.838485832214352,1000,3,84.0
0.5090751944684528,17.20177383592018,589,431,eval_at,2.9505861079692837,1000,3,84.5
0.5030250648228176,16.643015521064303,582,417,eval_at,3.0633385419845585,1000,3,85.0
0.5012964563526361,15.725055432372507,580,394,eval_at,3.188520919084548,1000,3,85.5
0.4969749351771824,14.807095343680711,575,371,eval_at,3.3199927473068236,1000,3,86.0
0.49265341400172863,14.368070953436808,570,360,eval_at,3.461715782880787,1000,3,86.5
0.4840103716508211,13.410199556541022,560,336,eval_at,3.611596016883839,1000,3,87.0
0.47450302506482284,12.651884700665189,549,317,eval_at,3.757173776626587,1000,3,87.5
0.4675885911840968,12.292682926829269,541,308,eval_at,3.9160948753356952,1000,3,88.0
0.4589455488331893,11.61419068736142,531,291,eval_at,4.093383531570432,1000,3,88.5
0.45375972342264476,11.374722838137473,525,285,eval_at,4.248846001625061,1000,3,89.0
0.44338807260155577,10.456762749445677,513,262,eval_at,4.422906408309941,1000,3,89.5
0.4364736387208297,10.017738359201775,505,251,eval_at,4.612645578384398,1000,3,90.0
0.42005185825410546,9.339246119733925,486,234,eval_at,4.830001890659335,1000,3,90.5
0.4010371650821089,8.620842572062084,464,216,eval_at,5.0861229276657305,1000,3,91.0
0.38547968885047534,8.101995565410201,446,203,eval_at,5.32815319776535,1000,3,91.5
0.3681936041486603,7.463414634146342,426,187,eval_at,5.616868019104008,1000,3,92.0
0.3526361279170268,6.705099778270511,408,168,eval_at,5.945296394824982,1000,3,92.5
0.331028522039758,6.146341463414634,383,154,eval_at,6.349316420555114,1000,3,93.0
0.31374243733794294,5.587583148558759,363,140,eval_at,6.733911137580873,1000,3,93.5
0.2990492653414002,4.988913525498892,346,125,eval_at,7.210405616760242,1000,3,94.0
0.28349178910976663,4.5099778270509985,328,113,eval_at,7.767701828479767,1000,3,94.5
0.27052722558340536,4.230598669623061,313,106,eval_at,8.446426439285242,1000,3,95.0
0.24546240276577355,3.5521064301552108,284,89,eval_at,9.173789854049673,1000,3,95.5
0.22212618841832324,3.272727272727273,257,82,eval_at,10.049182777404791,1000,3,96.0
0.20051858254105445,2.7139689578713972,232,68,eval_at,10.926393294334403,1000,3,96.5
0.1763180639585134,2.354767184035477,204,59,eval_at,12.192634134292597,1000,3,97.0
0.14866032843560933,2.155210643015521,172,54,eval_at,13.360099530220038,1000,3,97.5
0.12273120138288678,1.75609756097561,142,44,eval_at,14.429577312469451,1000,3,98.0
0.0881590319792567,1.237250554323725,102,31,eval_at,15.970506649017327,1000,3,98.5
0.06568712186689715,1.0776053215077606,76,27,eval_at,20.09672775268556,1000,3,99.0
0.03111495246326707,0.3192904656319291,36,8,eval_at,27.69619127273558,1000,3,99.5
0.5099394987035436,48.09312638580931,590,1205,eval_at,0.10904895886778831,1000,4,50.0
0.5125324114088159,47.6940133037694,593,1195,eval_at,0.1301919303089378,1000,4,50.5
0.5125324114088159,48.05321507760532,593,1204,eval_at,0.15375760108232508,1000,4,51.0
0.5151253241140882,47.89356984478936,596,1200,eval_at,0.17413908205926418,1000,4,51.5
0.5142610198789974,48.29268292682927,595,1210,eval_at,0.1974159896373749,1000,4,52.0
0.5142610198789974,48.53215077605322,595,1216,eval_at,0.21588158383965503,1000,4,52.5
0.5185825410544511,48.1729490022173,600,1207,eval_at,0.23861214056611066,1000,4,53.0
0.5203111495246326,47.97339246119734,602,1202,eval_at,0.26185544788837434,1000,4,53.5
0.5229040622299049,48.01330376940133,605,1203,eval_at,0.2824584150314332,1000,4,54.0
0.5272255834053586,47.77383592017739,610,1197,eval_at,0.3039244891703129,1000,4,54.5
0.5298184961106309,48.09312638580931,613,1205,eval_at,0.3262671649456025,1000,4,55.0
0.5315471045808124,47.89356984478936,615,1200,eval_at,0.3467662724852562,1000,4,55.5
0.533275713050994,47.85365853658537,617,1199,eval_at,0.3696902775764466,1000,4,56.0
0.5341400172860847,47.49445676274945,618,1190,eval_at,0.39403564170002897,1000,4,56.5
0.5367329299913569,47.61419068736142,621,1193,eval_at,0.4158895432949063,1000,4,57.0
0.5341400172860847,47.29490022172949,618,1185,eval_at,0.4408461287617683,1000,4,57.5
0.5384615384615384,47.09534368070954,623,1180,eval_at,0.4636224222183222,1000,4,58.0
0.5384615384615384,46.3769401330377,623,1162,eval_at,0.4862138393521306,1000,4,58.5
0.5419187554019015,46.41685144124169,627,1163,eval_at,0.5100289094448089,1000,4,59.0
0.543647363872083,46.41685144124169,629,1163,eval_at,0.53369487285614,1000,4,59.5
0.5445116681071738,46.17738359201774,630,1157,eval_at,0.5609069585800168,1000,4,60.0
0.5427830596369922,45.97782705099779,628,1152,eval_at,0.5843599221110344,1000,4,60.5
0.547104580812446,45.49889135254989,633,1140,eval_at,0.6091355311870574,1000,4,61.0
0.5479688850475367,45.019955654102,634,1128,eval_at,0.6337484446167945,1000,4,61.5
0.5479688850475367,45.019955654102,634,1128,eval_at,0.6624158799648286,1000,4,62.0
0.5479688850475367,44.94013303769402,634,1126,eval_at,0.6881835907697678,1000,4,62.5
0.5479688850475367,44.66075388026608,634,1119,eval_at,0.7135676008462906,1000,4,63.0
0.5488331892826275,44.101995565410206,635,1105,eval_at,0.7418914434313776,1000,4,63.5
0.547104580812446,43.463414634146346,633,1089,eval_at,0.7703533840179444,1000,4,64.0
0.5453759723422644,43.2239467849224,631,1083,eval_at,0.8025784644484519,1000,4,64.5
0.547104580812446,42.94456762749446,633,1076,eval_at,0.8315627306699753,1000,4,65.0
0.5488331892826275,42.186252771618626,635,1057,eval_at,0.8658838188648225,1000,4,65.5
0.5496974935177182,41.587583148558764,636,1042,eval_at,0.8965475130081176,1000,4,66.0
0.5488331892826275,41.028824833702885,635,1028,eval_at,0.9232272216677666,1000,4,66.5
0.5479688850475367,40.54988913525499,634,1016,eval_at,0.9576035112142568,1000,4,67.0
0.547104580812446,40.15077605321508,633,1006,eval_at,0.9907978430390358,1000,4,67.5
0.550561797752809,39.75166297117517,637,996,eval_at,1.0248948192596439,1000,4,68.0
0.5488331892826275,39.51219512195122,635,990,eval_at,1.0617841202020648,1000,4,68.5
0.5522904062229905,38.63414634146342,639,968,eval_at,1.0956259822845453,1000,4,69.0
0.5531547104580813,37.83592017738359,640,948,eval_at,1.1298832172155377,1000,4,69.5
0.5557476231633535,36.99778270509978,643,927,eval_at,1.1659016728401184,1000,4,70.0
0.5566119273984442,36.39911308203991,644,912,eval_at,1.2029517996311185,1000,4,70.5
0.5548833189282627,35.80044345898005,642,897,eval_at,1.2367551493644713,1000,4,71.0
0.5531547104580813,35.00221729490023,640,877,eval_at,1.2753512686491013,1000,4,71.5
0.5557476231633535,34.48337028824834,643,864,eval_at,1.313337516784667,1000,4,72.0
0.5557476231633535,33.645232815964526,643,843,eval_at,1.3550862908363333,1000,4,72.5
0.5566119273984442,33.166297117516635,644,831,eval_at,1.4004395008087156,1000,4,73.0
0.5557476231633535,32.72727272727273,643,820,eval_at,1.447225480079651,1000,4,73.5
0.5522904062229905,31.9689578713969,639,801,eval_at,1.4940763139724755,1000,4,74.0
0.550561797752809,31.050997782705103,637,778,eval_at,1.5394434517621989,1000,4,74.5
0.547104580812446,30.532150776053218,633,765,eval_at,1.5910484492778778,1000,4,75.0
0.547104580812446,30.133037694013307,633,755,eval_at,1.637551926970482,1000,4,75.5
0.5462402765773552,29.973392461197342,632,751,eval_at,1.6867225074768064,1000,4,76.0
0.543647363872083,29.813747228381377,629,747,eval_at,1.7353397941589357,1000,4,76.5
0.5384615384615384,29.2549889135255,623,733,eval_at,1.789190582036973,1000,4,77.0
0.533275713050994,28.45676274944568,617,713,eval_at,1.845455855131149,1000,4,77.5
0.533275713050994,27.658536585365855,617,693,eval_at,1.907536187171936,1000,4,78.0
0.5315471045808124,27.05986696230599,615,678,eval_at,1.968847541213037,1000,4,78.5
0.5289541918755402,26.34146341463415,612,660,eval_at,2.030156440734863,1000,4,79.0
0.5254969749351772,25.543237250554327,608,640,eval_at,2.1054047334194186,1000,4,79.5
0.5246326707000865,24.904656319290467,607,624,eval_at,2.1719389438629153,1000,4,80.0
0.5246326707000865,24.186252771618626,607,606,eval_at,2.2400103437900545,1000,4,80.5
0.5229040622299049,23.26829268292683,605,583,eval_at,2.3093816184997573,1000,4,81.0
0.5229040622299049,22.43015521064302,605,562,eval_at,2.389580998420715,1000,4,81.5
0.5168539325842697,21.552106430155213,598,540,eval_at,2.465525913238525,1000,4,82.0
0.5159896283491789,20.594235033259427,597,516,eval_at,2.550545418262481,1000,4,82.5
0.5125324114088159,19.556541019955656,593,490,eval_at,2.642178962230681,1000,4,83.0
0.5108038029386344,19.03769401330377,591,477,eval_at,2.743435935974121,1000,4,83.5
0.5116681071737251,17.800443458980045,592,446,eval_at,2.838485832214352,1000,4,84.0
0.5090751944684528,17.20177383592018,589,431,eval_at,2.9505861079692837,1000,4,84.5
0.5030250648228176,16.643015521064303,582,417,eval_at,3.0633385419845585,1000,4,85.0
0.5012964563526361,15.725055432372507,580,394,eval_at,3.188520919084548,1000,4,85.5
0.4969749351771824,14.807095343680711,575,371,eval_at,3.3199927473068236,1000,4,86.0
0.49265341400172863,14.368070953436808,570,360,eval_at,3.461715782880787,1000,4,86.5
0.4840103716508211,13.410199556541022,560,336,eval_at,3.611596016883839,1000,4,87.0
0.47450302506482284,12.651884700665189,549,317,eval_at,3.757173776626587,1000,4,87.5
0.4675885911840968,12.292682926829269,541,308,eval_at,3.9160948753356952,1000,4,88.0
0.4589455488331893,11.61419068736142,531,291,eval_at,4.093383531570432,1000,4,88.5
0.45375972342264476,11.374722838137473,525,285,eval_at,4.248846001625061,1000,4,89.0
0.44338807260155577,10.456762749445677,513,262,eval_at,4.422906408309941,1000,4,89.5
0.4364736387208297,10.017738359201775,505,251,eval_at,4.612645578384398,1000,4,90.0
0.42005185825410546,9.339246119733925,486,234,eval_at,4.830001890659335,1000,4,90.5
0.4010371650821089,8.620842572062084,464,216,eval_at,5.0861229276657305,1000,4,91.0
0.38547968885047534,8.101995565410201,446,203,eval_at,5.32815319776535,1000,4,91.5
0.3681936041486603,7.463414634146342,426,187,eval_at,5.616868019104008,1000,4,92.0
0.3526361279170268,6.705099778270511,408,168,eval_at,5.945296394824982,1000,4,92.5
0.331028522039758,6.146341463414634,383,154,eval_at,6.349316420555114,1000,4,93.0
0.31374243733794294,5.587583148558759,363,140,eval_at,6.733911137580873,1000,4,93.5
0.2990492653414002,4.988913525498892,346,125,eval_at,7.210405616760242,1000,4,94.0
0.28349178910976663,4.5099778270509985,328,113,eval_at,7.767701828479767,1000,4,94.5
0.27052722558340536,4.230598669623061,313,106,eval_at,8.446426439285242,1000,4,95.0
0.24546240276577355,3.5521064301552108,284,89,eval_at,9.173789854049673,1000,4,95.5
0.22212618841832324,3.272727272727273,257,82,eval_at,10.049182777404791,1000,4,96.0
0.20051858254105445,2.7139689578713972,232,68,eval_at,10.926393294334403,1000,4,96.5
0.1763180639585134,2.354767184035477,204,59,eval_at,12.192634134292597,1000,4,97.0
0.14866032843560933,2.155210643015521,172,54,eval_at,13.360099530220038,1000,4,97.5
0.12273120138288678,1.75609756097561,142,44,eval_at,14.429577312469451,1000,4,98.0
0.0881590319792567,1.237250554323725,102,31,eval_at,15.970506649017327,1000,4,98.5
0.06568712186689715,1.0776053215077606,76,27,eval_at,20.09672775268556,1000,4,99.0
0.03111495246326707,0.3192904656319291,36,8,eval_at,27.69619127273558,1000,4,99.5
0.5099394987035436,48.09312638580931,590,1205,eval_at,0.10904895886778831,all,0,50.0
0.5125324114088159,47.6940133037694,593,1195,eval_at,0.1301919303089378,all,0,50.5
0.5125324114088159,48.05321507760532,593,1204,eval_at,0.15375760108232508,all,0,51.0
0.5151253241140882,47.89356984478936,596,1200,eval_at,0.17413908205926418,all,0,51.5
0.5142610198789974,48.29268292682927,595,1210,eval_at,0.1974159896373749,all,0,52.0
0.5142610198789974,48.53215077605322,595,1216,eval_at,0.21588158383965503,all,0,52.5
0.5185825410544511,48.1729490022173,600,1207,eval_at,0.23861214056611066,all,0,53.0
0.5203111495246326,47.97339246119734,602,1202,eval_at,0.26185544788837434,all,0,53.5
0.5229040622299049,48.01330376940133,605,1203,eval_at,0.2824584150314332,all,0,54.0
0.5272255834053586,47.77383592017739,610,1197,eval_at,0.3039244891703129,all,0,54.5
0.5298184961106309,48.09312638580931,613,1205,eval_at,0.3262671649456025,all,0,55.0
0.5315471045808124,47.89356984478936,615,1200,eval_at,0.3467662724852562,all,0,55.5
0.533275713050994,47.85365853658537,617,1199,eval_at,0.3696902775764466,all,0,56.0
0.5341400172860847,47.49445676274945,618,1190,eval_at,0.39403564170002897,all,0,56.5
0.5367329299913569,47.61419068736142,621,1193,eval_at,0.4158895432949063,all,0,57.0
0.5341400172860847,47.29490022172949,618,1185,eval_at,0.4408461287617683,all,0,57.5
0.5384615384615384,47.09534368070954,623,1180,eval_at,0.4636224222183222,all,0,58.0
0.5384615384615384,46.3769401330377,623,1162,eval_at,0.4862138393521306,all,0,58.5
0.5419187554019015,46.41685144124169,627,1163,eval_at,0.5100289094448089,all,0,59.0
0.543647363872083,46.41685144124169,629,1163,eval_at,0.53369487285614,all,0,59.5
0.5445116681071738,46.17738359201774,630,1157,eval_at,0.5609069585800168,all,0,60.0
0.5427830596369922,45.97782705099779,628,1152,eval_at,0.5843599221110344,all,0,60.5
0.547104580812446,45.49889135254989,633,1140,eval_at,0.6091355311870574,all,0,61.0
0.5479688850475367,45.019955654102,634,1128,eval_at,0.6337484446167945,all,0,61.5
0.5479688850475367,45.019955654102,634,1128,eval_at,0.6624158799648286,all,0,62.0
0.5479688850475367,44.94013303769402,634,1126,eval_at,0.6881835907697678,all,0,62.5
0.5479688850475367,44.66075388026608,634,1119,eval_at,0.7135676008462906,all,0,63.0
0.5488331892826275,44.101995565410206,635,1105,eval_at,0.7418914434313776,all,0,63.5
0.547104580812446,43.463414634146346,633,1089,eval_at,0.7703533840179444,all,0,64.0
0.5453759723422644,43.2239467849224,631,1083,eval_at,0.8025784644484519,all,0,64.5
0.547104580812446,42.94456762749446,633,1076,eval_at,0.8315627306699753,all,0,65.0
0.5488331892826275,42.186252771618626,635,1057,eval_at,0.8658838188648225,all,0,65.5
0.5496974935177182,41.587583148558764,636,1042,eval_at,0.8965475130081176,all,0,66.0
0.5488331892826275,41.028824833702885,635,1028,eval_at,0.9232272216677666,all,0,66.5
0.5479688850475367,40.54988913525499,634,1016,eval_at,0.9576035112142568,all,0,67.0
0.547104580812446,40.15077605321508,633,1006,eval_at,0.9907978430390358,all,0,67.5
0.550561797752809,39.75166297117517,637,996,eval_at,1.0248948192596439,all,0,68.0
0.5488331892826275,39.51219512195122,635,990,eval_at,1.0617841202020648,all,0,68.5
0.5522904062229905,38.63414634146342,639,968,eval_at,1.0956259822845453,all,0,69.0
0.5531547104580813,37.83592017738359,640,948,eval_at,1.1298832172155377,all,0,69.5
0.5557476231633535,36.99778270509978,643,927,eval_at,1.1659016728401184,all,0,70.0
0.5566119273984442,36.39911308203991,644,912,eval_at,1.2029517996311185,all,0,70.5
0.5548833189282627,35.80044345898005,642,897,eval_at,1.2367551493644713,all,0,71.0
0.5531547104580813,35.00221729490023,640,877,eval_at,1.2753512686491013,all,0,71.5
0.5557476231633535,34.48337028824834,643,864,eval_at,1.313337516784667,all,0,72.0
0.5557476231633535,33.645232815964526,643,843,eval_at,1.3550862908363333,all,0,72.5
0.5566119273984442,33.166297117516635,644,831,eval_at,1.4004395008087156,all,0,73.0
0.5557476231633535,32.72727272727273,643,820,eval_at,1.447225480079651,all,0,73.5
0.5522904062229905,31.9689578713969,639,801,eval_at,1.4940763139724755,all,0,74.0
0.550561797752809,31.050997782705103,637,778,eval_at,1.5394434517621989,all,0,74.5
0.547104580812446,30.532150776053218,633,765,eval_at,1.5910484492778778,all,0,75.0
0.547104580812446,30.133037694013307,633,755,eval_at,1.637551926970482,all,0,75.5
0.5462402765773552,29.973392461197342,632,751,eval_at,1.6867225074768064,all,0,76.0
0.543647363872083,29.813747228381377,629,747,eval_at,1.7353397941589357,all,0,76.5
0.5384615384615384,29.2549889135255,623,733,eval_at,1.789190582036973,all,0,77.0
0.533275713050994,28.45676274944568,617,713,eval_at,1.845455855131149,all,0,77.5
0.533275713050994,27.658536585365855,617,693,eval_at,1.907536187171936,all,0,78.0
0.5315471045808124,27.05986696230599,615,678,eval_at,1.968847541213037,all,0,78.5
0.5289541918755402,26.34146341463415,612,660,eval_at,2.030156440734863,all,0,79.0
0.5254969749351772,25.543237250554327,608,640,eval_at,2.1054047334194186,all,0,79.5
0.5246326707000865,24.904656319290467,607,624,eval_at,2.1719389438629153,all,0,80.0
0.5246326707000865,24.186252771618626,607,606,eval_at,2.2400103437900545,all,0,80.5
0.5229040622299049,23.26829268292683,605,583,eval_at,2.3093816184997573,all,0,81.0
0.5229040622299049,22.43015521064302,605,562,eval_at,2.389580998420715,all,0,81.5
0.5168539325842697,21.552106430155213,598,540,eval_at,2.465525913238525,all,0,82.0
0.5159896283491789,20.594235033259427,597,516,eval_at,2.550545418262481,all,0,82.5
0.5125324114088159,19.556541019955656,593,490,eval_at,2.642178962230681,all,0,83.0
0.5108038029386344,19.03769401330377,591,477,eval_at,2.743435935974121,all,0,83.5
0.5116681071737251,17.800443458980045,592,446,eval_at,2.838485832214352,all,0,84.0
0.5090751944684528,17.20177383592018,589,431,eval_at,2.9505861079692837,all,0,84.5
0.5030250648228176,16.643015521064303,582,417,eval_at,3.0633385419845585,all,0,85.0
0.5012964563526361,15.725055432372507,580,394,eval_at,3.188520919084548,all,0,85.5
0.4969749351771824,14.807095343680711,575,371,eval_at,3.3199927473068236,all,0,86.0
0.49265341400172863,14.368070953436808,570,360,eval_at,3.461715782880787,all,0,86.5
0.4840103716508211,13.410199556541022,560,336,eval_at,3.611596016883839,all,0,87.0
0.47450302506482284,12.651884700665189,549,317,eval_at,3.757173776626587,all,0,87.5
0.4675885911840968,12.292682926829269,541,308,eval_at,3.9160948753356952,all,0,88.0
0.4589455488331893,11.61419068736142,531,291,eval_at,4.093383531570432,all,0,88.5
0.45375972342264476,11.374722838137473,525,285,eval_at,4.248846001625061,all,0,89.0
0.44338807260155577,10.456762749445677,513,262,eval_at,4.422906408309941,all,0,89.5
0.4364736387208297,10.017738359201775,505,251,eval_at,4.612645578384398,all,0,90.0
0.42005185825410546,9.339246119733925,486,234,eval_at,4.830001890659335,all,0,90.5
0.4010371650821089,8.620842572062084,464,216,eval_at,5.0861229276657305,all,0,91.0
0.38547968885047534,8.101995565410201,446,203,eval_at,5.32815319776535,all,0,91.5
0.3681936041486603,7.463414634146342,426,187,eval_at,5.616868019104008,all,0,92.0
0.3526361279170268,6.705099778270511,408,168,eval_at,5.945296394824982,all,0,92.5
0.331028522039758,6.146341463414634,383,154,eval_at,6.349316420555114,all,0,93.0
0.31374243733794294,5.587583148558759,363,140,eval_at,6.733911137580873,all,0,93.5
0.2990492653414002,4.988913525498892,346,125,eval_at,7.210405616760242,all,0,94.0
0.28349178910976663,4.5099778270509985,328,113,eval_at,7.767701828479767,all,0,94.5
0.27052722558340536,4.230598669623061,313,106,eval_at,8.446426439285242,all,0,95.0
0.24546240276577355,3.5521064301552108,284,89,eval_at,9.173789854049673,all,0,95.5
0.22212618841832324,3.272727272727273,257,82,eval_at,10.049182777404791,all,0,96.0
0.20051858254105445,2.7139689578713972,232,68,eval_at,10.926393294334403,all,0,96.5
0.1763180639585134,2.354767184035477,204,59,eval_at,12.192634134292597,all,0,97.0
0.14866032843560933,2.155210643015521,172,54,eval_at,13.360099530220038,all,0,97.5
0.12273120138288678,1.75609756097561,142,44,eval_at,14.429577312469451,all,0,98.0
0.0881590319792567,1.237250554323725,102,31,eval_at,15.970506649017327,all,0,98.5
0.06568712186689715,1.0776053215077606,76,27,eval_at,20.09672775268556,all,0,99.0
0.03111495246326707,0.3192904656319291,36,8,eval_at,27.69619127273558,all,0,99.5
