evaluator,return,th,hr,alpha,pctl
eval_at,"[0.052722558340535866, 21.79157427937916, 61, 546]",0.3628550405946421,25.055555555555554,0.0,70.0
eval_at,"[0.052722558340535866, 21.75166297117517, 61, 545]",0.36523833840496017,25.055555555555554,0.0,70.1
eval_at,"[0.05185825410544512, 21.352549889135258, 60, 535]",0.36760685591502806,25.055555555555554,0.0,70.19999999999999
eval_at,"[0.05185825410544512, 21.392461197339248, 60, 536]",0.3705200874385162,25.055555555555554,0.0,70.29999999999998
eval_at,"[0.05099394987035436, 21.312638580931267, 59, 534]",0.3740505966202909,25.055555555555554,0.0,70.39999999999998
eval_at,"[0.05185825410544512, 21.11308203991131, 60, 529]",0.3773201840462547,25.055555555555554,0.0,70.49999999999997
eval_at,"[0.05185825410544512, 20.953436807095347, 60, 525]",0.38050529976816067,25.055555555555554,0.0,70.59999999999997
eval_at,"[0.05012964563526361, 20.953436807095347, 58, 525]",0.3832493583748115,25.055555555555554,0.0,70.69999999999996
eval_at,"[0.049265341400172864, 21.11308203991131, 57, 529]",0.38595742962606294,25.055555555555554,0.0,70.79999999999995
eval_at,"[0.049265341400172864, 20.953436807095347, 57, 525]",0.38924878335081053,25.055555555555554,0.0,70.89999999999995
eval_at,"[0.049265341400172864, 20.793791574279382, 57, 521]",0.3917105219826255,25.055555555555554,0.0,70.99999999999994
eval_at,"[0.049265341400172864, 20.753880266075388, 57, 520]",0.39477263455196027,25.055555555555554,0.0,71.09999999999994
eval_at,"[0.04840103716508211, 20.554323725055433, 56, 515]",0.397704776060882,25.055555555555554,0.0,71.19999999999993
eval_at,"[0.05012964563526361, 20.474501108647452, 58, 513]",0.40039562242868065,25.055555555555554,0.0,71.29999999999993
eval_at,"[0.04840103716508211, 20.354767184035477, 56, 510]",0.403749831696128,25.055555555555554,0.0,71.39999999999992
eval_at,"[0.04840103716508211, 19.835920177383592, 56, 497]",0.40692020738863555,25.055555555555554,0.0,71.49999999999991
eval_at,"[0.04753673292999136, 19.75609756097561, 55, 495]",0.4094996846715286,25.055555555555554,0.0,71.59999999999991
eval_at,"[0.04753673292999136, 19.516629711751666, 55, 489]",0.413046523095791,25.055555555555554,0.0,71.6999999999999
eval_at,"[0.04753673292999136, 19.43680709534368, 55, 487]",0.4161642542137944,25.055555555555554,0.0,71.7999999999999
eval_at,"[0.04753673292999136, 19.117516629711755, 55, 479]",0.4188456613105412,25.055555555555554,0.0,71.89999999999989
eval_at,"[0.05012964563526361, 18.838137472283815, 58, 472]",0.42188938216590655,25.055555555555554,0.0,71.99999999999989
eval_at,"[0.04840103716508211, 18.71840354767184, 56, 469]",0.42529633877068984,25.055555555555554,0.0,72.09999999999988
eval_at,"[0.049265341400172864, 18.31929046563193, 57, 459]",0.42866250890341123,25.055555555555554,0.0,72.19999999999987
eval_at,"[0.049265341400172864, 18.199556541019955, 57, 456]",0.4318553171543104,25.055555555555554,0.0,72.29999999999987
eval_at,"[0.04753673292999136, 18.0, 55, 451]",0.4347527270287911,25.055555555555554,0.0,72.39999999999986
eval_at,"[0.045808124459809856, 17.720620842572064, 53, 444]",0.43776460895359054,25.055555555555554,0.0,72.49999999999986
eval_at,"[0.0449438202247191, 17.5609756097561, 52, 440]",0.4408632008711345,25.055555555555554,0.0,72.59999999999985
eval_at,"[0.043215211754537596, 17.441241685144124, 50, 437]",0.4455556876277511,25.055555555555554,0.0,72.69999999999985
eval_at,"[0.043215211754537596, 17.361419068736144, 50, 435]",0.4494776945046248,25.055555555555554,0.0,72.79999999999984
eval_at,"[0.043215211754537596, 17.28159645232816, 50, 433]",0.45293336889801405,25.055555555555554,0.0,72.89999999999984
eval_at,"[0.04235090751944685, 17.361419068736144, 49, 435]",0.45629096617245496,25.055555555555554,0.0,72.99999999999983
eval_at,"[0.04148660328435609, 17.24168514412417, 48, 432]",0.45951848999457656,25.055555555555554,0.0,73.09999999999982
eval_at,"[0.03975799481417459, 17.121951219512198, 46, 429]",0.4630790263009791,25.055555555555554,0.0,73.19999999999982
eval_at,"[0.03975799481417459, 17.20177383592018, 46, 431]",0.4672451677161833,25.055555555555554,0.0,73.29999999999981
eval_at,"[0.03889369057908384, 17.002217294900223, 45, 426]",0.47087332004309596,25.055555555555554,0.0,73.3999999999998
eval_at,"[0.03802938634399308, 16.722838137472284, 44, 419]",0.47446613473368404,25.055555555555554,0.0,73.4999999999998
eval_at,"[0.03802938634399308, 16.682926829268293, 44, 418]",0.478454172378291,25.055555555555554,0.0,73.5999999999998
eval_at,"[0.037165082108902334, 16.643015521064303, 43, 417]",0.4824470189519512,25.055555555555554,0.0,73.69999999999979
eval_at,"[0.03802938634399308, 16.52328159645233, 44, 414]",0.4859827015742815,25.055555555555554,0.0,73.79999999999978
eval_at,"[0.037165082108902334, 16.243902439024392, 43, 407]",0.48938293232746766,25.055555555555554,0.0,73.89999999999978
eval_at,"[0.037165082108902334, 16.164079822616408, 43, 405]",0.49394616220466775,25.055555555555554,0.0,73.99999999999977
eval_at,"[0.037165082108902334, 15.964523281596454, 43, 400]",0.49869529138160523,25.055555555555554,0.0,74.09999999999977
eval_at,"[0.036300777873811585, 15.84478935698448, 42, 397]",0.5018894585923391,25.055555555555554,0.0,74.19999999999976
eval_at,"[0.036300777873811585, 15.80487804878049, 42, 396]",0.5058375649533245,25.055555555555554,0.0,74.29999999999976
eval_at,"[0.036300777873811585, 15.565410199556542, 42, 390]",0.510599036832573,25.055555555555554,0.0,74.39999999999975
eval_at,"[0.03543647363872083, 15.525498891352552, 41, 389]",0.515264559175112,25.055555555555554,0.0,74.49999999999974
eval_at,"[0.03543647363872083, 15.246119733924614, 41, 382]",0.5198442682656899,25.055555555555554,0.0,74.59999999999974
eval_at,"[0.03543647363872083, 15.286031042128604, 41, 383]",0.5243411499377933,25.055555555555554,0.0,74.69999999999973
eval_at,"[0.03543647363872083, 15.046563192904658, 41, 377]",0.5281487475424474,25.055555555555554,0.0,74.79999999999973
eval_at,"[0.03457216940363008, 14.886917960088693, 40, 373]",0.5336884464716096,25.055555555555554,0.0,74.89999999999972
eval_at,"[0.036300777873811585, 14.727272727272728, 42, 369]",0.5375514956676737,25.055555555555554,0.0,74.99999999999972
eval_at,"[0.036300777873811585, 14.647450110864746, 42, 367]",0.5421576359040858,25.055555555555554,0.0,75.09999999999971
eval_at,"[0.037165082108902334, 14.607538802660756, 43, 366]",0.5467713408594139,25.055555555555554,0.0,75.1999999999997
eval_at,"[0.037165082108902334, 14.487804878048781, 43, 363]",0.5521426292869851,25.055555555555554,0.0,75.2999999999997
eval_at,"[0.037165082108902334, 14.567627494456763, 43, 365]",0.5560650529288577,25.055555555555554,0.0,75.3999999999997
eval_at,"[0.036300777873811585, 14.807095343680711, 42, 371]",0.5615795471016879,25.055555555555554,0.0,75.49999999999969
eval_at,"[0.036300777873811585, 14.926829268292684, 42, 374]",0.5654323204529608,25.055555555555554,0.0,75.59999999999968
eval_at,"[0.036300777873811585, 15.086474501108649, 42, 378]",0.5692881026053125,25.055555555555554,0.0,75.69999999999968
eval_at,"[0.036300777873811585, 14.926829268292684, 42, 374]",0.5741417572106947,25.055555555555554,0.0,75.79999999999967
eval_at,"[0.03457216940363008, 14.767184035476719, 40, 370]",0.5786325094453456,25.055555555555554,0.0,75.89999999999966
eval_at,"[0.033707865168539325, 14.487804878048781, 39, 363]",0.5839511897934577,25.055555555555554,0.0,75.99999999999966
eval_at,"[0.03543647363872083, 14.4079822616408, 41, 361]",0.5896072505387524,25.055555555555554,0.0,76.09999999999965
eval_at,"[0.03543647363872083, 14.328159645232818, 41, 359]",0.5942053971446153,25.055555555555554,0.0,76.19999999999965
eval_at,"[0.03543647363872083, 14.208425720620843, 41, 356]",0.5980438589327906,25.055555555555554,0.0,76.29999999999964
eval_at,"[0.033707865168539325, 14.04878048780488, 39, 352]",0.6020334390523555,25.055555555555554,0.0,76.39999999999964
eval_at,"[0.033707865168539325, 14.12860310421286, 39, 354]",0.6064368967797029,25.055555555555554,0.0,76.49999999999963
eval_at,"[0.032843560933448576, 13.968957871396897, 38, 350]",0.6126510311704912,25.055555555555554,0.0,76.59999999999962
eval_at,"[0.03197925669835782, 13.929046563192905, 37, 349]",0.6173604686719075,25.055555555555554,0.0,76.69999999999962
eval_at,"[0.032843560933448576, 13.809312638580932, 38, 346]",0.621352701616744,25.055555555555554,0.0,76.79999999999961
eval_at,"[0.03111495246326707, 13.968957871396897, 36, 350]",0.6263944470723771,25.055555555555554,0.0,76.89999999999961
eval_at,"[0.03111495246326707, 13.809312638580932, 36, 346]",0.6314087274044753,25.055555555555554,0.0,76.9999999999996
eval_at,"[0.029386343993085567, 13.849223946784923, 34, 347]",0.6358575637635819,25.055555555555554,0.0,77.0999999999996
eval_at,"[0.029386343993085567, 13.609756097560977, 34, 341]",0.6426758923323542,25.055555555555554,0.0,77.19999999999959
eval_at,"[0.029386343993085567, 13.609756097560977, 34, 341]",0.6481741180453676,25.055555555555554,0.0,77.29999999999959
eval_at,"[0.02679343128781331, 13.569844789356985, 31, 340]",0.6545216439568206,25.055555555555554,0.0,77.39999999999958
eval_at,"[0.02592912705272256, 13.649667405764967, 30, 342]",0.6597428674778565,25.055555555555554,0.0,77.49999999999957
eval_at,"[0.02592912705272256, 13.72949002217295, 30, 344]",0.6638649929435465,25.055555555555554,0.0,77.59999999999957
eval_at,"[0.02592912705272256, 13.609756097560977, 30, 341]",0.6711826743805173,25.055555555555554,0.0,77.69999999999956
eval_at,"[0.02592912705272256, 13.569844789356985, 30, 340]",0.6760125077036201,25.055555555555554,0.0,77.79999999999956
eval_at,"[0.025064822817631807, 13.529933481152995, 29, 339]",0.6811776242157681,25.055555555555554,0.0,77.89999999999955
eval_at,"[0.025064822817631807, 13.410199556541022, 29, 336]",0.6884396716372935,25.055555555555554,0.0,77.99999999999955
eval_at,"[0.02592912705272256, 13.37028824833703, 30, 335]",0.6965110686125419,25.055555555555554,0.0,78.09999999999954
eval_at,"[0.02592912705272256, 13.130820399113084, 30, 329]",0.7043715099504247,25.055555555555554,0.0,78.19999999999953
eval_at,"[0.02679343128781331, 13.050997782705101, 31, 327]",0.7108875858786801,25.055555555555554,0.0,78.29999999999953
eval_at,"[0.02592912705272256, 12.931263858093127, 30, 324]",0.7177233751626142,25.055555555555554,0.0,78.39999999999952
eval_at,"[0.02679343128781331, 12.691796008869181, 31, 318]",0.7232215884894387,25.055555555555554,0.0,78.49999999999952
eval_at,"[0.027657735522904063, 12.492239467849226, 32, 313]",0.728800279876194,25.055555555555554,0.0,78.59999999999951
eval_at,"[0.028522039757994815, 12.452328159645234, 33, 312]",0.7358741412672034,25.055555555555554,0.0,78.6999999999995
eval_at,"[0.03025064822817632, 12.133037694013305, 35, 304]",0.742720857746263,25.055555555555554,0.0,78.7999999999995
eval_at,"[0.03025064822817632, 11.97339246119734, 35, 300]",0.7491249437930252,25.055555555555554,0.0,78.8999999999995
eval_at,"[0.03025064822817632, 12.053215077605323, 35, 302]",0.7550193865062559,25.055555555555554,0.0,78.99999999999949
eval_at,"[0.029386343993085567, 12.053215077605323, 34, 302]",0.7624037199492958,25.055555555555554,0.0,79.09999999999948
eval_at,"[0.029386343993085567, 11.933481152993348, 34, 299]",0.7680373224738182,25.055555555555554,0.0,79.19999999999948
eval_at,"[0.03111495246326707, 11.853658536585368, 36, 297]",0.7749030296418021,25.055555555555554,0.0,79.29999999999947
eval_at,"[0.03025064822817632, 11.733924611973393, 35, 294]",0.7819279828569657,25.055555555555554,0.0,79.39999999999947
eval_at,"[0.03111495246326707, 11.57427937915743, 36, 290]",0.7866199257026287,25.055555555555554,0.0,79.49999999999946
eval_at,"[0.03197925669835782, 11.534368070953438, 37, 289]",0.7939545809369444,25.055555555555554,0.0,79.59999999999945
eval_at,"[0.032843560933448576, 11.534368070953438, 38, 289]",0.8015514502072066,25.055555555555554,0.0,79.69999999999945
eval_at,"[0.03197925669835782, 11.374722838137473, 37, 285]",0.8067675660853987,25.055555555555554,0.0,79.79999999999944
eval_at,"[0.03197925669835782, 11.454545454545455, 37, 287]",0.815470305960306,25.055555555555554,0.0,79.89999999999944
eval_at,"[0.03197925669835782, 11.454545454545455, 37, 287]",0.8207398648543459,25.055555555555554,0.0,79.99999999999943
eval_at,"[0.032843560933448576, 11.374722838137473, 38, 285]",0.8272666350001734,25.055555555555554,0.0,80.09999999999943
eval_at,"[0.032843560933448576, 11.414634146341465, 38, 286]",0.8361550991416822,25.055555555555554,0.0,80.19999999999942
eval_at,"[0.032843560933448576, 11.534368070953438, 38, 289]",0.8463362231686591,25.055555555555554,0.0,80.29999999999941
eval_at,"[0.032843560933448576, 11.374722838137473, 38, 285]",0.8526778407617805,25.055555555555554,0.0,80.39999999999941
eval_at,"[0.03457216940363008, 11.374722838137473, 40, 285]",0.8609041625611756,25.055555555555554,0.0,80.4999999999994
eval_at,"[0.033707865168539325, 11.21507760532151, 39, 281]",0.8682000061925418,25.055555555555554,0.0,80.5999999999994
eval_at,"[0.032843560933448576, 11.29490022172949, 38, 283]",0.8760540921992368,25.055555555555554,0.0,80.69999999999939
eval_at,"[0.03457216940363008, 11.2549889135255, 40, 282]",0.8825514377060562,25.055555555555554,0.0,80.79999999999939
eval_at,"[0.036300777873811585, 11.175166297117517, 42, 280]",0.8910647542929333,25.055555555555554,0.0,80.89999999999938
eval_at,"[0.03543647363872083, 11.175166297117517, 41, 280]",0.8992482664627424,25.055555555555554,0.0,80.99999999999937
eval_at,"[0.03543647363872083, 11.494456762749447, 41, 288]",0.9070923072815765,25.055555555555554,0.0,81.09999999999937
eval_at,"[0.037165082108902334, 11.534368070953438, 43, 289]",0.9152043607785766,25.055555555555554,0.0,81.19999999999936
eval_at,"[0.037165082108902334, 11.534368070953438, 43, 289]",0.9212533607681174,25.055555555555554,0.0,81.29999999999936
eval_at,"[0.037165082108902334, 11.57427937915743, 43, 290]",0.9268940616757178,25.055555555555554,0.0,81.39999999999935
eval_at,"[0.037165082108902334, 11.61419068736142, 43, 291]",0.9352496563484688,25.055555555555554,0.0,81.49999999999935
eval_at,"[0.03802938634399308, 11.694013303769403, 44, 293]",0.9442780913310125,25.055555555555554,0.0,81.59999999999934
eval_at,"[0.03975799481417459, 11.494456762749447, 46, 288]",0.9517292571438557,25.055555555555554,0.0,81.69999999999933
eval_at,"[0.04235090751944685, 11.65410199556541, 49, 292]",0.9583718688142517,25.055555555555554,0.0,81.79999999999933
eval_at,"[0.043215211754537596, 11.733924611973393, 50, 294]",0.9671377337998023,25.055555555555554,0.0,81.89999999999932
eval_at,"[0.04407951598962835, 11.773835920177385, 51, 295]",0.9742751533908999,25.055555555555554,0.0,81.99999999999932
eval_at,"[0.043215211754537596, 11.893569844789358, 50, 298]",0.9806236948626029,25.055555555555554,0.0,82.09999999999931
eval_at,"[0.043215211754537596, 11.733924611973393, 50, 294]",0.9897769768843113,25.055555555555554,0.0,82.1999999999993
eval_at,"[0.043215211754537596, 11.57427937915743, 50, 290]",0.9978493965803924,25.055555555555554,0.0,82.2999999999993
eval_at,"[0.04235090751944685, 11.694013303769403, 49, 293]",1.0053195164055206,25.055555555555554,0.0,82.3999999999993
eval_at,"[0.04407951598962835, 11.893569844789358, 51, 298]",1.012729071126864,25.055555555555554,0.0,82.49999999999929
eval_at,"[0.043215211754537596, 11.97339246119734, 50, 300]",1.0212012445845005,25.055555555555554,0.0,82.59999999999928
eval_at,"[0.043215211754537596, 11.933481152993348, 50, 299]",1.0288480625510739,25.055555555555554,0.0,82.69999999999928
eval_at,"[0.043215211754537596, 12.053215077605323, 50, 302]",1.0364466549899585,25.055555555555554,0.0,82.79999999999927
eval_at,"[0.04235090751944685, 12.133037694013305, 49, 304]",1.0447531676847934,25.055555555555554,0.0,82.89999999999927
eval_at,"[0.04407951598962835, 12.01330376940133, 51, 301]",1.052046719069905,25.055555555555554,0.0,82.99999999999926
eval_at,"[0.04407951598962835, 12.053215077605323, 51, 302]",1.0606956413830442,25.055555555555554,0.0,83.09999999999926
eval_at,"[0.0449438202247191, 11.853658536585368, 52, 297]",1.06865876662228,25.055555555555554,0.0,83.19999999999925
eval_at,"[0.046672428694900604, 11.65410199556541, 54, 292]",1.075456827055298,25.055555555555554,0.0,83.29999999999924
eval_at,"[0.046672428694900604, 11.853658536585368, 54, 297]",1.0847243082565057,25.055555555555554,0.0,83.39999999999924
eval_at,"[0.04753673292999136, 11.733924611973393, 55, 294]",1.0934449408935607,25.055555555555554,0.0,83.49999999999923
eval_at,"[0.04753673292999136, 11.694013303769403, 55, 293]",1.0997000492255828,25.055555555555554,0.0,83.59999999999923
eval_at,"[0.04753673292999136, 11.733924611973393, 55, 294]",1.107153428536095,25.055555555555554,0.0,83.69999999999922
eval_at,"[0.046672428694900604, 11.61419068736142, 54, 291]",1.115912322815858,25.055555555555554,0.0,83.79999999999922
eval_at,"[0.04840103716508211, 11.773835920177385, 56, 295]",1.1237389655846917,25.055555555555554,0.0,83.89999999999921
eval_at,"[0.046672428694900604, 11.893569844789358, 54, 298]",1.1304109932904916,25.055555555555554,0.0,83.9999999999992
eval_at,"[0.046672428694900604, 12.093126385809313, 54, 303]",1.1367593360752144,25.055555555555554,0.0,84.0999999999992
eval_at,"[0.045808124459809856, 12.172949002217296, 53, 305]",1.1443973256266868,25.055555555555554,0.0,84.19999999999919
eval_at,"[0.043215211754537596, 12.093126385809313, 50, 303]",1.1518443734080932,25.055555555555554,0.0,84.29999999999919
eval_at,"[0.04407951598962835, 11.853658536585368, 51, 297]",1.159132952684874,25.055555555555554,0.0,84.39999999999918
eval_at,"[0.04407951598962835, 11.853658536585368, 51, 297]",1.1674124609563803,25.055555555555554,0.0,84.49999999999918
eval_at,"[0.045808124459809856, 11.97339246119734, 53, 300]",1.1731454079789643,25.055555555555554,0.0,84.59999999999917
eval_at,"[0.045808124459809856, 11.853658536585368, 53, 297]",1.1792760849923576,25.055555555555554,0.0,84.69999999999916
eval_at,"[0.0449438202247191, 11.853658536585368, 52, 297]",1.188098467779188,25.055555555555554,0.0,84.79999999999916
eval_at,"[0.045808124459809856, 11.813747228381375, 53, 296]",1.1960001733073429,25.055555555555554,0.0,84.89999999999915
eval_at,"[0.045808124459809856, 11.813747228381375, 53, 296]",1.2035442201812074,25.055555555555554,0.0,84.99999999999915
eval_at,"[0.046672428694900604, 11.65410199556541, 54, 292]",1.2091222799981889,25.055555555555554,0.0,85.09999999999914
eval_at,"[0.04753673292999136, 11.494456762749447, 55, 288]",1.218387869395534,25.055555555555554,0.0,85.19999999999914
eval_at,"[0.049265341400172864, 11.57427937915743, 57, 290]",1.2252197681981172,25.055555555555554,0.0,85.29999999999913
eval_at,"[0.049265341400172864, 11.494456762749447, 57, 288]",1.233832284312582,25.055555555555554,0.0,85.39999999999912
eval_at,"[0.04840103716508211, 11.29490022172949, 56, 283]",1.2404135389884563,25.055555555555554,0.0,85.49999999999912
eval_at,"[0.04840103716508211, 11.21507760532151, 56, 281]",1.2469620750608117,25.055555555555554,0.0,85.59999999999911
eval_at,"[0.04840103716508211, 11.055432372505544, 56, 277]",1.2526862663018055,25.055555555555554,0.0,85.69999999999911
eval_at,"[0.04753673292999136, 11.055432372505544, 55, 277]",1.262005747640658,25.055555555555554,0.0,85.7999999999991
eval_at,"[0.04840103716508211, 11.095343680709535, 56, 278]",1.2695152619004013,25.055555555555554,0.0,85.8999999999991
eval_at,"[0.04753673292999136, 11.135254988913527, 55, 279]",1.2756076005700312,25.055555555555554,0.0,85.99999999999909
eval_at,"[0.046672428694900604, 11.21507760532151, 54, 281]",1.2818531667218274,25.055555555555554,0.0,86.09999999999908
eval_at,"[0.045808124459809856, 11.334811529933482, 53, 284]",1.2902965585026658,25.055555555555554,0.0,86.19999999999908
eval_at,"[0.045808124459809856, 11.21507760532151, 53, 281]",1.297230143006111,25.055555555555554,0.0,86.29999999999907
eval_at,"[0.046672428694900604, 10.935698447893571, 54, 274]",1.3047657203431624,25.055555555555554,0.0,86.39999999999907
eval_at,"[0.046672428694900604, 10.935698447893571, 54, 274]",1.3107955407045746,25.055555555555554,0.0,86.49999999999906
eval_at,"[0.045808124459809856, 10.815964523281597, 53, 271]",1.3188463985952346,25.055555555555554,0.0,86.59999999999906
eval_at,"[0.046672428694900604, 10.656319290465634, 54, 267]",1.326220447430667,25.055555555555554,0.0,86.69999999999905
eval_at,"[0.045808124459809856, 10.616407982261642, 53, 266]",1.334372466922224,25.055555555555554,0.0,86.79999999999905
eval_at,"[0.045808124459809856, 10.496674057649669, 53, 263]",1.341810614117174,25.055555555555554,0.0,86.89999999999904
eval_at,"[0.046672428694900604, 10.376940133037694, 54, 260]",1.3495209145469003,25.055555555555554,0.0,86.99999999999903
eval_at,"[0.0449438202247191, 10.496674057649669, 52, 263]",1.3573585873923477,25.055555555555554,0.0,87.09999999999903
eval_at,"[0.0449438202247191, 10.536585365853659, 52, 264]",1.3641809421231366,25.055555555555554,0.0,87.19999999999902
eval_at,"[0.0449438202247191, 10.496674057649669, 52, 263]",1.3717218608582002,25.055555555555554,0.0,87.29999999999902
eval_at,"[0.045808124459809856, 10.416851441241686, 53, 261]",1.380122780489963,25.055555555555554,0.0,87.39999999999901
eval_at,"[0.045808124459809856, 10.376940133037694, 53, 260]",1.3894290135941352,25.055555555555554,0.0,87.499999999999
eval_at,"[0.04753673292999136, 10.536585365853659, 55, 264]",1.3954908369154435,25.055555555555554,0.0,87.599999999999
eval_at,"[0.046672428694900604, 10.496674057649669, 54, 263]",1.4018549962453122,25.055555555555554,0.0,87.699999999999
eval_at,"[0.04407951598962835, 10.416851441241686, 51, 261]",1.4086527291588349,25.055555555555554,0.0,87.79999999999899
eval_at,"[0.04407951598962835, 10.257206208425721, 51, 257]",1.417350609769375,25.055555555555554,0.0,87.89999999999898
eval_at,"[0.04407951598962835, 10.337028824833704, 51, 259]",1.4254326465174771,25.055555555555554,0.0,87.99999999999898
eval_at,"[0.04235090751944685, 10.337028824833704, 49, 259]",1.4329384647818508,25.055555555555554,0.0,88.09999999999897
eval_at,"[0.04148660328435609, 10.21729490022173, 48, 256]",1.440468135679467,25.055555555555554,0.0,88.19999999999897
eval_at,"[0.04148660328435609, 10.137472283813748, 48, 254]",1.45010666202029,25.055555555555554,0.0,88.29999999999896
eval_at,"[0.04235090751944685, 9.977827050997783, 49, 250]",1.4576527673458641,25.055555555555554,0.0,88.39999999999895
eval_at,"[0.04235090751944685, 10.21729490022173, 49, 256]",1.4668573031690035,25.055555555555554,0.0,88.49999999999895
eval_at,"[0.04235090751944685, 10.257206208425721, 49, 257]",1.4746308162408193,25.055555555555554,0.0,88.59999999999894
eval_at,"[0.04148660328435609, 10.337028824833704, 48, 259]",1.482158630942614,25.055555555555554,0.0,88.69999999999894
eval_at,"[0.04062229904926534, 10.177383592017739, 47, 255]",1.490831874484712,25.055555555555554,0.0,88.79999999999893
eval_at,"[0.04148660328435609, 9.818181818181818, 48, 246]",1.4993081789197276,25.055555555555554,0.0,88.89999999999893
eval_at,"[0.04235090751944685, 9.698447893569845, 49, 243]",1.5076868058944684,25.055555555555554,0.0,88.99999999999892
eval_at,"[0.043215211754537596, 9.53880266075388, 50, 239]",1.5142497670687824,25.055555555555554,0.0,89.09999999999891
eval_at,"[0.04407951598962835, 9.698447893569845, 51, 243]",1.519423074111508,25.055555555555554,0.0,89.19999999999891
eval_at,"[0.0449438202247191, 9.8980044345898, 52, 248]",1.525274431070916,25.055555555555554,0.0,89.2999999999989
eval_at,"[0.04407951598962835, 10.017738359201775, 51, 251]",1.5323867885006097,25.055555555555554,0.0,89.3999999999989
eval_at,"[0.043215211754537596, 9.937915742793793, 50, 249]",1.5380907715527559,25.055555555555554,0.0,89.49999999999889
eval_at,"[0.04407951598962835, 10.137472283813748, 51, 254]",1.5453736528331914,25.055555555555554,0.0,89.59999999999889
eval_at,"[0.043215211754537596, 10.21729490022173, 50, 256]",1.5522451081244042,25.055555555555554,0.0,89.69999999999888
eval_at,"[0.043215211754537596, 10.21729490022173, 50, 256]",1.558279198959309,25.055555555555554,0.0,89.79999999999887
eval_at,"[0.043215211754537596, 10.137472283813748, 50, 254]",1.5634958551359326,25.055555555555554,0.0,89.89999999999887
eval_at,"[0.04235090751944685, 10.257206208425721, 49, 257]",1.5698815482837476,25.055555555555554,0.0,89.99999999999886
eval_at,"[0.04148660328435609, 10.297117516629713, 48, 258]",1.576729906892826,25.055555555555554,0.0,90.09999999999886
eval_at,"[0.04148660328435609, 10.416851441241686, 48, 261]",1.581842204945241,25.055555555555554,0.0,90.19999999999885
eval_at,"[0.043215211754537596, 10.416851441241686, 50, 261]",1.587510158098265,25.055555555555554,0.0,90.29999999999885
eval_at,"[0.043215211754537596, 10.496674057649669, 50, 263]",1.593746976139401,25.055555555555554,0.0,90.39999999999884
eval_at,"[0.043215211754537596, 10.576496674057651, 50, 265]",1.5986159373744397,25.055555555555554,0.0,90.49999999999883
eval_at,"[0.043215211754537596, 10.576496674057651, 50, 265]",1.6026758604831262,25.055555555555554,0.0,90.59999999999883
eval_at,"[0.04148660328435609, 10.576496674057651, 48, 265]",1.610066691484111,25.055555555555554,0.0,90.69999999999882
eval_at,"[0.04062229904926534, 10.576496674057651, 47, 265]",1.6149486921852283,25.055555555555554,0.0,90.79999999999882
eval_at,"[0.04062229904926534, 10.815964523281597, 47, 271]",1.621446691731872,25.055555555555554,0.0,90.89999999999881
eval_at,"[0.04148660328435609, 10.975609756097562, 48, 275]",1.627548126333534,25.055555555555554,0.0,90.9999999999988
eval_at,"[0.04062229904926534, 11.015521064301552, 47, 276]",1.6339608196738236,25.055555555555554,0.0,91.0999999999988
eval_at,"[0.03975799481417459, 10.696230598669624, 46, 268]",1.6396473817783068,25.055555555555554,0.0,91.1999999999988
eval_at,"[0.03802938634399308, 10.456762749445677, 44, 262]",1.6434396166980125,25.055555555555554,0.0,91.29999999999879
eval_at,"[0.03889369057908384, 10.496674057649669, 45, 263]",1.64915569493925,25.055555555555554,0.0,91.39999999999878
eval_at,"[0.03802938634399308, 10.496674057649669, 44, 263]",1.6555457309267478,25.055555555555554,0.0,91.49999999999878
eval_at,"[0.03889369057908384, 10.257206208425721, 45, 257]",1.660473901062081,25.055555555555554,0.0,91.59999999999877
eval_at,"[0.03889369057908384, 10.21729490022173, 45, 256]",1.6664835687953186,25.055555555555554,0.0,91.69999999999877
eval_at,"[0.03975799481417459, 10.21729490022173, 46, 256]",1.6729868512322252,25.055555555555554,0.0,91.79999999999876
eval_at,"[0.03889369057908384, 10.177383592017739, 45, 255]",1.6778554507338919,25.055555555555554,0.0,91.89999999999876
eval_at,"[0.03802938634399308, 10.297117516629713, 44, 258]",1.6845597088800548,25.055555555555554,0.0,91.99999999999875
eval_at,"[0.037165082108902334, 10.21729490022173, 43, 256]",1.6901069996167728,25.055555555555554,0.0,92.09999999999874
eval_at,"[0.03543647363872083, 10.137472283813748, 41, 254]",1.6948286715830105,25.055555555555554,0.0,92.19999999999874
eval_at,"[0.03543647363872083, 9.977827050997783, 41, 250]",1.6998832892699167,25.055555555555554,0.0,92.29999999999873
eval_at,"[0.03457216940363008, 10.017738359201775, 40, 251]",1.7037332305709134,25.055555555555554,0.0,92.39999999999873
eval_at,"[0.033707865168539325, 9.738359201773836, 39, 244]",1.709537910622129,25.055555555555554,0.0,92.49999999999872
eval_at,"[0.033707865168539325, 9.618625277161863, 39, 241]",1.7148022174421116,25.055555555555554,0.0,92.59999999999872
eval_at,"[0.03457216940363008, 9.458980044345898, 40, 237]",1.720852391897373,25.055555555555554,0.0,92.69999999999871
eval_at,"[0.033707865168539325, 9.419068736141908, 39, 236]",1.7281151837849682,25.055555555555554,0.0,92.7999999999987
eval_at,"[0.033707865168539325, 9.299334811529935, 39, 233]",1.7335828108883564,25.055555555555554,0.0,92.8999999999987
eval_at,"[0.03197925669835782, 9.13968957871397, 37, 229]",1.7394774632867922,25.055555555555554,0.0,92.99999999999869
eval_at,"[0.03197925669835782, 8.980044345898005, 37, 225]",1.7457439705998385,25.055555555555554,0.0,93.09999999999869
eval_at,"[0.03197925669835782, 8.900221729490022, 37, 223]",1.7508316417352043,25.055555555555554,0.0,93.19999999999868
eval_at,"[0.03197925669835782, 8.860310421286032, 37, 222]",1.7577542070620606,25.055555555555554,0.0,93.29999999999868
eval_at,"[0.03197925669835782, 8.580931263858094, 37, 215]",1.7640387135793525,25.055555555555554,0.0,93.39999999999867
eval_at,"[0.03197925669835782, 8.461197339246121, 37, 212]",1.7705200763896611,25.055555555555554,0.0,93.49999999999866
eval_at,"[0.032843560933448576, 8.461197339246121, 38, 212]",1.7779219390503151,25.055555555555554,0.0,93.59999999999866
eval_at,"[0.03197925669835782, 8.181818181818182, 37, 205]",1.7837119825751966,25.055555555555554,0.0,93.69999999999865
eval_at,"[0.03197925669835782, 8.301552106430156, 37, 208]",1.7900533435245134,25.055555555555554,0.0,93.79999999999865
eval_at,"[0.03111495246326707, 8.341463414634147, 36, 209]",1.796197614960512,25.055555555555554,0.0,93.89999999999864
eval_at,"[0.03197925669835782, 8.141906873614191, 37, 204]",1.8048818588729254,25.055555555555554,0.0,93.99999999999864
eval_at,"[0.029386343993085567, 8.181818181818182, 34, 205]",1.8127934627449613,25.055555555555554,0.0,94.09999999999863
eval_at,"[0.028522039757994815, 8.101995565410201, 33, 203]",1.8209768504482673,25.055555555555554,0.0,94.19999999999862
eval_at,"[0.028522039757994815, 7.662971175166298, 33, 192]",1.8266992304799248,25.055555555555554,0.0,94.29999999999862
eval_at,"[0.027657735522904063, 7.782705099778271, 32, 195]",1.8326887154389766,25.055555555555554,0.0,94.39999999999861
eval_at,"[0.02679343128781331, 7.782705099778271, 31, 195]",1.8417641687185506,25.055555555555554,0.0,94.49999999999861
eval_at,"[0.02592912705272256, 7.782705099778271, 30, 195]",1.8498116697676354,25.055555555555554,0.0,94.5999999999986
eval_at,"[0.02592912705272256, 7.7028824833702885, 30, 193]",1.856982650265018,25.055555555555554,0.0,94.6999999999986
eval_at,"[0.024200518582541054, 7.583148558758316, 28, 190]",1.864072425108624,25.055555555555554,0.0,94.79999999999859
eval_at,"[0.024200518582541054, 7.543237250554324, 28, 189]",1.8703219853082624,25.055555555555554,0.0,94.89999999999858
eval_at,"[0.023336214347450302, 7.503325942350333, 27, 188]",1.8791153715109306,25.055555555555554,0.0,94.99999999999858
eval_at,"[0.021607605877268798, 7.383592017738359, 25, 185]",1.8885416342338543,25.055555555555554,0.0,95.09999999999857
eval_at,"[0.020743301642178046, 7.463414634146342, 24, 187]",1.8960888840365255,25.055555555555554,0.0,95.19999999999857
eval_at,"[0.021607605877268798, 7.423503325942351, 25, 186]",1.9057425778106232,25.055555555555554,0.0,95.29999999999856
eval_at,"[0.020743301642178046, 7.423503325942351, 24, 186]",1.913787333640212,25.055555555555554,0.0,95.39999999999856
eval_at,"[0.019878997407087293, 7.184035476718404, 23, 180]",1.9221598519009788,25.055555555555554,0.0,95.49999999999855
eval_at,"[0.019878997407087293, 7.06430155210643, 23, 177]",1.9338749225421321,25.055555555555554,0.0,95.59999999999854
eval_at,"[0.020743301642178046, 7.223946784922395, 24, 181]",1.9413132621402733,25.055555555555554,0.0,95.69999999999854
eval_at,"[0.020743301642178046, 7.06430155210643, 24, 177]",1.9497305832174097,25.055555555555554,0.0,95.79999999999853
eval_at,"[0.020743301642178046, 6.7849223946784925, 24, 170]",1.9598229772278242,25.055555555555554,0.0,95.89999999999853
eval_at,"[0.020743301642178046, 6.505543237250555, 24, 163]",1.9683612600151652,25.055555555555554,0.0,95.99999999999852
eval_at,"[0.019878997407087293, 6.545454545454546, 23, 164]",1.9772802925879016,25.055555555555554,0.0,96.09999999999852
eval_at,"[0.019878997407087293, 6.505543237250555, 23, 163]",1.987398839314644,25.055555555555554,0.0,96.19999999999851
eval_at,"[0.01901469317199654, 6.505543237250555, 22, 163]",1.998984114956179,25.055555555555554,0.0,96.2999999999985
eval_at,"[0.01728608470181504, 6.585365853658537, 20, 165]",2.0089865286728577,25.055555555555554,0.0,96.3999999999985
eval_at,"[0.015557476231633534, 6.505543237250555, 18, 163]",2.017095457821714,25.055555555555554,0.0,96.4999999999985
eval_at,"[0.013828867761452032, 6.505543237250555, 16, 163]",2.0295749984994633,25.055555555555554,0.0,96.59999999999849
eval_at,"[0.013828867761452032, 6.226164079822617, 16, 156]",2.0393704418290173,25.055555555555554,0.0,96.69999999999848
eval_at,"[0.013828867761452032, 5.906873614190688, 16, 148]",2.0467981153799695,25.055555555555554,0.0,96.79999999999848
eval_at,"[0.013828867761452032, 5.747228381374724, 16, 144]",2.0597499957039758,25.055555555555554,0.0,96.89999999999847
eval_at,"[0.01296456352636128, 5.707317073170732, 15, 143]",2.0705198064826433,25.055555555555554,0.0,96.99999999999847
eval_at,"[0.012100259291270527, 5.587583148558759, 14, 140]",2.0797259313397864,25.055555555555554,0.0,97.09999999999846
eval_at,"[0.011235955056179775, 5.507760532150776, 13, 138]",2.093128410136588,25.055555555555554,0.0,97.19999999999845
eval_at,"[0.012100259291270527, 5.467849223946786, 14, 137]",2.104730675803141,25.055555555555554,0.0,97.29999999999845
eval_at,"[0.01296456352636128, 5.348115299334812, 15, 134]",2.1159206737359284,25.055555555555554,0.0,97.39999999999844
eval_at,"[0.01296456352636128, 5.348115299334812, 15, 134]",2.125835918753557,25.055555555555554,0.0,97.49999999999844
eval_at,"[0.013828867761452032, 5.188470066518847, 16, 130]",2.1383143680201564,25.055555555555554,0.0,97.59999999999843
eval_at,"[0.01296456352636128, 4.988913525498892, 15, 125]",2.1503638224858843,25.055555555555554,0.0,97.69999999999843
eval_at,"[0.012100259291270527, 4.669623059866963, 14, 117]",2.1614284894268114,25.055555555555554,0.0,97.79999999999842
eval_at,"[0.012100259291270527, 4.549889135254989, 14, 114]",2.1729586601017976,25.055555555555554,0.0,97.89999999999841
eval_at,"[0.012100259291270527, 4.3503325942350335, 14, 109]",2.184584743848308,25.055555555555554,0.0,97.99999999999841
eval_at,"[0.011235955056179775, 4.270509977827051, 13, 107]",2.1966544552089164,25.055555555555554,0.0,98.0999999999984
eval_at,"[0.011235955056179775, 4.390243902439025, 13, 110]",2.2109377796258816,25.055555555555554,0.0,98.1999999999984
eval_at,"[0.011235955056179775, 4.070953436807096, 13, 102]",2.2257495648700227,25.055555555555554,0.0,98.29999999999839
eval_at,"[0.011235955056179775, 3.791574279379158, 13, 95]",2.239151447148528,25.055555555555554,0.0,98.39999999999839
eval_at,"[0.010371650821089023, 3.4722838137472287, 12, 87]",2.2532713776864424,25.055555555555554,0.0,98.49999999999838
eval_at,"[0.010371650821089023, 3.4323725055432375, 12, 86]",2.267723281937068,25.055555555555554,0.0,98.59999999999837
eval_at,"[0.010371650821089023, 3.4722838137472287, 12, 87]",2.279744055816864,25.055555555555554,0.0,98.69999999999837
eval_at,"[0.010371650821089023, 3.0332594235033263, 12, 76]",2.297419978352379,25.055555555555554,0.0,98.79999999999836
eval_at,"[0.006914433880726016, 2.993348115299335, 8, 75]",2.3166919310575755,25.055555555555554,0.0,98.89999999999836
eval_at,"[0.006050129645635264, 2.7937915742793793, 7, 70]",2.337013073399162,25.055555555555554,0.0,98.99999999999835
eval_at,"[0.006914433880726016, 2.354767184035477, 8, 59]",2.359178747772333,25.055555555555554,0.0,99.09999999999835
eval_at,"[0.006050129645635264, 2.2749445676274944, 7, 57]",2.382159816965553,25.055555555555554,0.0,99.19999999999834
eval_at,"[0.006050129645635264, 1.9556541019955656, 7, 49]",2.404582426302253,25.055555555555554,0.0,99.29999999999833
eval_at,"[0.005185825410544511, 1.796008869179601, 6, 45]",2.431814435549453,25.055555555555554,0.0,99.39999999999833
eval_at,"[0.005185825410544511, 1.5565410199556542, 6, 39]",2.459313325914506,25.055555555555554,0.0,99.49999999999832
eval_at,"[0.0025929127052722557, 1.2771618625277164, 3, 32]",2.496862242574083,25.055555555555554,0.0,99.59999999999832
eval_at,"[0.000864304235090752, 0.878048780487805, 1, 22]",2.5275519034474554,25.055555555555554,0.0,99.69999999999831
eval_at,"[0.000864304235090752, 0.6784922394678493, 1, 17]",2.5683376901258095,25.055555555555554,0.0,99.7999999999983
eval_at,"[0.0, 0.47893569844789363, 0, 12]",2.636945557770796,25.055555555555554,0.0,99.8999999999983
eval_at,"[0.06395851339671564, 25.662971175166298, 74, 643]",0.38034713551736515,25.055555555555554,0.1,70.0
eval_at,"[0.06395851339671564, 25.34368070953437, 74, 635]",0.38367468868909105,25.055555555555554,0.1,70.1
eval_at,"[0.06395851339671564, 25.184035476718407, 74, 631]",0.38642416193812434,25.055555555555554,0.1,70.19999999999999
eval_at,"[0.06395851339671564, 25.223946784922397, 74, 632]",0.389004264009317,25.055555555555554,0.1,70.29999999999998
eval_at,"[0.06395851339671564, 25.064301552106432, 74, 628]",0.39209404352108485,25.055555555555554,0.1,70.39999999999998
eval_at,"[0.06482281763180639, 25.02439024390244, 75, 627]",0.39503168045939835,25.055555555555554,0.1,70.49999999999997
eval_at,"[0.06482281763180639, 24.98447893569845, 75, 626]",0.3977234672123924,25.055555555555554,0.1,70.59999999999997
eval_at,"[0.06568712186689715, 24.66518847006652, 76, 618]",0.4003925507540476,25.055555555555554,0.1,70.69999999999996
eval_at,"[0.06568712186689715, 24.66518847006652, 76, 618]",0.4040105096080651,25.055555555555554,0.1,70.79999999999995
eval_at,"[0.0665514261019879, 24.465631929046566, 77, 613]",0.40655893035057805,25.055555555555554,0.1,70.89999999999995
eval_at,"[0.06395851339671564, 24.465631929046566, 74, 613]",0.4103203679166669,25.055555555555554,0.1,70.99999999999994
eval_at,"[0.06395851339671564, 24.66518847006652, 74, 618]",0.4134964009153694,25.055555555555554,0.1,71.09999999999994
eval_at,"[0.06395851339671564, 24.70509977827051, 74, 619]",0.41588608652268594,25.055555555555554,0.1,71.19999999999993
eval_at,"[0.06395851339671564, 24.62527716186253, 74, 617]",0.4191713982970257,25.055555555555554,0.1,71.29999999999993
eval_at,"[0.06136560069144339, 24.784922394678492, 71, 621]",0.4217660561078277,25.055555555555554,0.1,71.39999999999992
eval_at,"[0.06050129645635264, 24.585365853658537, 70, 616]",0.4249928363595907,25.055555555555554,0.1,71.49999999999991
eval_at,"[0.059636992221261884, 24.465631929046566, 69, 613]",0.42885391522606403,25.055555555555554,0.1,71.59999999999991
eval_at,"[0.059636992221261884, 24.106430155210646, 69, 604]",0.4325209608853494,25.055555555555554,0.1,71.6999999999999
eval_at,"[0.059636992221261884, 24.02660753880266, 69, 602]",0.4356117746866432,25.055555555555554,0.1,71.7999999999999
eval_at,"[0.059636992221261884, 23.866962305986696, 69, 598]",0.4396273125291669,25.055555555555554,0.1,71.89999999999989
eval_at,"[0.058772687986171135, 23.787139689578716, 68, 596]",0.44266309297784573,25.055555555555554,0.1,71.99999999999989
eval_at,"[0.059636992221261884, 23.66740576496674, 69, 593]",0.44584846783728027,25.055555555555554,0.1,72.09999999999988
eval_at,"[0.059636992221261884, 23.66740576496674, 69, 593]",0.44852003693387804,25.055555555555554,0.1,72.19999999999987
eval_at,"[0.05790838375108038, 23.66740576496674, 67, 593]",0.4513257959467667,25.055555555555554,0.1,72.29999999999987
eval_at,"[0.05704407951598963, 23.427937915742795, 66, 587]",0.45496402843254746,25.055555555555554,0.1,72.39999999999986
eval_at,"[0.056179775280898875, 23.54767184035477, 65, 590]",0.4571795079057204,25.055555555555554,0.1,72.49999999999986
eval_at,"[0.056179775280898875, 23.54767184035477, 65, 590]",0.46049394028907015,25.055555555555554,0.1,72.59999999999985
eval_at,"[0.055315471045808126, 23.348115299334815, 64, 585]",0.4631096667921952,25.055555555555554,0.1,72.69999999999985
eval_at,"[0.056179775280898875, 23.22838137472284, 65, 582]",0.46672596728366705,25.055555555555554,0.1,72.79999999999984
eval_at,"[0.055315471045808126, 23.028824833702885, 64, 577]",0.4696079295788717,25.055555555555554,0.1,72.89999999999984
eval_at,"[0.055315471045808126, 22.78935698447894, 64, 571]",0.4725738181373895,25.055555555555554,0.1,72.99999999999983
eval_at,"[0.055315471045808126, 22.629711751662974, 64, 567]",0.4753558471128446,25.055555555555554,0.1,73.09999999999982
eval_at,"[0.056179775280898875, 22.629711751662974, 65, 567]",0.47830628272488607,25.055555555555554,0.1,73.19999999999982
eval_at,"[0.055315471045808126, 22.54988913525499, 64, 565]",0.4823021596032988,25.055555555555554,0.1,73.29999999999981
eval_at,"[0.055315471045808126, 22.54988913525499, 64, 565]",0.48552571224501745,25.055555555555554,0.1,73.3999999999998
eval_at,"[0.055315471045808126, 22.58980044345898, 64, 566]",0.4888984987188305,25.055555555555554,0.1,73.4999999999998
eval_at,"[0.055315471045808126, 22.54988913525499, 64, 565]",0.49235156589594775,25.055555555555554,0.1,73.5999999999998
eval_at,"[0.055315471045808126, 22.47006651884701, 64, 563]",0.4951079590436752,25.055555555555554,0.1,73.69999999999979
eval_at,"[0.05790838375108038, 22.43015521064302, 67, 562]",0.49867136362422626,25.055555555555554,0.1,73.79999999999978
eval_at,"[0.05790838375108038, 22.509977827051, 67, 564]",0.5022899009098327,25.055555555555554,0.1,73.89999999999978
eval_at,"[0.05704407951598963, 22.509977827051, 66, 564]",0.5055570286336224,25.055555555555554,0.1,73.99999999999977
eval_at,"[0.056179775280898875, 22.270509977827054, 65, 558]",0.5087928818034867,25.055555555555554,0.1,74.09999999999977
eval_at,"[0.056179775280898875, 22.15077605321508, 65, 555]",0.5129056657630234,25.055555555555554,0.1,74.19999999999976
eval_at,"[0.055315471045808126, 21.951219512195124, 64, 550]",0.5170782947155884,25.055555555555554,0.1,74.29999999999976
eval_at,"[0.055315471045808126, 21.75166297117517, 64, 545]",0.5205934345270039,25.055555555555554,0.1,74.39999999999975
eval_at,"[0.056179775280898875, 21.631929046563194, 65, 542]",0.524286905513805,25.055555555555554,0.1,74.49999999999974
eval_at,"[0.05704407951598963, 21.631929046563194, 66, 542]",0.5278370066434277,25.055555555555554,0.1,74.59999999999974
eval_at,"[0.056179775280898875, 21.592017738359203, 65, 541]",0.5307584601126756,25.055555555555554,0.1,74.69999999999973
eval_at,"[0.058772687986171135, 21.352549889135258, 68, 535]",0.5338012965506987,25.055555555555554,0.1,74.79999999999973
eval_at,"[0.05790838375108038, 21.312638580931267, 67, 534]",0.537603072374383,25.055555555555554,0.1,74.89999999999972
eval_at,"[0.05790838375108038, 21.192904656319293, 67, 531]",0.5419324023531014,25.055555555555554,0.1,74.99999999999972
eval_at,"[0.05704407951598963, 20.953436807095347, 66, 525]",0.5459707765283371,25.055555555555554,0.1,75.09999999999971
eval_at,"[0.05790838375108038, 20.634146341463417, 67, 517]",0.5495224464114972,25.055555555555554,0.1,75.1999999999997
eval_at,"[0.05704407951598963, 20.474501108647452, 66, 513]",0.5526893348850352,25.055555555555554,0.1,75.2999999999997
eval_at,"[0.056179775280898875, 20.07538802660754, 65, 503]",0.5557398892951858,25.055555555555554,0.1,75.3999999999997
eval_at,"[0.056179775280898875, 20.07538802660754, 65, 503]",0.5597136178884671,25.055555555555554,0.1,75.49999999999969
eval_at,"[0.055315471045808126, 19.7960088691796, 64, 496]",0.5641351525608636,25.055555555555554,0.1,75.59999999999968
eval_at,"[0.05445116681071737, 19.835920177383592, 63, 497]",0.5674976943015669,25.055555555555554,0.1,75.69999999999968
eval_at,"[0.05445116681071737, 19.636363636363637, 63, 492]",0.5722357009709511,25.055555555555554,0.1,75.79999999999967
eval_at,"[0.05358686257562662, 19.516629711751666, 62, 489]",0.5777908453558828,25.055555555555554,0.1,75.89999999999966
eval_at,"[0.052722558340535866, 19.43680709534368, 61, 487]",0.581481809754048,25.055555555555554,0.1,75.99999999999966
eval_at,"[0.05358686257562662, 19.516629711751666, 62, 489]",0.5859610268529263,25.055555555555554,0.1,76.09999999999965
eval_at,"[0.05358686257562662, 19.3569844789357, 62, 485]",0.589402386592497,25.055555555555554,0.1,76.19999999999965
eval_at,"[0.05358686257562662, 19.31707317073171, 62, 484]",0.592454834562966,25.055555555555554,0.1,76.29999999999964
eval_at,"[0.05358686257562662, 19.277161862527716, 62, 483]",0.5974505523035716,25.055555555555554,0.1,76.39999999999964
eval_at,"[0.052722558340535866, 19.197339246119736, 61, 481]",0.6014877399946931,25.055555555555554,0.1,76.49999999999963
eval_at,"[0.05358686257562662, 19.157427937915745, 62, 480]",0.604685948230343,25.055555555555554,0.1,76.59999999999962
eval_at,"[0.052722558340535866, 19.197339246119736, 61, 481]",0.6098026177105883,25.055555555555554,0.1,76.69999999999962
eval_at,"[0.052722558340535866, 19.07760532150776, 61, 478]",0.6133110613305602,25.055555555555554,0.1,76.79999999999961
eval_at,"[0.052722558340535866, 18.878048780487806, 61, 473]",0.6169435281797125,25.055555555555554,0.1,76.89999999999961
eval_at,"[0.05185825410544512, 18.67849223946785, 60, 468]",0.6212254661417411,25.055555555555554,0.1,76.9999999999996
eval_at,"[0.05185825410544512, 18.71840354767184, 60, 469]",0.6272081673268135,25.055555555555554,0.1,77.0999999999996
eval_at,"[0.05185825410544512, 18.59866962305987, 60, 466]",0.6337972544187493,25.055555555555554,0.1,77.19999999999959
eval_at,"[0.05012964563526361, 18.439024390243905, 58, 462]",0.6397701808784423,25.055555555555554,0.1,77.29999999999959
eval_at,"[0.05099394987035436, 18.35920177383592, 59, 460]",0.6440458556995798,25.055555555555554,0.1,77.39999999999958
eval_at,"[0.05185825410544512, 18.199556541019955, 60, 456]",0.648303518456779,25.055555555555554,0.1,77.49999999999957
eval_at,"[0.05185825410544512, 18.27937915742794, 60, 458]",0.6537568380370125,25.055555555555554,0.1,77.59999999999957
eval_at,"[0.05185825410544512, 18.23946784922395, 60, 457]",0.6596482128176133,25.055555555555554,0.1,77.69999999999956
eval_at,"[0.05012964563526361, 18.039911308203994, 58, 452]",0.6642445758014369,25.055555555555554,0.1,77.79999999999956
eval_at,"[0.04840103716508211, 17.92017738359202, 56, 449]",0.6681753867002522,25.055555555555554,0.1,77.89999999999955
eval_at,"[0.05012964563526361, 17.88026607538803, 58, 448]",0.6718899571060638,25.055555555555554,0.1,77.99999999999955
eval_at,"[0.05012964563526361, 17.720620842572064, 58, 444]",0.6778538533301707,25.055555555555554,0.1,78.09999999999954
eval_at,"[0.049265341400172864, 17.5609756097561, 57, 440]",0.6823355483355061,25.055555555555554,0.1,78.19999999999953
eval_at,"[0.04840103716508211, 17.401330376940134, 56, 436]",0.6867305559353429,25.055555555555554,0.1,78.29999999999953
eval_at,"[0.049265341400172864, 17.121951219512198, 57, 429]",0.6920254390162309,25.055555555555554,0.1,78.39999999999952
eval_at,"[0.049265341400172864, 17.082039911308204, 57, 428]",0.6963896386096681,25.055555555555554,0.1,78.49999999999952
eval_at,"[0.05012964563526361, 16.962305986696233, 58, 425]",0.701208401691855,25.055555555555554,0.1,78.59999999999951
eval_at,"[0.049265341400172864, 16.722838137472284, 57, 419]",0.7071530643325044,25.055555555555554,0.1,78.6999999999995
eval_at,"[0.04753673292999136, 16.52328159645233, 55, 414]",0.7118788604952262,25.055555555555554,0.1,78.7999999999995
eval_at,"[0.04840103716508211, 16.483370288248338, 56, 413]",0.7182761678428362,25.055555555555554,0.1,78.8999999999995
eval_at,"[0.046672428694900604, 16.403547671840357, 54, 411]",0.7234172738602805,25.055555555555554,0.1,78.99999999999949
eval_at,"[0.04753673292999136, 16.403547671840357, 55, 411]",0.7279272729097513,25.055555555555554,0.1,79.09999999999948
eval_at,"[0.049265341400172864, 16.403547671840357, 57, 411]",0.7324330347524234,25.055555555555554,0.1,79.19999999999948
eval_at,"[0.049265341400172864, 16.283813747228383, 57, 408]",0.7372500062760818,25.055555555555554,0.1,79.29999999999947
eval_at,"[0.04753673292999136, 16.164079822616408, 55, 405]",0.7416160817265005,25.055555555555554,0.1,79.39999999999947
eval_at,"[0.04753673292999136, 16.283813747228383, 55, 408]",0.7470590102653127,25.055555555555554,0.1,79.49999999999946
eval_at,"[0.04753673292999136, 16.164079822616408, 55, 405]",0.7534796348245746,25.055555555555554,0.1,79.59999999999945
eval_at,"[0.04840103716508211, 16.044345898004437, 56, 402]",0.7579642270910385,25.055555555555554,0.1,79.69999999999945
eval_at,"[0.04840103716508211, 15.924611973392462, 56, 399]",0.7628468748782246,25.055555555555554,0.1,79.79999999999944
eval_at,"[0.046672428694900604, 15.84478935698448, 54, 397]",0.7676089488874963,25.055555555555554,0.1,79.89999999999944
eval_at,"[0.04753673292999136, 16.004434589800443, 55, 401]",0.772326816957244,25.055555555555554,0.1,79.99999999999943
eval_at,"[0.04753673292999136, 15.725055432372507, 55, 394]",0.7776548711497422,25.055555555555554,0.1,80.09999999999943
eval_at,"[0.04840103716508211, 15.80487804878049, 56, 396]",0.7834004535875074,25.055555555555554,0.1,80.19999999999942
eval_at,"[0.05012964563526361, 15.725055432372507, 58, 394]",0.7882928138927398,25.055555555555554,0.1,80.29999999999941
eval_at,"[0.049265341400172864, 15.725055432372507, 57, 394]",0.7941905050125239,25.055555555555554,0.1,80.39999999999941
eval_at,"[0.04840103716508211, 15.48558758314856, 56, 388]",0.8004809454740945,25.055555555555554,0.1,80.4999999999994
eval_at,"[0.05012964563526361, 15.405764966740577, 58, 386]",0.8047855762582512,25.055555555555554,0.1,80.5999999999994
eval_at,"[0.049265341400172864, 15.405764966740577, 57, 386]",0.8102217334387382,25.055555555555554,0.1,80.69999999999939
eval_at,"[0.049265341400172864, 15.48558758314856, 57, 388]",0.8144670999788975,25.055555555555554,0.1,80.79999999999939
eval_at,"[0.04840103716508211, 15.525498891352552, 56, 389]",0.8197480100410929,25.055555555555554,0.1,80.89999999999938
eval_at,"[0.04840103716508211, 15.605321507760534, 56, 391]",0.8254650183192518,25.055555555555554,0.1,80.99999999999937
eval_at,"[0.04753673292999136, 15.405764966740577, 55, 386]",0.8316306110136796,25.055555555555554,0.1,81.09999999999937
eval_at,"[0.04753673292999136, 15.405764966740577, 55, 386]",0.8381910373466344,25.055555555555554,0.1,81.19999999999936
eval_at,"[0.049265341400172864, 15.445676274944569, 57, 387]",0.8440086726890256,25.055555555555554,0.1,81.29999999999936
eval_at,"[0.05012964563526361, 15.365853658536587, 58, 385]",0.8495583522653917,25.055555555555554,0.1,81.39999999999935
eval_at,"[0.049265341400172864, 15.286031042128604, 57, 383]",0.855900712077004,25.055555555555554,0.1,81.49999999999935
eval_at,"[0.049265341400172864, 15.046563192904658, 57, 377]",0.8615267324851892,25.055555555555554,0.1,81.59999999999934
eval_at,"[0.05012964563526361, 15.086474501108649, 58, 378]",0.8659317655011384,25.055555555555554,0.1,81.69999999999933
eval_at,"[0.05012964563526361, 15.126385809312639, 58, 379]",0.8724966073114447,25.055555555555554,0.1,81.79999999999933
eval_at,"[0.05099394987035436, 15.006651884700666, 59, 376]",0.878744513426059,25.055555555555554,0.1,81.89999999999932
eval_at,"[0.05185825410544512, 14.926829268292684, 60, 374]",0.8854823389432043,25.055555555555554,0.1,81.99999999999932
eval_at,"[0.052722558340535866, 14.647450110864746, 61, 367]",0.8909024826150875,25.055555555555554,0.1,82.09999999999931
eval_at,"[0.05185825410544512, 14.527716186252773, 60, 364]",0.8990280273806227,25.055555555555554,0.1,82.1999999999993
eval_at,"[0.05185825410544512, 14.527716186252773, 60, 364]",0.905886848268515,25.055555555555554,0.1,82.2999999999993
eval_at,"[0.05185825410544512, 14.487804878048781, 60, 363]",0.9119872533672067,25.055555555555554,0.1,82.3999999999993
eval_at,"[0.05185825410544512, 14.44789356984479, 60, 362]",0.9163568877762137,25.055555555555554,0.1,82.49999999999929
eval_at,"[0.052722558340535866, 14.487804878048781, 61, 363]",0.923615809048489,25.055555555555554,0.1,82.59999999999928
eval_at,"[0.052722558340535866, 14.44789356984479, 61, 362]",0.9305351908886929,25.055555555555554,0.1,82.69999999999928
eval_at,"[0.05358686257562662, 14.328159645232818, 62, 359]",0.9380198256665344,25.055555555555554,0.1,82.79999999999927
eval_at,"[0.05445116681071737, 14.328159645232818, 63, 359]",0.9443872653706306,25.055555555555554,0.1,82.89999999999927
eval_at,"[0.055315471045808126, 14.208425720620843, 64, 356]",0.9507510893282767,25.055555555555554,0.1,82.99999999999926
eval_at,"[0.05358686257562662, 14.12860310421286, 62, 354]",0.9573376483405556,25.055555555555554,0.1,83.09999999999926
eval_at,"[0.05358686257562662, 14.04878048780488, 62, 352]",0.9630501912046098,25.055555555555554,0.1,83.19999999999925
eval_at,"[0.05358686257562662, 13.809312638580932, 62, 346]",0.9701238069077718,25.055555555555554,0.1,83.29999999999924
eval_at,"[0.05358686257562662, 13.769401330376942, 62, 345]",0.9769326564453702,25.055555555555554,0.1,83.39999999999924
eval_at,"[0.05185825410544512, 13.809312638580932, 60, 346]",0.9830205469976097,25.055555555555554,0.1,83.49999999999923
eval_at,"[0.05185825410544512, 13.849223946784923, 60, 347]",0.9897920780400123,25.055555555555554,0.1,83.59999999999923
eval_at,"[0.05185825410544512, 13.769401330376942, 60, 345]",0.9951858070686068,25.055555555555554,0.1,83.69999999999922
eval_at,"[0.05185825410544512, 13.849223946784923, 60, 347]",1.0006022687329017,25.055555555555554,0.1,83.79999999999922
eval_at,"[0.05185825410544512, 13.68957871396896, 60, 343]",1.009820157612208,25.055555555555554,0.1,83.89999999999921
eval_at,"[0.05185825410544512, 13.490022172949002, 60, 338]",1.0181790264923483,25.055555555555554,0.1,83.9999999999992
eval_at,"[0.05185825410544512, 13.33037694013304, 60, 334]",1.02524376693056,25.055555555555554,0.1,84.0999999999992
eval_at,"[0.05185825410544512, 13.37028824833703, 60, 335]",1.0338150147183331,25.055555555555554,0.1,84.19999999999919
eval_at,"[0.05358686257562662, 13.33037694013304, 62, 334]",1.0430476792221677,25.055555555555554,0.1,84.29999999999919
eval_at,"[0.05358686257562662, 13.210643015521065, 62, 331]",1.04897753631989,25.055555555555554,0.1,84.39999999999918
eval_at,"[0.05445116681071737, 12.971175166297119, 63, 325]",1.0565138357634127,25.055555555555554,0.1,84.49999999999918
eval_at,"[0.052722558340535866, 12.771618625277164, 61, 320]",1.0639431017567276,25.055555555555554,0.1,84.59999999999917
eval_at,"[0.05358686257562662, 12.651884700665189, 62, 317]",1.071319816497844,25.055555555555554,0.1,84.69999999999916
eval_at,"[0.055315471045808126, 12.691796008869181, 64, 318]",1.0779358965333243,25.055555555555554,0.1,84.79999999999916
eval_at,"[0.055315471045808126, 12.611973392461199, 64, 316]",1.0842769233937595,25.055555555555554,0.1,84.89999999999915
eval_at,"[0.055315471045808126, 12.572062084257206, 64, 315]",1.0912086810269201,25.055555555555554,0.1,84.99999999999915
eval_at,"[0.05185825410544512, 12.452328159645234, 60, 312]",1.1005395717191777,25.055555555555554,0.1,85.09999999999914
eval_at,"[0.05012964563526361, 12.532150776053216, 58, 314]",1.1074368008569924,25.055555555555554,0.1,85.19999999999914
eval_at,"[0.05099394987035436, 12.572062084257206, 59, 315]",1.113495244745515,25.055555555555554,0.1,85.29999999999913
eval_at,"[0.052722558340535866, 12.651884700665189, 61, 317]",1.1198303329438255,25.055555555555554,0.1,85.39999999999912
eval_at,"[0.05445116681071737, 12.691796008869181, 63, 318]",1.1278535115963055,25.055555555555554,0.1,85.49999999999912
eval_at,"[0.05445116681071737, 12.771618625277164, 63, 320]",1.1350839298677744,25.055555555555554,0.1,85.59999999999911
eval_at,"[0.055315471045808126, 12.572062084257206, 64, 315]",1.1450514485426448,25.055555555555554,0.1,85.69999999999911
eval_at,"[0.05445116681071737, 12.532150776053216, 63, 314]",1.151958485476959,25.055555555555554,0.1,85.7999999999991
eval_at,"[0.05358686257562662, 12.33259423503326, 62, 309]",1.1588995764215844,25.055555555555554,0.1,85.8999999999991
eval_at,"[0.05185825410544512, 12.01330376940133, 60, 301]",1.1649784441242752,25.055555555555554,0.1,85.99999999999909
eval_at,"[0.052722558340535866, 11.893569844789358, 61, 298]",1.1733643901668447,25.055555555555554,0.1,86.09999999999908
eval_at,"[0.05099394987035436, 11.374722838137473, 59, 285]",1.1810019518934496,25.055555555555554,0.1,86.19999999999908
eval_at,"[0.05099394987035436, 11.374722838137473, 59, 285]",1.1891403020637188,25.055555555555554,0.1,86.29999999999907
eval_at,"[0.049265341400172864, 11.374722838137473, 57, 285]",1.1965971729872256,25.055555555555554,0.1,86.39999999999907
eval_at,"[0.049265341400172864, 11.2549889135255, 57, 282]",1.2024222066196106,25.055555555555554,0.1,86.49999999999906
eval_at,"[0.05185825410544512, 11.175166297117517, 60, 280]",1.2096011739918615,25.055555555555554,0.1,86.59999999999906
eval_at,"[0.05099394987035436, 11.414634146341465, 59, 286]",1.2177188742193583,25.055555555555554,0.1,86.69999999999905
eval_at,"[0.049265341400172864, 11.454545454545455, 57, 287]",1.2238609543173777,25.055555555555554,0.1,86.79999999999905
eval_at,"[0.04840103716508211, 11.494456762749447, 56, 288]",1.2308774178070612,25.055555555555554,0.1,86.89999999999904
eval_at,"[0.04753673292999136, 11.494456762749447, 55, 288]",1.2381726520998537,25.055555555555554,0.1,86.99999999999903
eval_at,"[0.04840103716508211, 11.773835920177385, 56, 295]",1.2457845627266027,25.055555555555554,0.1,87.09999999999903
eval_at,"[0.04840103716508211, 11.694013303769403, 56, 293]",1.252545807427746,25.055555555555554,0.1,87.19999999999902
eval_at,"[0.05012964563526361, 11.694013303769403, 58, 293]",1.2590578903835055,25.055555555555554,0.1,87.29999999999902
eval_at,"[0.05099394987035436, 11.733924611973393, 59, 294]",1.2672711993697943,25.055555555555554,0.1,87.39999999999901
eval_at,"[0.052722558340535866, 11.733924611973393, 61, 294]",1.2743154563862151,25.055555555555554,0.1,87.499999999999
eval_at,"[0.05445116681071737, 11.61419068736142, 63, 291]",1.281683069694397,25.055555555555554,0.1,87.599999999999
eval_at,"[0.052722558340535866, 11.61419068736142, 61, 291]",1.2924236498731734,25.055555555555554,0.1,87.699999999999
eval_at,"[0.05099394987035436, 11.57427937915743, 59, 290]",1.2999888591900306,25.055555555555554,0.1,87.79999999999899
eval_at,"[0.05185825410544512, 11.733924611973393, 60, 294]",1.3068622470984068,25.055555555555554,0.1,87.89999999999898
eval_at,"[0.05358686257562662, 11.57427937915743, 62, 290]",1.3133093388673382,25.055555555555554,0.1,87.99999999999898
eval_at,"[0.05358686257562662, 11.534368070953438, 62, 289]",1.3188392663040764,25.055555555555554,0.1,88.09999999999897
eval_at,"[0.05358686257562662, 11.733924611973393, 62, 294]",1.3242708689655907,25.055555555555554,0.1,88.19999999999897
eval_at,"[0.05358686257562662, 11.65410199556541, 62, 292]",1.3332708671386775,25.055555555555554,0.1,88.29999999999896
eval_at,"[0.05445116681071737, 11.733924611973393, 63, 294]",1.3402726403306242,25.055555555555554,0.1,88.39999999999895
eval_at,"[0.05445116681071737, 11.933481152993348, 63, 299]",1.3475655142805445,25.055555555555554,0.1,88.49999999999895
eval_at,"[0.05445116681071737, 12.252771618625278, 63, 307]",1.3530869692611658,25.055555555555554,0.1,88.59999999999894
eval_at,"[0.05358686257562662, 12.532150776053216, 62, 314]",1.3601039197369822,25.055555555555554,0.1,88.69999999999894
eval_at,"[0.05185825410544512, 12.372505543237251, 60, 310]",1.3668670276857344,25.055555555555554,0.1,88.79999999999893
eval_at,"[0.05099394987035436, 12.093126385809313, 59, 303]",1.3730889970414466,25.055555555555554,0.1,88.89999999999893
eval_at,"[0.05099394987035436, 12.172949002217296, 59, 305]",1.3801766395801418,25.055555555555554,0.1,88.99999999999892
eval_at,"[0.05185825410544512, 11.97339246119734, 60, 300]",1.387124840057878,25.055555555555554,0.1,89.09999999999891
eval_at,"[0.05012964563526361, 11.933481152993348, 58, 299]",1.3948690818292304,25.055555555555554,0.1,89.19999999999891
eval_at,"[0.05012964563526361, 11.853658536585368, 58, 297]",1.3997964012016646,25.055555555555554,0.1,89.2999999999989
eval_at,"[0.049265341400172864, 11.65410199556541, 57, 292]",1.4044811229429075,25.055555555555554,0.1,89.3999999999989
eval_at,"[0.049265341400172864, 11.494456762749447, 57, 288]",1.4105404878333625,25.055555555555554,0.1,89.49999999999889
eval_at,"[0.04840103716508211, 11.414634146341465, 56, 286]",1.415831957063913,25.055555555555554,0.1,89.59999999999889
eval_at,"[0.04840103716508211, 11.414634146341465, 56, 286]",1.4224585053714867,25.055555555555554,0.1,89.69999999999888
eval_at,"[0.04840103716508211, 11.29490022172949, 56, 283]",1.4279328864535905,25.055555555555554,0.1,89.79999999999887
eval_at,"[0.04840103716508211, 11.095343680709535, 56, 278]",1.4334434051208114,25.055555555555554,0.1,89.89999999999887
eval_at,"[0.046672428694900604, 10.935698447893571, 54, 274]",1.4409860060342106,25.055555555555554,0.1,89.99999999999886
eval_at,"[0.046672428694900604, 10.855875831485589, 54, 272]",1.4473591868977307,25.055555555555554,0.1,90.09999999999886
eval_at,"[0.046672428694900604, 10.815964523281597, 54, 271]",1.4541094542260287,25.055555555555554,0.1,90.19999999999885
eval_at,"[0.045808124459809856, 10.776053215077606, 53, 270]",1.4598714764100433,25.055555555555554,0.1,90.29999999999885
eval_at,"[0.045808124459809856, 10.696230598669624, 53, 268]",1.4660245041824709,25.055555555555554,0.1,90.39999999999884
eval_at,"[0.046672428694900604, 10.616407982261642, 54, 266]",1.470985532907226,25.055555555555554,0.1,90.49999999999883
eval_at,"[0.046672428694900604, 10.656319290465634, 54, 267]",1.4793463945993592,25.055555555555554,0.1,90.59999999999883
eval_at,"[0.04407951598962835, 10.496674057649669, 51, 263]",1.4858554920807543,25.055555555555554,0.1,90.69999999999882
eval_at,"[0.043215211754537596, 10.496674057649669, 50, 263]",1.4911264468028573,25.055555555555554,0.1,90.79999999999882
eval_at,"[0.04235090751944685, 10.456762749445677, 49, 262]",1.4977193265109399,25.055555555555554,0.1,90.89999999999881
eval_at,"[0.04148660328435609, 10.496674057649669, 48, 263]",1.5042008772981537,25.055555555555554,0.1,90.9999999999988
eval_at,"[0.04062229904926534, 10.696230598669624, 47, 268]",1.5105519842768864,25.055555555555554,0.1,91.0999999999988
eval_at,"[0.04062229904926534, 10.696230598669624, 47, 268]",1.5183081958158384,25.055555555555554,0.1,91.1999999999988
eval_at,"[0.04062229904926534, 10.776053215077606, 47, 270]",1.5265172996167389,25.055555555555554,0.1,91.29999999999879
eval_at,"[0.04062229904926534, 10.815964523281597, 47, 271]",1.533097079870743,25.055555555555554,0.1,91.39999999999878
eval_at,"[0.04062229904926534, 10.696230598669624, 47, 268]",1.5401756288552353,25.055555555555554,0.1,91.49999999999878
eval_at,"[0.04062229904926534, 10.616407982261642, 47, 266]",1.5473776226414495,25.055555555555554,0.1,91.59999999999877
eval_at,"[0.03975799481417459, 10.576496674057651, 46, 265]",1.5521050645102874,25.055555555555554,0.1,91.69999999999877
eval_at,"[0.03889369057908384, 10.536585365853659, 45, 264]",1.5575807880598038,25.055555555555554,0.1,91.79999999999876
eval_at,"[0.03889369057908384, 10.496674057649669, 45, 263]",1.5636634941548126,25.055555555555554,0.1,91.89999999999876
eval_at,"[0.037165082108902334, 10.496674057649669, 43, 263]",1.5710579456861438,25.055555555555554,0.1,91.99999999999875
eval_at,"[0.037165082108902334, 10.337028824833704, 43, 259]",1.5771653907922216,25.055555555555554,0.1,92.09999999999874
eval_at,"[0.03543647363872083, 10.257206208425721, 41, 257]",1.5841582096209696,25.055555555555554,0.1,92.19999999999874
eval_at,"[0.03543647363872083, 10.297117516629713, 41, 258]",1.5917314896949017,25.055555555555554,0.1,92.29999999999873
eval_at,"[0.03543647363872083, 10.376940133037694, 41, 260]",1.5981047134047017,25.055555555555554,0.1,92.39999999999873
eval_at,"[0.033707865168539325, 10.21729490022173, 39, 256]",1.6033837418103076,25.055555555555554,0.1,92.49999999999872
eval_at,"[0.033707865168539325, 10.017738359201775, 39, 251]",1.6100151472299267,25.055555555555554,0.1,92.59999999999872
eval_at,"[0.03111495246326707, 9.8980044345898, 36, 248]",1.6169906176915516,25.055555555555554,0.1,92.69999999999871
eval_at,"[0.03025064822817632, 9.8980044345898, 35, 248]",1.6247969890996046,25.055555555555554,0.1,92.7999999999987
eval_at,"[0.03111495246326707, 9.658536585365855, 36, 242]",1.632278653874077,25.055555555555554,0.1,92.8999999999987
eval_at,"[0.03111495246326707, 9.658536585365855, 36, 242]",1.641371471043436,25.055555555555554,0.1,92.99999999999869
eval_at,"[0.03111495246326707, 9.618625277161863, 36, 241]",1.6483438290576429,25.055555555555554,0.1,93.09999999999869
eval_at,"[0.03025064822817632, 9.419068736141908, 35, 236]",1.6570131492292477,25.055555555555554,0.1,93.19999999999868
eval_at,"[0.03025064822817632, 9.419068736141908, 35, 236]",1.6618626836746329,25.055555555555554,0.1,93.29999999999868
eval_at,"[0.03025064822817632, 9.259423503325943, 35, 232]",1.6700347117610672,25.055555555555554,0.1,93.39999999999867
eval_at,"[0.027657735522904063, 9.019955654101997, 32, 226]",1.6784232951340234,25.055555555555554,0.1,93.49999999999866
eval_at,"[0.027657735522904063, 8.900221729490022, 32, 223]",1.6856644596272936,25.055555555555554,0.1,93.59999999999866
eval_at,"[0.028522039757994815, 8.860310421286032, 33, 222]",1.6933551395247006,25.055555555555554,0.1,93.69999999999865
eval_at,"[0.028522039757994815, 8.461197339246121, 33, 212]",1.7008356981698616,25.055555555555554,0.1,93.79999999999865
eval_at,"[0.028522039757994815, 8.501108647450112, 33, 213]",1.7092809542170335,25.055555555555554,0.1,93.89999999999864
eval_at,"[0.028522039757994815, 8.541019955654102, 33, 214]",1.717407105902919,25.055555555555554,0.1,93.99999999999864
eval_at,"[0.028522039757994815, 8.580931263858094, 33, 215]",1.7256716951791244,25.055555555555554,0.1,94.09999999999863
eval_at,"[0.02679343128781331, 8.501108647450112, 31, 213]",1.735851253169385,25.055555555555554,0.1,94.19999999999862
eval_at,"[0.027657735522904063, 8.580931263858094, 32, 215]",1.7457449158283531,25.055555555555554,0.1,94.29999999999862
eval_at,"[0.027657735522904063, 8.301552106430156, 32, 208]",1.756205843165992,25.055555555555554,0.1,94.39999999999861
eval_at,"[0.027657735522904063, 8.261640798226164, 32, 207]",1.7654248515923936,25.055555555555554,0.1,94.49999999999861
eval_at,"[0.02679343128781331, 8.221729490022174, 31, 206]",1.7723011245721845,25.055555555555554,0.1,94.5999999999986
eval_at,"[0.02592912705272256, 8.261640798226164, 30, 207]",1.7830058208637718,25.055555555555554,0.1,94.6999999999986
eval_at,"[0.02592912705272256, 8.141906873614191, 30, 204]",1.7945884643895595,25.055555555555554,0.1,94.79999999999859
eval_at,"[0.025064822817631807, 8.022172949002218, 29, 201]",1.8044358143607713,25.055555555555554,0.1,94.89999999999858
eval_at,"[0.024200518582541054, 7.8625277161862535, 28, 197]",1.8133416842732009,25.055555555555554,0.1,94.99999999999858
eval_at,"[0.02247191011235955, 7.782705099778271, 26, 195]",1.822563514347834,25.055555555555554,0.1,95.09999999999857
eval_at,"[0.02247191011235955, 7.7028824833702885, 26, 193]",1.8328366064682307,25.055555555555554,0.1,95.19999999999857
eval_at,"[0.021607605877268798, 7.782705099778271, 25, 195]",1.841869247263336,25.055555555555554,0.1,95.29999999999856
eval_at,"[0.019878997407087293, 7.7028824833702885, 23, 193]",1.8481932417908211,25.055555555555554,0.1,95.39999999999856
eval_at,"[0.01901469317199654, 7.543237250554324, 22, 189]",1.8590598837825887,25.055555555555554,0.1,95.49999999999855
eval_at,"[0.01901469317199654, 7.503325942350333, 22, 188]",1.8694760251471423,25.055555555555554,0.1,95.59999999999854
eval_at,"[0.01901469317199654, 7.543237250554324, 22, 189]",1.8788963167117003,25.055555555555554,0.1,95.69999999999854
eval_at,"[0.01901469317199654, 7.463414634146342, 22, 187]",1.8870577441240555,25.055555555555554,0.1,95.79999999999853
eval_at,"[0.018150388936905792, 7.543237250554324, 21, 189]",1.8942710120606594,25.055555555555554,0.1,95.89999999999853
eval_at,"[0.01728608470181504, 7.303769401330378, 20, 183]",1.904282586689685,25.055555555555554,0.1,95.99999999999852
eval_at,"[0.016421780466724288, 7.343680709534369, 19, 184]",1.9132520670937003,25.055555555555554,0.1,96.09999999999852
eval_at,"[0.016421780466724288, 7.144124168514413, 19, 179]",1.923817685496619,25.055555555555554,0.1,96.19999999999851
eval_at,"[0.014693171996542784, 7.2638580931263865, 17, 182]",1.937114326154468,25.055555555555554,0.1,96.2999999999985
eval_at,"[0.014693171996542784, 7.144124168514413, 17, 179]",1.9475455898574536,25.055555555555554,0.1,96.3999999999985
eval_at,"[0.013828867761452032, 6.984478935698449, 16, 175]",1.956012839854176,25.055555555555554,0.1,96.4999999999985
eval_at,"[0.013828867761452032, 6.705099778270511, 16, 168]",1.9665196058975076,25.055555555555554,0.1,96.59999999999849
eval_at,"[0.012100259291270527, 6.465631929046563, 14, 162]",1.978370358399327,25.055555555555554,0.1,96.69999999999848
eval_at,"[0.012100259291270527, 6.465631929046563, 14, 162]",1.9882947166314093,25.055555555555554,0.1,96.79999999999848
eval_at,"[0.012100259291270527, 6.066518847006653, 14, 152]",1.9996487451043057,25.055555555555554,0.1,96.89999999999847
eval_at,"[0.01296456352636128, 5.98669623059867, 15, 150]",2.0117512487452167,25.055555555555554,0.1,96.99999999999847
eval_at,"[0.01296456352636128, 6.106430155210644, 15, 153]",2.023045704463175,25.055555555555554,0.1,97.09999999999846
eval_at,"[0.01296456352636128, 5.906873614190688, 15, 148]",2.0372024385940173,25.055555555555554,0.1,97.19999999999845
eval_at,"[0.01296456352636128, 5.827050997782705, 15, 146]",2.0473019349568595,25.055555555555554,0.1,97.29999999999845
eval_at,"[0.012100259291270527, 5.787139689578715, 14, 145]",2.0569860301982037,25.055555555555554,0.1,97.39999999999844
eval_at,"[0.011235955056179775, 5.507760532150776, 13, 138]",2.0689514336905135,25.055555555555554,0.1,97.49999999999844
eval_at,"[0.012100259291270527, 5.4279379157427945, 14, 136]",2.08334935967557,25.055555555555554,0.1,97.59999999999843
eval_at,"[0.012100259291270527, 5.308203991130821, 14, 133]",2.0932338821519108,25.055555555555554,0.1,97.69999999999843
eval_at,"[0.012100259291270527, 4.869179600886918, 14, 122]",2.1046578375684204,25.055555555555554,0.1,97.79999999999842
eval_at,"[0.012100259291270527, 4.749445676274945, 14, 119]",2.115421553097253,25.055555555555554,0.1,97.89999999999841
eval_at,"[0.011235955056179775, 4.709534368070954, 13, 118]",2.1282641911234137,25.055555555555554,0.1,97.99999999999841
eval_at,"[0.011235955056179775, 4.5099778270509985, 13, 113]",2.13944821301958,25.055555555555554,0.1,98.0999999999984
eval_at,"[0.010371650821089023, 4.270509977827051, 12, 107]",2.152407505879171,25.055555555555554,0.1,98.1999999999984
eval_at,"[0.010371650821089023, 4.230598669623061, 12, 106]",2.167144811711232,25.055555555555554,0.1,98.29999999999839
eval_at,"[0.010371650821089023, 4.230598669623061, 12, 106]",2.1807335804127495,25.055555555555554,0.1,98.39999999999839
eval_at,"[0.011235955056179775, 4.110864745011087, 13, 103]",2.193113380601471,25.055555555555554,0.1,98.49999999999838
eval_at,"[0.010371650821089023, 3.9512195121951224, 12, 99]",2.2078233046133966,25.055555555555554,0.1,98.59999999999837
eval_at,"[0.00864304235090752, 3.592017738359202, 10, 90]",2.227004861815983,25.055555555555554,0.1,98.69999999999837
eval_at,"[0.00864304235090752, 3.312638580931264, 10, 83]",2.247306703214957,25.055555555555554,0.1,98.79999999999836
eval_at,"[0.007778738115816767, 3.2328159645232817, 9, 81]",2.2642421088566462,25.055555555555554,0.1,98.89999999999836
eval_at,"[0.006914433880726016, 3.1529933481152996, 8, 79]",2.2830122245563667,25.055555555555554,0.1,98.99999999999835
eval_at,"[0.005185825410544511, 2.953436807095344, 6, 74]",2.3028054883927527,25.055555555555554,0.1,99.09999999999835
eval_at,"[0.005185825410544511, 2.753880266075388, 6, 69]",2.3213194725555497,25.055555555555554,0.1,99.19999999999834
eval_at,"[0.005185825410544511, 2.47450110864745, 6, 62]",2.3433826019784365,25.055555555555554,0.1,99.29999999999833
eval_at,"[0.00432152117545376, 2.1152993348115303, 5, 53]",2.369957748621357,25.055555555555554,0.1,99.39999999999833
eval_at,"[0.005185825410544511, 1.6363636363636365, 6, 41]",2.3900324384545857,25.055555555555554,0.1,99.49999999999832
eval_at,"[0.00432152117545376, 1.3968957871396896, 5, 35]",2.419614961544742,25.055555555555554,0.1,99.59999999999832
eval_at,"[0.0025929127052722557, 1.0776053215077606, 3, 27]",2.445441708768175,25.055555555555554,0.1,99.69999999999831
eval_at,"[0.000864304235090752, 0.7184035476718404, 1, 18]",2.4839539043795016,25.055555555555554,0.1,99.7999999999983
eval_at,"[0.0, 0.39911308203991136, 0, 10]",2.5412020656929086,25.055555555555554,0.1,99.8999999999983
eval_at,"[0.10025929127052723, 29.454545454545457, 116, 738]",0.39920914373267996,25.055555555555554,0.2,70.0
eval_at,"[0.10112359550561797, 29.374722838137476, 117, 736]",0.40226567196519647,25.055555555555554,0.2,70.1
eval_at,"[0.10112359550561797, 29.414634146341466, 117, 737]",0.40555264512742667,25.055555555555554,0.2,70.19999999999999
eval_at,"[0.10025929127052723, 29.374722838137476, 116, 736]",0.4083921288333366,25.055555555555554,0.2,70.29999999999998
eval_at,"[0.10025929127052723, 29.374722838137476, 116, 736]",0.41091950338853994,25.055555555555554,0.2,70.39999999999998
eval_at,"[0.10025929127052723, 29.2549889135255, 116, 733]",0.4144032330629094,25.055555555555554,0.2,70.49999999999997
eval_at,"[0.10025929127052723, 29.175166297117517, 116, 731]",0.41698441253469964,25.055555555555554,0.2,70.59999999999997
eval_at,"[0.09766637856525497, 28.85587583148559, 113, 723]",0.42023652520651966,25.055555555555554,0.2,70.69999999999996
eval_at,"[0.09680207433016422, 28.85587583148559, 112, 723]",0.4227109576896209,25.055555555555554,0.2,70.79999999999995
eval_at,"[0.09766637856525497, 28.736141906873616, 113, 720]",0.42522960175157876,25.055555555555554,0.2,70.89999999999995
eval_at,"[0.09680207433016422, 28.61640798226164, 112, 717]",0.42747886801256707,25.055555555555554,0.2,70.99999999999994
eval_at,"[0.09593777009507347, 28.57649667405765, 111, 716]",0.43009265490058574,25.055555555555554,0.2,71.09999999999994
eval_at,"[0.09507346585998272, 28.45676274944568, 110, 713]",0.4335898841441916,25.055555555555554,0.2,71.19999999999993
eval_at,"[0.09507346585998272, 28.45676274944568, 110, 713]",0.43623447042123725,25.055555555555554,0.2,71.29999999999993
eval_at,"[0.09593777009507347, 28.416851441241686, 111, 712]",0.43892236231075477,25.055555555555554,0.2,71.39999999999992
eval_at,"[0.09680207433016422, 28.416851441241686, 112, 712]",0.44165137417344286,25.055555555555554,0.2,71.49999999999991
eval_at,"[0.09680207433016422, 28.416851441241686, 112, 712]",0.4439900842400134,25.055555555555554,0.2,71.59999999999991
eval_at,"[0.09680207433016422, 28.337028824833705, 112, 710]",0.4473883845364552,25.055555555555554,0.2,71.6999999999999
eval_at,"[0.09593777009507347, 28.21729490022173, 111, 707]",0.4500721494053676,25.055555555555554,0.2,71.7999999999999
eval_at,"[0.09507346585998272, 28.057649667405766, 110, 703]",0.4530315281701395,25.055555555555554,0.2,71.89999999999989
eval_at,"[0.09420916162489196, 27.81818181818182, 109, 697]",0.4558812709166858,25.055555555555554,0.2,71.99999999999989
eval_at,"[0.09334485738980121, 27.618625277161865, 108, 692]",0.4589127045231756,25.055555555555554,0.2,72.09999999999988
eval_at,"[0.09161624891961971, 27.578713968957874, 106, 691]",0.4615371371193556,25.055555555555554,0.2,72.19999999999987
eval_at,"[0.09248055315471046, 27.618625277161865, 107, 692]",0.46388576668511367,25.055555555555554,0.2,72.29999999999987
eval_at,"[0.09075194468452895, 27.618625277161865, 105, 692]",0.46669012678123745,25.055555555555554,0.2,72.39999999999986
eval_at,"[0.0898876404494382, 27.339246119733925, 104, 685]",0.4703659584628276,25.055555555555554,0.2,72.49999999999986
eval_at,"[0.0898876404494382, 27.13968957871397, 104, 680]",0.4742867738080852,25.055555555555554,0.2,72.59999999999985
eval_at,"[0.08643042350907519, 27.019955654102, 100, 677]",0.47804136008961573,25.055555555555554,0.2,72.69999999999985
eval_at,"[0.08643042350907519, 27.09977827050998, 100, 679]",0.481511841265187,25.055555555555554,0.2,72.79999999999984
eval_at,"[0.08729472774416594, 27.179600886917964, 101, 681]",0.4843072785715734,25.055555555555554,0.2,72.89999999999984
eval_at,"[0.08643042350907519, 27.339246119733925, 100, 685]",0.48788208111450476,25.055555555555554,0.2,72.99999999999983
eval_at,"[0.08729472774416594, 27.299334811529935, 101, 684]",0.49120910297518505,25.055555555555554,0.2,73.09999999999982
eval_at,"[0.08729472774416594, 27.219512195121954, 101, 682]",0.49445916445095034,25.055555555555554,0.2,73.19999999999982
eval_at,"[0.08643042350907519, 27.019955654102, 100, 677]",0.4972001697428689,25.055555555555554,0.2,73.29999999999981
eval_at,"[0.08556611927398444, 26.980044345898005, 99, 676]",0.5013924054515223,25.055555555555554,0.2,73.3999999999998
eval_at,"[0.0847018150388937, 26.78048780487805, 98, 671]",0.5044505692351238,25.055555555555554,0.2,73.4999999999998
eval_at,"[0.08556611927398444, 26.74057649667406, 99, 670]",0.5073749882892723,25.055555555555554,0.2,73.5999999999998
eval_at,"[0.08556611927398444, 26.70066518847007, 99, 669]",0.5111608109687709,25.055555555555554,0.2,73.69999999999979
eval_at,"[0.0847018150388937, 26.620842572062088, 98, 667]",0.5143474280488604,25.055555555555554,0.2,73.79999999999978
eval_at,"[0.08556611927398444, 26.580931263858094, 99, 666]",0.5180577925129198,25.055555555555554,0.2,73.89999999999978
eval_at,"[0.08297320656871218, 26.461197339246123, 96, 663]",0.5217015349428334,25.055555555555554,0.2,73.99999999999977
eval_at,"[0.08210890233362143, 26.38137472283814, 95, 661]",0.5253713026403922,25.055555555555554,0.2,74.09999999999977
eval_at,"[0.08210890233362143, 26.301552106430158, 95, 659]",0.5292257235013847,25.055555555555554,0.2,74.19999999999976
eval_at,"[0.08297320656871218, 26.181818181818183, 96, 656]",0.532868455469627,25.055555555555554,0.2,74.29999999999976
eval_at,"[0.08297320656871218, 25.982261640798228, 96, 651]",0.5369186396539936,25.055555555555554,0.2,74.39999999999975
eval_at,"[0.08210890233362143, 26.02217294900222, 95, 652]",0.5410383152779844,25.055555555555554,0.2,74.49999999999974
eval_at,"[0.08210890233362143, 25.822616407982263, 95, 647]",0.5434502224684068,25.055555555555554,0.2,74.59999999999974
eval_at,"[0.08210890233362143, 25.782705099778273, 95, 646]",0.5465047894930707,25.055555555555554,0.2,74.69999999999973
eval_at,"[0.08124459809853068, 25.702882483370292, 94, 644]",0.5498931077542741,25.055555555555554,0.2,74.79999999999973
eval_at,"[0.08124459809853068, 25.742793791574282, 94, 645]",0.5531374227314947,25.055555555555554,0.2,74.89999999999972
eval_at,"[0.08210890233362143, 25.623059866962308, 95, 642]",0.5557868673553675,25.055555555555554,0.2,74.99999999999972
eval_at,"[0.08297320656871218, 25.662971175166298, 96, 643]",0.558983278107893,25.055555555555554,0.2,75.09999999999971
eval_at,"[0.08210890233362143, 25.662971175166298, 95, 643]",0.5626837093459612,25.055555555555554,0.2,75.1999999999997
eval_at,"[0.08210890233362143, 25.782705099778273, 95, 646]",0.5656481461268038,25.055555555555554,0.2,75.2999999999997
eval_at,"[0.08210890233362143, 25.543237250554327, 95, 640]",0.5688307367256316,25.055555555555554,0.2,75.3999999999997
eval_at,"[0.08297320656871218, 25.303769401330378, 96, 634]",0.5722552440195557,25.055555555555554,0.2,75.49999999999969
eval_at,"[0.08210890233362143, 25.064301552106432, 95, 628]",0.5758875469052621,25.055555555555554,0.2,75.59999999999968
eval_at,"[0.08124459809853068, 25.02439024390244, 94, 627]",0.5800917092286834,25.055555555555554,0.2,75.69999999999968
eval_at,"[0.08124459809853068, 24.784922394678492, 94, 621]",0.5838977023016977,25.055555555555554,0.2,75.79999999999967
eval_at,"[0.07951598962834917, 24.824833702882486, 92, 622]",0.5871515952040252,25.055555555555554,0.2,75.89999999999966
eval_at,"[0.07951598962834917, 24.784922394678492, 92, 621]",0.5915959810645538,25.055555555555554,0.2,75.99999999999966
eval_at,"[0.07951598962834917, 24.505543237250556, 92, 614]",0.5953652662553096,25.055555555555554,0.2,76.09999999999965
eval_at,"[0.07865168539325842, 24.505543237250556, 91, 614]",0.5989075727053499,25.055555555555554,0.2,76.19999999999965
eval_at,"[0.07865168539325842, 24.38580931263858, 91, 611]",0.6038126915676496,25.055555555555554,0.2,76.29999999999964
eval_at,"[0.07865168539325842, 24.34589800443459, 91, 610]",0.607938326918878,25.055555555555554,0.2,76.39999999999964
eval_at,"[0.07865168539325842, 24.186252771618626, 91, 606]",0.6117562754402225,25.055555555555554,0.2,76.49999999999963
eval_at,"[0.07865168539325842, 24.186252771618626, 91, 606]",0.6158222637935722,25.055555555555554,0.2,76.59999999999962
eval_at,"[0.07778738115816768, 24.106430155210646, 90, 604]",0.6196823959968404,25.055555555555554,0.2,76.69999999999962
eval_at,"[0.07865168539325842, 24.02660753880266, 91, 602]",0.6234369776455565,25.055555555555554,0.2,76.79999999999961
eval_at,"[0.07778738115816768, 23.98669623059867, 90, 601]",0.6262317624057259,25.055555555555554,0.2,76.89999999999961
eval_at,"[0.07692307692307693, 23.827050997782706, 89, 597]",0.6300472725642201,25.055555555555554,0.2,76.9999999999996
eval_at,"[0.07692307692307693, 23.827050997782706, 89, 597]",0.6342871053026757,25.055555555555554,0.2,77.0999999999996
eval_at,"[0.07692307692307693, 23.54767184035477, 89, 590]",0.6363821996939805,25.055555555555554,0.2,77.19999999999959
eval_at,"[0.07519446845289542, 23.348115299334815, 87, 585]",0.639807547187373,25.055555555555554,0.2,77.29999999999959
eval_at,"[0.07519446845289542, 23.18847006651885, 87, 581]",0.6435564378471952,25.055555555555554,0.2,77.39999999999958
eval_at,"[0.07433016421780467, 23.108647450110865, 86, 579]",0.648437729589423,25.055555555555554,0.2,77.49999999999957
eval_at,"[0.07346585998271392, 23.068736141906875, 85, 578]",0.6525193965492222,25.055555555555554,0.2,77.59999999999957
eval_at,"[0.07433016421780467, 22.86917960088692, 86, 573]",0.6566451665299357,25.055555555555554,0.2,77.69999999999956
eval_at,"[0.07173725151253241, 23.068736141906875, 83, 578]",0.6604025799427758,25.055555555555554,0.2,77.79999999999956
eval_at,"[0.07260155574762317, 22.82926829268293, 84, 572]",0.664548199289401,25.055555555555554,0.2,77.89999999999955
eval_at,"[0.07260155574762317, 22.86917960088692, 84, 573]",0.6679169098405835,25.055555555555554,0.2,77.99999999999955
eval_at,"[0.07260155574762317, 22.709534368070955, 84, 569]",0.6711671588955676,25.055555555555554,0.2,78.09999999999954
eval_at,"[0.07260155574762317, 22.54988913525499, 84, 565]",0.6759168115813564,25.055555555555554,0.2,78.19999999999953
eval_at,"[0.07260155574762317, 22.43015521064302, 84, 562]",0.6798857862430877,25.055555555555554,0.2,78.29999999999953
eval_at,"[0.07173725151253241, 22.350332594235034, 83, 560]",0.683575329590813,25.055555555555554,0.2,78.39999999999952
eval_at,"[0.07087294727744166, 22.19068736141907, 82, 556]",0.6882867629779702,25.055555555555554,0.2,78.49999999999952
eval_at,"[0.07087294727744166, 21.871396895787143, 82, 548]",0.692890730115857,25.055555555555554,0.2,78.59999999999951
eval_at,"[0.07087294727744166, 21.552106430155213, 82, 540]",0.6963436706029748,25.055555555555554,0.2,78.6999999999995
eval_at,"[0.07087294727744166, 21.512195121951223, 82, 539]",0.7012350833340928,25.055555555555554,0.2,78.7999999999995
eval_at,"[0.07087294727744166, 21.47228381374723, 82, 538]",0.7058292650784902,25.055555555555554,0.2,78.8999999999995
eval_at,"[0.07087294727744166, 21.272727272727273, 82, 533]",0.7093878234050965,25.055555555555554,0.2,78.99999999999949
eval_at,"[0.07173725151253241, 21.192904656319293, 83, 531]",0.7149767082777292,25.055555555555554,0.2,79.09999999999948
eval_at,"[0.07346585998271392, 21.11308203991131, 85, 529]",0.7198297905150092,25.055555555555554,0.2,79.19999999999948
eval_at,"[0.07346585998271392, 20.953436807095347, 85, 525]",0.7240212674322767,25.055555555555554,0.2,79.29999999999947
eval_at,"[0.07260155574762317, 20.753880266075388, 84, 520]",0.7277063620903923,25.055555555555554,0.2,79.39999999999947
eval_at,"[0.07000864304235091, 20.594235033259427, 81, 516]",0.7315762550066512,25.055555555555554,0.2,79.49999999999946
eval_at,"[0.07087294727744166, 20.554323725055433, 82, 515]",0.7350959900571087,25.055555555555554,0.2,79.59999999999945
eval_at,"[0.07000864304235091, 20.594235033259427, 81, 516]",0.7398762636063567,25.055555555555554,0.2,79.69999999999945
eval_at,"[0.06914433880726016, 20.394678492239468, 80, 511]",0.7457895652239838,25.055555555555554,0.2,79.79999999999944
eval_at,"[0.06914433880726016, 20.195121951219512, 80, 506]",0.7498474633809612,25.055555555555554,0.2,79.89999999999944
eval_at,"[0.06914433880726016, 20.155210643015522, 80, 505]",0.7541355043296978,25.055555555555554,0.2,79.99999999999943
eval_at,"[0.07000864304235091, 19.915742793791576, 81, 499]",0.7584399470920872,25.055555555555554,0.2,80.09999999999943
eval_at,"[0.07087294727744166, 19.915742793791576, 82, 499]",0.7626882925573822,25.055555555555554,0.2,80.19999999999942
eval_at,"[0.07346585998271392, 19.71618625277162, 85, 494]",0.7668784532562375,25.055555555555554,0.2,80.29999999999941
eval_at,"[0.07260155574762317, 19.636363636363637, 84, 492]",0.7714602569514384,25.055555555555554,0.2,80.39999999999941
eval_at,"[0.07260155574762317, 19.516629711751666, 84, 489]",0.7756649827769859,25.055555555555554,0.2,80.4999999999994
eval_at,"[0.07260155574762317, 19.47671840354767, 84, 488]",0.7810282797651774,25.055555555555554,0.2,80.5999999999994
eval_at,"[0.07260155574762317, 19.47671840354767, 84, 488]",0.7859817752095946,25.055555555555554,0.2,80.69999999999939
eval_at,"[0.07433016421780467, 19.47671840354767, 86, 488]",0.7902314791937033,25.055555555555554,0.2,80.79999999999939
eval_at,"[0.07433016421780467, 19.197339246119736, 86, 481]",0.7946934689694771,25.055555555555554,0.2,80.89999999999938
eval_at,"[0.07346585998271392, 19.197339246119736, 85, 481]",0.799592521822362,25.055555555555554,0.2,80.99999999999937
eval_at,"[0.07346585998271392, 18.99778270509978, 85, 476]",0.8043130889327192,25.055555555555554,0.2,81.09999999999937
eval_at,"[0.07260155574762317, 18.838137472283815, 84, 472]",0.8096798278640019,25.055555555555554,0.2,81.19999999999936
eval_at,"[0.07173725151253241, 18.71840354767184, 83, 469]",0.8152726786897173,25.055555555555554,0.2,81.29999999999936
eval_at,"[0.07260155574762317, 18.59866962305987, 84, 466]",0.8197720271060424,25.055555555555554,0.2,81.39999999999935
eval_at,"[0.07260155574762317, 18.35920177383592, 84, 460]",0.8252469128864888,25.055555555555554,0.2,81.49999999999935
eval_at,"[0.07173725151253241, 18.31929046563193, 83, 459]",0.8304929612065479,25.055555555555554,0.2,81.59999999999934
eval_at,"[0.07173725151253241, 18.119733924611975, 83, 454]",0.8355413629431323,25.055555555555554,0.2,81.69999999999933
eval_at,"[0.07173725151253241, 18.0, 83, 451]",0.8403483384426993,25.055555555555554,0.2,81.79999999999933
eval_at,"[0.07173725151253241, 17.800443458980045, 83, 446]",0.8471069762211262,25.055555555555554,0.2,81.89999999999932
eval_at,"[0.07000864304235091, 17.720620842572064, 81, 444]",0.8523014421041043,25.055555555555554,0.2,81.99999999999932
eval_at,"[0.07000864304235091, 17.680709534368074, 81, 443]",0.8573597693653269,25.055555555555554,0.2,82.09999999999931
eval_at,"[0.07000864304235091, 17.60088691796009, 81, 441]",0.8622145842850744,25.055555555555554,0.2,82.1999999999993
eval_at,"[0.06914433880726016, 17.24168514412417, 80, 432]",0.8665662076332851,25.055555555555554,0.2,82.2999999999993
eval_at,"[0.06914433880726016, 17.28159645232816, 80, 433]",0.8724539054858893,25.055555555555554,0.2,82.3999999999993
eval_at,"[0.06914433880726016, 17.121951219512198, 80, 429]",0.8773599642179735,25.055555555555554,0.2,82.49999999999929
eval_at,"[0.06914433880726016, 17.401330376940134, 80, 436]",0.8829124314396318,25.055555555555554,0.2,82.59999999999928
eval_at,"[0.06741573033707865, 17.24168514412417, 78, 432]",0.8887379774576161,25.055555555555554,0.2,82.69999999999928
eval_at,"[0.0665514261019879, 17.121951219512198, 77, 429]",0.894467343335708,25.055555555555554,0.2,82.79999999999927
eval_at,"[0.06568712186689715, 17.16186252771619, 76, 430]",0.8994959943895807,25.055555555555554,0.2,82.89999999999927
eval_at,"[0.06568712186689715, 16.922394678492243, 76, 424]",0.9041799857118127,25.055555555555554,0.2,82.99999999999926
eval_at,"[0.06568712186689715, 16.802660753880268, 76, 421]",0.9098528326744278,25.055555555555554,0.2,83.09999999999926
eval_at,"[0.0665514261019879, 16.483370288248338, 77, 413]",0.9152296383775068,25.055555555555554,0.2,83.19999999999925
eval_at,"[0.06568712186689715, 16.283813747228383, 76, 408]",0.9217686301123689,25.055555555555554,0.2,83.29999999999924
eval_at,"[0.06568712186689715, 16.164079822616408, 76, 405]",0.928611670271644,25.055555555555554,0.2,83.39999999999924
eval_at,"[0.06482281763180639, 15.924611973392462, 75, 399]",0.9341338087639189,25.055555555555554,0.2,83.49999999999923
eval_at,"[0.06482281763180639, 16.044345898004437, 75, 402]",0.9404586680861503,25.055555555555554,0.2,83.59999999999923
eval_at,"[0.06482281763180639, 16.203991130820402, 75, 406]",0.9459486549902142,25.055555555555554,0.2,83.69999999999922
eval_at,"[0.06395851339671564, 16.044345898004437, 74, 402]",0.9515075671346441,25.055555555555554,0.2,83.79999999999922
eval_at,"[0.06136560069144339, 15.884700665188472, 71, 398]",0.9564598024513609,25.055555555555554,0.2,83.89999999999921
eval_at,"[0.06050129645635264, 15.764966740576497, 70, 395]",0.9642516836885293,25.055555555555554,0.2,83.9999999999992
eval_at,"[0.06050129645635264, 15.605321507760534, 70, 391]",0.9710458330616949,25.055555555555554,0.2,84.0999999999992
eval_at,"[0.059636992221261884, 15.325942350332596, 69, 384]",0.9769161492945195,25.055555555555554,0.2,84.19999999999919
eval_at,"[0.059636992221261884, 15.365853658536587, 69, 385]",0.9824976692692176,25.055555555555554,0.2,84.29999999999919
eval_at,"[0.059636992221261884, 15.206208425720622, 69, 381]",0.9874776560798144,25.055555555555554,0.2,84.39999999999918
eval_at,"[0.06050129645635264, 15.126385809312639, 70, 379]",0.9939566522848887,25.055555555555554,0.2,84.49999999999918
eval_at,"[0.06050129645635264, 14.926829268292684, 70, 374]",1.0021440585477073,25.055555555555554,0.2,84.59999999999917
eval_at,"[0.06050129645635264, 14.886917960088693, 70, 373]",1.0079368971795075,25.055555555555554,0.2,84.69999999999916
eval_at,"[0.06050129645635264, 14.886917960088693, 70, 373]",1.0138611778240931,25.055555555555554,0.2,84.79999999999916
eval_at,"[0.06050129645635264, 14.807095343680711, 70, 371]",1.019481756274256,25.055555555555554,0.2,84.89999999999915
eval_at,"[0.06309420916162489, 14.966740576496676, 73, 375]",1.0244234961976117,25.055555555555554,0.2,84.99999999999915
eval_at,"[0.06395851339671564, 15.006651884700666, 74, 376]",1.0300706739116599,25.055555555555554,0.2,85.09999999999914
eval_at,"[0.06482281763180639, 15.046563192904658, 75, 377]",1.0367073610741164,25.055555555555554,0.2,85.19999999999914
eval_at,"[0.06395851339671564, 14.926829268292684, 74, 374]",1.0411500685488235,25.055555555555554,0.2,85.29999999999913
eval_at,"[0.06395851339671564, 14.767184035476719, 74, 370]",1.0468164090726113,25.055555555555554,0.2,85.39999999999912
eval_at,"[0.06395851339671564, 14.647450110864746, 74, 367]",1.0519183548263762,25.055555555555554,0.2,85.49999999999912
eval_at,"[0.06309420916162489, 14.727272727272728, 73, 369]",1.057313804243041,25.055555555555554,0.2,85.59999999999911
eval_at,"[0.06309420916162489, 14.807095343680711, 73, 371]",1.0638149859539323,25.055555555555554,0.2,85.69999999999911
eval_at,"[0.06395851339671564, 14.727272727272728, 74, 369]",1.070772001409582,25.055555555555554,0.2,85.7999999999991
eval_at,"[0.06395851339671564, 14.567627494456763, 74, 365]",1.0766580765608091,25.055555555555554,0.2,85.8999999999991
eval_at,"[0.06309420916162489, 14.487804878048781, 73, 363]",1.0841757436297408,25.055555555555554,0.2,85.99999999999909
eval_at,"[0.06136560069144339, 14.44789356984479, 71, 362]",1.0891176431019696,25.055555555555554,0.2,86.09999999999908
eval_at,"[0.06050129645635264, 14.487804878048781, 70, 363]",1.0950577628269826,25.055555555555554,0.2,86.19999999999908
eval_at,"[0.06050129645635264, 14.487804878048781, 70, 363]",1.1028790050927377,25.055555555555554,0.2,86.29999999999907
eval_at,"[0.059636992221261884, 14.368070953436808, 69, 360]",1.1089789425961891,25.055555555555554,0.2,86.39999999999907
eval_at,"[0.059636992221261884, 14.168514412416853, 69, 355]",1.1156780167841374,25.055555555555554,0.2,86.49999999999906
eval_at,"[0.06136560069144339, 14.04878048780488, 71, 352]",1.1224236098955893,25.055555555555554,0.2,86.59999999999906
eval_at,"[0.06136560069144339, 14.008869179600888, 71, 351]",1.130154171231328,25.055555555555554,0.2,86.69999999999905
eval_at,"[0.06136560069144339, 14.008869179600888, 71, 351]",1.1349910424906096,25.055555555555554,0.2,86.79999999999905
eval_at,"[0.059636992221261884, 14.008869179600888, 69, 351]",1.141749932848602,25.055555555555554,0.2,86.89999999999904
eval_at,"[0.059636992221261884, 13.968957871396897, 69, 350]",1.148636765927819,25.055555555555554,0.2,86.99999999999903
eval_at,"[0.059636992221261884, 13.849223946784923, 69, 347]",1.1572321122798492,25.055555555555554,0.2,87.09999999999903
eval_at,"[0.058772687986171135, 13.769401330376942, 68, 345]",1.1621532267559498,25.055555555555554,0.2,87.19999999999902
eval_at,"[0.05790838375108038, 13.809312638580932, 67, 346]",1.1678956638444498,25.055555555555554,0.2,87.29999999999902
eval_at,"[0.056179775280898875, 13.889135254988915, 65, 348]",1.1745927793857045,25.055555555555554,0.2,87.39999999999901
eval_at,"[0.056179775280898875, 13.889135254988915, 65, 348]",1.1820311728525181,25.055555555555554,0.2,87.499999999999
eval_at,"[0.056179775280898875, 13.769401330376942, 65, 345]",1.1896294585413842,25.055555555555554,0.2,87.599999999999
eval_at,"[0.05445116681071737, 13.769401330376942, 63, 345]",1.196794589817403,25.055555555555554,0.2,87.699999999999
eval_at,"[0.05445116681071737, 13.889135254988915, 63, 348]",1.2030250137657525,25.055555555555554,0.2,87.79999999999899
eval_at,"[0.05445116681071737, 13.889135254988915, 63, 348]",1.2088054123363574,25.055555555555554,0.2,87.89999999999898
eval_at,"[0.05445116681071737, 13.72949002217295, 63, 344]",1.2172062541002409,25.055555555555554,0.2,87.99999999999898
eval_at,"[0.05358686257562662, 13.809312638580932, 62, 346]",1.2252339198376205,25.055555555555554,0.2,88.09999999999897
eval_at,"[0.05358686257562662, 13.769401330376942, 62, 345]",1.2315285982326338,25.055555555555554,0.2,88.19999999999897
eval_at,"[0.052722558340535866, 13.72949002217295, 61, 344]",1.2372424908553976,25.055555555555554,0.2,88.29999999999896
eval_at,"[0.05185825410544512, 13.769401330376942, 60, 345]",1.2439859150226658,25.055555555555554,0.2,88.39999999999895
eval_at,"[0.05099394987035436, 13.609756097560977, 59, 341]",1.2486851096423757,25.055555555555554,0.2,88.49999999999895
eval_at,"[0.05185825410544512, 13.649667405764967, 60, 342]",1.253850447916794,25.055555555555554,0.2,88.59999999999894
eval_at,"[0.05099394987035436, 13.769401330376942, 59, 345]",1.2605262358074587,25.055555555555554,0.2,88.69999999999894
eval_at,"[0.05099394987035436, 13.68957871396896, 59, 343]",1.2670465829485098,25.055555555555554,0.2,88.79999999999893
eval_at,"[0.05012964563526361, 13.529933481152995, 58, 339]",1.272973344639332,25.055555555555554,0.2,88.89999999999893
eval_at,"[0.049265341400172864, 13.609756097560977, 57, 341]",1.2786235811115836,25.055555555555554,0.2,88.99999999999892
eval_at,"[0.049265341400172864, 13.529933481152995, 57, 339]",1.2867157807433887,25.055555555555554,0.2,89.09999999999891
eval_at,"[0.05012964563526361, 13.450110864745012, 58, 337]",1.2938153389452471,25.055555555555554,0.2,89.19999999999891
eval_at,"[0.05012964563526361, 13.290465631929047, 58, 333]",1.3015901696111631,25.055555555555554,0.2,89.2999999999989
eval_at,"[0.049265341400172864, 13.130820399113084, 57, 329]",1.3065500644962789,25.055555555555554,0.2,89.3999999999989
eval_at,"[0.049265341400172864, 12.931263858093127, 57, 324]",1.3125139706553863,25.055555555555554,0.2,89.49999999999889
eval_at,"[0.05012964563526361, 12.931263858093127, 58, 324]",1.3195224620905601,25.055555555555554,0.2,89.59999999999889
eval_at,"[0.05012964563526361, 12.731707317073171, 58, 319]",1.3271223837488875,25.055555555555554,0.2,89.69999999999888
eval_at,"[0.05099394987035436, 12.572062084257206, 59, 315]",1.3339329270439233,25.055555555555554,0.2,89.79999999999887
eval_at,"[0.05099394987035436, 12.412416851441243, 59, 311]",1.340547791992172,25.055555555555554,0.2,89.89999999999887
eval_at,"[0.05012964563526361, 12.412416851441243, 58, 311]",1.3466054715575473,25.055555555555554,0.2,89.99999999999886
eval_at,"[0.049265341400172864, 12.33259423503326, 57, 309]",1.3559910598643754,25.055555555555554,0.2,90.09999999999886
eval_at,"[0.049265341400172864, 12.093126385809313, 57, 303]",1.3617374518365606,25.055555555555554,0.2,90.19999999999885
eval_at,"[0.04840103716508211, 11.97339246119734, 56, 300]",1.3684291837442941,25.055555555555554,0.2,90.29999999999885
eval_at,"[0.04753673292999136, 11.97339246119734, 55, 300]",1.376427817145792,25.055555555555554,0.2,90.39999999999884
eval_at,"[0.045808124459809856, 11.813747228381375, 53, 296]",1.3822799691293794,25.055555555555554,0.2,90.49999999999883
eval_at,"[0.045808124459809856, 11.57427937915743, 53, 290]",1.3905602937645154,25.055555555555554,0.2,90.59999999999883
eval_at,"[0.043215211754537596, 11.57427937915743, 50, 290]",1.3958815497130364,25.055555555555554,0.2,90.69999999999882
eval_at,"[0.043215211754537596, 11.414634146341465, 50, 286]",1.4029033772071187,25.055555555555554,0.2,90.79999999999882
eval_at,"[0.043215211754537596, 11.175166297117517, 50, 280]",1.4104985215489458,25.055555555555554,0.2,90.89999999999881
eval_at,"[0.043215211754537596, 11.175166297117517, 50, 280]",1.4181215914899743,25.055555555555554,0.2,90.9999999999988
eval_at,"[0.043215211754537596, 11.175166297117517, 50, 280]",1.4248195771092387,25.055555555555554,0.2,91.0999999999988
eval_at,"[0.043215211754537596, 11.2549889135255, 50, 282]",1.4336553995689731,25.055555555555554,0.2,91.1999999999988
eval_at,"[0.043215211754537596, 11.055432372505544, 50, 277]",1.4409931319600233,25.055555555555554,0.2,91.29999999999879
eval_at,"[0.04148660328435609, 10.975609756097562, 48, 275]",1.4495159521793692,25.055555555555554,0.2,91.39999999999878
eval_at,"[0.04148660328435609, 10.975609756097562, 48, 275]",1.454904371298636,25.055555555555554,0.2,91.49999999999878
eval_at,"[0.04148660328435609, 11.015521064301552, 48, 276]",1.4632609806127983,25.055555555555554,0.2,91.59999999999877
eval_at,"[0.04148660328435609, 11.055432372505544, 48, 277]",1.4709064382159431,25.055555555555554,0.2,91.69999999999877
eval_at,"[0.04148660328435609, 10.89578713968958, 48, 273]",1.4782259130613375,25.055555555555554,0.2,91.79999999999876
eval_at,"[0.04148660328435609, 10.935698447893571, 48, 274]",1.4842153877767814,25.055555555555554,0.2,91.89999999999876
eval_at,"[0.037165082108902334, 10.696230598669624, 43, 268]",1.4908891010921077,25.055555555555554,0.2,91.99999999999875
eval_at,"[0.03543647363872083, 10.616407982261642, 41, 266]",1.4990682738136472,25.055555555555554,0.2,92.09999999999874
eval_at,"[0.033707865168539325, 10.736141906873614, 39, 269]",1.5067107973474498,25.055555555555554,0.2,92.19999999999874
eval_at,"[0.032843560933448576, 10.776053215077606, 38, 270]",1.5150134412611627,25.055555555555554,0.2,92.29999999999873
eval_at,"[0.03111495246326707, 10.656319290465634, 36, 267]",1.5224281282183805,25.055555555555554,0.2,92.39999999999873
eval_at,"[0.03111495246326707, 10.656319290465634, 36, 267]",1.5307171063907565,25.055555555555554,0.2,92.49999999999872
eval_at,"[0.03025064822817632, 10.616407982261642, 35, 266]",1.537122116880744,25.055555555555554,0.2,92.59999999999872
eval_at,"[0.03025064822817632, 10.736141906873614, 35, 269]",1.5455834130660617,25.055555555555554,0.2,92.69999999999871
eval_at,"[0.03025064822817632, 10.576496674057651, 35, 265]",1.5544381884245857,25.055555555555554,0.2,92.7999999999987
eval_at,"[0.03025064822817632, 10.536585365853659, 35, 264]",1.5643488253193067,25.055555555555554,0.2,92.8999999999987
eval_at,"[0.029386343993085567, 10.21729490022173, 34, 256]",1.571084065109085,25.055555555555554,0.2,92.99999999999869
eval_at,"[0.028522039757994815, 10.257206208425721, 33, 257]",1.579145477829335,25.055555555555554,0.2,93.09999999999869
eval_at,"[0.027657735522904063, 10.297117516629713, 32, 258]",1.5868667446607563,25.055555555555554,0.2,93.19999999999868
eval_at,"[0.027657735522904063, 10.097560975609756, 32, 253]",1.594564287981735,25.055555555555554,0.2,93.29999999999868
eval_at,"[0.028522039757994815, 10.017738359201775, 33, 251]",1.6012461493968078,25.055555555555554,0.2,93.39999999999867
eval_at,"[0.02679343128781331, 10.21729490022173, 31, 256]",1.6106149412813502,25.055555555555554,0.2,93.49999999999866
eval_at,"[0.02679343128781331, 9.8980044345898, 31, 248]",1.6207028629196671,25.055555555555554,0.2,93.59999999999866
eval_at,"[0.02592912705272256, 9.8980044345898, 30, 248]",1.6285655867696502,25.055555555555554,0.2,93.69999999999865
eval_at,"[0.027657735522904063, 9.618625277161863, 32, 241]",1.6356056464037685,25.055555555555554,0.2,93.79999999999865
eval_at,"[0.027657735522904063, 9.419068736141908, 32, 236]",1.6439399514389041,25.055555555555554,0.2,93.89999999999864
eval_at,"[0.02679343128781331, 9.299334811529935, 31, 233]",1.6530200359489067,25.055555555555554,0.2,93.99999999999864
eval_at,"[0.02592912705272256, 9.339246119733925, 30, 234]",1.6605152154608773,25.055555555555554,0.2,94.09999999999863
eval_at,"[0.024200518582541054, 9.13968957871397, 28, 229]",1.6709743114086977,25.055555555555554,0.2,94.19999999999862
eval_at,"[0.025064822817631807, 8.980044345898005, 29, 225]",1.6810813602024657,25.055555555555554,0.2,94.29999999999862
eval_at,"[0.02592912705272256, 8.82039911308204, 30, 221]",1.689475334936771,25.055555555555554,0.2,94.39999999999861
eval_at,"[0.02592912705272256, 8.74057649667406, 30, 219]",1.6987853585645523,25.055555555555554,0.2,94.49999999999861
eval_at,"[0.025064822817631807, 8.580931263858094, 29, 215]",1.7087766185669566,25.055555555555554,0.2,94.5999999999986
eval_at,"[0.025064822817631807, 8.541019955654102, 29, 214]",1.718553717763329,25.055555555555554,0.2,94.6999999999986
eval_at,"[0.02592912705272256, 8.461197339246121, 30, 212]",1.7281551190549393,25.055555555555554,0.2,94.79999999999859
eval_at,"[0.02592912705272256, 8.301552106430156, 30, 208]",1.7382338465359983,25.055555555555554,0.2,94.89999999999858
eval_at,"[0.02592912705272256, 8.341463414634147, 30, 209]",1.7476699736613321,25.055555555555554,0.2,94.99999999999858
eval_at,"[0.025064822817631807, 8.141906873614191, 29, 204]",1.7589344203000703,25.055555555555554,0.2,95.09999999999857
eval_at,"[0.023336214347450302, 7.902439024390245, 27, 198]",1.7690765270467659,25.055555555555554,0.2,95.19999999999857
eval_at,"[0.023336214347450302, 7.982261640798227, 27, 200]",1.781068477496644,25.055555555555554,0.2,95.29999999999856
eval_at,"[0.021607605877268798, 7.822616407982262, 25, 196]",1.7901401010283462,25.055555555555554,0.2,95.39999999999856
eval_at,"[0.01901469317199654, 7.902439024390245, 22, 198]",1.8012896232540245,25.055555555555554,0.2,95.49999999999855
eval_at,"[0.018150388936905792, 7.902439024390245, 21, 198]",1.8129679038468864,25.055555555555554,0.2,95.59999999999854
eval_at,"[0.018150388936905792, 7.902439024390245, 21, 198]",1.8226257883021717,25.055555555555554,0.2,95.69999999999854
eval_at,"[0.01728608470181504, 7.982261640798227, 20, 200]",1.83149903644646,25.055555555555554,0.2,95.79999999999853
eval_at,"[0.01728608470181504, 8.022172949002218, 20, 201]",1.8421995729884502,25.055555555555554,0.2,95.89999999999853
eval_at,"[0.01728608470181504, 7.662971175166298, 20, 192]",1.8522570233056896,25.055555555555554,0.2,95.99999999999852
eval_at,"[0.01728608470181504, 7.7028824833702885, 20, 193]",1.8630126276115715,25.055555555555554,0.2,96.09999999999852
eval_at,"[0.016421780466724288, 7.343680709534369, 19, 184]",1.8734004221160998,25.055555555555554,0.2,96.19999999999851
eval_at,"[0.016421780466724288, 7.303769401330378, 19, 183]",1.88441160693427,25.055555555555554,0.2,96.2999999999985
eval_at,"[0.016421780466724288, 7.383592017738359, 19, 185]",1.8957624312778638,25.055555555555554,0.2,96.3999999999985
eval_at,"[0.015557476231633534, 7.2638580931263865, 18, 182]",1.9045523126234405,25.055555555555554,0.2,96.4999999999985
eval_at,"[0.014693171996542784, 7.383592017738359, 17, 185]",1.9132322225398848,25.055555555555554,0.2,96.59999999999849
eval_at,"[0.013828867761452032, 7.423503325942351, 16, 186]",1.92157062037255,25.055555555555554,0.2,96.69999999999848
eval_at,"[0.01296456352636128, 7.144124168514413, 15, 179]",1.9342700291768444,25.055555555555554,0.2,96.79999999999848
eval_at,"[0.012100259291270527, 6.944567627494457, 14, 174]",1.9432836185464009,25.055555555555554,0.2,96.89999999999847
eval_at,"[0.011235955056179775, 6.66518847006652, 13, 167]",1.9529242921349041,25.055555555555554,0.2,96.99999999999847
eval_at,"[0.011235955056179775, 6.465631929046563, 13, 162]",1.96429244027836,25.055555555555554,0.2,97.09999999999846
eval_at,"[0.011235955056179775, 6.3458980044345905, 13, 159]",1.9790729789804395,25.055555555555554,0.2,97.19999999999845
eval_at,"[0.011235955056179775, 6.266075388026608, 13, 157]",1.9935318904465473,25.055555555555554,0.2,97.29999999999845
eval_at,"[0.011235955056179775, 6.226164079822617, 13, 156]",2.0037593746080624,25.055555555555554,0.2,97.39999999999844
eval_at,"[0.010371650821089023, 6.146341463414634, 12, 154]",2.0172409378379315,25.055555555555554,0.2,97.49999999999844
eval_at,"[0.011235955056179775, 5.946784922394679, 13, 149]",2.0271733211700225,25.055555555555554,0.2,97.59999999999843
eval_at,"[0.012100259291270527, 5.827050997782705, 14, 146]",2.0407844499332985,25.055555555555554,0.2,97.69999999999843
eval_at,"[0.012100259291270527, 5.547671840354767, 14, 139]",2.050706057609858,25.055555555555554,0.2,97.79999999999842
eval_at,"[0.012100259291270527, 5.228381374722838, 14, 131]",2.0612919148467324,25.055555555555554,0.2,97.89999999999841
eval_at,"[0.011235955056179775, 5.148558758314857, 13, 129]",2.076384137478108,25.055555555555554,0.2,97.99999999999841
eval_at,"[0.011235955056179775, 4.869179600886918, 13, 122]",2.08856231336264,25.055555555555554,0.2,98.0999999999984
eval_at,"[0.010371650821089023, 4.629711751662971, 12, 116]",2.1018070134843674,25.055555555555554,0.2,98.1999999999984
eval_at,"[0.00950734658599827, 4.390243902439025, 11, 110]",2.118590502520267,25.055555555555554,0.2,98.29999999999839
eval_at,"[0.00950734658599827, 4.310421286031042, 11, 108]",2.1300821295199794,25.055555555555554,0.2,98.39999999999839
eval_at,"[0.00864304235090752, 4.110864745011087, 10, 103]",2.142229806823604,25.055555555555554,0.2,98.49999999999838
eval_at,"[0.00864304235090752, 4.110864745011087, 10, 103]",2.1545264485820703,25.055555555555554,0.2,98.59999999999837
eval_at,"[0.00864304235090752, 3.87139689578714, 10, 97]",2.1704781198677945,25.055555555555554,0.2,98.69999999999837
eval_at,"[0.00950734658599827, 3.6319290465631933, 11, 91]",2.186096388097925,25.055555555555554,0.2,98.79999999999836
eval_at,"[0.006914433880726016, 3.3525498891352554, 8, 84]",2.2055292492718137,25.055555555555554,0.2,98.89999999999836
eval_at,"[0.006914433880726016, 3.1529933481152996, 8, 79]",2.226798869387512,25.055555555555554,0.2,98.99999999999835
eval_at,"[0.006050129645635264, 2.953436807095344, 7, 74]",2.246358215295816,25.055555555555554,0.2,99.09999999999835
eval_at,"[0.006050129645635264, 2.674057649667406, 7, 67]",2.2675293471713918,25.055555555555554,0.2,99.19999999999834
eval_at,"[0.005185825410544511, 2.354767184035477, 6, 59]",2.294001643262485,25.055555555555554,0.2,99.29999999999833
eval_at,"[0.00432152117545376, 1.9955654101995568, 5, 50]",2.3183425985915673,25.055555555555554,0.2,99.39999999999833
eval_at,"[0.00432152117545376, 1.8359201773835923, 5, 46]",2.3482768340011275,25.055555555555554,0.2,99.49999999999832
eval_at,"[0.003457216940363008, 1.6363636363636365, 4, 41]",2.3758401077340543,25.055555555555554,0.2,99.59999999999832
eval_at,"[0.0025929127052722557, 1.3968957871396896, 3, 35]",2.4113199652776864,25.055555555555554,0.2,99.69999999999831
eval_at,"[0.001728608470181504, 0.8381374722838139, 2, 21]",2.4482691864436714,25.055555555555554,0.2,99.7999999999983
eval_at,"[0.0, 0.3592017738359202, 0, 9]",2.5037573425636186,25.055555555555554,0.2,99.8999999999983
eval_at,"[0.13050993949870354, 34.04434589800444, 151, 853]",0.4202643765794831,25.055555555555554,0.3,70.0
eval_at,"[0.13050993949870354, 34.04434589800444, 151, 853]",0.4233541346724363,25.055555555555554,0.3,70.1
eval_at,"[0.13050993949870354, 33.884700665188475, 151, 849]",0.42569540825965047,25.055555555555554,0.3,70.19999999999999
eval_at,"[0.12878133102852204, 33.7649667405765, 149, 846]",0.4282782727939617,25.055555555555554,0.3,70.29999999999998
eval_at,"[0.12791702679343128, 33.80487804878049, 148, 847]",0.43201305194882006,25.055555555555554,0.3,70.39999999999998
eval_at,"[0.12791702679343128, 33.68514412416852, 148, 844]",0.43433181417572436,25.055555555555554,0.3,70.49999999999997
eval_at,"[0.12791702679343128, 33.645232815964526, 148, 843]",0.4366750011198192,25.055555555555554,0.3,70.59999999999997
eval_at,"[0.12791702679343128, 33.44567627494457, 148, 838]",0.43879243038042187,25.055555555555554,0.3,70.69999999999996
eval_at,"[0.12791702679343128, 33.44567627494457, 148, 838]",0.4424079990752888,25.055555555555554,0.3,70.79999999999995
eval_at,"[0.12791702679343128, 33.525498891352555, 148, 840]",0.44572586550008797,25.055555555555554,0.3,70.89999999999995
eval_at,"[0.12445980985306827, 33.36585365853659, 144, 836]",0.4487170470547748,25.055555555555554,0.3,70.99999999999994
eval_at,"[0.12273120138288678, 33.40576496674058, 142, 837]",0.4513818809417654,25.055555555555554,0.3,71.09999999999994
eval_at,"[0.12100259291270528, 33.325942350332596, 140, 835]",0.45402466233578986,25.055555555555554,0.3,71.19999999999993
eval_at,"[0.12100259291270528, 33.166297117516635, 140, 831]",0.4568703257780055,25.055555555555554,0.3,71.29999999999993
eval_at,"[0.12013828867761452, 33.08647450110865, 139, 829]",0.45937073606960194,25.055555555555554,0.3,71.39999999999992
eval_at,"[0.12013828867761452, 33.006651884700666, 139, 827]",0.46316033833003356,25.055555555555554,0.3,71.49999999999991
eval_at,"[0.12013828867761452, 32.886917960088695, 139, 824]",0.4662320508439055,25.055555555555554,0.3,71.59999999999991
eval_at,"[0.11927398444252377, 32.847006651884705, 138, 823]",0.4700157287210002,25.055555555555554,0.3,71.6999999999999
eval_at,"[0.11754537597234227, 32.807095343680714, 136, 822]",0.4731856756681944,25.055555555555554,0.3,71.7999999999999
eval_at,"[0.11840968020743302, 32.886917960088695, 137, 824]",0.4758234814940562,25.055555555555554,0.3,71.89999999999989
eval_at,"[0.11754537597234227, 32.647450110864746, 136, 818]",0.478807374451083,25.055555555555554,0.3,71.99999999999989
eval_at,"[0.11840968020743302, 32.447893569844794, 137, 813]",0.48157750583776077,25.055555555555554,0.3,72.09999999999988
eval_at,"[0.11754537597234227, 32.328159645232816, 136, 810]",0.48398112812344274,25.055555555555554,0.3,72.19999999999987
eval_at,"[0.11668107173725151, 32.208425720620845, 135, 807]",0.4866566074502767,25.055555555555554,0.3,72.29999999999987
eval_at,"[0.11408815903197926, 32.168514412416854, 132, 806]",0.4897418269584426,25.055555555555554,0.3,72.39999999999986
eval_at,"[0.11581676750216076, 32.128603104212864, 134, 805]",0.4922094406033492,25.055555555555554,0.3,72.49999999999986
eval_at,"[0.11235955056179775, 31.92904656319291, 130, 800]",0.4951938484857363,25.055555555555554,0.3,72.59999999999985
eval_at,"[0.1132238547968885, 31.849223946784925, 131, 798]",0.49788788558196784,25.055555555555554,0.3,72.69999999999985
eval_at,"[0.1132238547968885, 31.769401330376944, 131, 796]",0.5007827605866554,25.055555555555554,0.3,72.79999999999984
eval_at,"[0.11235955056179775, 31.60975609756098, 130, 792]",0.5040769163495408,25.055555555555554,0.3,72.89999999999984
eval_at,"[0.111495246326707, 31.64966740576497, 129, 793]",0.508131162466097,25.055555555555554,0.3,72.99999999999983
eval_at,"[0.11235955056179775, 31.64966740576497, 130, 793]",0.5112308467597974,25.055555555555554,0.3,73.09999999999982
eval_at,"[0.11235955056179775, 31.450110864745014, 130, 788]",0.5142790377763076,25.055555555555554,0.3,73.19999999999982
eval_at,"[0.111495246326707, 31.450110864745014, 129, 788]",0.5175174565414113,25.055555555555554,0.3,73.29999999999981
eval_at,"[0.111495246326707, 31.450110864745014, 129, 788]",0.5208688102081646,25.055555555555554,0.3,73.3999999999998
eval_at,"[0.11063094209161625, 31.410199556541023, 128, 787]",0.5237637867477423,25.055555555555554,0.3,73.4999999999998
eval_at,"[0.11235955056179775, 31.29046563192905, 130, 784]",0.5271457344328648,25.055555555555554,0.3,73.5999999999998
eval_at,"[0.111495246326707, 31.29046563192905, 129, 784]",0.5312988511349155,25.055555555555554,0.3,73.69999999999979
eval_at,"[0.11235955056179775, 31.25055432372506, 130, 783]",0.5346600269858044,25.055555555555554,0.3,73.79999999999978
eval_at,"[0.111495246326707, 31.090909090909093, 129, 779]",0.5376794332069486,25.055555555555554,0.3,73.89999999999978
eval_at,"[0.11063094209161625, 31.050997782705103, 128, 778]",0.539949468142706,25.055555555555554,0.3,73.99999999999977
eval_at,"[0.1097666378565255, 31.011086474501113, 127, 777]",0.5440875777725787,25.055555555555554,0.3,74.09999999999977
eval_at,"[0.1097666378565255, 30.93126385809313, 127, 775]",0.5472234967025373,25.055555555555554,0.3,74.19999999999976
eval_at,"[0.1097666378565255, 30.93126385809313, 127, 775]",0.5509886171267173,25.055555555555554,0.3,74.29999999999976
eval_at,"[0.1097666378565255, 30.811529933481154, 127, 772]",0.5540761442697512,25.055555555555554,0.3,74.39999999999975
eval_at,"[0.10890233362143474, 30.691796008869183, 126, 769]",0.5570016060016968,25.055555555555554,0.3,74.49999999999974
eval_at,"[0.1097666378565255, 30.691796008869183, 127, 769]",0.5600792325763715,25.055555555555554,0.3,74.59999999999974
eval_at,"[0.1097666378565255, 30.532150776053218, 127, 765]",0.5626758546401881,25.055555555555554,0.3,74.69999999999973
eval_at,"[0.10890233362143474, 30.212860310421288, 126, 757]",0.5659638502971923,25.055555555555554,0.3,74.79999999999973
eval_at,"[0.1097666378565255, 30.292682926829272, 127, 759]",0.5693824719709709,25.055555555555554,0.3,74.89999999999972
eval_at,"[0.10890233362143474, 30.133037694013307, 126, 755]",0.5724050258032433,25.055555555555554,0.3,74.99999999999972
eval_at,"[0.10890233362143474, 30.053215077605323, 126, 753]",0.5754294187593032,25.055555555555554,0.3,75.09999999999971
eval_at,"[0.10890233362143474, 30.013303769401332, 126, 752]",0.5800839759351939,25.055555555555554,0.3,75.1999999999997
eval_at,"[0.10717372515125324, 29.973392461197342, 124, 751]",0.583535430243078,25.055555555555554,0.3,75.2999999999997
eval_at,"[0.10803802938634399, 29.893569844789358, 125, 749]",0.5866404667883037,25.055555555555554,0.3,75.3999999999997
eval_at,"[0.1063094209161625, 29.853658536585368, 123, 748]",0.590678632900849,25.055555555555554,0.3,75.49999999999969
eval_at,"[0.10458081244598098, 29.773835920177387, 121, 746]",0.5946710321726613,25.055555555555554,0.3,75.59999999999968
eval_at,"[0.10458081244598098, 29.654101995565412, 121, 743]",0.5980356270138413,25.055555555555554,0.3,75.69999999999968
eval_at,"[0.10285220397579949, 29.654101995565412, 119, 743]",0.6012980513092226,25.055555555555554,0.3,75.79999999999967
eval_at,"[0.10285220397579949, 29.57427937915743, 119, 741]",0.6049181279990729,25.055555555555554,0.3,75.89999999999966
eval_at,"[0.10285220397579949, 29.494456762749447, 119, 739]",0.6086767899877801,25.055555555555554,0.3,75.99999999999966
eval_at,"[0.10371650821089023, 29.374722838137476, 120, 736]",0.6122402492197836,25.055555555555554,0.3,76.09999999999965
eval_at,"[0.10458081244598098, 29.334811529933482, 121, 735]",0.6153180371202878,25.055555555555554,0.3,76.19999999999965
eval_at,"[0.10371650821089023, 29.2549889135255, 120, 733]",0.6189221918586734,25.055555555555554,0.3,76.29999999999964
eval_at,"[0.10371650821089023, 29.334811529933482, 120, 735]",0.6224556033909127,25.055555555555554,0.3,76.39999999999964
eval_at,"[0.10371650821089023, 29.175166297117517, 120, 731]",0.6270137349586495,25.055555555555554,0.3,76.49999999999963
eval_at,"[0.10371650821089023, 29.015521064301556, 120, 727]",0.6303509684078992,25.055555555555554,0.3,76.59999999999962
eval_at,"[0.10285220397579949, 28.8159645232816, 119, 722]",0.6345070102323709,25.055555555555554,0.3,76.69999999999962
eval_at,"[0.10371650821089023, 28.53658536585366, 120, 715]",0.6380695477828048,25.055555555555554,0.3,76.79999999999961
eval_at,"[0.10458081244598098, 28.297117516629715, 121, 709]",0.6419753989725056,25.055555555555554,0.3,76.89999999999961
eval_at,"[0.10544511668107173, 28.13747228381375, 122, 705]",0.644492502466801,25.055555555555554,0.3,76.9999999999996
eval_at,"[0.10458081244598098, 28.17738359201774, 121, 706]",0.6474130541396056,25.055555555555554,0.3,77.0999999999996
eval_at,"[0.10371650821089023, 27.977827050997785, 120, 701]",0.6506547995691908,25.055555555555554,0.3,77.19999999999959
eval_at,"[0.10198789974070872, 27.85809312638581, 118, 698]",0.6537682311876482,25.055555555555554,0.3,77.29999999999959
eval_at,"[0.10198789974070872, 27.618625277161865, 118, 692]",0.6568957512228936,25.055555555555554,0.3,77.39999999999958
eval_at,"[0.09939498703543648, 27.578713968957874, 115, 691]",0.6613629517176377,25.055555555555554,0.3,77.49999999999957
eval_at,"[0.09939498703543648, 27.339246119733925, 115, 685]",0.6642598623245378,25.055555555555554,0.3,77.59999999999957
eval_at,"[0.09939498703543648, 27.179600886917964, 115, 681]",0.6688253488005236,25.055555555555554,0.3,77.69999999999956
eval_at,"[0.10025929127052723, 27.09977827050998, 116, 679]",0.6729093961294024,25.055555555555554,0.3,77.79999999999956
eval_at,"[0.09853068280034573, 26.940133037694014, 114, 675]",0.6760131029998575,25.055555555555554,0.3,77.89999999999955
eval_at,"[0.09680207433016422, 26.900221729490024, 112, 674]",0.6788485729310905,25.055555555555554,0.3,77.99999999999955
eval_at,"[0.09593777009507347, 27.019955654102, 111, 677]",0.6825195974375893,25.055555555555554,0.3,78.09999999999954
eval_at,"[0.09507346585998272, 27.019955654102, 110, 677]",0.686324316376769,25.055555555555554,0.3,78.19999999999953
eval_at,"[0.09420916162489196, 26.66075388026608, 109, 668]",0.6898162222695675,25.055555555555554,0.3,78.29999999999953
eval_at,"[0.09507346585998272, 26.261640798226168, 110, 658]",0.6950687732311949,25.055555555555554,0.3,78.39999999999952
eval_at,"[0.09334485738980121, 26.141906873614193, 108, 655]",0.6986365669967104,25.055555555555554,0.3,78.49999999999952
eval_at,"[0.09248055315471046, 26.181818181818183, 107, 656]",0.7021854721052682,25.055555555555554,0.3,78.59999999999951
eval_at,"[0.09248055315471046, 25.982261640798228, 107, 651]",0.7046432824871145,25.055555555555554,0.3,78.6999999999995
eval_at,"[0.09334485738980121, 25.702882483370292, 108, 644]",0.709463199416398,25.055555555555554,0.3,78.7999999999995
eval_at,"[0.09248055315471046, 25.383592017738362, 107, 636]",0.7134517100473472,25.055555555555554,0.3,78.8999999999995
eval_at,"[0.09248055315471046, 25.144124168514413, 107, 630]",0.7171314022978104,25.055555555555554,0.3,78.99999999999949
eval_at,"[0.09248055315471046, 25.02439024390244, 107, 627]",0.7210358406479032,25.055555555555554,0.3,79.09999999999948
eval_at,"[0.09161624891961971, 24.98447893569845, 106, 626]",0.725599921401257,25.055555555555554,0.3,79.19999999999948
eval_at,"[0.09334485738980121, 24.864745011086477, 108, 623]",0.7289239710309118,25.055555555555554,0.3,79.29999999999947
eval_at,"[0.09334485738980121, 24.62527716186253, 108, 617]",0.7318780520201242,25.055555555555554,0.3,79.39999999999947
eval_at,"[0.09334485738980121, 24.34589800443459, 108, 610]",0.7365247329973228,25.055555555555554,0.3,79.49999999999946
eval_at,"[0.09507346585998272, 24.425720620842576, 110, 612]",0.7392252690948192,25.055555555555554,0.3,79.59999999999945
eval_at,"[0.09420916162489196, 24.38580931263858, 109, 611]",0.7434093833599479,25.055555555555554,0.3,79.69999999999945
eval_at,"[0.09334485738980121, 24.26607538802661, 108, 608]",0.7490036922915805,25.055555555555554,0.3,79.79999999999944
eval_at,"[0.09161624891961971, 24.226164079822617, 106, 607]",0.7524912609739757,25.055555555555554,0.3,79.89999999999944
eval_at,"[0.09248055315471046, 24.146341463414636, 107, 605]",0.7570671954015907,25.055555555555554,0.3,79.99999999999943
eval_at,"[0.09161624891961971, 23.94678492239468, 106, 600]",0.7607437294121095,25.055555555555554,0.3,80.09999999999943
eval_at,"[0.09248055315471046, 23.90687361419069, 107, 599]",0.7637837473232273,25.055555555555554,0.3,80.19999999999942
eval_at,"[0.09334485738980121, 23.747228381374725, 108, 595]",0.7679656410793259,25.055555555555554,0.3,80.29999999999941
eval_at,"[0.09161624891961971, 23.827050997782706, 106, 597]",0.7719828102652556,25.055555555555554,0.3,80.39999999999941
eval_at,"[0.09161624891961971, 23.467849223946786, 106, 588]",0.7753096874593106,25.055555555555554,0.3,80.4999999999994
eval_at,"[0.09161624891961971, 23.26829268292683, 106, 583]",0.7788366591243232,25.055555555555554,0.3,80.5999999999994
eval_at,"[0.09161624891961971, 23.068736141906875, 106, 578]",0.7843788218056467,25.055555555555554,0.3,80.69999999999939
eval_at,"[0.09075194468452895, 22.82926829268293, 105, 572]",0.7883826426732855,25.055555555555554,0.3,80.79999999999939
eval_at,"[0.09248055315471046, 22.58980044345898, 107, 566]",0.79270000509791,25.055555555555554,0.3,80.89999999999938
eval_at,"[0.09161624891961971, 22.43015521064302, 106, 562]",0.7963440765643282,25.055555555555554,0.3,80.99999999999937
eval_at,"[0.0898876404494382, 22.310421286031044, 104, 559]",0.800265074081603,25.055555555555554,0.3,81.09999999999937
eval_at,"[0.0898876404494382, 22.230598669623063, 104, 557]",0.8035089471886141,25.055555555555554,0.3,81.19999999999936
eval_at,"[0.0898876404494382, 22.15077605321508, 104, 555]",0.807902717092388,25.055555555555554,0.3,81.29999999999936
eval_at,"[0.08729472774416594, 22.0709534368071, 101, 553]",0.8129456502548297,25.055555555555554,0.3,81.39999999999935
eval_at,"[0.08729472774416594, 22.19068736141907, 101, 556]",0.816907534597217,25.055555555555554,0.3,81.49999999999935
eval_at,"[0.08643042350907519, 21.871396895787143, 100, 548]",0.8207328844873844,25.055555555555554,0.3,81.59999999999934
eval_at,"[0.08643042350907519, 21.79157427937916, 100, 546]",0.8257609580435923,25.055555555555554,0.3,81.69999999999933
eval_at,"[0.08729472774416594, 21.512195121951223, 101, 539]",0.829317885397026,25.055555555555554,0.3,81.79999999999933
eval_at,"[0.08556611927398444, 21.312638580931267, 99, 534]",0.8336815043252963,25.055555555555554,0.3,81.89999999999932
eval_at,"[0.08556611927398444, 21.073170731707318, 99, 528]",0.8390671978268656,25.055555555555554,0.3,81.99999999999932
eval_at,"[0.08556611927398444, 20.913525498891353, 99, 524]",0.843124382912197,25.055555555555554,0.3,82.09999999999931
eval_at,"[0.08297320656871218, 20.753880266075388, 96, 520]",0.8477357961140116,25.055555555555554,0.3,82.1999999999993
eval_at,"[0.08297320656871218, 20.594235033259427, 96, 516]",0.8522368278876413,25.055555555555554,0.3,82.2999999999993
eval_at,"[0.08210890233362143, 20.43458980044346, 95, 512]",0.8570534537000126,25.055555555555554,0.3,82.3999999999993
eval_at,"[0.08210890233362143, 20.314855875831487, 95, 509]",0.8615335957858737,25.055555555555554,0.3,82.49999999999929
eval_at,"[0.08038029386343994, 20.274944567627497, 93, 508]",0.8668251135228537,25.055555555555554,0.3,82.59999999999928
eval_at,"[0.08038029386343994, 20.354767184035477, 93, 510]",0.8714610068874143,25.055555555555554,0.3,82.69999999999928
eval_at,"[0.07951598962834917, 20.274944567627497, 92, 508]",0.8763763073720063,25.055555555555554,0.3,82.79999999999927
eval_at,"[0.07865168539325842, 20.155210643015522, 91, 505]",0.8808725026667408,25.055555555555554,0.3,82.89999999999927
eval_at,"[0.07778738115816768, 19.995565410199557, 90, 501]",0.8868809415788615,25.055555555555554,0.3,82.99999999999926
eval_at,"[0.07778738115816768, 19.7960088691796, 90, 496]",0.8918959116939261,25.055555555555554,0.3,83.09999999999926
eval_at,"[0.07778738115816768, 19.39689578713969, 90, 486]",0.896156004647074,25.055555555555554,0.3,83.19999999999925
eval_at,"[0.07692307692307693, 19.03769401330377, 89, 477]",0.9020797727707547,25.055555555555554,0.3,83.29999999999924
eval_at,"[0.07692307692307693, 19.03769401330377, 89, 477]",0.9072659561638612,25.055555555555554,0.3,83.39999999999924
eval_at,"[0.07692307692307693, 18.838137472283815, 89, 472]",0.9120755118977324,25.055555555555554,0.3,83.49999999999923
eval_at,"[0.07692307692307693, 18.59866962305987, 89, 466]",0.915505091760392,25.055555555555554,0.3,83.59999999999923
eval_at,"[0.07692307692307693, 18.558758314855876, 89, 465]",0.9205823722481485,25.055555555555554,0.3,83.69999999999922
eval_at,"[0.07692307692307693, 18.558758314855876, 89, 465]",0.9259064256074071,25.055555555555554,0.3,83.79999999999922
eval_at,"[0.07605877268798616, 18.63858093126386, 88, 467]",0.9311234462782502,25.055555555555554,0.3,83.89999999999921
eval_at,"[0.07692307692307693, 18.518847006651885, 89, 464]",0.9358899127120798,25.055555555555554,0.3,83.9999999999992
eval_at,"[0.07865168539325842, 18.199556541019955, 91, 456]",0.9399606889957387,25.055555555555554,0.3,84.0999999999992
eval_at,"[0.07778738115816768, 17.92017738359202, 90, 449]",0.9428488695802554,25.055555555555554,0.3,84.19999999999919
eval_at,"[0.07605877268798616, 17.84035476718404, 88, 447]",0.9471468280313979,25.055555555555554,0.3,84.29999999999919
eval_at,"[0.07605877268798616, 17.800443458980045, 88, 446]",0.9529663005733529,25.055555555555554,0.3,84.39999999999918
eval_at,"[0.07519446845289542, 17.60088691796009, 87, 441]",0.9587740881109573,25.055555555555554,0.3,84.49999999999918
eval_at,"[0.07433016421780467, 17.720620842572064, 86, 444]",0.9648811932540987,25.055555555555554,0.3,84.59999999999917
eval_at,"[0.07433016421780467, 17.680709534368074, 86, 443]",0.9704244279962092,25.055555555555554,0.3,84.69999999999916
eval_at,"[0.07346585998271392, 17.64079822616408, 85, 442]",0.9760598506953811,25.055555555555554,0.3,84.79999999999916
eval_at,"[0.07260155574762317, 17.5609756097561, 84, 440]",0.9815697819396865,25.055555555555554,0.3,84.89999999999915
eval_at,"[0.07260155574762317, 17.52106430155211, 84, 439]",0.9869305950088133,25.055555555555554,0.3,84.99999999999915
eval_at,"[0.07433016421780467, 17.28159645232816, 86, 433]",0.9917115031132612,25.055555555555554,0.3,85.09999999999914
eval_at,"[0.07260155574762317, 17.121951219512198, 84, 429]",0.9970131023136125,25.055555555555554,0.3,85.19999999999914
eval_at,"[0.07173725151253241, 17.082039911308204, 83, 428]",1.0027967366743957,25.055555555555554,0.3,85.29999999999913
eval_at,"[0.07260155574762317, 16.922394678492243, 84, 424]",1.007736541263447,25.055555555555554,0.3,85.39999999999912
eval_at,"[0.07173725151253241, 16.84257206208426, 83, 422]",1.0132368017267146,25.055555555555554,0.3,85.49999999999912
eval_at,"[0.07173725151253241, 16.84257206208426, 83, 422]",1.0189913044958367,25.055555555555554,0.3,85.59999999999911
eval_at,"[0.07173725151253241, 16.922394678492243, 83, 424]",1.0251430765483442,25.055555555555554,0.3,85.69999999999911
eval_at,"[0.07087294727744166, 16.762749445676278, 82, 420]",1.0308009065068224,25.055555555555554,0.3,85.7999999999991
eval_at,"[0.07000864304235091, 16.84257206208426, 81, 422]",1.0360199444560654,25.055555555555554,0.3,85.8999999999991
eval_at,"[0.07000864304235091, 16.922394678492243, 81, 424]",1.0415206885351205,25.055555555555554,0.3,85.99999999999909
eval_at,"[0.07000864304235091, 16.84257206208426, 81, 422]",1.046665876655406,25.055555555555554,0.3,86.09999999999908
eval_at,"[0.07000864304235091, 16.722838137472284, 81, 419]",1.052661027896425,25.055555555555554,0.3,86.19999999999908
eval_at,"[0.06914433880726016, 16.443458980044348, 80, 412]",1.059109578055705,25.055555555555554,0.3,86.29999999999907
eval_at,"[0.0665514261019879, 16.52328159645233, 77, 414]",1.0646265250013354,25.055555555555554,0.3,86.39999999999907
eval_at,"[0.06482281763180639, 16.443458980044348, 75, 412]",1.0722980571255327,25.055555555555554,0.3,86.49999999999906
eval_at,"[0.06309420916162489, 16.164079822616408, 73, 405]",1.0777806105161765,25.055555555555554,0.3,86.59999999999906
eval_at,"[0.06309420916162489, 16.243902439024392, 73, 407]",1.0837294432465563,25.055555555555554,0.3,86.69999999999905
eval_at,"[0.06136560069144339, 16.243902439024392, 71, 407]",1.0916524718160472,25.055555555555554,0.3,86.79999999999905
eval_at,"[0.06136560069144339, 16.203991130820402, 71, 406]",1.0973247500936267,25.055555555555554,0.3,86.89999999999904
eval_at,"[0.06050129645635264, 16.164079822616408, 70, 405]",1.1029578232054364,25.055555555555554,0.3,86.99999999999903
eval_at,"[0.06136560069144339, 16.004434589800443, 71, 401]",1.110153333694099,25.055555555555554,0.3,87.09999999999903
eval_at,"[0.06222990492653414, 16.044345898004437, 72, 402]",1.1168727108329386,25.055555555555554,0.3,87.19999999999902
eval_at,"[0.06050129645635264, 15.84478935698448, 70, 397]",1.1229822342767761,25.055555555555554,0.3,87.29999999999902
eval_at,"[0.059636992221261884, 15.84478935698448, 69, 397]",1.1280216709725044,25.055555555555554,0.3,87.39999999999901
eval_at,"[0.059636992221261884, 15.80487804878049, 69, 396]",1.134144804316064,25.055555555555554,0.3,87.499999999999
eval_at,"[0.058772687986171135, 15.685144124168515, 68, 393]",1.1396531710265259,25.055555555555554,0.3,87.599999999999
eval_at,"[0.058772687986171135, 15.565410199556542, 68, 390]",1.1452036034259396,25.055555555555554,0.3,87.699999999999
eval_at,"[0.058772687986171135, 15.365853658536587, 68, 385]",1.152108912787259,25.055555555555554,0.3,87.79999999999899
eval_at,"[0.05790838375108038, 15.445676274944569, 67, 387]",1.1575734710297512,25.055555555555554,0.3,87.89999999999898
eval_at,"[0.05704407951598963, 15.286031042128604, 66, 383]",1.1646726279830963,25.055555555555554,0.3,87.99999999999898
eval_at,"[0.05704407951598963, 15.246119733924614, 66, 382]",1.1709422312568665,25.055555555555554,0.3,88.09999999999897
eval_at,"[0.05704407951598963, 15.166297117516631, 66, 380]",1.1774395376777356,25.055555555555554,0.3,88.19999999999897
eval_at,"[0.05704407951598963, 14.966740576496676, 66, 375]",1.1841388558954298,25.055555555555554,0.3,88.29999999999896
eval_at,"[0.05704407951598963, 14.966740576496676, 66, 375]",1.190492839095454,25.055555555555554,0.3,88.39999999999895
eval_at,"[0.058772687986171135, 15.006651884700666, 68, 376]",1.1974515966549264,25.055555555555554,0.3,88.49999999999895
eval_at,"[0.058772687986171135, 14.966740576496676, 68, 375]",1.2032053952561947,25.055555555555554,0.3,88.59999999999894
eval_at,"[0.058772687986171135, 14.807095343680711, 68, 371]",1.2118370937494374,25.055555555555554,0.3,88.69999999999894
eval_at,"[0.05704407951598963, 14.807095343680711, 66, 371]",1.2181693431483223,25.055555555555554,0.3,88.79999999999893
eval_at,"[0.056179775280898875, 14.767184035476719, 65, 370]",1.2257742137267493,25.055555555555554,0.3,88.89999999999893
eval_at,"[0.056179775280898875, 14.727272727272728, 65, 369]",1.2321221146796248,25.055555555555554,0.3,88.99999999999892
eval_at,"[0.055315471045808126, 14.487804878048781, 64, 363]",1.2385289400024977,25.055555555555554,0.3,89.09999999999891
eval_at,"[0.05445116681071737, 14.44789356984479, 63, 362]",1.2454332535451618,25.055555555555554,0.3,89.19999999999891
eval_at,"[0.052722558340535866, 14.44789356984479, 61, 362]",1.2508561243767207,25.055555555555554,0.3,89.2999999999989
eval_at,"[0.05185825410544512, 14.44789356984479, 60, 362]",1.2587216969325714,25.055555555555554,0.3,89.3999999999989
eval_at,"[0.05099394987035436, 14.368070953436808, 59, 360]",1.267368520820228,25.055555555555554,0.3,89.49999999999889
eval_at,"[0.05099394987035436, 14.288248337028826, 59, 358]",1.2739562769585533,25.055555555555554,0.3,89.59999999999889
eval_at,"[0.05099394987035436, 14.08869179600887, 59, 353]",1.2802416583345566,25.055555555555554,0.3,89.69999999999888
eval_at,"[0.05099394987035436, 13.929046563192905, 59, 349]",1.2860363699580009,25.055555555555554,0.3,89.79999999999887
eval_at,"[0.05012964563526361, 13.769401330376942, 58, 345]",1.29271773218269,25.055555555555554,0.3,89.89999999999887
eval_at,"[0.049265341400172864, 13.68957871396896, 57, 343]",1.2991786227429765,25.055555555555554,0.3,89.99999999999886
eval_at,"[0.04840103716508211, 13.609756097560977, 56, 341]",1.3069506826730701,25.055555555555554,0.3,90.09999999999886
eval_at,"[0.04840103716508211, 13.37028824833703, 56, 335]",1.315982418945354,25.055555555555554,0.3,90.19999999999885
eval_at,"[0.04840103716508211, 13.130820399113084, 56, 329]",1.3228819345083964,25.055555555555554,0.3,90.29999999999885
eval_at,"[0.046672428694900604, 13.090909090909092, 54, 328]",1.3291533881780588,25.055555555555554,0.3,90.39999999999884
eval_at,"[0.045808124459809856, 13.050997782705101, 53, 327]",1.3368125407796287,25.055555555555554,0.3,90.49999999999883
eval_at,"[0.0449438202247191, 12.931263858093127, 52, 324]",1.3427495345211224,25.055555555555554,0.3,90.59999999999883
eval_at,"[0.04407951598962835, 12.891352549889136, 51, 323]",1.3504213980942374,25.055555555555554,0.3,90.69999999999882
eval_at,"[0.04407951598962835, 12.811529933481154, 51, 321]",1.3580666199101223,25.055555555555554,0.3,90.79999999999882
eval_at,"[0.04407951598962835, 12.572062084257206, 51, 315]",1.3654883557407889,25.055555555555554,0.3,90.89999999999881
eval_at,"[0.0449438202247191, 12.532150776053216, 52, 314]",1.373094759856207,25.055555555555554,0.3,90.9999999999988
eval_at,"[0.04407951598962835, 12.572062084257206, 51, 315]",1.378642155036768,25.055555555555554,0.3,91.0999999999988
eval_at,"[0.04148660328435609, 12.731707317073171, 48, 319]",1.3841060491055102,25.055555555555554,0.3,91.1999999999988
eval_at,"[0.04062229904926534, 12.611973392461199, 47, 316]",1.3919465707110417,25.055555555555554,0.3,91.29999999999879
eval_at,"[0.03889369057908384, 12.532150776053216, 45, 314]",1.4003939462762038,25.055555555555554,0.3,91.39999999999878
eval_at,"[0.037165082108902334, 12.372505543237251, 43, 310]",1.408075710932789,25.055555555555554,0.3,91.49999999999878
eval_at,"[0.036300777873811585, 12.412416851441243, 42, 311]",1.4165784490827558,25.055555555555554,0.3,91.59999999999877
eval_at,"[0.036300777873811585, 12.372505543237251, 42, 310]",1.4255818183660074,25.055555555555554,0.3,91.69999999999877
eval_at,"[0.036300777873811585, 12.133037694013305, 42, 304]",1.4337103146846013,25.055555555555554,0.3,91.79999999999876
eval_at,"[0.03457216940363008, 12.133037694013305, 40, 304]",1.4431676218030403,25.055555555555554,0.3,91.89999999999876
eval_at,"[0.032843560933448576, 12.292682926829269, 38, 308]",1.4533073943477854,25.055555555555554,0.3,91.99999999999875
eval_at,"[0.03197925669835782, 12.133037694013305, 37, 304]",1.4619126704783287,25.055555555555554,0.3,92.09999999999874
eval_at,"[0.03111495246326707, 12.252771618625278, 36, 307]",1.468505501903979,25.055555555555554,0.3,92.19999999999874
eval_at,"[0.03111495246326707, 12.01330376940133, 36, 301]",1.4778262856169604,25.055555555555554,0.3,92.29999999999873
eval_at,"[0.03197925669835782, 11.853658536585368, 37, 297]",1.4855142702679374,25.055555555555554,0.3,92.39999999999873
eval_at,"[0.03025064822817632, 11.694013303769403, 35, 293]",1.495125712545641,25.055555555555554,0.3,92.49999999999872
eval_at,"[0.029386343993085567, 11.61419068736142, 34, 291]",1.502081098719127,25.055555555555554,0.3,92.59999999999872
eval_at,"[0.02679343128781331, 11.334811529933482, 31, 284]",1.5085372443353338,25.055555555555554,0.3,92.69999999999871
eval_at,"[0.027657735522904063, 11.334811529933482, 32, 284]",1.515575748971914,25.055555555555554,0.3,92.7999999999987
eval_at,"[0.028522039757994815, 11.29490022172949, 33, 283]",1.5249724328847563,25.055555555555554,0.3,92.8999999999987
eval_at,"[0.027657735522904063, 11.095343680709535, 32, 278]",1.5327889235247687,25.055555555555554,0.3,92.99999999999869
eval_at,"[0.027657735522904063, 11.015521064301552, 32, 276]",1.5415193343482207,25.055555555555554,0.3,93.09999999999869
eval_at,"[0.027657735522904063, 11.015521064301552, 32, 276]",1.552696748710434,25.055555555555554,0.3,93.19999999999868
eval_at,"[0.027657735522904063, 10.89578713968958, 32, 273]",1.5611699561519041,25.055555555555554,0.3,93.29999999999868
eval_at,"[0.027657735522904063, 10.736141906873614, 32, 269]",1.5678834942022188,25.055555555555554,0.3,93.39999999999867
eval_at,"[0.028522039757994815, 10.696230598669624, 33, 268]",1.5771175155251542,25.055555555555554,0.3,93.49999999999866
eval_at,"[0.028522039757994815, 10.696230598669624, 33, 268]",1.5863352307732923,25.055555555555554,0.3,93.59999999999866
eval_at,"[0.028522039757994815, 10.736141906873614, 33, 269]",1.5940242108354157,25.055555555555554,0.3,93.69999999999865
eval_at,"[0.028522039757994815, 10.456762749445677, 33, 262]",1.601508924171538,25.055555555555554,0.3,93.79999999999865
eval_at,"[0.028522039757994815, 10.536585365853659, 33, 264]",1.6099390486822867,25.055555555555554,0.3,93.89999999999864
eval_at,"[0.02679343128781331, 10.416851441241686, 31, 261]",1.6170608509757403,25.055555555555554,0.3,93.99999999999864
eval_at,"[0.02679343128781331, 10.376940133037694, 31, 260]",1.6268669160495064,25.055555555555554,0.3,94.09999999999863
eval_at,"[0.025064822817631807, 10.177383592017739, 29, 255]",1.6368457906716893,25.055555555555554,0.3,94.19999999999862
eval_at,"[0.02592912705272256, 10.177383592017739, 30, 255]",1.6453758548194,25.055555555555554,0.3,94.29999999999862
eval_at,"[0.027657735522904063, 10.097560975609756, 32, 253]",1.6551235594561478,25.055555555555554,0.3,94.39999999999861
eval_at,"[0.027657735522904063, 10.137472283813748, 32, 254]",1.6651095853481357,25.055555555555554,0.3,94.49999999999861
eval_at,"[0.027657735522904063, 9.738359201773836, 32, 244]",1.6746608209427205,25.055555555555554,0.3,94.5999999999986
eval_at,"[0.02679343128781331, 9.738359201773836, 31, 244]",1.6834551466400365,25.055555555555554,0.3,94.6999999999986
eval_at,"[0.02592912705272256, 9.698447893569845, 30, 243]",1.6919922365163054,25.055555555555554,0.3,94.79999999999859
eval_at,"[0.02679343128781331, 9.379157427937917, 31, 235]",1.7007476381510822,25.055555555555554,0.3,94.89999999999858
eval_at,"[0.02679343128781331, 9.259423503325943, 31, 232]",1.708940126558276,25.055555555555554,0.3,94.99999999999858
eval_at,"[0.02592912705272256, 8.82039911308204, 30, 221]",1.720084002612846,25.055555555555554,0.3,95.09999999999857
eval_at,"[0.02679343128781331, 8.74057649667406, 31, 219]",1.7289642258274187,25.055555555555554,0.3,95.19999999999857
eval_at,"[0.02592912705272256, 8.580931263858094, 30, 215]",1.7431551517562514,25.055555555555554,0.3,95.29999999999856
eval_at,"[0.02592912705272256, 8.501108647450112, 30, 213]",1.751528607174844,25.055555555555554,0.3,95.39999999999856
eval_at,"[0.025064822817631807, 8.381374722838139, 29, 210]",1.7603246315623207,25.055555555555554,0.3,95.49999999999855
eval_at,"[0.025064822817631807, 8.461197339246121, 29, 212]",1.772059085194601,25.055555555555554,0.3,95.59999999999854
eval_at,"[0.025064822817631807, 8.301552106430156, 29, 208]",1.7815068519240804,25.055555555555554,0.3,95.69999999999854
eval_at,"[0.023336214347450302, 8.501108647450112, 27, 213]",1.7918187065498483,25.055555555555554,0.3,95.79999999999853
eval_at,"[0.02247191011235955, 8.461197339246121, 26, 212]",1.8022693976247086,25.055555555555554,0.3,95.89999999999853
eval_at,"[0.02247191011235955, 8.221729490022174, 26, 206]",1.8144155125562946,25.055555555555554,0.3,95.99999999999852
eval_at,"[0.021607605877268798, 8.181818181818182, 25, 205]",1.8226824610594843,25.055555555555554,0.3,96.09999999999852
eval_at,"[0.021607605877268798, 8.022172949002218, 25, 201]",1.8332443733440256,25.055555555555554,0.3,96.19999999999851
eval_at,"[0.021607605877268798, 7.782705099778271, 25, 195]",1.8454335294265891,25.055555555555554,0.3,96.2999999999985
eval_at,"[0.019878997407087293, 7.822616407982262, 23, 196]",1.8529492474442768,25.055555555555554,0.3,96.3999999999985
eval_at,"[0.01728608470181504, 7.822616407982262, 20, 196]",1.8626114519528412,25.055555555555554,0.3,96.4999999999985
eval_at,"[0.01728608470181504, 7.74279379157428, 20, 194]",1.8728587449291327,25.055555555555554,0.3,96.59999999999849
eval_at,"[0.01728608470181504, 7.8625277161862535, 20, 197]",1.8823622065578023,25.055555555555554,0.3,96.69999999999848
eval_at,"[0.016421780466724288, 7.902439024390245, 19, 198]",1.8917839268618377,25.055555555555554,0.3,96.79999999999848
eval_at,"[0.015557476231633534, 7.74279379157428, 18, 194]",1.900485824095933,25.055555555555554,0.3,96.89999999999847
eval_at,"[0.014693171996542784, 7.423503325942351, 17, 186]",1.9104664948025925,25.055555555555554,0.3,96.99999999999847
eval_at,"[0.01296456352636128, 7.223946784922395, 15, 181]",1.9224771323856642,25.055555555555554,0.3,97.09999999999846
eval_at,"[0.013828867761452032, 7.06430155210643, 16, 177]",1.9325639417520557,25.055555555555554,0.3,97.19999999999845
eval_at,"[0.01296456352636128, 6.944567627494457, 15, 174]",1.9461026321640904,25.055555555555554,0.3,97.29999999999845
eval_at,"[0.012100259291270527, 6.864745011086475, 14, 172]",1.9615158833787663,25.055555555555554,0.3,97.39999999999844
eval_at,"[0.012100259291270527, 6.585365853658537, 14, 165]",1.9724651161555682,25.055555555555554,0.3,97.49999999999844
eval_at,"[0.011235955056179775, 6.425720620842573, 13, 161]",1.9840474860372928,25.055555555555554,0.3,97.59999999999843
eval_at,"[0.011235955056179775, 6.1862527716186255, 13, 155]",1.9979444450404802,25.055555555555554,0.3,97.69999999999843
eval_at,"[0.012100259291270527, 5.946784922394679, 14, 149]",2.009818287961726,25.055555555555554,0.3,97.79999999999842
eval_at,"[0.012100259291270527, 5.866962305986696, 14, 147]",2.0220639145393036,25.055555555555554,0.3,97.89999999999841
eval_at,"[0.011235955056179775, 5.827050997782705, 13, 146]",2.0322119876789397,25.055555555555554,0.3,97.99999999999841
eval_at,"[0.010371650821089023, 5.587583148558759, 12, 140]",2.043863370813196,25.055555555555554,0.3,98.0999999999984
eval_at,"[0.00950734658599827, 5.308203991130821, 11, 133]",2.054516710952883,25.055555555555554,0.3,98.1999999999984
eval_at,"[0.00950734658599827, 5.148558758314857, 11, 129]",2.0740033410441043,25.055555555555554,0.3,98.29999999999839
eval_at,"[0.00864304235090752, 5.068736141906874, 10, 127]",2.0886059005249304,25.055555555555554,0.3,98.39999999999839
eval_at,"[0.00950734658599827, 4.709534368070954, 11, 118]",2.101646658566889,25.055555555555554,0.3,98.49999999999838
eval_at,"[0.007778738115816767, 4.190687361419069, 9, 105]",2.114003863811961,25.055555555555554,0.3,98.59999999999837
eval_at,"[0.007778738115816767, 3.7516629711751666, 9, 94]",2.129377765544575,25.055555555555554,0.3,98.69999999999837
eval_at,"[0.006914433880726016, 3.592017738359202, 8, 90]",2.1438788986322432,25.055555555555554,0.3,98.79999999999836
eval_at,"[0.006914433880726016, 3.3525498891352554, 8, 84]",2.1635446429643097,25.055555555555554,0.3,98.89999999999836
eval_at,"[0.006914433880726016, 3.1130820399113084, 8, 78]",2.180767202246637,25.055555555555554,0.3,98.99999999999835
eval_at,"[0.006050129645635264, 2.8337028824833705, 7, 71]",2.2014073083254684,25.055555555555554,0.3,99.09999999999835
eval_at,"[0.006050129645635264, 2.5543237250554327, 7, 64]",2.2208170613536704,25.055555555555554,0.3,99.19999999999834
eval_at,"[0.005185825410544511, 2.2350332594235036, 6, 56]",2.248255581061894,25.055555555555554,0.3,99.29999999999833
eval_at,"[0.00432152117545376, 1.9955654101995568, 5, 50]",2.2748562188858865,25.055555555555554,0.3,99.39999999999833
eval_at,"[0.00432152117545376, 1.8359201773835923, 5, 46]",2.3016892842442114,25.055555555555554,0.3,99.49999999999832
eval_at,"[0.003457216940363008, 1.6363636363636365, 4, 41]",2.328279257569546,25.055555555555554,0.3,99.59999999999832
eval_at,"[0.001728608470181504, 1.1574279379157428, 2, 29]",2.3786332268276773,25.055555555555554,0.3,99.69999999999831
eval_at,"[0.000864304235090752, 0.7982261640798227, 1, 20]",2.4414720138536494,25.055555555555554,0.3,99.7999999999983
eval_at,"[0.0, 0.47893569844789363, 0, 12]",2.556814124761039,25.055555555555554,0.3,99.8999999999983
eval_at,"[0.1529818496110631, 39.07317073170732, 177, 979]",0.4477758484802949,25.055555555555554,0.4,70.0
eval_at,"[0.1529818496110631, 39.03325942350333, 177, 978]",0.4503662914105225,25.055555555555554,0.4,70.1
eval_at,"[0.1512532411408816, 38.91352549889135, 175, 975]",0.4528278448291791,25.055555555555554,0.4,70.19999999999999
eval_at,"[0.1512532411408816, 38.79379157427938, 175, 972]",0.45559450077759145,25.055555555555554,0.4,70.29999999999998
eval_at,"[0.1512532411408816, 38.67405764966741, 175, 969]",0.45910468926283915,25.055555555555554,0.4,70.39999999999998
eval_at,"[0.1512532411408816, 38.55432372505543, 175, 966]",0.4612224057833637,25.055555555555554,0.4,70.49999999999997
eval_at,"[0.1512532411408816, 38.51441241685144, 175, 965]",0.4645750491595883,25.055555555555554,0.4,70.59999999999997
eval_at,"[0.15211754537597233, 38.43458980044346, 176, 963]",0.4669545579870297,25.055555555555554,0.4,70.69999999999996
eval_at,"[0.15038893690579083, 38.31485587583149, 174, 960]",0.4700145544249745,25.055555555555554,0.4,70.79999999999995
eval_at,"[0.1495246326707001, 38.03547671840355, 173, 953]",0.4727157232878953,25.055555555555554,0.4,70.89999999999995
eval_at,"[0.15038893690579083, 37.87583148558759, 174, 949]",0.4756372547798494,25.055555555555554,0.4,70.99999999999994
eval_at,"[0.1512532411408816, 37.83592017738359, 175, 948]",0.4779649848394105,25.055555555555554,0.4,71.09999999999994
eval_at,"[0.15038893690579083, 37.67627494456763, 174, 944]",0.48143736017367234,25.055555555555554,0.4,71.19999999999993
eval_at,"[0.15038893690579083, 37.67627494456763, 174, 944]",0.484178100493574,25.055555555555554,0.4,71.29999999999993
eval_at,"[0.15038893690579083, 37.51662971175167, 174, 940]",0.4868578000227139,25.055555555555554,0.4,71.39999999999992
eval_at,"[0.1512532411408816, 37.31707317073171, 175, 935]",0.4895239337038015,25.055555555555554,0.4,71.49999999999991
eval_at,"[0.1495246326707001, 37.07760532150776, 173, 929]",0.49222318421848066,25.055555555555554,0.4,71.59999999999991
eval_at,"[0.1512532411408816, 36.99778270509978, 175, 927]",0.4945036817197029,25.055555555555554,0.4,71.6999999999999
eval_at,"[0.15038893690579083, 36.87804878048781, 174, 924]",0.4973959655735188,25.055555555555554,0.4,71.7999999999999
eval_at,"[0.14866032843560933, 36.83813747228382, 172, 923]",0.49993003350149795,25.055555555555554,0.4,71.89999999999989
eval_at,"[0.14866032843560933, 36.55875831485588, 172, 916]",0.5023846978999968,25.055555555555554,0.4,71.99999999999989
eval_at,"[0.14779602420051857, 36.4789356984479, 171, 914]",0.5060593826797148,25.055555555555554,0.4,72.09999999999988
eval_at,"[0.14866032843560933, 36.4789356984479, 172, 914]",0.5085860727561008,25.055555555555554,0.4,72.19999999999987
eval_at,"[0.15038893690579083, 36.39911308203991, 174, 912]",0.5120560812214929,25.055555555555554,0.4,72.29999999999987
eval_at,"[0.1495246326707001, 36.35920177383592, 173, 911]",0.5146479800616106,25.055555555555554,0.4,72.39999999999986
eval_at,"[0.14779602420051857, 36.11973392461198, 171, 905]",0.5179320614152697,25.055555555555554,0.4,72.49999999999986
eval_at,"[0.14520311149524634, 36.11973392461198, 168, 905]",0.520561523259155,25.055555555555554,0.4,72.59999999999985
eval_at,"[0.14433880726015558, 36.23946784922395, 167, 908]",0.5238606898807222,25.055555555555554,0.4,72.69999999999985
eval_at,"[0.14261019878997408, 36.35920177383592, 165, 911]",0.52721212145158,25.055555555555554,0.4,72.79999999999984
eval_at,"[0.14261019878997408, 36.0, 165, 902]",0.530007720238408,25.055555555555554,0.4,72.89999999999984
eval_at,"[0.14347450302506481, 35.84035476718404, 166, 898]",0.5329893545075285,25.055555555555554,0.4,72.99999999999983
eval_at,"[0.14261019878997408, 35.76053215077606, 165, 896]",0.5366075692314874,25.055555555555554,0.4,73.09999999999982
eval_at,"[0.14088159031979255, 35.60088691796009, 163, 892]",0.5394547254834393,25.055555555555554,0.4,73.19999999999982
eval_at,"[0.14001728608470182, 35.52106430155211, 162, 890]",0.5424558554777881,25.055555555555554,0.4,73.29999999999981
eval_at,"[0.13828867761452032, 35.44124168514413, 160, 888]",0.5450917236404516,25.055555555555554,0.4,73.3999999999998
eval_at,"[0.13828867761452032, 35.32150776053216, 160, 885]",0.5483572564301888,25.055555555555554,0.4,73.4999999999998
eval_at,"[0.13828867761452032, 35.36141906873615, 160, 886]",0.5519886325527343,25.055555555555554,0.4,73.5999999999998
eval_at,"[0.13828867761452032, 35.36141906873615, 160, 886]",0.5547569368465416,25.055555555555554,0.4,73.69999999999979
eval_at,"[0.13828867761452032, 35.08203991130821, 160, 879]",0.5573930777377976,25.055555555555554,0.4,73.79999999999978
eval_at,"[0.13742437337942956, 34.84257206208426, 159, 873]",0.5602397702246587,25.055555555555554,0.4,73.89999999999978
eval_at,"[0.13915298184961106, 34.72283813747229, 161, 870]",0.563043996957054,25.055555555555554,0.4,73.99999999999977
eval_at,"[0.14001728608470182, 34.64301552106431, 162, 868]",0.5658263034639103,25.055555555555554,0.4,74.09999999999977
eval_at,"[0.14001728608470182, 34.64301552106431, 162, 868]",0.5690660155417437,25.055555555555554,0.4,74.19999999999976
eval_at,"[0.13915298184961106, 34.56319290465632, 161, 866]",0.5714331167342244,25.055555555555554,0.4,74.29999999999976
eval_at,"[0.13828867761452032, 34.32372505543238, 160, 860]",0.5750064212346121,25.055555555555554,0.4,74.39999999999975
eval_at,"[0.13742437337942956, 34.283813747228386, 159, 859]",0.5780325509871285,25.055555555555554,0.4,74.49999999999974
eval_at,"[0.13569576490924806, 34.243902439024396, 157, 858]",0.5815966354582257,25.055555555555554,0.4,74.59999999999974
eval_at,"[0.13569576490924806, 34.04434589800444, 157, 853]",0.5850434952136258,25.055555555555554,0.4,74.69999999999973
eval_at,"[0.1365600691443388, 34.04434589800444, 158, 853]",0.5879560903788397,25.055555555555554,0.4,74.79999999999973
eval_at,"[0.1365600691443388, 33.924611973392466, 158, 850]",0.5916467506052342,25.055555555555554,0.4,74.89999999999972
eval_at,"[0.1365600691443388, 33.884700665188475, 158, 849]",0.5956118539411762,25.055555555555554,0.4,74.99999999999972
eval_at,"[0.1331028522039758, 33.7649667405765, 154, 846]",0.5988799954742946,25.055555555555554,0.4,75.09999999999971
eval_at,"[0.1331028522039758, 33.605321507760536, 154, 842]",0.6022143076325968,25.055555555555554,0.4,75.1999999999997
eval_at,"[0.13223854796888504, 33.40576496674058, 153, 837]",0.6052470080583282,25.055555555555554,0.4,75.2999999999997
eval_at,"[0.13223854796888504, 33.246119733924616, 153, 833]",0.6078827370533457,25.055555555555554,0.4,75.3999999999997
eval_at,"[0.12964563526361278, 32.966740576496676, 150, 826]",0.6112471564003888,25.055555555555554,0.4,75.49999999999969
eval_at,"[0.12791702679343128, 32.767184035476724, 148, 821]",0.6138831295383048,25.055555555555554,0.4,75.59999999999968
eval_at,"[0.12705272255834055, 32.607538802660756, 147, 817]",0.6174098067335664,25.055555555555554,0.4,75.69999999999968
eval_at,"[0.12705272255834055, 32.407982261640804, 147, 812]",0.6209726968996678,25.055555555555554,0.4,75.79999999999967
eval_at,"[0.12705272255834055, 32.208425720620845, 147, 807]",0.624279543647264,25.055555555555554,0.4,75.89999999999966
eval_at,"[0.12532411408815902, 32.088691796008874, 145, 804]",0.6280482841395442,25.055555555555554,0.4,75.99999999999966
eval_at,"[0.12445980985306827, 32.088691796008874, 144, 804]",0.6312081130271033,25.055555555555554,0.4,76.09999999999965
eval_at,"[0.12359550561797752, 31.809312638580934, 143, 797]",0.6350300618318926,25.055555555555554,0.4,76.19999999999965
eval_at,"[0.12445980985306827, 31.72949002217295, 144, 795]",0.6378568004952623,25.055555555555554,0.4,76.29999999999964
eval_at,"[0.12359550561797752, 31.60975609756098, 143, 792]",0.6407352696031101,25.055555555555554,0.4,76.39999999999964
eval_at,"[0.12186689714779603, 31.56984478935699, 141, 791]",0.6445318540829016,25.055555555555554,0.4,76.49999999999963
eval_at,"[0.12100259291270528, 31.29046563192905, 140, 784]",0.6474217810301285,25.055555555555554,0.4,76.59999999999962
eval_at,"[0.12186689714779603, 31.170731707317074, 141, 781]",0.6505182059136825,25.055555555555554,0.4,76.69999999999962
eval_at,"[0.12186689714779603, 30.891352549889138, 141, 774]",0.6540016255042439,25.055555555555554,0.4,76.79999999999961
eval_at,"[0.12186689714779603, 30.891352549889138, 141, 774]",0.6573721606450295,25.055555555555554,0.4,76.89999999999961
eval_at,"[0.12013828867761452, 30.811529933481154, 139, 772]",0.660821561627536,25.055555555555554,0.4,76.9999999999996
eval_at,"[0.11754537597234227, 30.811529933481154, 136, 772]",0.6644862672063864,25.055555555555554,0.4,77.0999999999996
eval_at,"[0.11668107173725151, 30.6119733924612, 135, 767]",0.6675301004865023,25.055555555555554,0.4,77.19999999999959
eval_at,"[0.11754537597234227, 30.292682926829272, 136, 759]",0.6709290989732508,25.055555555555554,0.4,77.29999999999959
eval_at,"[0.11754537597234227, 30.292682926829272, 136, 759]",0.6738707998164654,25.055555555555554,0.4,77.39999999999958
eval_at,"[0.11581676750216076, 30.172949002217297, 134, 756]",0.6772706873875441,25.055555555555554,0.4,77.49999999999957
eval_at,"[0.11581676750216076, 30.013303769401332, 134, 752]",0.6814542841737931,25.055555555555554,0.4,77.59999999999957
eval_at,"[0.11495246326707001, 30.053215077605323, 133, 753]",0.6853873127045347,25.055555555555554,0.4,77.69999999999956
eval_at,"[0.11668107173725151, 29.853658536585368, 135, 748]",0.6899549341719021,25.055555555555554,0.4,77.79999999999956
eval_at,"[0.11581676750216076, 29.694013303769403, 134, 744]",0.6928906838556115,25.055555555555554,0.4,77.89999999999955
eval_at,"[0.11408815903197926, 29.534368070953438, 132, 740]",0.696886394656167,25.055555555555554,0.4,77.99999999999955
eval_at,"[0.11495246326707001, 29.534368070953438, 133, 740]",0.6998998294968987,25.055555555555554,0.4,78.09999999999954
eval_at,"[0.1132238547968885, 29.414634146341466, 131, 737]",0.7042810531065611,25.055555555555554,0.4,78.19999999999953
eval_at,"[0.111495246326707, 29.21507760532151, 129, 732]",0.7080471716154284,25.055555555555554,0.4,78.29999999999953
eval_at,"[0.111495246326707, 29.095343680709536, 129, 729]",0.7119265610555405,25.055555555555554,0.4,78.39999999999952
eval_at,"[0.1097666378565255, 28.89578713968958, 127, 724]",0.7162327965571079,25.055555555555554,0.4,78.49999999999952
eval_at,"[0.1097666378565255, 28.93569844789357, 127, 725]",0.7190428659334515,25.055555555555554,0.4,78.59999999999951
eval_at,"[0.11063094209161625, 28.696230598669626, 128, 719]",0.7226832300968344,25.055555555555554,0.4,78.6999999999995
eval_at,"[0.11063094209161625, 28.53658536585366, 128, 715]",0.725953746533749,25.055555555555554,0.4,78.7999999999995
eval_at,"[0.11063094209161625, 28.416851441241686, 128, 712]",0.7307107283264819,25.055555555555554,0.4,78.8999999999995
eval_at,"[0.11063094209161625, 28.416851441241686, 128, 712]",0.734794450852364,25.055555555555554,0.4,78.99999999999949
eval_at,"[0.1097666378565255, 28.17738359201774, 127, 706]",0.738604810116424,25.055555555555554,0.4,79.09999999999948
eval_at,"[0.1097666378565255, 27.85809312638581, 127, 698]",0.7416603589983073,25.055555555555554,0.4,79.19999999999948
eval_at,"[0.1097666378565255, 27.618625277161865, 127, 692]",0.7451677559441618,25.055555555555554,0.4,79.29999999999947
eval_at,"[0.10803802938634399, 27.37915742793792, 125, 686]",0.7500694134551981,25.055555555555554,0.4,79.39999999999947
eval_at,"[0.10717372515125324, 27.179600886917964, 124, 681]",0.753421451768753,25.055555555555554,0.4,79.49999999999946
eval_at,"[0.1063094209161625, 27.05986696230599, 123, 678]",0.7568473254395711,25.055555555555554,0.4,79.59999999999945
eval_at,"[0.1063094209161625, 26.980044345898005, 123, 676]",0.7606472942665998,25.055555555555554,0.4,79.69999999999945
eval_at,"[0.10717372515125324, 26.900221729490024, 124, 674]",0.765122498141544,25.055555555555554,0.4,79.79999999999944
eval_at,"[0.1063094209161625, 26.820399113082043, 123, 672]",0.768193238738537,25.055555555555554,0.4,79.89999999999944
eval_at,"[0.10285220397579949, 26.74057649667406, 119, 670]",0.7721715335892008,25.055555555555554,0.4,79.99999999999943
eval_at,"[0.10025929127052723, 26.541019955654104, 116, 665]",0.7755831428194555,25.055555555555554,0.4,80.09999999999943
eval_at,"[0.10025929127052723, 26.66075388026608, 116, 668]",0.7791824774903929,25.055555555555554,0.4,80.19999999999942
eval_at,"[0.10025929127052723, 26.70066518847007, 116, 669]",0.7833664508877851,25.055555555555554,0.4,80.29999999999941
eval_at,"[0.09939498703543648, 26.66075388026608, 115, 668]",0.7865076773014199,25.055555555555554,0.4,80.39999999999941
eval_at,"[0.09939498703543648, 26.66075388026608, 115, 668]",0.7906568810247174,25.055555555555554,0.4,80.4999999999994
eval_at,"[0.09680207433016422, 26.541019955654104, 112, 665]",0.7946070831750366,25.055555555555554,0.4,80.5999999999994
eval_at,"[0.09680207433016422, 26.38137472283814, 112, 661]",0.7993580547811487,25.055555555555554,0.4,80.69999999999939
eval_at,"[0.09680207433016422, 26.221729490022174, 112, 657]",0.8039168644142851,25.055555555555554,0.4,80.79999999999939
eval_at,"[0.09680207433016422, 25.982261640798228, 112, 651]",0.8073749739954635,25.055555555555554,0.4,80.89999999999938
eval_at,"[0.09593777009507347, 25.822616407982263, 111, 647]",0.8111694023996971,25.055555555555554,0.4,80.99999999999937
eval_at,"[0.09507346585998272, 25.822616407982263, 110, 647]",0.8151415228943962,25.055555555555554,0.4,81.09999999999937
eval_at,"[0.09420916162489196, 25.702882483370292, 109, 644]",0.8199187412386139,25.055555555555554,0.4,81.19999999999936
eval_at,"[0.09420916162489196, 25.623059866962308, 109, 642]",0.8236167825111521,25.055555555555554,0.4,81.29999999999936
eval_at,"[0.09507346585998272, 25.303769401330378, 110, 634]",0.8270969514479773,25.055555555555554,0.4,81.39999999999935
eval_at,"[0.09680207433016422, 25.263858093126387, 112, 633]",0.8316279174889069,25.055555555555554,0.4,81.49999999999935
eval_at,"[0.09334485738980121, 25.34368070953437, 108, 635]",0.8356961374710207,25.055555555555554,0.4,81.59999999999934
eval_at,"[0.09075194468452895, 25.184035476718407, 105, 631]",0.8386772182468624,25.055555555555554,0.4,81.69999999999933
eval_at,"[0.0898876404494382, 25.104212860310422, 104, 629]",0.8427635894939234,25.055555555555554,0.4,81.79999999999933
eval_at,"[0.0898876404494382, 24.824833702882486, 104, 622]",0.8464920001294328,25.055555555555554,0.4,81.89999999999932
eval_at,"[0.08902333621434745, 24.70509977827051, 103, 619]",0.8496363982542591,25.055555555555554,0.4,81.99999999999932
eval_at,"[0.0881590319792567, 24.70509977827051, 102, 619]",0.8541131680676721,25.055555555555554,0.4,82.09999999999931
eval_at,"[0.08902333621434745, 24.70509977827051, 103, 619]",0.8586214992874767,25.055555555555554,0.4,82.1999999999993
eval_at,"[0.0898876404494382, 24.425720620842576, 104, 612]",0.8634870908067069,25.055555555555554,0.4,82.2999999999993
eval_at,"[0.08902333621434745, 24.3059866962306, 103, 609]",0.8683117695079299,25.055555555555554,0.4,82.3999999999993
eval_at,"[0.0898876404494382, 24.3059866962306, 104, 609]",0.8720319973758766,25.055555555555554,0.4,82.49999999999929
eval_at,"[0.0881590319792567, 24.186252771618626, 102, 606]",0.8757732267383671,25.055555555555554,0.4,82.59999999999928
eval_at,"[0.0881590319792567, 23.827050997782706, 102, 597]",0.8803843191521322,25.055555555555554,0.4,82.69999999999928
eval_at,"[0.08729472774416594, 23.58758314855876, 101, 591]",0.885596589583427,25.055555555555554,0.4,82.79999999999927
eval_at,"[0.08729472774416594, 23.50776053215078, 101, 589]",0.8893356950798618,25.055555555555554,0.4,82.89999999999927
eval_at,"[0.08643042350907519, 23.62749445676275, 100, 592]",0.8937138199725474,25.055555555555554,0.4,82.99999999999926
eval_at,"[0.08643042350907519, 23.30820399113082, 100, 584]",0.8975593219687142,25.055555555555554,0.4,83.09999999999926
eval_at,"[0.08729472774416594, 23.18847006651885, 101, 581]",0.9034446561427995,25.055555555555554,0.4,83.19999999999925
eval_at,"[0.0847018150388937, 22.988913525498894, 98, 576]",0.9070212053599237,25.055555555555554,0.4,83.29999999999924
eval_at,"[0.08643042350907519, 22.90909090909091, 100, 574]",0.9117500598997684,25.055555555555554,0.4,83.39999999999924
eval_at,"[0.08643042350907519, 22.58980044345898, 100, 566]",0.9163491542090532,25.055555555555554,0.4,83.49999999999923
eval_at,"[0.08643042350907519, 22.390243902439025, 100, 561]",0.9195885816059944,25.055555555555554,0.4,83.59999999999923
eval_at,"[0.08556611927398444, 22.310421286031044, 99, 559]",0.9252192836112829,25.055555555555554,0.4,83.69999999999922
eval_at,"[0.08556611927398444, 22.230598669623063, 99, 557]",0.9312773537355762,25.055555555555554,0.4,83.79999999999922
eval_at,"[0.08556611927398444, 22.19068736141907, 99, 556]",0.9359505550176532,25.055555555555554,0.4,83.89999999999921
eval_at,"[0.08383751080380294, 22.350332594235034, 97, 560]",0.94059127579691,25.055555555555554,0.4,83.9999999999992
eval_at,"[0.08297320656871218, 22.19068736141907, 96, 556]",0.9444876094991725,25.055555555555554,0.4,84.0999999999992
eval_at,"[0.08297320656871218, 22.031042128603104, 96, 552]",0.9499246064686913,25.055555555555554,0.4,84.19999999999919
eval_at,"[0.08210890233362143, 22.0709534368071, 95, 553]",0.9555794154372234,25.055555555555554,0.4,84.29999999999919
eval_at,"[0.08210890233362143, 21.83148558758315, 95, 547]",0.9605045115444794,25.055555555555554,0.4,84.39999999999918
eval_at,"[0.08210890233362143, 21.592017738359203, 95, 541]",0.9647059917835277,25.055555555555554,0.4,84.49999999999918
eval_at,"[0.08210890233362143, 21.272727272727273, 95, 533]",0.9699116547140381,25.055555555555554,0.4,84.59999999999917
eval_at,"[0.08038029386343994, 21.152993348115302, 93, 530]",0.975733018616228,25.055555555555554,0.4,84.69999999999916
eval_at,"[0.07951598962834917, 20.793791574279382, 92, 521]",0.9809200300560966,25.055555555555554,0.4,84.79999999999916
eval_at,"[0.07778738115816768, 20.753880266075388, 90, 520]",0.9855563690068253,25.055555555555554,0.4,84.89999999999915
eval_at,"[0.07778738115816768, 20.594235033259427, 90, 516]",0.9909316168624412,25.055555555555554,0.4,84.99999999999915
eval_at,"[0.07778738115816768, 20.314855875831487, 90, 509]",0.9956442327824649,25.055555555555554,0.4,85.09999999999914
eval_at,"[0.07778738115816768, 20.07538802660754, 90, 503]",1.0001503023766882,25.055555555555554,0.4,85.19999999999914
eval_at,"[0.07605877268798616, 19.995565410199557, 88, 501]",1.0074470857568782,25.055555555555554,0.4,85.29999999999913
eval_at,"[0.07605877268798616, 19.7960088691796, 88, 496]",1.0122573532071963,25.055555555555554,0.4,85.39999999999912
eval_at,"[0.07605877268798616, 19.75609756097561, 88, 495]",1.0169119676341363,25.055555555555554,0.4,85.49999999999912
eval_at,"[0.07692307692307693, 19.67627494456763, 89, 493]",1.0223350819404,25.055555555555554,0.4,85.59999999999911
eval_at,"[0.07519446845289542, 19.516629711751666, 87, 489]",1.030026431242793,25.055555555555554,0.4,85.69999999999911
eval_at,"[0.07519446845289542, 19.39689578713969, 87, 486]",1.0370487711538794,25.055555555555554,0.4,85.7999999999991
eval_at,"[0.07433016421780467, 19.277161862527716, 86, 483]",1.0421351597294555,25.055555555555554,0.4,85.8999999999991
eval_at,"[0.07346585998271392, 19.277161862527716, 85, 483]",1.0482563160435918,25.055555555555554,0.4,85.99999999999909
eval_at,"[0.07346585998271392, 19.277161862527716, 85, 483]",1.0531574723338086,25.055555555555554,0.4,86.09999999999908
eval_at,"[0.07260155574762317, 19.117516629711755, 84, 479]",1.0586424464101036,25.055555555555554,0.4,86.19999999999908
eval_at,"[0.07260155574762317, 18.95787139689579, 84, 475]",1.065376060924405,25.055555555555554,0.4,86.29999999999907
eval_at,"[0.07260155574762317, 18.878048780487806, 84, 473]",1.0700950566501841,25.055555555555554,0.4,86.39999999999907
eval_at,"[0.07260155574762317, 18.798226164079825, 84, 471]",1.076000390808812,25.055555555555554,0.4,86.49999999999906
eval_at,"[0.07346585998271392, 18.67849223946785, 85, 468]",1.0805663860781631,25.055555555555554,0.4,86.59999999999906
eval_at,"[0.07173725151253241, 18.518847006651885, 83, 464]",1.0848441030154148,25.055555555555554,0.4,86.69999999999905
eval_at,"[0.07087294727744166, 18.439024390243905, 82, 462]",1.0901626178345696,25.055555555555554,0.4,86.79999999999905
eval_at,"[0.07087294727744166, 18.31929046563193, 82, 459]",1.095020524731185,25.055555555555554,0.4,86.89999999999904
eval_at,"[0.07087294727744166, 18.079822616407984, 82, 453]",1.1012122771542998,25.055555555555554,0.4,86.99999999999903
eval_at,"[0.07000864304235091, 17.96008869179601, 81, 450]",1.1079396414735323,25.055555555555554,0.4,87.09999999999903
eval_at,"[0.07000864304235091, 17.64079822616408, 81, 442]",1.1133664887104096,25.055555555555554,0.4,87.19999999999902
eval_at,"[0.07173725151253241, 17.48115299334812, 83, 438]",1.11750141486448,25.055555555555554,0.4,87.29999999999902
eval_at,"[0.06914433880726016, 17.441241685144124, 80, 437]",1.1239004506365193,25.055555555555554,0.4,87.39999999999901
eval_at,"[0.06741573033707865, 17.321507760532153, 78, 434]",1.1293794215689568,25.055555555555554,0.4,87.499999999999
eval_at,"[0.06741573033707865, 17.121951219512198, 78, 429]",1.134264635227926,25.055555555555554,0.4,87.599999999999
eval_at,"[0.0665514261019879, 17.002217294900223, 77, 426]",1.1414312182659423,25.055555555555554,0.4,87.699999999999
eval_at,"[0.0665514261019879, 16.682926829268293, 77, 418]",1.147060189477386,25.055555555555554,0.4,87.79999999999899
eval_at,"[0.06482281763180639, 16.52328159645233, 75, 414]",1.1531888775729902,25.055555555555554,0.4,87.89999999999898
eval_at,"[0.06482281763180639, 16.323725055432373, 75, 409]",1.1610142955811515,25.055555555555554,0.4,87.99999999999898
eval_at,"[0.06482281763180639, 16.483370288248338, 75, 413]",1.1689631183256486,25.055555555555554,0.4,88.09999999999897
eval_at,"[0.06482281763180639, 16.483370288248338, 75, 413]",1.1746209441310393,25.055555555555554,0.4,88.19999999999897
eval_at,"[0.06395851339671564, 16.603104212860313, 74, 416]",1.1805899654080447,25.055555555555554,0.4,88.29999999999896
eval_at,"[0.06309420916162489, 16.443458980044348, 73, 412]",1.1868769377836685,25.055555555555554,0.4,88.39999999999895
eval_at,"[0.06222990492653414, 16.443458980044348, 72, 412]",1.1936828656268066,25.055555555555554,0.4,88.49999999999895
eval_at,"[0.06136560069144339, 16.203991130820402, 71, 406]",1.1996336801734913,25.055555555555554,0.4,88.59999999999894
eval_at,"[0.06050129645635264, 16.283813747228383, 70, 408]",1.2065253017764546,25.055555555555554,0.4,88.69999999999894
eval_at,"[0.06050129645635264, 16.004434589800443, 70, 401]",1.212592561980461,25.055555555555554,0.4,88.79999999999893
eval_at,"[0.058772687986171135, 15.924611973392462, 68, 399]",1.219117019534746,25.055555555555554,0.4,88.89999999999893
eval_at,"[0.05790838375108038, 15.964523281596454, 67, 400]",1.225900431287394,25.055555555555554,0.4,88.99999999999892
eval_at,"[0.05790838375108038, 15.80487804878049, 67, 396]",1.2309320104608892,25.055555555555554,0.4,89.09999999999891
eval_at,"[0.05704407951598963, 15.84478935698448, 66, 397]",1.2362961196562958,25.055555555555554,0.4,89.19999999999891
eval_at,"[0.05704407951598963, 15.725055432372507, 66, 394]",1.242124295362809,25.055555555555554,0.4,89.2999999999989
eval_at,"[0.05704407951598963, 15.764966740576497, 66, 395]",1.2494538338155114,25.055555555555554,0.4,89.3999999999989
eval_at,"[0.05704407951598963, 15.605321507760534, 66, 391]",1.2554304189166028,25.055555555555554,0.4,89.49999999999889
eval_at,"[0.05445116681071737, 15.48558758314856, 63, 388]",1.2614918014656784,25.055555555555554,0.4,89.59999999999889
eval_at,"[0.05358686257562662, 15.48558758314856, 62, 388]",1.2687347308400525,25.055555555555554,0.4,89.69999999999888
eval_at,"[0.05185825410544512, 15.246119733924614, 60, 382]",1.2763731510998868,25.055555555555554,0.4,89.79999999999887
eval_at,"[0.05012964563526361, 15.246119733924614, 58, 382]",1.282040915153918,25.055555555555554,0.4,89.89999999999887
eval_at,"[0.05099394987035436, 15.006651884700666, 59, 376]",1.2884413497307807,25.055555555555554,0.4,89.99999999999886
eval_at,"[0.04840103716508211, 14.966740576496676, 56, 375]",1.2958393520635965,25.055555555555554,0.4,90.09999999999886
eval_at,"[0.045808124459809856, 15.046563192904658, 53, 377]",1.3025460265433098,25.055555555555554,0.4,90.19999999999885
eval_at,"[0.04407951598962835, 14.727272727272728, 51, 369]",1.309701889878943,25.055555555555554,0.4,90.29999999999885
eval_at,"[0.043215211754537596, 14.727272727272728, 50, 369]",1.3169316201932468,25.055555555555554,0.4,90.39999999999884
eval_at,"[0.04235090751944685, 14.567627494456763, 49, 365]",1.322418323544837,25.055555555555554,0.4,90.49999999999883
eval_at,"[0.043215211754537596, 14.527716186252773, 50, 364]",1.3307007547999992,25.055555555555554,0.4,90.59999999999883
eval_at,"[0.043215211754537596, 14.487804878048781, 50, 363]",1.3395043716152597,25.055555555555554,0.4,90.69999999999882
eval_at,"[0.0449438202247191, 14.248337028824835, 52, 357]",1.3483532361134978,25.055555555555554,0.4,90.79999999999882
eval_at,"[0.04407951598962835, 14.04878048780488, 51, 352]",1.3545064069610606,25.055555555555554,0.4,90.89999999999881
eval_at,"[0.04407951598962835, 14.04878048780488, 51, 352]",1.3614060848598235,25.055555555555554,0.4,90.9999999999988
eval_at,"[0.04148660328435609, 13.929046563192905, 48, 349]",1.3685757026770486,25.055555555555554,0.4,91.0999999999988
eval_at,"[0.04062229904926534, 13.72949002217295, 47, 344]",1.373922410341652,25.055555555555554,0.4,91.1999999999988
eval_at,"[0.03975799481417459, 13.72949002217295, 46, 344]",1.3840347092728276,25.055555555555554,0.4,91.29999999999879
eval_at,"[0.03802938634399308, 13.68957871396896, 44, 343]",1.394043616876784,25.055555555555554,0.4,91.39999999999878
eval_at,"[0.03802938634399308, 13.609756097560977, 44, 341]",1.4013026840557712,25.055555555555554,0.4,91.49999999999878
eval_at,"[0.03543647363872083, 13.649667405764967, 41, 342]",1.4097257197157733,25.055555555555554,0.4,91.59999999999877
eval_at,"[0.03457216940363008, 13.410199556541022, 40, 336]",1.4191394719857073,25.055555555555554,0.4,91.69999999999877
eval_at,"[0.03457216940363008, 13.130820399113084, 40, 329]",1.4266219147063113,25.055555555555554,0.4,91.79999999999876
eval_at,"[0.03457216940363008, 12.931263858093127, 40, 324]",1.433334788570191,25.055555555555554,0.4,91.89999999999876
eval_at,"[0.03457216940363008, 13.050997782705101, 40, 327]",1.4419261382599522,25.055555555555554,0.4,91.99999999999875
eval_at,"[0.03457216940363008, 12.851441241685146, 40, 322]",1.4496353965153168,25.055555555555554,0.4,92.09999999999874
eval_at,"[0.032843560933448576, 12.651884700665189, 38, 317]",1.4574496680491362,25.055555555555554,0.4,92.19999999999874
eval_at,"[0.032843560933448576, 12.611973392461199, 38, 316]",1.4677977784197553,25.055555555555554,0.4,92.29999999999873
eval_at,"[0.03111495246326707, 12.252771618625278, 36, 307]",1.4746012632215826,25.055555555555554,0.4,92.39999999999873
eval_at,"[0.03111495246326707, 12.292682926829269, 36, 308]",1.4852523717807435,25.055555555555554,0.4,92.49999999999872
eval_at,"[0.03025064822817632, 12.412416851441243, 35, 311]",1.494476897883531,25.055555555555554,0.4,92.59999999999872
eval_at,"[0.029386343993085567, 12.212860310421288, 34, 306]",1.502517685165849,25.055555555555554,0.4,92.69999999999871
eval_at,"[0.029386343993085567, 12.372505543237251, 34, 310]",1.511462958833536,25.055555555555554,0.4,92.7999999999987
eval_at,"[0.03025064822817632, 12.452328159645234, 35, 312]",1.520181772797161,25.055555555555554,0.4,92.8999999999987
eval_at,"[0.03025064822817632, 12.611973392461199, 35, 316]",1.5272255003430746,25.055555555555554,0.4,92.99999999999869
eval_at,"[0.03025064822817632, 12.292682926829269, 35, 308]",1.536457422534621,25.055555555555554,0.4,93.09999999999869
eval_at,"[0.03025064822817632, 12.492239467849226, 35, 313]",1.5445652339722376,25.055555555555554,0.4,93.19999999999868
eval_at,"[0.03025064822817632, 12.492239467849226, 35, 313]",1.5514997070690142,25.055555555555554,0.4,93.29999999999868
eval_at,"[0.03025064822817632, 12.252771618625278, 35, 307]",1.5602299905938497,25.055555555555554,0.4,93.39999999999867
eval_at,"[0.029386343993085567, 12.053215077605323, 34, 302]",1.5723084112698757,25.055555555555554,0.4,93.49999999999866
eval_at,"[0.028522039757994815, 12.172949002217296, 33, 305]",1.579977351480858,25.055555555555554,0.4,93.59999999999866
eval_at,"[0.028522039757994815, 11.97339246119734, 33, 300]",1.587237711478587,25.055555555555554,0.4,93.69999999999865
eval_at,"[0.027657735522904063, 11.733924611973393, 32, 294]",1.5949002403068315,25.055555555555554,0.4,93.79999999999865
eval_at,"[0.027657735522904063, 11.65410199556541, 32, 292]",1.601898487883558,25.055555555555554,0.4,93.89999999999864
eval_at,"[0.028522039757994815, 11.534368070953438, 33, 289]",1.611233022714911,25.055555555555554,0.4,93.99999999999864
eval_at,"[0.029386343993085567, 11.29490022172949, 34, 283]",1.6200676454225735,25.055555555555554,0.4,94.09999999999863
eval_at,"[0.029386343993085567, 11.095343680709535, 34, 278]",1.6286041791084584,25.055555555555554,0.4,94.19999999999862
eval_at,"[0.027657735522904063, 11.055432372505544, 32, 277]",1.6359182544775,25.055555555555554,0.4,94.29999999999862
eval_at,"[0.027657735522904063, 11.135254988913527, 32, 279]",1.644532198047358,25.055555555555554,0.4,94.39999999999861
eval_at,"[0.027657735522904063, 10.975609756097562, 32, 275]",1.65469319760885,25.055555555555554,0.4,94.49999999999861
eval_at,"[0.028522039757994815, 10.815964523281597, 33, 271]",1.6632946432370663,25.055555555555554,0.4,94.5999999999986
eval_at,"[0.029386343993085567, 10.656319290465634, 34, 267]",1.6722766678672198,25.055555555555554,0.4,94.6999999999986
eval_at,"[0.027657735522904063, 10.576496674057651, 32, 265]",1.6803008810421505,25.055555555555554,0.4,94.79999999999859
eval_at,"[0.027657735522904063, 10.416851441241686, 32, 261]",1.6896943161980216,25.055555555555554,0.4,94.89999999999858
eval_at,"[0.027657735522904063, 10.137472283813748, 32, 254]",1.70208646891243,25.055555555555554,0.4,94.99999999999858
eval_at,"[0.02592912705272256, 10.097560975609756, 30, 253]",1.7098013638540017,25.055555555555554,0.4,95.09999999999857
eval_at,"[0.02592912705272256, 9.778270509977828, 30, 245]",1.7187691742039624,25.055555555555554,0.4,95.19999999999857
eval_at,"[0.02592912705272256, 9.578713968957873, 30, 240]",1.72643717076987,25.055555555555554,0.4,95.29999999999856
eval_at,"[0.024200518582541054, 9.49889135254989, 28, 238]",1.7367087383352875,25.055555555555554,0.4,95.39999999999856
eval_at,"[0.024200518582541054, 9.419068736141908, 28, 236]",1.7484083713416625,25.055555555555554,0.4,95.49999999999855
eval_at,"[0.023336214347450302, 9.339246119733925, 27, 234]",1.755197177410679,25.055555555555554,0.4,95.59999999999854
eval_at,"[0.02247191011235955, 9.259423503325943, 26, 232]",1.764566336152828,25.055555555555554,0.4,95.69999999999854
eval_at,"[0.023336214347450302, 9.339246119733925, 27, 234]",1.773791469624587,25.055555555555554,0.4,95.79999999999853
eval_at,"[0.02247191011235955, 9.379157427937917, 26, 235]",1.7834827476651538,25.055555555555554,0.4,95.89999999999853
eval_at,"[0.021607605877268798, 9.17960088691796, 25, 230]",1.791642472596089,25.055555555555554,0.4,95.99999999999852
eval_at,"[0.020743301642178046, 9.059866962305987, 24, 227]",1.8023413886861985,25.055555555555554,0.4,96.09999999999852
eval_at,"[0.01901469317199654, 8.82039911308204, 22, 221]",1.812258761077444,25.055555555555554,0.4,96.19999999999851
eval_at,"[0.01901469317199654, 8.620842572062084, 22, 216]",1.8203829973794616,25.055555555555554,0.4,96.2999999999985
eval_at,"[0.019878997407087293, 8.82039911308204, 23, 221]",1.8308187200269905,25.055555555555554,0.4,96.3999999999985
eval_at,"[0.01901469317199654, 8.700665188470067, 22, 218]",1.8392314369338316,25.055555555555554,0.4,96.4999999999985
eval_at,"[0.01728608470181504, 8.501108647450112, 20, 213]",1.8505191731150834,25.055555555555554,0.4,96.59999999999849
eval_at,"[0.01728608470181504, 8.341463414634147, 20, 209]",1.8603526122044565,25.055555555555554,0.4,96.69999999999848
eval_at,"[0.01728608470181504, 8.181818181818182, 20, 205]",1.8698653101424652,25.055555555555554,0.4,96.79999999999848
eval_at,"[0.018150388936905792, 8.101995565410201, 21, 203]",1.8830753477563142,25.055555555555554,0.4,96.89999999999847
eval_at,"[0.016421780466724288, 7.902439024390245, 19, 198]",1.8949511257104177,25.055555555555554,0.4,96.99999999999847
eval_at,"[0.016421780466724288, 7.822616407982262, 19, 196]",1.9054830106398883,25.055555555555554,0.4,97.09999999999846
eval_at,"[0.016421780466724288, 7.74279379157428, 19, 194]",1.9156529299710467,25.055555555555554,0.4,97.19999999999845
eval_at,"[0.013828867761452032, 7.662971175166298, 16, 192]",1.927033534211352,25.055555555555554,0.4,97.29999999999845
eval_at,"[0.014693171996542784, 7.623059866962307, 17, 191]",1.938391146599554,25.055555555555554,0.4,97.39999999999844
eval_at,"[0.013828867761452032, 7.423503325942351, 16, 186]",1.9498055040564106,25.055555555555554,0.4,97.49999999999844
eval_at,"[0.012100259291270527, 7.144124168514413, 14, 179]",1.9623901024022117,25.055555555555554,0.4,97.59999999999843
eval_at,"[0.01296456352636128, 7.06430155210643, 15, 177]",1.9762619664702663,25.055555555555554,0.4,97.69999999999843
eval_at,"[0.01296456352636128, 6.705099778270511, 15, 168]",1.988039960578329,25.055555555555554,0.4,97.79999999999842
eval_at,"[0.01296456352636128, 6.425720620842573, 15, 161]",1.9992589072879767,25.055555555555554,0.4,97.89999999999841
eval_at,"[0.013828867761452032, 6.106430155210644, 16, 153]",2.0126563540180844,25.055555555555554,0.4,97.99999999999841
eval_at,"[0.012100259291270527, 6.066518847006653, 14, 152]",2.023223159086552,25.055555555555554,0.4,98.0999999999984
eval_at,"[0.011235955056179775, 5.866962305986696, 13, 147]",2.032774391041527,25.055555555555554,0.4,98.1999999999984
eval_at,"[0.010371650821089023, 5.467849223946786, 12, 137]",2.0480599778815973,25.055555555555554,0.4,98.29999999999839
eval_at,"[0.010371650821089023, 5.148558758314857, 12, 129]",2.060157580372328,25.055555555555554,0.4,98.39999999999839
eval_at,"[0.00950734658599827, 4.829268292682928, 11, 121]",2.0793981381149176,25.055555555555554,0.4,98.49999999999838
eval_at,"[0.00950734658599827, 4.669623059866963, 11, 117]",2.098772073603965,25.055555555555554,0.4,98.59999999999837
eval_at,"[0.00950734658599827, 4.3503325942350335, 11, 109]",2.116873669408797,25.055555555555554,0.4,98.69999999999837
eval_at,"[0.00864304235090752, 4.110864745011087, 10, 103]",2.1313869567518924,25.055555555555554,0.4,98.79999999999836
eval_at,"[0.00864304235090752, 3.5521064301552108, 10, 89]",2.1489926938424073,25.055555555555554,0.4,98.89999999999836
eval_at,"[0.00950734658599827, 3.192904656319291, 11, 80]",2.1686908895187185,25.055555555555554,0.4,98.99999999999835
eval_at,"[0.007778738115816767, 2.9135254988913526, 9, 73]",2.1843355580542467,25.055555555555554,0.4,99.09999999999835
eval_at,"[0.007778738115816767, 2.7139689578713972, 9, 68]",2.2078466763360924,25.055555555555554,0.4,99.19999999999834
eval_at,"[0.006050129645635264, 2.47450110864745, 7, 62]",2.2340941009375643,25.055555555555554,0.4,99.29999999999833
eval_at,"[0.003457216940363008, 2.2350332594235036, 4, 56]",2.2641007416440755,25.055555555555554,0.4,99.39999999999833
eval_at,"[0.001728608470181504, 1.9556541019955656, 2, 49]",2.302255889187882,25.055555555555554,0.4,99.49999999999832
eval_at,"[0.000864304235090752, 1.5166297117516632, 1, 38]",2.3537228375204946,25.055555555555554,0.4,99.59999999999832
eval_at,"[0.000864304235090752, 1.1574279379157428, 1, 29]",2.3956297432806375,25.055555555555554,0.4,99.69999999999831
eval_at,"[0.0, 0.6784922394678493, 0, 17]",2.4863355732572914,25.055555555555554,0.4,99.7999999999983
eval_at,"[0.0, 0.47893569844789363, 0, 12]",2.6851092727662516,25.055555555555554,0.4,99.8999999999983
eval_at,"[0.1780466724286949, 40.509977827051, 206, 1015]",0.47864852424182025,25.055555555555554,0.5,70.0
eval_at,"[0.1780466724286949, 40.310421286031044, 206, 1010]",0.4816572693755714,25.055555555555554,0.5,70.1
eval_at,"[0.1780466724286949, 40.310421286031044, 206, 1010]",0.4849696599169992,25.055555555555554,0.5,70.19999999999999
eval_at,"[0.1763180639585134, 40.15077605321508, 204, 1006]",0.4878285863060898,25.055555555555554,0.5,70.29999999999998
eval_at,"[0.1763180639585134, 40.031042128603104, 204, 1003]",0.4899624946531624,25.055555555555554,0.5,70.39999999999998
eval_at,"[0.1763180639585134, 39.91130820399113, 204, 1000]",0.4930819722875807,25.055555555555554,0.5,70.49999999999997
eval_at,"[0.1763180639585134, 39.5920177383592, 204, 992]",0.4962637412780272,25.055555555555554,0.5,70.59999999999997
eval_at,"[0.1763180639585134, 39.631929046563194, 204, 993]",0.49834546749780845,25.055555555555554,0.5,70.69999999999996
eval_at,"[0.17458945548833188, 39.35254988913526, 202, 986]",0.5013964485683525,25.055555555555554,0.5,70.79999999999995
eval_at,"[0.17372515125324114, 39.47228381374723, 201, 989]",0.504530490748475,25.055555555555554,0.5,70.89999999999995
eval_at,"[0.16681071737251513, 39.39246119733925, 193, 987]",0.5070469210476871,25.055555555555554,0.5,70.99999999999994
eval_at,"[0.16853932584269662, 39.23281596452328, 195, 983]",0.5098999367458124,25.055555555555554,0.5,71.09999999999994
eval_at,"[0.1676750216076059, 39.11308203991131, 194, 980]",0.5127738790116377,25.055555555555554,0.5,71.19999999999993
eval_at,"[0.16681071737251513, 39.07317073170732, 193, 979]",0.5151961372908342,25.055555555555554,0.5,71.29999999999993
eval_at,"[0.1676750216076059, 38.95343680709534, 194, 976]",0.5179306375683553,25.055555555555554,0.5,71.39999999999992
eval_at,"[0.16594641313742436, 38.91352549889135, 192, 975]",0.5208869277930531,25.055555555555554,0.5,71.49999999999991
eval_at,"[0.16508210890233363, 38.87361419068736, 191, 974]",0.5230864640119974,25.055555555555554,0.5,71.59999999999991
eval_at,"[0.16508210890233363, 38.83370288248337, 191, 973]",0.5265570246227573,25.055555555555554,0.5,71.6999999999999
eval_at,"[0.16508210890233363, 38.83370288248337, 191, 973]",0.5298523148783452,25.055555555555554,0.5,71.7999999999999
eval_at,"[0.16508210890233363, 38.95343680709534, 191, 976]",0.532894459296947,25.055555555555554,0.5,71.89999999999989
eval_at,"[0.16594641313742436, 38.95343680709534, 192, 976]",0.5364550534272887,25.055555555555554,0.5,71.99999999999989
eval_at,"[0.16508210890233363, 38.79379157427938, 191, 972]",0.5389800331732909,25.055555555555554,0.5,72.09999999999988
eval_at,"[0.16508210890233363, 38.79379157427938, 191, 972]",0.5421591153084349,25.055555555555554,0.5,72.19999999999987
eval_at,"[0.16421780466724287, 38.63414634146342, 190, 968]",0.5460044069830212,25.055555555555554,0.5,72.29999999999987
eval_at,"[0.16508210890233363, 38.67405764966741, 191, 969]",0.5486792640512123,25.055555555555554,0.5,72.39999999999986
eval_at,"[0.16421780466724287, 38.55432372505543, 190, 966]",0.5516203738047254,25.055555555555554,0.5,72.49999999999986
eval_at,"[0.1633535004321521, 38.59423503325942, 189, 967]",0.5538998803284654,25.055555555555554,0.5,72.59999999999985
eval_at,"[0.16421780466724287, 38.43458980044346, 190, 963]",0.556408474456001,25.055555555555554,0.5,72.69999999999985
eval_at,"[0.1616248919619706, 38.35476718403548, 187, 961]",0.5591749082206188,25.055555555555554,0.5,72.79999999999984
eval_at,"[0.16248919619706137, 38.31485587583149, 188, 960]",0.5622696089270802,25.055555555555554,0.5,72.89999999999984
eval_at,"[0.1616248919619706, 38.19512195121951, 187, 957]",0.565176062114078,25.055555555555554,0.5,72.99999999999983
eval_at,"[0.1616248919619706, 37.91574279379158, 187, 950]",0.5680747568842515,25.055555555555554,0.5,73.09999999999982
eval_at,"[0.1616248919619706, 37.91574279379158, 187, 950]",0.5709242611168536,25.055555555555554,0.5,73.19999999999982
eval_at,"[0.1616248919619706, 37.87583148558759, 187, 949]",0.573916396732844,25.055555555555554,0.5,73.29999999999981
eval_at,"[0.16076058772687987, 37.71618625277162, 186, 945]",0.5764168962737396,25.055555555555554,0.5,73.3999999999998
eval_at,"[0.1598962834917891, 37.55654101995566, 185, 941]",0.5800766367786124,25.055555555555554,0.5,73.4999999999998
eval_at,"[0.15903197925669835, 37.47671840354767, 184, 939]",0.5826562672714464,25.055555555555554,0.5,73.5999999999998
eval_at,"[0.15903197925669835, 37.3569844789357, 184, 936]",0.5866039620602477,25.055555555555554,0.5,73.69999999999979
eval_at,"[0.1581676750216076, 37.27716186252772, 183, 934]",0.5898276581024965,25.055555555555554,0.5,73.79999999999978
eval_at,"[0.15643906655142611, 37.19733924611974, 181, 932]",0.5928223699094801,25.055555555555554,0.5,73.89999999999978
eval_at,"[0.15211754537597233, 37.03769401330377, 176, 928]",0.5956480456953278,25.055555555555554,0.5,73.99999999999977
eval_at,"[0.15038893690579083, 36.79822616407983, 174, 922]",0.5986987909766278,25.055555555555554,0.5,74.09999999999977
eval_at,"[0.15038893690579083, 36.67849223946785, 174, 919]",0.6018943256463991,25.055555555555554,0.5,74.19999999999976
eval_at,"[0.14866032843560933, 36.59866962305987, 172, 917]",0.6047616360013883,25.055555555555554,0.5,74.29999999999976
eval_at,"[0.1495246326707001, 36.51884700665189, 173, 915]",0.6080163762545928,25.055555555555554,0.5,74.39999999999975
eval_at,"[0.1495246326707001, 36.27937915742794, 173, 909]",0.6113857299872343,25.055555555555554,0.5,74.49999999999974
eval_at,"[0.14779602420051857, 36.35920177383592, 171, 911]",0.6148940518023353,25.055555555555554,0.5,74.59999999999974
eval_at,"[0.14520311149524634, 36.15964523281597, 168, 906]",0.6181043058735746,25.055555555555554,0.5,74.69999999999973
eval_at,"[0.14520311149524634, 36.15964523281597, 168, 906]",0.6212430964137784,25.055555555555554,0.5,74.79999999999973
eval_at,"[0.14433880726015558, 35.92017738359202, 167, 900]",0.6250539949927968,25.055555555555554,0.5,74.89999999999972
eval_at,"[0.14520311149524634, 35.88026607538803, 168, 899]",0.6281573767040274,25.055555555555554,0.5,74.99999999999972
eval_at,"[0.14606741573033707, 35.76053215077606, 169, 896]",0.6317387729757274,25.055555555555554,0.5,75.09999999999971
eval_at,"[0.14606741573033707, 35.5609756097561, 169, 891]",0.6346395617761821,25.055555555555554,0.5,75.1999999999997
eval_at,"[0.14606741573033707, 35.24168514412417, 169, 883]",0.6386924651248825,25.055555555555554,0.5,75.2999999999997
eval_at,"[0.14520311149524634, 35.00221729490023, 168, 877]",0.6419263357455988,25.055555555555554,0.5,75.3999999999997
eval_at,"[0.14433880726015558, 34.84257206208426, 167, 873]",0.6447764607256916,25.055555555555554,0.5,75.49999999999969
eval_at,"[0.14520311149524634, 34.88248337028825, 168, 874]",0.6477790022973502,25.055555555555554,0.5,75.59999999999968
eval_at,"[0.14347450302506481, 34.72283813747229, 166, 870]",0.6505943181767639,25.055555555555554,0.5,75.69999999999968
eval_at,"[0.14347450302506481, 34.56319290465632, 166, 866]",0.6539144253217716,25.055555555555554,0.5,75.79999999999967
eval_at,"[0.14174589455488332, 34.40354767184036, 164, 862]",0.6577215760712853,25.055555555555554,0.5,75.89999999999966
eval_at,"[0.14174589455488332, 34.283813747228386, 164, 859]",0.6614566000881695,25.055555555555554,0.5,75.99999999999966
eval_at,"[0.14174589455488332, 34.16407982261641, 164, 856]",0.6649603100579259,25.055555555555554,0.5,76.09999999999965
eval_at,"[0.14088159031979255, 33.964523281596456, 163, 851]",0.6680169423049849,25.055555555555554,0.5,76.19999999999965
eval_at,"[0.14088159031979255, 33.884700665188475, 163, 849]",0.6713852642939743,25.055555555555554,0.5,76.29999999999964
eval_at,"[0.13915298184961106, 33.884700665188475, 161, 849]",0.6741888791915889,25.055555555555554,0.5,76.39999999999964
eval_at,"[0.13569576490924806, 33.80487804878049, 157, 847]",0.6774134082874916,25.055555555555554,0.5,76.49999999999963
eval_at,"[0.1348314606741573, 33.72505543237251, 156, 845]",0.6808855250585024,25.055555555555554,0.5,76.59999999999962
eval_at,"[0.1331028522039758, 33.645232815964526, 154, 843]",0.6846092671124633,25.055555555555554,0.5,76.69999999999962
eval_at,"[0.1313742437337943, 33.565410199556545, 152, 841]",0.6885639467563722,25.055555555555554,0.5,76.79999999999961
eval_at,"[0.1331028522039758, 33.525498891352555, 154, 840]",0.6924986482997417,25.055555555555554,0.5,76.89999999999961
eval_at,"[0.13050993949870354, 33.525498891352555, 151, 840]",0.6958654142994702,25.055555555555554,0.5,76.9999999999996
eval_at,"[0.12964563526361278, 33.485587583148565, 150, 839]",0.6997683891631256,25.055555555555554,0.5,77.0999999999996
eval_at,"[0.12964563526361278, 32.966740576496676, 150, 826]",0.7034902772078492,25.055555555555554,0.5,77.19999999999959
eval_at,"[0.12878133102852204, 32.847006651884705, 149, 823]",0.7072037769655601,25.055555555555554,0.5,77.29999999999959
eval_at,"[0.12791702679343128, 32.767184035476724, 148, 821]",0.7111092699870493,25.055555555555554,0.5,77.39999999999958
eval_at,"[0.12791702679343128, 32.447893569844794, 148, 813]",0.714519339995893,25.055555555555554,0.5,77.49999999999957
eval_at,"[0.12791702679343128, 32.407982261640804, 148, 812]",0.7179768376090828,25.055555555555554,0.5,77.59999999999957
eval_at,"[0.12791702679343128, 32.368070953436806, 148, 811]",0.7214807651272706,25.055555555555554,0.5,77.69999999999956
eval_at,"[0.12705272255834055, 32.288248337028826, 147, 809]",0.7245917127710528,25.055555555555554,0.5,77.79999999999956
eval_at,"[0.12618841832324978, 32.168514412416854, 146, 806]",0.7280149027162802,25.055555555555554,0.5,77.89999999999955
eval_at,"[0.12532411408815902, 32.088691796008874, 145, 804]",0.7316387643568849,25.055555555555554,0.5,77.99999999999955
eval_at,"[0.12273120138288678, 32.088691796008874, 142, 804]",0.7356431679352585,25.055555555555554,0.5,78.09999999999954
eval_at,"[0.12186689714779603, 31.9689578713969, 141, 801]",0.7387723216193056,25.055555555555554,0.5,78.19999999999953
eval_at,"[0.12186689714779603, 31.809312638580934, 141, 797]",0.7420209752481209,25.055555555555554,0.5,78.29999999999953
eval_at,"[0.12013828867761452, 31.72949002217295, 139, 795]",0.7459729376643341,25.055555555555554,0.5,78.39999999999952
eval_at,"[0.11754537597234227, 31.450110864745014, 136, 788]",0.7491471658488883,25.055555555555554,0.5,78.49999999999952
eval_at,"[0.11840968020743302, 31.410199556541023, 137, 787]",0.7537275647925047,25.055555555555554,0.5,78.59999999999951
eval_at,"[0.11754537597234227, 31.450110864745014, 136, 788]",0.7571191727442284,25.055555555555554,0.5,78.6999999999995
eval_at,"[0.11668107173725151, 31.33037694013304, 135, 785]",0.7602992886597623,25.055555555555554,0.5,78.7999999999995
eval_at,"[0.11581676750216076, 31.090909090909093, 134, 779]",0.7639204646588413,25.055555555555554,0.5,78.8999999999995
eval_at,"[0.11495246326707001, 31.090909090909093, 133, 779]",0.7676242839755814,25.055555555555554,0.5,78.99999999999949
eval_at,"[0.11408815903197926, 31.130820399113084, 132, 780]",0.7715839163732605,25.055555555555554,0.5,79.09999999999948
eval_at,"[0.111495246326707, 30.851441241685148, 129, 773]",0.7758160629687385,25.055555555555554,0.5,79.19999999999948
eval_at,"[0.111495246326707, 30.731707317073173, 129, 770]",0.7798108864272998,25.055555555555554,0.5,79.29999999999947
eval_at,"[0.111495246326707, 30.811529933481154, 129, 772]",0.7832620146301114,25.055555555555554,0.5,79.39999999999947
eval_at,"[0.111495246326707, 30.731707317073173, 129, 770]",0.786689812602212,25.055555555555554,0.5,79.49999999999946
eval_at,"[0.10890233362143474, 30.572062084257208, 126, 766]",0.7905653765866468,25.055555555555554,0.5,79.59999999999945
eval_at,"[0.1097666378565255, 30.252771618625278, 127, 758]",0.79544055577005,25.055555555555554,0.5,79.69999999999945
eval_at,"[0.10803802938634399, 30.252771618625278, 125, 758]",0.8004473116748747,25.055555555555554,0.5,79.79999999999944
eval_at,"[0.1063094209161625, 30.172949002217297, 123, 756]",0.8049571074468014,25.055555555555554,0.5,79.89999999999944
eval_at,"[0.1063094209161625, 29.893569844789358, 123, 749]",0.8084198658650371,25.055555555555554,0.5,79.99999999999943
eval_at,"[0.10544511668107173, 29.973392461197342, 122, 751]",0.8127598644743834,25.055555555555554,0.5,80.09999999999943
eval_at,"[0.1063094209161625, 29.93348115299335, 123, 750]",0.8164049436271774,25.055555555555554,0.5,80.19999999999942
eval_at,"[0.1063094209161625, 29.654101995565412, 123, 743]",0.8204101123351535,25.055555555555554,0.5,80.29999999999941
eval_at,"[0.10544511668107173, 29.494456762749447, 122, 739]",0.8242905967499828,25.055555555555554,0.5,80.39999999999941
eval_at,"[0.10458081244598098, 29.534368070953438, 121, 740]",0.8281571631640258,25.055555555555554,0.5,80.4999999999994
eval_at,"[0.10371650821089023, 29.414634146341466, 120, 737]",0.8329781300827231,25.055555555555554,0.5,80.5999999999994
eval_at,"[0.10458081244598098, 29.2549889135255, 121, 733]",0.836322281397853,25.055555555555554,0.5,80.69999999999939
eval_at,"[0.10458081244598098, 29.135254988913527, 121, 730]",0.8395429606950472,25.055555555555554,0.5,80.79999999999939
eval_at,"[0.10371650821089023, 28.93569844789357, 120, 725]",0.8439622485533769,25.055555555555554,0.5,80.89999999999938
eval_at,"[0.10112359550561797, 28.8159645232816, 117, 722]",0.8487018732302768,25.055555555555554,0.5,80.99999999999937
eval_at,"[0.09939498703543648, 28.656319290465635, 115, 718]",0.8521984121497593,25.055555555555554,0.5,81.09999999999937
eval_at,"[0.09939498703543648, 28.45676274944568, 115, 713]",0.8557719172509511,25.055555555555554,0.5,81.19999999999936
eval_at,"[0.09853068280034573, 28.25720620842572, 114, 708]",0.8594904039663658,25.055555555555554,0.5,81.29999999999936
eval_at,"[0.09853068280034573, 28.017738359201775, 114, 702]",0.8627237595727362,25.055555555555554,0.5,81.39999999999935
eval_at,"[0.09939498703543648, 27.73835920177384, 115, 695]",0.8668818771286376,25.055555555555554,0.5,81.49999999999935
eval_at,"[0.09939498703543648, 27.578713968957874, 115, 691]",0.8711137256191768,25.055555555555554,0.5,81.59999999999934
eval_at,"[0.09939498703543648, 27.299334811529935, 115, 684]",0.8754290790736784,25.055555555555554,0.5,81.69999999999933
eval_at,"[0.09939498703543648, 27.019955654102, 115, 677]",0.8797440823685044,25.055555555555554,0.5,81.79999999999933
eval_at,"[0.09853068280034573, 26.900221729490024, 114, 674]",0.8844723097656764,25.055555555555554,0.5,81.89999999999932
eval_at,"[0.09853068280034573, 26.900221729490024, 114, 674]",0.8898368153329551,25.055555555555554,0.5,81.99999999999932
eval_at,"[0.09853068280034573, 26.74057649667406, 114, 670]",0.8944818990059926,25.055555555555554,0.5,82.09999999999931
eval_at,"[0.09680207433016422, 26.66075388026608, 112, 668]",0.898980534792246,25.055555555555554,0.5,82.1999999999993
eval_at,"[0.09507346585998272, 26.580931263858094, 110, 666]",0.9031709415156746,25.055555555555554,0.5,82.2999999999993
eval_at,"[0.09507346585998272, 26.221729490022174, 110, 657]",0.9067360711614609,25.055555555555554,0.5,82.3999999999993
eval_at,"[0.09420916162489196, 26.141906873614193, 109, 655]",0.9133032769598012,25.055555555555554,0.5,82.49999999999929
eval_at,"[0.09420916162489196, 25.862527716186253, 109, 648]",0.9179492233979307,25.055555555555554,0.5,82.59999999999928
eval_at,"[0.09420916162489196, 25.543237250554327, 109, 640]",0.9234214449498317,25.055555555555554,0.5,82.69999999999928
eval_at,"[0.09420916162489196, 25.423503325942352, 109, 637]",0.9280558242999688,25.055555555555554,0.5,82.79999999999927
eval_at,"[0.09507346585998272, 25.383592017738362, 110, 636]",0.9323748761944579,25.055555555555554,0.5,82.89999999999927
eval_at,"[0.09507346585998272, 25.423503325942352, 110, 637]",0.9361977816153083,25.055555555555554,0.5,82.99999999999926
eval_at,"[0.09420916162489196, 25.184035476718407, 109, 631]",0.9405119073800136,25.055555555555554,0.5,83.09999999999926
eval_at,"[0.09334485738980121, 24.864745011086477, 108, 623]",0.9452375770494714,25.055555555555554,0.5,83.19999999999925
eval_at,"[0.09334485738980121, 24.784922394678492, 108, 621]",0.9488647332731273,25.055555555555554,0.5,83.29999999999924
eval_at,"[0.09248055315471046, 24.745011086474502, 107, 620]",0.9533505783576696,25.055555555555554,0.5,83.39999999999924
eval_at,"[0.09248055315471046, 24.585365853658537, 107, 616]",0.9571527926172424,25.055555555555554,0.5,83.49999999999923
eval_at,"[0.09161624891961971, 24.66518847006652, 106, 618]",0.9629823113317018,25.055555555555554,0.5,83.59999999999923
eval_at,"[0.09075194468452895, 24.62527716186253, 105, 617]",0.9677294024278829,25.055555555555554,0.5,83.69999999999922
eval_at,"[0.0881590319792567, 24.505543237250556, 102, 614]",0.9730596069092539,25.055555555555554,0.5,83.79999999999922
eval_at,"[0.0881590319792567, 24.505543237250556, 102, 614]",0.978075767240416,25.055555555555554,0.5,83.89999999999921
eval_at,"[0.08729472774416594, 24.38580931263858, 101, 611]",0.9826614234535347,25.055555555555554,0.5,83.9999999999992
eval_at,"[0.08729472774416594, 24.34589800443459, 101, 610]",0.9867564419842861,25.055555555555554,0.5,84.0999999999992
eval_at,"[0.0881590319792567, 24.186252771618626, 102, 606]",0.9924101953316486,25.055555555555554,0.5,84.19999999999919
eval_at,"[0.08729472774416594, 24.066518847006655, 101, 603]",0.9966168926179084,25.055555555555554,0.5,84.29999999999919
eval_at,"[0.08556611927398444, 23.827050997782706, 99, 597]",1.0011255272941284,25.055555555555554,0.5,84.39999999999918
eval_at,"[0.0847018150388937, 23.827050997782706, 98, 597]",1.005293987535265,25.055555555555554,0.5,84.49999999999918
eval_at,"[0.0847018150388937, 23.58758314855876, 98, 591]",1.0101935935098938,25.055555555555554,0.5,84.59999999999917
eval_at,"[0.0847018150388937, 23.58758314855876, 98, 591]",1.0147921453295914,25.055555555555554,0.5,84.69999999999916
eval_at,"[0.08297320656871218, 23.30820399113082, 96, 584]",1.0200938439051213,25.055555555555554,0.5,84.79999999999916
eval_at,"[0.08210890233362143, 23.14855875831486, 95, 580]",1.02441485194135,25.055555555555554,0.5,84.89999999999915
eval_at,"[0.08124459809853068, 23.14855875831486, 94, 580]",1.0302194039236559,25.055555555555554,0.5,84.99999999999915
eval_at,"[0.08038029386343994, 23.108647450110865, 93, 579]",1.0347933313255107,25.055555555555554,0.5,85.09999999999914
eval_at,"[0.08038029386343994, 22.988913525498894, 93, 576]",1.0388349994016994,25.055555555555554,0.5,85.19999999999914
eval_at,"[0.07951598962834917, 22.988913525498894, 92, 576]",1.0439370343200922,25.055555555555554,0.5,85.29999999999913
eval_at,"[0.07951598962834917, 22.86917960088692, 92, 573]",1.0484493304742475,25.055555555555554,0.5,85.39999999999912
eval_at,"[0.07865168539325842, 22.629711751662974, 91, 567]",1.0531440486970614,25.055555555555554,0.5,85.49999999999912
eval_at,"[0.07865168539325842, 22.54988913525499, 91, 565]",1.0569853176484354,25.055555555555554,0.5,85.59999999999911
eval_at,"[0.07692307692307693, 22.350332594235034, 89, 560]",1.0620563773007994,25.055555555555554,0.5,85.69999999999911
eval_at,"[0.07605877268798616, 22.270509977827054, 88, 558]",1.0668631038620997,25.055555555555554,0.5,85.7999999999991
eval_at,"[0.07692307692307693, 22.270509977827054, 89, 558]",1.0716773018903938,25.055555555555554,0.5,85.8999999999991
eval_at,"[0.07692307692307693, 22.270509977827054, 89, 558]",1.0767286888077037,25.055555555555554,0.5,85.99999999999909
eval_at,"[0.07692307692307693, 22.19068736141907, 89, 556]",1.080897259687264,25.055555555555554,0.5,86.09999999999908
eval_at,"[0.07692307692307693, 22.15077605321508, 89, 555]",1.0855454801276132,25.055555555555554,0.5,86.19999999999908
eval_at,"[0.07778738115816768, 21.871396895787143, 90, 548]",1.0898709568350657,25.055555555555554,0.5,86.29999999999907
eval_at,"[0.07605877268798616, 21.83148558758315, 88, 547]",1.0951954626511378,25.055555555555554,0.5,86.39999999999907
eval_at,"[0.07519446845289542, 21.512195121951223, 87, 539]",1.1000979609563293,25.055555555555554,0.5,86.49999999999906
eval_at,"[0.07519446845289542, 21.272727272727273, 87, 533]",1.1068901406267946,25.055555555555554,0.5,86.59999999999906
eval_at,"[0.07519446845289542, 21.232815964523283, 87, 532]",1.112147027810853,25.055555555555554,0.5,86.69999999999905
eval_at,"[0.07433016421780467, 20.913525498891353, 86, 524]",1.1186727584267386,25.055555555555554,0.5,86.79999999999905
eval_at,"[0.07260155574762317, 20.713968957871398, 84, 519]",1.1244031342805891,25.055555555555554,0.5,86.89999999999904
eval_at,"[0.07173725151253241, 20.514412416851442, 83, 514]",1.1296323010898635,25.055555555555554,0.5,86.99999999999903
eval_at,"[0.07173725151253241, 20.474501108647452, 83, 513]",1.1343910173723784,25.055555555555554,0.5,87.09999999999903
eval_at,"[0.07173725151253241, 20.394678492239468, 83, 511]",1.138536366051675,25.055555555555554,0.5,87.19999999999902
eval_at,"[0.06914433880726016, 20.235033259423506, 80, 507]",1.1445643075697747,25.055555555555554,0.5,87.29999999999902
eval_at,"[0.06741573033707865, 20.03547671840355, 78, 502]",1.1500712225395624,25.055555555555554,0.5,87.39999999999901
eval_at,"[0.06741573033707865, 19.915742793791576, 78, 499]",1.1549210100086702,25.055555555555554,0.5,87.499999999999
eval_at,"[0.06741573033707865, 19.71618625277162, 78, 494]",1.1616230301051862,25.055555555555554,0.5,87.599999999999
eval_at,"[0.06741573033707865, 19.596452328159646, 78, 491]",1.1675221608721544,25.055555555555554,0.5,87.699999999999
eval_at,"[0.0665514261019879, 19.39689578713969, 77, 486]",1.1731787852658753,25.055555555555554,0.5,87.79999999999899
eval_at,"[0.06741573033707865, 19.39689578713969, 78, 486]",1.1785350687964935,25.055555555555554,0.5,87.89999999999898
eval_at,"[0.06741573033707865, 19.3569844789357, 78, 485]",1.184836135685152,25.055555555555554,0.5,87.99999999999898
eval_at,"[0.06395851339671564, 19.237250554323726, 74, 482]",1.190835342685659,25.055555555555554,0.5,88.09999999999897
eval_at,"[0.06136560069144339, 19.237250554323726, 71, 482]",1.1967941362615366,25.055555555555554,0.5,88.19999999999897
eval_at,"[0.06136560069144339, 18.917960088691796, 71, 474]",1.2026805146163828,25.055555555555554,0.5,88.29999999999896
eval_at,"[0.06136560069144339, 18.838137472283815, 71, 472]",1.2077766014017688,25.055555555555554,0.5,88.39999999999895
eval_at,"[0.06050129645635264, 18.558758314855876, 70, 465]",1.2142265729489399,25.055555555555554,0.5,88.49999999999895
eval_at,"[0.06050129645635264, 18.478935698447895, 70, 463]",1.2187473549942862,25.055555555555554,0.5,88.59999999999894
eval_at,"[0.059636992221261884, 18.199556541019955, 69, 456]",1.2243690209454452,25.055555555555554,0.5,88.69999999999894
eval_at,"[0.05790838375108038, 18.079822616407984, 67, 453]",1.2297033269847009,25.055555555555554,0.5,88.79999999999893
eval_at,"[0.058772687986171135, 17.96008869179601, 68, 450]",1.2375925071418175,25.055555555555554,0.5,88.89999999999893
eval_at,"[0.05790838375108038, 17.84035476718404, 67, 447]",1.243558793142072,25.055555555555554,0.5,88.99999999999892
eval_at,"[0.05790838375108038, 17.800443458980045, 67, 446]",1.2497394507411317,25.055555555555554,0.5,89.09999999999891
eval_at,"[0.05790838375108038, 17.680709534368074, 67, 443]",1.2562870945652136,25.055555555555554,0.5,89.19999999999891
eval_at,"[0.05704407951598963, 17.361419068736144, 66, 435]",1.263303825397868,25.055555555555554,0.5,89.2999999999989
eval_at,"[0.055315471045808126, 17.16186252771619, 64, 430]",1.2688606439064518,25.055555555555554,0.5,89.3999999999989
eval_at,"[0.056179775280898875, 16.922394678492243, 65, 424]",1.2758427572387152,25.055555555555554,0.5,89.49999999999889
eval_at,"[0.05445116681071737, 16.802660753880268, 63, 421]",1.2837737469724142,25.055555555555554,0.5,89.59999999999889
eval_at,"[0.05445116681071737, 16.722838137472284, 63, 419]",1.2906265252556046,25.055555555555554,0.5,89.69999999999888
eval_at,"[0.05358686257562662, 16.722838137472284, 62, 419]",1.2988982899783539,25.055555555555554,0.5,89.79999999999887
eval_at,"[0.052722558340535866, 16.52328159645233, 61, 414]",1.3051335793629293,25.055555555555554,0.5,89.89999999999887
eval_at,"[0.05445116681071737, 16.403547671840357, 63, 411]",1.3115257276037664,25.055555555555554,0.5,89.99999999999886
eval_at,"[0.05358686257562662, 16.323725055432373, 62, 409]",1.319755112946486,25.055555555555554,0.5,90.09999999999886
eval_at,"[0.05358686257562662, 16.203991130820402, 62, 406]",1.3258915884144733,25.055555555555554,0.5,90.19999999999885
eval_at,"[0.049265341400172864, 16.004434589800443, 57, 401]",1.3324999071038817,25.055555555555554,0.5,90.29999999999885
eval_at,"[0.04753673292999136, 15.725055432372507, 55, 394]",1.3396427628930778,25.055555555555554,0.5,90.39999999999884
eval_at,"[0.04753673292999136, 15.525498891352552, 55, 389]",1.3470679836908117,25.055555555555554,0.5,90.49999999999883
eval_at,"[0.045808124459809856, 15.605321507760534, 53, 391]",1.3532333879319463,25.055555555555554,0.5,90.59999999999883
eval_at,"[0.04407951598962835, 15.525498891352552, 51, 389]",1.360392182564133,25.055555555555554,0.5,90.69999999999882
eval_at,"[0.04235090751944685, 15.405764966740577, 49, 386]",1.3676462582554598,25.055555555555554,0.5,90.79999999999882
eval_at,"[0.04407951598962835, 15.325942350332596, 51, 384]",1.3762831308129906,25.055555555555554,0.5,90.89999999999881
eval_at,"[0.043215211754537596, 15.246119733924614, 50, 382]",1.3854026846903265,25.055555555555554,0.5,90.9999999999988
eval_at,"[0.043215211754537596, 15.046563192904658, 50, 377]",1.3939457866427802,25.055555555555554,0.5,91.0999999999988
eval_at,"[0.043215211754537596, 15.126385809312639, 50, 379]",1.4020566426790364,25.055555555555554,0.5,91.1999999999988
eval_at,"[0.043215211754537596, 15.006651884700666, 50, 376]",1.4088302134466715,25.055555555555554,0.5,91.29999999999879
eval_at,"[0.04235090751944685, 14.926829268292684, 49, 374]",1.417324271959407,25.055555555555554,0.5,91.39999999999878
eval_at,"[0.04235090751944685, 14.847006651884701, 49, 372]",1.427495166947242,25.055555555555554,0.5,91.49999999999878
eval_at,"[0.04235090751944685, 14.687361419068738, 49, 368]",1.4362403330701528,25.055555555555554,0.5,91.59999999999877
eval_at,"[0.04062229904926534, 14.567627494456763, 47, 365]",1.4449041400496883,25.055555555555554,0.5,91.69999999999877
eval_at,"[0.03889369057908384, 14.4079822616408, 45, 361]",1.4515924793140926,25.055555555555554,0.5,91.79999999999876
eval_at,"[0.03889369057908384, 14.4079822616408, 45, 361]",1.4567476523299487,25.055555555555554,0.5,91.89999999999876
eval_at,"[0.03975799481417459, 14.248337028824835, 46, 357]",1.4654581131437734,25.055555555555554,0.5,91.99999999999875
eval_at,"[0.03975799481417459, 14.288248337028826, 46, 358]",1.4743926917517127,25.055555555555554,0.5,92.09999999999874
eval_at,"[0.04062229904926534, 14.248337028824835, 47, 357]",1.4827345156865979,25.055555555555554,0.5,92.19999999999874
eval_at,"[0.03975799481417459, 14.208425720620843, 46, 356]",1.4895339508172374,25.055555555555554,0.5,92.29999999999873
eval_at,"[0.03975799481417459, 14.12860310421286, 46, 354]",1.4975582924469306,25.055555555555554,0.5,92.39999999999873
eval_at,"[0.03889369057908384, 14.008869179600888, 45, 351]",1.5038547136528049,25.055555555555554,0.5,92.49999999999872
eval_at,"[0.03802938634399308, 14.008869179600888, 44, 351]",1.509703001649365,25.055555555555554,0.5,92.59999999999872
eval_at,"[0.03802938634399308, 13.968957871396897, 44, 350]",1.5168072045587166,25.055555555555554,0.5,92.69999999999871
eval_at,"[0.03802938634399308, 13.849223946784923, 44, 347]",1.5254104634453698,25.055555555555554,0.5,92.7999999999987
eval_at,"[0.037165082108902334, 14.008869179600888, 43, 351]",1.5312563485400221,25.055555555555554,0.5,92.8999999999987
eval_at,"[0.037165082108902334, 13.929046563192905, 43, 349]",1.540021627234009,25.055555555555554,0.5,92.99999999999869
eval_at,"[0.036300777873811585, 14.08869179600887, 42, 353]",1.5489152597284184,25.055555555555554,0.5,93.09999999999869
eval_at,"[0.03457216940363008, 14.008869179600888, 40, 351]",1.557664874128073,25.055555555555554,0.5,93.19999999999868
eval_at,"[0.033707865168539325, 13.968957871396897, 39, 350]",1.5658780309572025,25.055555555555554,0.5,93.29999999999868
eval_at,"[0.032843560933448576, 13.769401330376942, 38, 345]",1.574178902241618,25.055555555555554,0.5,93.39999999999867
eval_at,"[0.032843560933448576, 13.649667405764967, 38, 342]",1.5829772624047052,25.055555555555554,0.5,93.49999999999866
eval_at,"[0.03197925669835782, 13.410199556541022, 37, 336]",1.5891987622991883,25.055555555555554,0.5,93.59999999999866
eval_at,"[0.03111495246326707, 13.33037694013304, 36, 334]",1.5965515590774346,25.055555555555554,0.5,93.69999999999865
eval_at,"[0.03197925669835782, 13.050997782705101, 37, 327]",1.6037893790620188,25.055555555555554,0.5,93.79999999999865
eval_at,"[0.03197925669835782, 13.01108647450111, 37, 326]",1.6123700779710906,25.055555555555554,0.5,93.89999999999864
eval_at,"[0.03197925669835782, 12.691796008869181, 37, 318]",1.6194349857638015,25.055555555555554,0.5,93.99999999999864
eval_at,"[0.03197925669835782, 12.771618625277164, 37, 320]",1.627868099393953,25.055555555555554,0.5,94.09999999999863
eval_at,"[0.029386343993085567, 12.611973392461199, 34, 316]",1.6364559743101144,25.055555555555554,0.5,94.19999999999862
eval_at,"[0.029386343993085567, 12.452328159645234, 34, 312]",1.6450834126267744,25.055555555555554,0.5,94.29999999999862
eval_at,"[0.03025064822817632, 12.532150776053216, 35, 314]",1.6535098536891906,25.055555555555554,0.5,94.39999999999861
eval_at,"[0.03025064822817632, 12.252771618625278, 35, 307]",1.6608352982672927,25.055555555555554,0.5,94.49999999999861
eval_at,"[0.03111495246326707, 11.97339246119734, 36, 300]",1.6705458690385129,25.055555555555554,0.5,94.5999999999986
eval_at,"[0.03111495246326707, 11.773835920177385, 36, 295]",1.6805553688575712,25.055555555555554,0.5,94.6999999999986
eval_at,"[0.03025064822817632, 11.65410199556541, 35, 292]",1.6889658378874493,25.055555555555554,0.5,94.79999999999859
eval_at,"[0.028522039757994815, 11.414634146341465, 33, 286]",1.6991921219150663,25.055555555555554,0.5,94.89999999999858
eval_at,"[0.02679343128781331, 11.21507760532151, 31, 281]",1.7083394960350649,25.055555555555554,0.5,94.99999999999858
eval_at,"[0.02592912705272256, 11.055432372505544, 30, 277]",1.7149552846386071,25.055555555555554,0.5,95.09999999999857
eval_at,"[0.025064822817631807, 10.815964523281597, 29, 271]",1.722681086481017,25.055555555555554,0.5,95.19999999999857
eval_at,"[0.024200518582541054, 10.815964523281597, 28, 271]",1.7320269708302243,25.055555555555554,0.5,95.29999999999856
eval_at,"[0.023336214347450302, 10.736141906873614, 27, 269]",1.740798312981121,25.055555555555554,0.5,95.39999999999856
eval_at,"[0.02247191011235955, 10.656319290465634, 26, 267]",1.7482650333700551,25.055555555555554,0.5,95.49999999999855
eval_at,"[0.021607605877268798, 10.536585365853659, 25, 264]",1.7583039019723177,25.055555555555554,0.5,95.59999999999854
eval_at,"[0.019878997407087293, 10.297117516629713, 23, 258]",1.7683468518106218,25.055555555555554,0.5,95.69999999999854
eval_at,"[0.019878997407087293, 10.137472283813748, 23, 254]",1.77574281536459,25.055555555555554,0.5,95.79999999999853
eval_at,"[0.019878997407087293, 10.097560975609756, 23, 253]",1.7823301930855135,25.055555555555554,0.5,95.89999999999853
eval_at,"[0.019878997407087293, 10.017738359201775, 23, 251]",1.7915062547180147,25.055555555555554,0.5,95.99999999999852
eval_at,"[0.019878997407087293, 9.937915742793793, 23, 249]",1.8018268082212392,25.055555555555554,0.5,96.09999999999852
eval_at,"[0.01728608470181504, 9.937915742793793, 20, 249]",1.8148183162382758,25.055555555555554,0.5,96.19999999999851
eval_at,"[0.01728608470181504, 9.818181818181818, 20, 246]",1.824407209891977,25.055555555555554,0.5,96.2999999999985
eval_at,"[0.01728608470181504, 9.578713968957873, 20, 240]",1.8355857798794462,25.055555555555554,0.5,96.3999999999985
eval_at,"[0.01728608470181504, 9.419068736141908, 20, 236]",1.845386824178607,25.055555555555554,0.5,96.4999999999985
eval_at,"[0.01728608470181504, 9.099778270509978, 20, 228]",1.8559583186973656,25.055555555555554,0.5,96.59999999999849
eval_at,"[0.016421780466724288, 8.82039911308204, 19, 221]",1.8668409517560869,25.055555555555554,0.5,96.69999999999848
eval_at,"[0.016421780466724288, 8.660753880266077, 19, 217]",1.8764822991343773,25.055555555555554,0.5,96.79999999999848
eval_at,"[0.016421780466724288, 8.541019955654102, 19, 214]",1.8864656720588924,25.055555555555554,0.5,96.89999999999847
eval_at,"[0.016421780466724288, 8.181818181818182, 19, 205]",1.8977126819556662,25.055555555555554,0.5,96.99999999999847
eval_at,"[0.016421780466724288, 7.902439024390245, 19, 198]",1.91179940427426,25.055555555555554,0.5,97.09999999999846
eval_at,"[0.016421780466724288, 7.74279379157428, 19, 194]",1.9238824211024206,25.055555555555554,0.5,97.19999999999845
eval_at,"[0.015557476231633534, 7.543237250554324, 18, 189]",1.9350488283678902,25.055555555555554,0.5,97.29999999999845
eval_at,"[0.014693171996542784, 7.303769401330378, 17, 183]",1.9469049670196399,25.055555555555554,0.5,97.39999999999844
eval_at,"[0.013828867761452032, 7.1042128603104215, 16, 178]",1.9576208490490088,25.055555555555554,0.5,97.49999999999844
eval_at,"[0.01296456352636128, 6.904656319290466, 15, 173]",1.973678477158455,25.055555555555554,0.5,97.59999999999843
eval_at,"[0.011235955056179775, 6.745011086474501, 13, 169]",1.9851521505158716,25.055555555555554,0.5,97.69999999999843
eval_at,"[0.011235955056179775, 6.625277161862528, 13, 166]",1.997469539565552,25.055555555555554,0.5,97.79999999999842
eval_at,"[0.011235955056179775, 6.266075388026608, 13, 157]",2.0112362736128584,25.055555555555554,0.5,97.89999999999841
eval_at,"[0.010371650821089023, 6.266075388026608, 12, 157]",2.022401122091288,25.055555555555554,0.5,97.99999999999841
eval_at,"[0.00864304235090752, 5.866962305986696, 10, 147]",2.0347832230891267,25.055555555555554,0.5,98.0999999999984
eval_at,"[0.00864304235090752, 5.587583148558759, 10, 140]",2.052305805740155,25.055555555555554,0.5,98.1999999999984
eval_at,"[0.00864304235090752, 5.228381374722838, 10, 131]",2.063276381993859,25.055555555555554,0.5,98.29999999999839
eval_at,"[0.00864304235090752, 4.988913525498892, 10, 125]",2.0738210492597466,25.055555555555554,0.5,98.39999999999839
eval_at,"[0.00950734658599827, 4.669623059866963, 11, 117]",2.091095973202167,25.055555555555554,0.5,98.49999999999838
eval_at,"[0.00950734658599827, 4.390243902439025, 11, 110]",2.1099426248751305,25.055555555555554,0.5,98.59999999999837
eval_at,"[0.00950734658599827, 4.150776053215078, 11, 104]",2.1247821873224146,25.055555555555554,0.5,98.69999999999837
eval_at,"[0.00950734658599827, 3.9512195121951224, 11, 99]",2.149063126219706,25.055555555555554,0.5,98.79999999999836
eval_at,"[0.00864304235090752, 3.6718403547671845, 10, 92]",2.167175047491694,25.055555555555554,0.5,98.89999999999836
eval_at,"[0.00864304235090752, 3.3525498891352554, 10, 84]",2.1871740969872207,25.055555555555554,0.5,98.99999999999835
eval_at,"[0.006914433880726016, 3.0332594235033263, 8, 76]",2.2093782784070313,25.055555555555554,0.5,99.09999999999835
eval_at,"[0.005185825410544511, 2.873614190687362, 6, 72]",2.241981798480623,25.055555555555554,0.5,99.19999999999834
eval_at,"[0.00432152117545376, 2.5543237250554327, 5, 64]",2.2919950688979704,25.055555555555554,0.5,99.29999999999833
eval_at,"[0.003457216940363008, 2.2350332594235036, 4, 56]",2.3370820901782414,25.055555555555554,0.5,99.39999999999833
eval_at,"[0.003457216940363008, 1.9556541019955656, 4, 49]",2.3738488248182747,25.055555555555554,0.5,99.49999999999832
eval_at,"[0.003457216940363008, 1.5964523281596454, 4, 40]",2.431897765863121,25.055555555555554,0.5,99.59999999999832
eval_at,"[0.0, 1.1574279379157428, 0, 29]",2.5151076341048952,25.055555555555554,0.5,99.69999999999831
eval_at,"[0.0, 0.7583148558758316, 0, 19]",2.6332250324085797,25.055555555555554,0.5,99.7999999999983
eval_at,"[0.0, 0.39911308203991136, 0, 10]",2.865355893977969,25.055555555555554,0.5,99.8999999999983
eval_at,"[0.19360414866032843, 42.625277161862535, 224, 1068]",0.5209138043539981,25.055555555555554,0.6,70.0
eval_at,"[0.19273984442523767, 42.625277161862535, 223, 1068]",0.5242287679819435,25.055555555555554,0.6,70.1
eval_at,"[0.19273984442523767, 42.266075388026614, 223, 1059]",0.527271603195612,25.055555555555554,0.6,70.19999999999999
eval_at,"[0.19273984442523767, 42.146341463414636, 223, 1056]",0.530766379369137,25.055555555555554,0.6,70.29999999999998
eval_at,"[0.19014693171996544, 42.106430155210646, 220, 1055]",0.5332622444493536,25.055555555555554,0.6,70.39999999999998
eval_at,"[0.19014693171996544, 42.186252771618626, 220, 1057]",0.5365957285356152,25.055555555555554,0.6,70.49999999999997
eval_at,"[0.18928262748487468, 42.066518847006655, 219, 1054]",0.5396393727361625,25.055555555555554,0.6,70.59999999999997
eval_at,"[0.19014693171996544, 42.026607538802665, 220, 1053]",0.5421742797095287,25.055555555555554,0.6,70.69999999999996
eval_at,"[0.19014693171996544, 41.906873614190694, 220, 1050]",0.5454953600643981,25.055555555555554,0.6,70.79999999999995
eval_at,"[0.18841832324978391, 41.627494456762754, 218, 1043]",0.5484645920242909,25.055555555555554,0.6,70.89999999999995
eval_at,"[0.18755401901469318, 41.507760532150776, 217, 1040]",0.5509910485229254,25.055555555555554,0.6,70.99999999999994
eval_at,"[0.18582541054451165, 41.587583148558764, 215, 1042]",0.5534620847544316,25.055555555555554,0.6,71.09999999999994
eval_at,"[0.18582541054451165, 41.348115299334815, 215, 1036]",0.5561032419338907,25.055555555555554,0.6,71.19999999999993
eval_at,"[0.18496110630942092, 41.108647450110865, 214, 1030]",0.5592222208448507,25.055555555555554,0.6,71.29999999999993
eval_at,"[0.18496110630942092, 40.709534368070955, 214, 1020]",0.5624191380902026,25.055555555555554,0.6,71.39999999999992
eval_at,"[0.18496110630942092, 40.709534368070955, 214, 1020]",0.5658657448498992,25.055555555555554,0.6,71.49999999999991
eval_at,"[0.18409680207433016, 40.54988913525499, 213, 1016]",0.5691058620932162,25.055555555555554,0.6,71.59999999999991
eval_at,"[0.18409680207433016, 40.310421286031044, 213, 1010]",0.5725049995932721,25.055555555555554,0.6,71.6999999999999
eval_at,"[0.18236819360414866, 40.23059866962306, 211, 1008]",0.5754036271726434,25.055555555555554,0.6,71.7999999999999
eval_at,"[0.18236819360414866, 40.270509977827054, 211, 1009]",0.5784855145876401,25.055555555555554,0.6,71.89999999999989
eval_at,"[0.1815038893690579, 40.0709534368071, 210, 1004]",0.5818608718722283,25.055555555555554,0.6,71.99999999999989
eval_at,"[0.18063958513396716, 40.11086474501109, 209, 1005]",0.584720834566687,25.055555555555554,0.6,72.09999999999988
eval_at,"[0.17891097666378566, 40.15077605321508, 207, 1006]",0.5881000658798963,25.055555555555554,0.6,72.19999999999987
eval_at,"[0.1780466724286949, 40.0709534368071, 206, 1004]",0.5905938403178818,25.055555555555554,0.6,72.29999999999987
eval_at,"[0.1763180639585134, 39.91130820399113, 204, 1000]",0.5934390388048698,25.055555555555554,0.6,72.39999999999986
eval_at,"[0.17545375972342264, 39.87139689578714, 203, 999]",0.5965711265982553,25.055555555555554,0.6,72.49999999999986
eval_at,"[0.17545375972342264, 39.79157427937916, 203, 997]",0.5993861989392533,25.055555555555554,0.6,72.59999999999985
eval_at,"[0.17545375972342264, 39.5920177383592, 203, 992]",0.6029844835535065,25.055555555555554,0.6,72.69999999999985
eval_at,"[0.17545375972342264, 39.312638580931264, 203, 985]",0.6063824539204419,25.055555555555554,0.6,72.79999999999984
eval_at,"[0.17545375972342264, 39.27272727272727, 203, 984]",0.6087849644470814,25.055555555555554,0.6,72.89999999999984
eval_at,"[0.17545375972342264, 39.27272727272727, 203, 984]",0.6119930281712586,25.055555555555554,0.6,72.99999999999983
eval_at,"[0.1763180639585134, 39.19290465631929, 204, 982]",0.6152242675621106,25.055555555555554,0.6,73.09999999999982
eval_at,"[0.17458945548833188, 38.99334811529934, 202, 977]",0.6182614598748981,25.055555555555554,0.6,73.19999999999982
eval_at,"[0.17458945548833188, 38.99334811529934, 202, 977]",0.6211147288259921,25.055555555555554,0.6,73.29999999999981
eval_at,"[0.17199654278305965, 38.99334811529934, 199, 977]",0.6238778277072554,25.055555555555554,0.6,73.3999999999998
eval_at,"[0.17372515125324114, 38.83370288248337, 201, 973]",0.6271874084333448,25.055555555555554,0.6,73.4999999999998
eval_at,"[0.17199654278305965, 38.75388026607539, 199, 971]",0.6300250743748503,25.055555555555554,0.6,73.5999999999998
eval_at,"[0.17026793431287812, 38.75388026607539, 197, 971]",0.6337331363812625,25.055555555555554,0.6,73.69999999999979
eval_at,"[0.17199654278305965, 38.59423503325942, 199, 967]",0.6367176038215909,25.055555555555554,0.6,73.79999999999978
eval_at,"[0.17113223854796888, 38.75388026607539, 198, 971]",0.6393902063549788,25.055555555555554,0.6,73.89999999999978
eval_at,"[0.1694036300777874, 38.75388026607539, 196, 971]",0.6421757638041318,25.055555555555554,0.6,73.99999999999977
eval_at,"[0.1694036300777874, 38.55432372505543, 196, 966]",0.6452031887524935,25.055555555555554,0.6,74.09999999999977
eval_at,"[0.16853932584269662, 38.31485587583149, 195, 960]",0.6484171093036456,25.055555555555554,0.6,74.19999999999976
eval_at,"[0.16853932584269662, 37.91574279379158, 195, 950]",0.6521657817860956,25.055555555555554,0.6,74.29999999999976
eval_at,"[0.16421780466724287, 37.71618625277162, 190, 945]",0.6551756544959635,25.055555555555554,0.6,74.39999999999975
eval_at,"[0.16248919619706137, 37.7960088691796, 188, 947]",0.6586483258571786,25.055555555555554,0.6,74.49999999999974
eval_at,"[0.15903197925669835, 37.59645232815965, 184, 942]",0.6615097133527169,25.055555555555554,0.6,74.59999999999974
eval_at,"[0.1547104580812446, 37.67627494456763, 179, 944]",0.6642439208863606,25.055555555555554,0.6,74.69999999999973
eval_at,"[0.15384615384615385, 37.51662971175167, 178, 940]",0.6673930103354309,25.055555555555554,0.6,74.79999999999973
eval_at,"[0.1529818496110631, 37.51662971175167, 177, 940]",0.6713754901172609,25.055555555555554,0.6,74.89999999999972
eval_at,"[0.15211754537597233, 37.39689578713969, 176, 937]",0.6748644104307425,25.055555555555554,0.6,74.99999999999972
eval_at,"[0.15211754537597233, 37.27716186252772, 176, 934]",0.6784670557999375,25.055555555555554,0.6,75.09999999999971
eval_at,"[0.1512532411408816, 37.07760532150776, 175, 929]",0.6820993563047758,25.055555555555554,0.6,75.1999999999997
eval_at,"[0.15038893690579083, 36.87804878048781, 174, 924]",0.6860530983648363,25.055555555555554,0.6,75.2999999999997
eval_at,"[0.1495246326707001, 36.75831485587583, 173, 921]",0.69040452761111,25.055555555555554,0.6,75.3999999999997
eval_at,"[0.1495246326707001, 36.63858093126386, 173, 918]",0.6934143575420287,25.055555555555554,0.6,75.49999999999969
eval_at,"[0.1495246326707001, 36.51884700665189, 173, 915]",0.6982106265729552,25.055555555555554,0.6,75.59999999999968
eval_at,"[0.14866032843560933, 36.35920177383592, 172, 911]",0.7013221976730065,25.055555555555554,0.6,75.69999999999968
eval_at,"[0.1495246326707001, 36.43902439024391, 173, 913]",0.7058023497125713,25.055555555555554,0.6,75.79999999999967
eval_at,"[0.14866032843560933, 36.39911308203991, 172, 912]",0.7093165927240506,25.055555555555554,0.6,75.89999999999966
eval_at,"[0.1495246326707001, 36.35920177383592, 173, 911]",0.7134219132550264,25.055555555555554,0.6,75.99999999999966
eval_at,"[0.14866032843560933, 36.15964523281597, 172, 906]",0.7163632060783118,25.055555555555554,0.6,76.09999999999965
eval_at,"[0.14779602420051857, 35.92017738359202, 171, 900]",0.720112107861376,25.055555555555554,0.6,76.19999999999965
eval_at,"[0.14779602420051857, 35.84035476718404, 171, 898]",0.7239800898996023,25.055555555555554,0.6,76.29999999999964
eval_at,"[0.14866032843560933, 35.84035476718404, 172, 898]",0.7277567138255271,25.055555555555554,0.6,76.39999999999964
eval_at,"[0.14779602420051857, 35.72062084257207, 171, 895]",0.7315274868651822,25.055555555555554,0.6,76.49999999999963
eval_at,"[0.14693171996542784, 35.60088691796009, 170, 892]",0.7352172712604543,25.055555555555554,0.6,76.59999999999962
eval_at,"[0.14693171996542784, 35.52106430155211, 170, 890]",0.737859477050117,25.055555555555554,0.6,76.69999999999962
eval_at,"[0.14261019878997408, 35.36141906873615, 165, 886]",0.7419480526490153,25.055555555555554,0.6,76.79999999999961
eval_at,"[0.14261019878997408, 35.24168514412417, 165, 883]",0.7460272665010377,25.055555555555554,0.6,76.89999999999961
eval_at,"[0.14001728608470182, 35.16186252771619, 162, 881]",0.7488983915962742,25.055555555555554,0.6,76.9999999999996
eval_at,"[0.14001728608470182, 35.08203991130821, 162, 879]",0.7524162211017595,25.055555555555554,0.6,77.0999999999996
eval_at,"[0.13915298184961106, 35.08203991130821, 161, 879]",0.7561702108804371,25.055555555555554,0.6,77.19999999999959
eval_at,"[0.13828867761452032, 34.92239467849224, 160, 875]",0.7601731946588245,25.055555555555554,0.6,77.29999999999959
eval_at,"[0.13828867761452032, 34.88248337028825, 160, 874]",0.7650627789295684,25.055555555555554,0.6,77.39999999999958
eval_at,"[0.13828867761452032, 34.6829268292683, 160, 869]",0.7685029954281148,25.055555555555554,0.6,77.49999999999957
eval_at,"[0.13915298184961106, 34.40354767184036, 161, 862]",0.7721684072627308,25.055555555555554,0.6,77.59999999999957
eval_at,"[0.13742437337942956, 34.44345898004435, 159, 863]",0.7752930702239225,25.055555555555554,0.6,77.69999999999956
eval_at,"[0.13742437337942956, 34.12416851441242, 159, 855]",0.7794510799055435,25.055555555555554,0.6,77.79999999999956
eval_at,"[0.13828867761452032, 33.964523281596456, 160, 851]",0.783331964369787,25.055555555555554,0.6,77.89999999999955
eval_at,"[0.13742437337942956, 33.7649667405765, 159, 846]",0.7876035941227354,25.055555555555554,0.6,77.99999999999955
eval_at,"[0.13742437337942956, 33.565410199556545, 159, 841]",0.7912737714917107,25.055555555555554,0.6,78.09999999999954
eval_at,"[0.1365600691443388, 33.44567627494457, 158, 838]",0.7959725314396339,25.055555555555554,0.6,78.19999999999953
eval_at,"[0.1365600691443388, 33.485587583148565, 158, 839]",0.7995694340550806,25.055555555555554,0.6,78.29999999999953
eval_at,"[0.13915298184961106, 33.325942350332596, 161, 835]",0.8032937363020338,25.055555555555554,0.6,78.39999999999952
eval_at,"[0.13828867761452032, 33.166297117516635, 160, 831]",0.8070414122398499,25.055555555555554,0.6,78.49999999999952
eval_at,"[0.1365600691443388, 33.126385809312644, 158, 830]",0.8102741807061687,25.055555555555554,0.6,78.59999999999951
eval_at,"[0.13569576490924806, 32.847006651884705, 157, 823]",0.8146534104954265,25.055555555555554,0.6,78.6999999999995
eval_at,"[0.13396715643906656, 32.807095343680714, 155, 822]",0.8187541826856505,25.055555555555554,0.6,78.7999999999995
eval_at,"[0.13396715643906656, 32.767184035476724, 155, 821]",0.8227068867065818,25.055555555555554,0.6,78.8999999999995
eval_at,"[0.13396715643906656, 32.607538802660756, 155, 817]",0.8266708725449938,25.055555555555554,0.6,78.99999999999949
eval_at,"[0.13223854796888504, 32.447893569844794, 153, 813]",0.8292851157892952,25.055555555555554,0.6,79.09999999999948
eval_at,"[0.1313742437337943, 32.328159645232816, 152, 810]",0.8327448511005291,25.055555555555554,0.6,79.19999999999948
eval_at,"[0.12964563526361278, 32.328159645232816, 150, 810]",0.8377975313406669,25.055555555555554,0.6,79.29999999999947
eval_at,"[0.12791702679343128, 32.288248337028826, 148, 809]",0.8421577354509965,25.055555555555554,0.6,79.39999999999947
eval_at,"[0.12878133102852204, 32.168514412416854, 149, 806]",0.8461760550909372,25.055555555555554,0.6,79.49999999999946
eval_at,"[0.12964563526361278, 31.809312638580934, 150, 797]",0.8495431309950382,25.055555555555554,0.6,79.59999999999945
eval_at,"[0.12878133102852204, 31.64966740576497, 149, 793]",0.8539998050923832,25.055555555555554,0.6,79.69999999999945
eval_at,"[0.12618841832324978, 31.410199556541023, 146, 787]",0.8579343718171476,25.055555555555554,0.6,79.79999999999944
eval_at,"[0.12532411408815902, 31.090909090909093, 145, 779]",0.8628298371602158,25.055555555555554,0.6,79.89999999999944
eval_at,"[0.12359550561797752, 31.170731707317074, 143, 781]",0.8660656612677896,25.055555555555554,0.6,79.99999999999943
eval_at,"[0.12273120138288678, 31.011086474501113, 142, 777]",0.8698154919461268,25.055555555555554,0.6,80.09999999999943
eval_at,"[0.12013828867761452, 30.731707317073173, 139, 770]",0.8746007236421963,25.055555555555554,0.6,80.19999999999942
eval_at,"[0.11840968020743302, 30.691796008869183, 137, 769]",0.8785489886752978,25.055555555555554,0.6,80.29999999999941
eval_at,"[0.11668107173725151, 30.6119733924612, 135, 767]",0.8832585753365338,25.055555555555554,0.6,80.39999999999941
eval_at,"[0.11581676750216076, 30.651884700665192, 134, 768]",0.8875770617610923,25.055555555555554,0.6,80.4999999999994
eval_at,"[0.11408815903197926, 30.572062084257208, 132, 766]",0.8918158956241717,25.055555555555554,0.6,80.5999999999994
eval_at,"[0.1132238547968885, 30.372505543237253, 131, 761]",0.8961465641180111,25.055555555555554,0.6,80.69999999999939
eval_at,"[0.11408815903197926, 30.212860310421288, 132, 757]",0.9003719763059336,25.055555555555554,0.6,80.79999999999939
eval_at,"[0.1132238547968885, 30.292682926829272, 131, 759]",0.904366844192931,25.055555555555554,0.6,80.89999999999938
eval_at,"[0.111495246326707, 30.252771618625278, 129, 758]",0.9075725943800779,25.055555555555554,0.6,80.99999999999937
eval_at,"[0.11063094209161625, 30.172949002217297, 128, 756]",0.9124295628752647,25.055555555555554,0.6,81.09999999999937
eval_at,"[0.11063094209161625, 30.053215077605323, 128, 753]",0.9160587863262698,25.055555555555554,0.6,81.19999999999936
eval_at,"[0.11063094209161625, 29.893569844789358, 128, 749]",0.9197490294484082,25.055555555555554,0.6,81.29999999999936
eval_at,"[0.10890233362143474, 29.93348115299335, 126, 750]",0.9237372660947107,25.055555555555554,0.6,81.39999999999935
eval_at,"[0.10890233362143474, 29.733924611973396, 126, 745]",0.9280980517788499,25.055555555555554,0.6,81.49999999999935
eval_at,"[0.10717372515125324, 29.614190687361422, 124, 742]",0.9328294763322392,25.055555555555554,0.6,81.59999999999934
eval_at,"[0.1063094209161625, 29.414634146341466, 123, 737]",0.9365534509030123,25.055555555555554,0.6,81.69999999999933
eval_at,"[0.10458081244598098, 29.374722838137476, 121, 736]",0.9407542579580459,25.055555555555554,0.6,81.79999999999933
eval_at,"[0.10544511668107173, 29.21507760532151, 122, 732]",0.9451478617035651,25.055555555555554,0.6,81.89999999999932
eval_at,"[0.10371650821089023, 29.055432372505546, 120, 728]",0.9491874892659596,25.055555555555554,0.6,81.99999999999932
eval_at,"[0.10371650821089023, 28.8159645232816, 120, 722]",0.953255633770806,25.055555555555554,0.6,82.09999999999931
eval_at,"[0.10112359550561797, 28.8159645232816, 117, 722]",0.9567948766036137,25.055555555555554,0.6,82.1999999999993
eval_at,"[0.09939498703543648, 28.696230598669626, 115, 719]",0.9609113574152448,25.055555555555554,0.6,82.2999999999993
eval_at,"[0.09939498703543648, 28.696230598669626, 115, 719]",0.9644301625789929,25.055555555555554,0.6,82.3999999999993
eval_at,"[0.09853068280034573, 28.337028824833705, 114, 710]",0.9681484114671868,25.055555555555554,0.6,82.49999999999929
eval_at,"[0.09853068280034573, 28.21729490022173, 114, 707]",0.9723677659772821,25.055555555555554,0.6,82.59999999999928
eval_at,"[0.09853068280034573, 28.337028824833705, 114, 710]",0.9769342217254396,25.055555555555554,0.6,82.69999999999928
eval_at,"[0.09766637856525497, 28.25720620842572, 113, 708]",0.9820800331143215,25.055555555555554,0.6,82.79999999999927
eval_at,"[0.09680207433016422, 28.297117516629715, 112, 709]",0.9864971282495779,25.055555555555554,0.6,82.89999999999927
eval_at,"[0.09680207433016422, 28.25720620842572, 112, 708]",0.9918147130729025,25.055555555555554,0.6,82.99999999999926
eval_at,"[0.09507346585998272, 28.17738359201774, 110, 706]",0.9960030315783778,25.055555555555554,0.6,83.09999999999926
eval_at,"[0.09507346585998272, 27.77827050997783, 110, 696]",1.000466865872224,25.055555555555554,0.6,83.19999999999925
eval_at,"[0.09507346585998272, 27.578713968957874, 110, 691]",1.0044443673994519,25.055555555555554,0.6,83.29999999999924
eval_at,"[0.09507346585998272, 27.578713968957874, 110, 691]",1.0091856372613424,25.055555555555554,0.6,83.39999999999924
eval_at,"[0.09420916162489196, 27.339246119733925, 109, 685]",1.0132238844847108,25.055555555555554,0.6,83.49999999999923
eval_at,"[0.09334485738980121, 27.179600886917964, 108, 681]",1.017229839628401,25.055555555555554,0.6,83.59999999999923
eval_at,"[0.09334485738980121, 27.09977827050998, 108, 679]",1.0228317417941069,25.055555555555554,0.6,83.69999999999922
eval_at,"[0.09161624891961971, 26.78048780487805, 106, 671]",1.0271229860643072,25.055555555555554,0.6,83.79999999999922
eval_at,"[0.09161624891961971, 26.860310421286034, 106, 673]",1.0320372182428397,25.055555555555554,0.6,83.89999999999921
eval_at,"[0.09161624891961971, 26.66075388026608, 106, 668]",1.0357850698129474,25.055555555555554,0.6,83.9999999999992
eval_at,"[0.09161624891961971, 26.580931263858094, 106, 666]",1.0408326221364999,25.055555555555554,0.6,84.0999999999992
eval_at,"[0.09075194468452895, 26.501108647450113, 105, 664]",1.0451140674081163,25.055555555555554,0.6,84.19999999999919
eval_at,"[0.09075194468452895, 26.620842572062088, 105, 667]",1.049486577740285,25.055555555555554,0.6,84.29999999999919
eval_at,"[0.0898876404494382, 26.38137472283814, 104, 661]",1.0531050869413792,25.055555555555554,0.6,84.39999999999918
eval_at,"[0.0898876404494382, 26.221729490022174, 104, 657]",1.0587377200761705,25.055555555555554,0.6,84.49999999999918
eval_at,"[0.0881590319792567, 25.982261640798228, 102, 651]",1.0635969780206824,25.055555555555554,0.6,84.59999999999917
eval_at,"[0.08556611927398444, 25.742793791574282, 99, 645]",1.0672237880606268,25.055555555555554,0.6,84.69999999999916
eval_at,"[0.0847018150388937, 25.34368070953437, 98, 635]",1.0718874222370953,25.055555555555554,0.6,84.79999999999916
eval_at,"[0.0847018150388937, 25.303769401330378, 98, 634]",1.0777655430396926,25.055555555555554,0.6,84.89999999999915
eval_at,"[0.08383751080380294, 25.064301552106432, 97, 628]",1.0828549496025839,25.055555555555554,0.6,84.99999999999915
eval_at,"[0.08383751080380294, 24.824833702882486, 97, 622]",1.0877112400455338,25.055555555555554,0.6,85.09999999999914
eval_at,"[0.08038029386343994, 24.784922394678492, 93, 621]",1.0931857944469365,25.055555555555554,0.6,85.19999999999914
eval_at,"[0.07951598962834917, 24.745011086474502, 92, 620]",1.1000214541281412,25.055555555555554,0.6,85.29999999999913
eval_at,"[0.07778738115816768, 24.62527716186253, 90, 617]",1.1045635917781615,25.055555555555554,0.6,85.39999999999912
eval_at,"[0.07778738115816768, 24.545454545454547, 90, 615]",1.1091076786377372,25.055555555555554,0.6,85.49999999999912
eval_at,"[0.07865168539325842, 24.465631929046566, 91, 613]",1.1135299875741547,25.055555555555554,0.6,85.59999999999911
eval_at,"[0.07778738115816768, 24.3059866962306, 90, 609]",1.1180486466504942,25.055555555555554,0.6,85.69999999999911
eval_at,"[0.07692307692307693, 24.186252771618626, 89, 606]",1.1226840066143404,25.055555555555554,0.6,85.7999999999991
eval_at,"[0.07605877268798616, 23.94678492239468, 88, 600]",1.1267589332152277,25.055555555555554,0.6,85.8999999999991
eval_at,"[0.07605877268798616, 24.02660753880266, 88, 602]",1.1316182915970543,25.055555555555554,0.6,85.99999999999909
eval_at,"[0.07605877268798616, 23.62749445676275, 88, 592]",1.1357086823522764,25.055555555555554,0.6,86.09999999999908
eval_at,"[0.07433016421780467, 23.54767184035477, 86, 590]",1.140019709807357,25.055555555555554,0.6,86.19999999999908
eval_at,"[0.07346585998271392, 23.388026607538805, 85, 586]",1.143877712890419,25.055555555555554,0.6,86.29999999999907
eval_at,"[0.07260155574762317, 23.18847006651885, 84, 581]",1.1498791979612717,25.055555555555554,0.6,86.39999999999907
eval_at,"[0.07173725151253241, 23.18847006651885, 83, 581]",1.15406512372888,25.055555555555554,0.6,86.49999999999906
eval_at,"[0.07087294727744166, 23.028824833702885, 82, 577]",1.1590947548364754,25.055555555555554,0.6,86.59999999999906
eval_at,"[0.07087294727744166, 22.90909090909091, 82, 574]",1.163643592240324,25.055555555555554,0.6,86.69999999999905
eval_at,"[0.07087294727744166, 22.669623059866964, 82, 568]",1.1696537331352714,25.055555555555554,0.6,86.79999999999905
eval_at,"[0.07087294727744166, 22.629711751662974, 82, 567]",1.1754646564988895,25.055555555555554,0.6,86.89999999999904
eval_at,"[0.07087294727744166, 22.47006651884701, 82, 563]",1.1805553912737852,25.055555555555554,0.6,86.99999999999903
eval_at,"[0.07087294727744166, 22.19068736141907, 82, 556]",1.1853306953437144,25.055555555555554,0.6,87.09999999999903
eval_at,"[0.07087294727744166, 22.350332594235034, 82, 560]",1.190409131465694,25.055555555555554,0.6,87.19999999999902
eval_at,"[0.07000864304235091, 22.031042128603104, 81, 552]",1.1962963587255435,25.055555555555554,0.6,87.29999999999902
eval_at,"[0.07000864304235091, 21.911308203991133, 81, 549]",1.202492915296839,25.055555555555554,0.6,87.39999999999901
eval_at,"[0.0682800345721694, 21.631929046563194, 79, 542]",1.2088114421149445,25.055555555555554,0.6,87.499999999999
eval_at,"[0.06741573033707865, 21.631929046563194, 78, 542]",1.21306412433697,25.055555555555554,0.6,87.599999999999
eval_at,"[0.06741573033707865, 21.552106430155213, 78, 540]",1.2186293762988887,25.055555555555554,0.6,87.699999999999
eval_at,"[0.06741573033707865, 21.272727272727273, 78, 533]",1.223702878179277,25.055555555555554,0.6,87.79999999999899
eval_at,"[0.0682800345721694, 21.312638580931267, 79, 534]",1.229344253113757,25.055555555555554,0.6,87.89999999999898
eval_at,"[0.0682800345721694, 21.152993348115302, 79, 530]",1.235867945617651,25.055555555555554,0.6,87.99999999999898
eval_at,"[0.06741573033707865, 21.033259423503328, 78, 527]",1.2411205315185754,25.055555555555554,0.6,88.09999999999897
eval_at,"[0.06309420916162489, 20.913525498891353, 73, 524]",1.2485176719730067,25.055555555555554,0.6,88.19999999999897
eval_at,"[0.06136560069144339, 20.594235033259427, 71, 516]",1.253219227176856,25.055555555555554,0.6,88.29999999999896
eval_at,"[0.06136560069144339, 20.43458980044346, 71, 512]",1.2598278255947757,25.055555555555554,0.6,88.39999999999895
eval_at,"[0.06050129645635264, 20.474501108647452, 70, 513]",1.2653828104234117,25.055555555555554,0.6,88.49999999999895
eval_at,"[0.06050129645635264, 20.314855875831487, 70, 509]",1.2707268035016368,25.055555555555554,0.6,88.59999999999894
eval_at,"[0.06050129645635264, 20.274944567627497, 70, 508]",1.27680744450887,25.055555555555554,0.6,88.69999999999894
eval_at,"[0.059636992221261884, 20.195121951219512, 69, 506]",1.2833186622516333,25.055555555555554,0.6,88.79999999999893
eval_at,"[0.058772687986171135, 20.235033259423506, 68, 507]",1.2892315080205035,25.055555555555554,0.6,88.89999999999893
eval_at,"[0.05790838375108038, 20.235033259423506, 67, 507]",1.2952323559134984,25.055555555555554,0.6,88.99999999999892
eval_at,"[0.05790838375108038, 20.11529933481153, 67, 504]",1.301520532054955,25.055555555555554,0.6,89.09999999999891
eval_at,"[0.05704407951598963, 19.71618625277162, 66, 494]",1.3084982420705584,25.055555555555554,0.6,89.19999999999891
eval_at,"[0.056179775280898875, 19.67627494456763, 65, 493]",1.314718936177473,25.055555555555554,0.6,89.2999999999989
eval_at,"[0.056179775280898875, 19.43680709534368, 65, 487]",1.321828175677634,25.055555555555554,0.6,89.3999999999989
eval_at,"[0.05445116681071737, 19.516629711751666, 63, 489]",1.3306286593346053,25.055555555555554,0.6,89.49999999999889
eval_at,"[0.052722558340535866, 19.39689578713969, 61, 486]",1.3363432552380652,25.055555555555554,0.6,89.59999999999889
eval_at,"[0.05358686257562662, 19.117516629711755, 62, 479]",1.341653559942948,25.055555555555554,0.6,89.69999999999888
eval_at,"[0.05358686257562662, 18.99778270509978, 62, 476]",1.3479308993104748,25.055555555555554,0.6,89.79999999999887
eval_at,"[0.052722558340535866, 18.71840354767184, 61, 469]",1.3531507306286747,25.055555555555554,0.6,89.89999999999887
eval_at,"[0.05358686257562662, 18.63858093126386, 62, 467]",1.359886864930185,25.055555555555554,0.6,89.99999999999886
eval_at,"[0.05358686257562662, 18.35920177383592, 62, 460]",1.367047255433267,25.055555555555554,0.6,90.09999999999886
eval_at,"[0.052722558340535866, 18.23946784922395, 61, 457]",1.3729815315568372,25.055555555555554,0.6,90.19999999999885
eval_at,"[0.052722558340535866, 18.159645232815965, 61, 455]",1.379069614910559,25.055555555555554,0.6,90.29999999999885
eval_at,"[0.052722558340535866, 18.079822616407984, 61, 453]",1.3849610027968942,25.055555555555554,0.6,90.39999999999884
eval_at,"[0.05185825410544512, 17.800443458980045, 60, 446]",1.3916896543245336,25.055555555555554,0.6,90.49999999999883
eval_at,"[0.05185825410544512, 17.760532150776054, 60, 445]",1.397741790449665,25.055555555555554,0.6,90.59999999999883
eval_at,"[0.05012964563526361, 17.760532150776054, 58, 445]",1.4031305913028418,25.055555555555554,0.6,90.69999999999882
eval_at,"[0.05012964563526361, 17.88026607538803, 58, 448]",1.4121048025345608,25.055555555555554,0.6,90.79999999999882
eval_at,"[0.05012964563526361, 17.64079822616408, 58, 442]",1.4197966916883376,25.055555555555554,0.6,90.89999999999881
eval_at,"[0.049265341400172864, 17.60088691796009, 57, 441]",1.4254347999523544,25.055555555555554,0.6,90.9999999999988
eval_at,"[0.049265341400172864, 17.441241685144124, 57, 437]",1.430624240107285,25.055555555555554,0.6,91.0999999999988
eval_at,"[0.05012964563526361, 17.20177383592018, 58, 431]",1.4370414678741592,25.055555555555554,0.6,91.1999999999988
eval_at,"[0.05012964563526361, 17.20177383592018, 58, 431]",1.4436603527398255,25.055555555555554,0.6,91.29999999999879
eval_at,"[0.049265341400172864, 17.042128603104214, 57, 427]",1.4518604555304222,25.055555555555554,0.6,91.39999999999878
eval_at,"[0.049265341400172864, 16.88248337028825, 57, 423]",1.460258474270414,25.055555555555554,0.6,91.49999999999878
eval_at,"[0.04840103716508211, 16.682926829268293, 56, 418]",1.4667765877198855,25.055555555555554,0.6,91.59999999999877
eval_at,"[0.04753673292999136, 16.603104212860313, 55, 416]",1.4715589962970559,25.055555555555554,0.6,91.69999999999877
eval_at,"[0.04840103716508211, 16.243902439024392, 56, 407]",1.4788652916152674,25.055555555555554,0.6,91.79999999999876
eval_at,"[0.046672428694900604, 15.924611973392462, 54, 399]",1.4861027882106832,25.055555555555554,0.6,91.89999999999876
eval_at,"[0.046672428694900604, 15.964523281596454, 54, 400]",1.4926275511709681,25.055555555555554,0.6,91.99999999999875
eval_at,"[0.0449438202247191, 16.004434589800443, 52, 401]",1.4982482029852169,25.055555555555554,0.6,92.09999999999874
eval_at,"[0.045808124459809856, 15.964523281596454, 53, 400]",1.5051269813027228,25.055555555555554,0.6,92.19999999999874
eval_at,"[0.0449438202247191, 16.084257206208427, 52, 403]",1.511245506860714,25.055555555555554,0.6,92.29999999999873
eval_at,"[0.043215211754537596, 15.924611973392462, 50, 399]",1.5171907361981518,25.055555555555554,0.6,92.39999999999873
eval_at,"[0.043215211754537596, 15.964523281596454, 50, 400]",1.5243614453919159,25.055555555555554,0.6,92.49999999999872
eval_at,"[0.043215211754537596, 15.84478935698448, 50, 397]",1.5318761732562218,25.055555555555554,0.6,92.59999999999872
eval_at,"[0.043215211754537596, 15.565410199556542, 50, 390]",1.5400419434336878,25.055555555555554,0.6,92.69999999999871
eval_at,"[0.04407951598962835, 15.166297117516631, 51, 380]",1.5474203185422737,25.055555555555554,0.6,92.7999999999987
eval_at,"[0.04407951598962835, 15.126385809312639, 51, 379]",1.5539775756255345,25.055555555555554,0.6,92.8999999999987
eval_at,"[0.0449438202247191, 14.966740576496676, 52, 375]",1.5632232985885925,25.055555555555554,0.6,92.99999999999869
eval_at,"[0.0449438202247191, 14.807095343680711, 52, 371]",1.5719910642246175,25.055555555555554,0.6,93.09999999999869
eval_at,"[0.04407951598962835, 14.647450110864746, 51, 367]",1.5790616854185549,25.055555555555554,0.6,93.19999999999868
eval_at,"[0.04235090751944685, 14.607538802660756, 49, 366]",1.587652701599877,25.055555555555554,0.6,93.29999999999868
eval_at,"[0.04235090751944685, 14.44789356984479, 49, 362]",1.5953646040531422,25.055555555555554,0.6,93.39999999999867
eval_at,"[0.04062229904926534, 14.368070953436808, 47, 360]",1.604202331317863,25.055555555555554,0.6,93.49999999999866
eval_at,"[0.04148660328435609, 14.248337028824835, 48, 357]",1.6137489607091242,25.055555555555554,0.6,93.59999999999866
eval_at,"[0.04148660328435609, 14.328159645232818, 48, 359]",1.6236474449834888,25.055555555555554,0.6,93.69999999999865
eval_at,"[0.04062229904926534, 14.168514412416853, 47, 355]",1.631305731457945,25.055555555555554,0.6,93.79999999999865
eval_at,"[0.03975799481417459, 13.849223946784923, 46, 347]",1.6396261702640151,25.055555555555554,0.6,93.89999999999864
eval_at,"[0.03889369057908384, 13.609756097560977, 45, 341]",1.6449472915282515,25.055555555555554,0.6,93.99999999999864
eval_at,"[0.03802938634399308, 13.490022172949002, 44, 338]",1.6536645347074308,25.055555555555554,0.6,94.09999999999863
eval_at,"[0.037165082108902334, 13.37028824833703, 43, 335]",1.660818523776699,25.055555555555554,0.6,94.19999999999862
eval_at,"[0.03543647363872083, 13.050997782705101, 41, 327]",1.6690464837358168,25.055555555555554,0.6,94.29999999999862
eval_at,"[0.036300777873811585, 12.891352549889136, 42, 323]",1.6777279419967492,25.055555555555554,0.6,94.39999999999861
eval_at,"[0.037165082108902334, 12.811529933481154, 43, 321]",1.6867562994757466,25.055555555555554,0.6,94.49999999999861
eval_at,"[0.037165082108902334, 12.492239467849226, 43, 313]",1.6969941131162745,25.055555555555554,0.6,94.5999999999986
eval_at,"[0.036300777873811585, 12.572062084257206, 42, 315]",1.7055715045660043,25.055555555555554,0.6,94.6999999999986
eval_at,"[0.03543647363872083, 12.412416851441243, 41, 311]",1.7146606838040848,25.055555555555554,0.6,94.79999999999859
eval_at,"[0.032843560933448576, 12.133037694013305, 38, 304]",1.7210956182315245,25.055555555555554,0.6,94.89999999999858
eval_at,"[0.032843560933448576, 12.01330376940133, 38, 301]",1.7303887887332883,25.055555555555554,0.6,94.99999999999858
eval_at,"[0.03197925669835782, 11.97339246119734, 37, 300]",1.7368015029596016,25.055555555555554,0.6,95.09999999999857
eval_at,"[0.03197925669835782, 11.933481152993348, 37, 299]",1.7448531238266125,25.055555555555554,0.6,95.19999999999857
eval_at,"[0.03025064822817632, 11.773835920177385, 35, 295]",1.7533565429500055,25.055555555555554,0.6,95.29999999999856
eval_at,"[0.03025064822817632, 11.454545454545455, 35, 287]",1.7628539377374728,25.055555555555554,0.6,95.39999999999856
eval_at,"[0.028522039757994815, 11.334811529933482, 33, 284]",1.770619740093586,25.055555555555554,0.6,95.49999999999855
eval_at,"[0.028522039757994815, 11.374722838137473, 33, 285]",1.780595391914771,25.055555555555554,0.6,95.59999999999854
eval_at,"[0.02592912705272256, 11.29490022172949, 30, 283]",1.790744207419857,25.055555555555554,0.6,95.69999999999854
eval_at,"[0.025064822817631807, 10.975609756097562, 29, 275]",1.8047681071868706,25.055555555555554,0.6,95.79999999999853
eval_at,"[0.024200518582541054, 10.696230598669624, 28, 268]",1.8148708623777239,25.055555555555554,0.6,95.89999999999853
eval_at,"[0.024200518582541054, 10.376940133037694, 28, 260]",1.8238949261202053,25.055555555555554,0.6,95.99999999999852
eval_at,"[0.023336214347450302, 10.257206208425721, 27, 257]",1.8326705390870952,25.055555555555554,0.6,96.09999999999852
eval_at,"[0.023336214347450302, 10.017738359201775, 27, 251]",1.8443981009248576,25.055555555555554,0.6,96.19999999999851
eval_at,"[0.02247191011235955, 9.85809312638581, 26, 247]",1.8562061730339643,25.055555555555554,0.6,96.2999999999985
eval_at,"[0.02247191011235955, 9.818181818181818, 26, 246]",1.8671417665681607,25.055555555555554,0.6,96.3999999999985
eval_at,"[0.02247191011235955, 9.658536585365855, 26, 242]",1.8776036052624088,25.055555555555554,0.6,96.4999999999985
eval_at,"[0.019878997407087293, 9.49889135254989, 23, 238]",1.8896382354513945,25.055555555555554,0.6,96.59999999999849
eval_at,"[0.019878997407087293, 9.13968957871397, 23, 229]",1.9004786357523653,25.055555555555554,0.6,96.69999999999848
eval_at,"[0.019878997407087293, 8.940133037694014, 23, 224]",1.9137334445024954,25.055555555555554,0.6,96.79999999999848
eval_at,"[0.019878997407087293, 8.82039911308204, 23, 221]",1.9271319565368275,25.055555555555554,0.6,96.89999999999847
eval_at,"[0.01728608470181504, 8.580931263858094, 20, 215]",1.9383924033978073,25.055555555555554,0.6,96.99999999999847
eval_at,"[0.015557476231633534, 8.42128603104213, 18, 211]",1.9507557823842203,25.055555555555554,0.6,97.09999999999846
eval_at,"[0.014693171996542784, 8.101995565410201, 17, 203]",1.9609996570673294,25.055555555555554,0.6,97.19999999999845
eval_at,"[0.013828867761452032, 7.902439024390245, 16, 198]",1.9725128787136759,25.055555555555554,0.6,97.29999999999845
eval_at,"[0.012100259291270527, 7.543237250554324, 14, 189]",1.9819975771470701,25.055555555555554,0.6,97.39999999999844
eval_at,"[0.012100259291270527, 7.463414634146342, 14, 187]",1.9940923617616324,25.055555555555554,0.6,97.49999999999844
eval_at,"[0.012100259291270527, 7.144124168514413, 14, 179]",2.0071226123858823,25.055555555555554,0.6,97.59999999999843
eval_at,"[0.012100259291270527, 6.7849223946784925, 14, 170]",2.021721608383203,25.055555555555554,0.6,97.69999999999843
eval_at,"[0.012100259291270527, 6.305986696230599, 14, 158]",2.0348611070474107,25.055555555555554,0.6,97.79999999999842
eval_at,"[0.011235955056179775, 6.026607538802661, 13, 151]",2.0497241918553093,25.055555555555554,0.6,97.89999999999841
eval_at,"[0.010371650821089023, 5.667405764966741, 12, 142]",2.0626165873489115,25.055555555555554,0.6,97.99999999999841
eval_at,"[0.010371650821089023, 5.547671840354767, 12, 139]",2.0783674001884087,25.055555555555554,0.6,98.0999999999984
eval_at,"[0.010371650821089023, 5.2682926829268295, 12, 132]",2.0963077562147614,25.055555555555554,0.6,98.1999999999984
eval_at,"[0.010371650821089023, 4.988913525498892, 12, 125]",2.117377516903765,25.055555555555554,0.6,98.29999999999839
eval_at,"[0.00864304235090752, 4.789356984478936, 10, 120]",2.1368092584127845,25.055555555555554,0.6,98.39999999999839
eval_at,"[0.00864304235090752, 4.5099778270509985, 10, 113]",2.1553088340284114,25.055555555555554,0.6,98.49999999999838
eval_at,"[0.006914433880726016, 4.150776053215078, 8, 104]",2.1749196289945223,25.055555555555554,0.6,98.59999999999837
eval_at,"[0.006050129645635264, 3.9512195121951224, 7, 99]",2.204076652585905,25.055555555555554,0.6,98.69999999999837
eval_at,"[0.006050129645635264, 3.6319290465631933, 7, 91]",2.2284544273233857,25.055555555555554,0.6,98.79999999999836
eval_at,"[0.006914433880726016, 3.2328159645232817, 8, 81]",2.2581706995007416,25.055555555555554,0.6,98.89999999999836
eval_at,"[0.00432152117545376, 2.953436807095344, 5, 74]",2.290224464099501,25.055555555555554,0.6,98.99999999999835
eval_at,"[0.003457216940363008, 2.8337028824833705, 4, 71]",2.3288618228967763,25.055555555555554,0.6,99.09999999999835
eval_at,"[0.003457216940363008, 2.7139689578713972, 4, 68]",2.3675984105377825,25.055555555555554,0.6,99.19999999999834
eval_at,"[0.003457216940363008, 2.5543237250554327, 4, 64]",2.410882969168588,25.055555555555554,0.6,99.29999999999833
eval_at,"[0.003457216940363008, 1.9955654101995568, 4, 50]",2.459033875298113,25.055555555555554,0.6,99.39999999999833
eval_at,"[0.0025929127052722557, 1.75609756097561, 3, 44]",2.5318672808000366,25.055555555555554,0.6,99.49999999999832
eval_at,"[0.0025929127052722557, 1.5166297117516632, 3, 38]",2.615142817531346,25.055555555555554,0.6,99.59999999999832
eval_at,"[0.001728608470181504, 1.2771618625277164, 2, 32]",2.736541663537821,25.055555555555554,0.6,99.69999999999831
eval_at,"[0.0, 0.8381374722838139, 0, 21]",2.8908527058332982,25.055555555555554,0.6,99.7999999999983
eval_at,"[0.0, 0.4390243902439025, 0, 11]",3.067874749448193,25.055555555555554,0.6,99.8999999999983
eval_at,"[0.20224719101123595, 43.50332594235034, 234, 1090]",0.5724616683566862,25.055555555555554,0.7,70.0
eval_at,"[0.20051858254105445, 43.50332594235034, 232, 1090]",0.575843975332106,25.055555555555554,0.7,70.1
eval_at,"[0.20051858254105445, 43.383592017738366, 232, 1087]",0.5786594661234812,25.055555555555554,0.7,70.19999999999999
eval_at,"[0.20051858254105445, 43.423503325942356, 232, 1088]",0.5821651580443097,25.055555555555554,0.7,70.29999999999998
eval_at,"[0.20138288677614521, 43.2239467849224, 233, 1083]",0.5858808212201991,25.055555555555554,0.7,70.39999999999998
eval_at,"[0.1996542783059637, 43.18403547671841, 231, 1082]",0.5892473347216453,25.055555555555554,0.7,70.49999999999997
eval_at,"[0.19878997407087295, 43.18403547671841, 230, 1082]",0.5923619001698306,25.055555555555554,0.7,70.59999999999997
eval_at,"[0.1979256698357822, 43.144124168514416, 229, 1081]",0.5960284273501698,25.055555555555554,0.7,70.69999999999996
eval_at,"[0.1961970613656007, 43.064301552106436, 227, 1079]",0.5990635549093141,25.055555555555554,0.7,70.79999999999995
eval_at,"[0.19533275713050993, 42.94456762749446, 226, 1076]",0.6025067821315624,25.055555555555554,0.7,70.89999999999995
eval_at,"[0.1944684528954192, 42.824833702882486, 225, 1073]",0.6058257828516385,25.055555555555554,0.7,70.99999999999994
eval_at,"[0.19360414866032843, 42.665188470066525, 224, 1069]",0.6085050014484547,25.055555555555554,0.7,71.09999999999994
eval_at,"[0.19273984442523767, 42.54545454545455, 223, 1066]",0.6123846736806215,25.055555555555554,0.7,71.19999999999993
eval_at,"[0.19273984442523767, 42.385809312638585, 223, 1062]",0.6151147374244013,25.055555555555554,0.7,71.29999999999993
eval_at,"[0.19273984442523767, 42.22616407982262, 223, 1058]",0.6191145312958702,25.055555555555554,0.7,71.39999999999992
eval_at,"[0.19101123595505617, 42.305986696230605, 221, 1060]",0.6227265063625342,25.055555555555554,0.7,71.49999999999991
eval_at,"[0.18841832324978391, 42.186252771618626, 218, 1057]",0.6265186262344168,25.055555555555554,0.7,71.59999999999991
eval_at,"[0.18755401901469318, 41.906873614190694, 217, 1050]",0.6298725066700108,25.055555555555554,0.7,71.6999999999999
eval_at,"[0.18841832324978391, 41.866962305986696, 218, 1049]",0.6340145913226702,25.055555555555554,0.7,71.7999999999999
eval_at,"[0.18755401901469318, 41.507760532150776, 217, 1040]",0.6368581709331275,25.055555555555554,0.7,71.89999999999989
eval_at,"[0.18841832324978391, 41.547671840354774, 218, 1041]",0.6401864321259603,25.055555555555554,0.7,71.99999999999989
eval_at,"[0.18668971477960242, 41.467849223946786, 216, 1039]",0.6423922757003722,25.055555555555554,0.7,72.09999999999988
eval_at,"[0.18668971477960242, 41.427937915742795, 216, 1038]",0.6453979884595855,25.055555555555554,0.7,72.19999999999987
eval_at,"[0.18496110630942092, 41.348115299334815, 214, 1036]",0.6491398418414005,25.055555555555554,0.7,72.29999999999987
eval_at,"[0.18409680207433016, 41.18847006651885, 213, 1032]",0.6523541656008995,25.055555555555554,0.7,72.39999999999986
eval_at,"[0.18409680207433016, 40.988913525498894, 213, 1027]",0.6560213637767031,25.055555555555554,0.7,72.49999999999986
eval_at,"[0.18409680207433016, 40.909090909090914, 213, 1025]",0.6592221178379463,25.055555555555554,0.7,72.59999999999985
eval_at,"[0.18496110630942092, 40.54988913525499, 214, 1016]",0.6621929365528958,25.055555555555554,0.7,72.69999999999985
eval_at,"[0.18496110630942092, 40.390243902439025, 214, 1012]",0.6652480511391637,25.055555555555554,0.7,72.79999999999984
eval_at,"[0.18496110630942092, 40.390243902439025, 214, 1012]",0.6683087123832934,25.055555555555554,0.7,72.89999999999984
eval_at,"[0.18409680207433016, 40.19068736141907, 213, 1007]",0.6715254445544505,25.055555555555554,0.7,72.99999999999983
eval_at,"[0.18323249783923942, 40.11086474501109, 212, 1005]",0.6752808207355006,25.055555555555554,0.7,73.09999999999982
eval_at,"[0.1815038893690579, 39.951219512195124, 210, 1001]",0.6781214779219508,25.055555555555554,0.7,73.19999999999982
eval_at,"[0.17891097666378566, 39.87139689578714, 207, 999]",0.6813029191992096,25.055555555555554,0.7,73.29999999999981
eval_at,"[0.17718236819360414, 39.75166297117517, 205, 996]",0.6847276779043621,25.055555555555554,0.7,73.3999999999998
eval_at,"[0.17718236819360414, 39.631929046563194, 205, 993]",0.6878352042490844,25.055555555555554,0.7,73.4999999999998
eval_at,"[0.17458945548833188, 39.5920177383592, 202, 992]",0.6913802398902039,25.055555555555554,0.7,73.5999999999998
eval_at,"[0.17458945548833188, 39.43237250554324, 202, 988]",0.6948265135760945,25.055555555555554,0.7,73.69999999999979
eval_at,"[0.17286084701815038, 39.27272727272727, 200, 984]",0.6974821524092208,25.055555555555554,0.7,73.79999999999978
eval_at,"[0.17458945548833188, 39.11308203991131, 202, 980]",0.7015007165923397,25.055555555555554,0.7,73.89999999999978
eval_at,"[0.17458945548833188, 39.07317073170732, 202, 979]",0.7046285504266027,25.055555555555554,0.7,73.99999999999977
eval_at,"[0.17458945548833188, 38.99334811529934, 202, 977]",0.7085819792263541,25.055555555555554,0.7,74.09999999999977
eval_at,"[0.17458945548833188, 38.91352549889135, 202, 975]",0.7125885212513614,25.055555555555554,0.7,74.19999999999976
eval_at,"[0.17458945548833188, 38.83370288248337, 202, 973]",0.7157252176856533,25.055555555555554,0.7,74.29999999999976
eval_at,"[0.17458945548833188, 38.7139689578714, 202, 970]",0.7196576942789039,25.055555555555554,0.7,74.39999999999975
eval_at,"[0.17286084701815038, 38.7139689578714, 200, 970]",0.7230047064274703,25.055555555555554,0.7,74.49999999999974
eval_at,"[0.17026793431287812, 38.63414634146342, 197, 968]",0.7263007513990015,25.055555555555554,0.7,74.59999999999974
eval_at,"[0.17113223854796888, 38.55432372505543, 198, 966]",0.7306512579277913,25.055555555555554,0.7,74.69999999999973
eval_at,"[0.17026793431287812, 38.35476718403548, 197, 961]",0.7341829654795525,25.055555555555554,0.7,74.79999999999973
eval_at,"[0.17026793431287812, 38.19512195121951, 197, 957]",0.7379388763175397,25.055555555555554,0.7,74.89999999999972
eval_at,"[0.17026793431287812, 38.15521064301552, 197, 956]",0.7426233879239255,25.055555555555554,0.7,74.99999999999972
eval_at,"[0.16853932584269662, 38.07538802660754, 195, 954]",0.745218978559094,25.055555555555554,0.7,75.09999999999971
eval_at,"[0.1676750216076059, 38.23503325942351, 194, 958]",0.748621645683467,25.055555555555554,0.7,75.1999999999997
eval_at,"[0.1676750216076059, 38.15521064301552, 194, 956]",0.7523670415727477,25.055555555555554,0.7,75.2999999999997
eval_at,"[0.1676750216076059, 38.03547671840355, 194, 953]",0.7560814423037558,25.055555555555554,0.7,75.3999999999997
eval_at,"[0.1676750216076059, 37.99556541019956, 194, 952]",0.7591415596788557,25.055555555555554,0.7,75.49999999999969
eval_at,"[0.16594641313742436, 37.91574279379158, 192, 950]",0.7628196014367956,25.055555555555554,0.7,75.59999999999968
eval_at,"[0.16681071737251513, 37.75609756097561, 193, 946]",0.7656940344911306,25.055555555555554,0.7,75.69999999999968
eval_at,"[0.16594641313742436, 37.63636363636364, 192, 943]",0.768648846117467,25.055555555555554,0.7,75.79999999999967
eval_at,"[0.1633535004321521, 37.15742793791575, 189, 931]",0.7722798600995717,25.055555555555554,0.7,75.89999999999966
eval_at,"[0.16248919619706137, 37.07760532150776, 188, 929]",0.7755563973332564,25.055555555555554,0.7,75.99999999999966
eval_at,"[0.16248919619706137, 37.03769401330377, 188, 928]",0.77859704820458,25.055555555555554,0.7,76.09999999999965
eval_at,"[0.1616248919619706, 36.83813747228382, 187, 923]",0.7826398223253295,25.055555555555554,0.7,76.19999999999965
eval_at,"[0.1616248919619706, 36.75831485587583, 187, 921]",0.7869064404593739,25.055555555555554,0.7,76.29999999999964
eval_at,"[0.1598962834917891, 36.63858093126386, 185, 918]",0.7910851487429199,25.055555555555554,0.7,76.39999999999964
eval_at,"[0.15903197925669835, 36.55875831485588, 184, 916]",0.7946742709184764,25.055555555555554,0.7,76.49999999999963
eval_at,"[0.15730337078651685, 36.4789356984479, 182, 914]",0.7987665056237242,25.055555555555554,0.7,76.59999999999962
eval_at,"[0.15557476231633535, 36.31929046563193, 180, 910]",0.8026507090833713,25.055555555555554,0.7,76.69999999999962
eval_at,"[0.15557476231633535, 36.19955654101996, 180, 907]",0.805726520036852,25.055555555555554,0.7,76.79999999999961
eval_at,"[0.15384615384615385, 36.11973392461198, 178, 905]",0.8105917941011351,25.055555555555554,0.7,76.89999999999961
eval_at,"[0.15038893690579083, 36.07982261640799, 174, 904]",0.8146675377363414,25.055555555555554,0.7,76.9999999999996
eval_at,"[0.14866032843560933, 36.07982261640799, 172, 904]",0.8179301088504171,25.055555555555554,0.7,77.0999999999996
eval_at,"[0.14779602420051857, 36.07982261640799, 171, 904]",0.8217516126071822,25.055555555555554,0.7,77.19999999999959
eval_at,"[0.14693171996542784, 36.15964523281597, 170, 906]",0.8255386239895607,25.055555555555554,0.7,77.29999999999959
eval_at,"[0.14606741573033707, 36.19955654101996, 169, 907]",0.8296994556809175,25.055555555555554,0.7,77.39999999999958
eval_at,"[0.14606741573033707, 36.15964523281597, 169, 906]",0.8334996003389074,25.055555555555554,0.7,77.49999999999957
eval_at,"[0.14606741573033707, 35.96008869179601, 169, 901]",0.837828039993323,25.055555555555554,0.7,77.59999999999957
eval_at,"[0.14433880726015558, 35.72062084257207, 167, 895]",0.8412065465673223,25.055555555555554,0.7,77.69999999999956
eval_at,"[0.14520311149524634, 35.5609756097561, 168, 891]",0.845758687680201,25.055555555555554,0.7,77.79999999999956
eval_at,"[0.14433880726015558, 35.28159645232816, 167, 884]",0.8504797913293003,25.055555555555554,0.7,77.89999999999955
eval_at,"[0.14433880726015558, 35.44124168514413, 167, 888]",0.8543280878746279,25.055555555555554,0.7,77.99999999999955
eval_at,"[0.14433880726015558, 35.20177383592018, 167, 882]",0.85967751409032,25.055555555555554,0.7,78.09999999999954
eval_at,"[0.14261019878997408, 35.04212860310422, 165, 878]",0.8637024252955006,25.055555555555554,0.7,78.19999999999953
eval_at,"[0.14001728608470182, 35.08203991130821, 162, 879]",0.8665411957502843,25.055555555555554,0.7,78.29999999999953
eval_at,"[0.13915298184961106, 34.84257206208426, 161, 873]",0.8711140880892173,25.055555555555554,0.7,78.39999999999952
eval_at,"[0.13915298184961106, 34.72283813747229, 161, 870]",0.8755850284002146,25.055555555555554,0.7,78.49999999999952
eval_at,"[0.13828867761452032, 34.56319290465632, 160, 866]",0.8793054515116638,25.055555555555554,0.7,78.59999999999951
eval_at,"[0.1365600691443388, 34.36363636363637, 158, 861]",0.8830457954756915,25.055555555555554,0.7,78.6999999999995
eval_at,"[0.13569576490924806, 34.243902439024396, 157, 858]",0.8877416522210898,25.055555555555554,0.7,78.7999999999995
eval_at,"[0.1348314606741573, 34.2039911308204, 156, 857]",0.8913027910130177,25.055555555555554,0.7,78.8999999999995
eval_at,"[0.13396715643906656, 34.16407982261641, 155, 856]",0.8965488096386334,25.055555555555554,0.7,78.99999999999949
eval_at,"[0.13396715643906656, 34.04434589800444, 155, 853]",0.9010168117100039,25.055555555555554,0.7,79.09999999999948
eval_at,"[0.13396715643906656, 33.964523281596456, 155, 851]",0.9049017620503875,25.055555555555554,0.7,79.19999999999948
eval_at,"[0.13223854796888504, 33.884700665188475, 153, 849]",0.9101400286357704,25.055555555555554,0.7,79.29999999999947
eval_at,"[0.1331028522039758, 33.7649667405765, 154, 846]",0.9146916938385689,25.055555555555554,0.7,79.39999999999947
eval_at,"[0.1331028522039758, 33.72505543237251, 154, 845]",0.9180899226147511,25.055555555555554,0.7,79.49999999999946
eval_at,"[0.1331028522039758, 33.645232815964526, 154, 843]",0.9220878490908105,25.055555555555554,0.7,79.59999999999945
eval_at,"[0.1331028522039758, 33.44567627494457, 154, 838]",0.9261256673060745,25.055555555555554,0.7,79.69999999999945
eval_at,"[0.12964563526361278, 33.325942350332596, 150, 835]",0.9302719967880048,25.055555555555554,0.7,79.79999999999944
eval_at,"[0.13050993949870354, 33.006651884700666, 151, 827]",0.9338870435930636,25.055555555555554,0.7,79.89999999999944
eval_at,"[0.1313742437337943, 32.847006651884705, 152, 823]",0.9383322271734535,25.055555555555554,0.7,79.99999999999943
eval_at,"[0.13223854796888504, 32.886917960088695, 153, 824]",0.9421822567882597,25.055555555555554,0.7,80.09999999999943
eval_at,"[0.13050993949870354, 32.847006651884705, 151, 823]",0.9460234062473596,25.055555555555554,0.7,80.19999999999942
eval_at,"[0.13223854796888504, 32.807095343680714, 153, 822]",0.9502476259845053,25.055555555555554,0.7,80.29999999999941
eval_at,"[0.1331028522039758, 32.567627494456765, 154, 816]",0.9548087943065529,25.055555555555554,0.7,80.39999999999941
eval_at,"[0.1331028522039758, 32.407982261640804, 154, 812]",0.9586801338226868,25.055555555555554,0.7,80.4999999999994
eval_at,"[0.13396715643906656, 32.368070953436806, 155, 811]",0.9629013905592801,25.055555555555554,0.7,80.5999999999994
eval_at,"[0.1331028522039758, 32.04878048780488, 154, 803]",0.9673504482946452,25.055555555555554,0.7,80.69999999999939
eval_at,"[0.12964563526361278, 32.04878048780488, 150, 803]",0.9708107426539148,25.055555555555554,0.7,80.79999999999939
eval_at,"[0.12791702679343128, 31.889135254988915, 148, 799]",0.975492357067396,25.055555555555554,0.7,80.89999999999938
eval_at,"[0.12791702679343128, 31.769401330376944, 148, 796]",0.9784479894285609,25.055555555555554,0.7,80.99999999999937
eval_at,"[0.12532411408815902, 31.60975609756098, 145, 792]",0.9814731820704905,25.055555555555554,0.7,81.09999999999937
eval_at,"[0.12445980985306827, 31.29046563192905, 144, 784]",0.9872116779651192,25.055555555555554,0.7,81.19999999999936
eval_at,"[0.12013828867761452, 31.410199556541023, 139, 787]",0.9911077863642056,25.055555555555554,0.7,81.29999999999936
eval_at,"[0.11840968020743302, 31.37028824833703, 137, 786]",0.9953155098204196,25.055555555555554,0.7,81.39999999999935
eval_at,"[0.11495246326707001, 31.050997782705103, 133, 778]",0.9987733176693366,25.055555555555554,0.7,81.49999999999935
eval_at,"[0.11408815903197926, 30.93126385809313, 132, 775]",1.0037168178108586,25.055555555555554,0.7,81.59999999999934
eval_at,"[0.11235955056179775, 30.651884700665192, 130, 768]",1.0075774587118371,25.055555555555554,0.7,81.69999999999933
eval_at,"[0.11235955056179775, 30.572062084257208, 130, 766]",1.0110499849052472,25.055555555555554,0.7,81.79999999999933
eval_at,"[0.1097666378565255, 30.372505543237253, 127, 761]",1.0145211215839658,25.055555555555554,0.7,81.89999999999932
eval_at,"[0.111495246326707, 30.172949002217297, 129, 756]",1.018765205229622,25.055555555555554,0.7,81.99999999999932
eval_at,"[0.11235955056179775, 30.013303769401332, 130, 752]",1.0223838974903081,25.055555555555554,0.7,82.09999999999931
eval_at,"[0.111495246326707, 30.013303769401332, 129, 752]",1.0271564977151495,25.055555555555554,0.7,82.1999999999993
eval_at,"[0.11063094209161625, 29.93348115299335, 128, 750]",1.031351733118209,25.055555555555554,0.7,82.2999999999993
eval_at,"[0.11063094209161625, 29.93348115299335, 128, 750]",1.0358428836696008,25.055555555555554,0.7,82.3999999999993
eval_at,"[0.1097666378565255, 29.773835920177387, 127, 746]",1.038970598665627,25.055555555555554,0.7,82.49999999999929
eval_at,"[0.1097666378565255, 29.534368070953438, 127, 740]",1.043176429641013,25.055555555555554,0.7,82.59999999999928
eval_at,"[0.10890233362143474, 29.2549889135255, 126, 733]",1.046864680217556,25.055555555555554,0.7,82.69999999999928
eval_at,"[0.10803802938634399, 29.334811529933482, 125, 735]",1.0510713143017436,25.055555555555554,0.7,82.79999999999927
eval_at,"[0.1063094209161625, 29.374722838137476, 123, 736]",1.0556119322101447,25.055555555555554,0.7,82.89999999999927
eval_at,"[0.10544511668107173, 29.294900221729492, 122, 734]",1.059505411164363,25.055555555555554,0.7,82.99999999999926
eval_at,"[0.10544511668107173, 29.334811529933482, 122, 735]",1.0640264943373001,25.055555555555554,0.7,83.09999999999926
eval_at,"[0.10544511668107173, 29.334811529933482, 122, 735]",1.0677915535405396,25.055555555555554,0.7,83.19999999999925
eval_at,"[0.10198789974070872, 29.294900221729492, 118, 734]",1.071753040765017,25.055555555555554,0.7,83.29999999999924
eval_at,"[0.10198789974070872, 29.2549889135255, 118, 733]",1.076183290389313,25.055555555555554,0.7,83.39999999999924
eval_at,"[0.10198789974070872, 29.135254988913527, 118, 730]",1.0810855200500886,25.055555555555554,0.7,83.49999999999923
eval_at,"[0.10285220397579949, 28.89578713968958, 119, 724]",1.0844454267984462,25.055555555555554,0.7,83.59999999999923
eval_at,"[0.10285220397579949, 28.776053215077606, 119, 721]",1.0894017179959619,25.055555555555554,0.7,83.69999999999922
eval_at,"[0.10025929127052723, 28.776053215077606, 116, 721]",1.0946350799070306,25.055555555555554,0.7,83.79999999999922
eval_at,"[0.09939498703543648, 28.736141906873616, 115, 720]",1.0998149103416994,25.055555555555554,0.7,83.89999999999921
eval_at,"[0.09766637856525497, 28.49667405764967, 113, 714]",1.1052400845311858,25.055555555555554,0.7,83.9999999999992
eval_at,"[0.09593777009507347, 28.21729490022173, 111, 707]",1.1096662043441352,25.055555555555554,0.7,84.0999999999992
eval_at,"[0.09248055315471046, 28.17738359201774, 107, 706]",1.113655444870667,25.055555555555554,0.7,84.19999999999919
eval_at,"[0.09161624891961971, 27.977827050997785, 106, 701]",1.1187166152624326,25.055555555555554,0.7,84.29999999999919
eval_at,"[0.09161624891961971, 27.81818181818182, 106, 697]",1.1221362665598849,25.055555555555554,0.7,84.39999999999918
eval_at,"[0.09161624891961971, 27.658536585365855, 106, 693]",1.1266448088197845,25.055555555555554,0.7,84.49999999999918
eval_at,"[0.09075194468452895, 27.618625277161865, 105, 692]",1.1316129214094963,25.055555555555554,0.7,84.59999999999917
eval_at,"[0.0898876404494382, 27.41906873614191, 104, 687]",1.1372274048971225,25.055555555555554,0.7,84.69999999999916
eval_at,"[0.0898876404494382, 27.179600886917964, 104, 681]",1.1420809328423285,25.055555555555554,0.7,84.79999999999916
eval_at,"[0.0898876404494382, 27.05986696230599, 104, 678]",1.1463097800399982,25.055555555555554,0.7,84.89999999999915
eval_at,"[0.0898876404494382, 26.940133037694014, 104, 675]",1.1509627373389866,25.055555555555554,0.7,84.99999999999915
eval_at,"[0.0898876404494382, 26.820399113082043, 104, 672]",1.1554245282316664,25.055555555555554,0.7,85.09999999999914
eval_at,"[0.08902333621434745, 26.78048780487805, 103, 671]",1.1595656396636904,25.055555555555554,0.7,85.19999999999914
eval_at,"[0.08643042350907519, 26.66075388026608, 100, 668]",1.1640040834958376,25.055555555555554,0.7,85.29999999999913
eval_at,"[0.0847018150388937, 26.42128603104213, 98, 662]",1.1689810643079466,25.055555555555554,0.7,85.39999999999912
eval_at,"[0.08297320656871218, 26.34146341463415, 96, 660]",1.1738763050706875,25.055555555555554,0.7,85.49999999999912
eval_at,"[0.08210890233362143, 26.101995565410203, 95, 654]",1.1780751659987514,25.055555555555554,0.7,85.59999999999911
eval_at,"[0.08124459809853068, 26.141906873614193, 94, 655]",1.181916589961454,25.055555555555554,0.7,85.69999999999911
eval_at,"[0.08124459809853068, 26.101995565410203, 94, 654]",1.1874976426463972,25.055555555555554,0.7,85.7999999999991
eval_at,"[0.07951598962834917, 25.982261640798228, 92, 651]",1.1940305396333444,25.055555555555554,0.7,85.8999999999991
eval_at,"[0.07865168539325842, 25.742793791574282, 91, 645]",1.1990629462445679,25.055555555555554,0.7,85.99999999999909
eval_at,"[0.07778738115816768, 25.623059866962308, 90, 642]",1.204236237484239,25.055555555555554,0.7,86.09999999999908
eval_at,"[0.07865168539325842, 25.543237250554327, 91, 640]",1.2085859996835226,25.055555555555554,0.7,86.19999999999908
eval_at,"[0.07692307692307693, 25.263858093126387, 89, 633]",1.212952361408856,25.055555555555554,0.7,86.29999999999907
eval_at,"[0.07692307692307693, 25.223946784922397, 89, 632]",1.2184066538041536,25.055555555555554,0.7,86.39999999999907
eval_at,"[0.07605877268798616, 25.184035476718407, 88, 631]",1.2230079292394496,25.055555555555554,0.7,86.49999999999906
eval_at,"[0.07519446845289542, 25.184035476718407, 87, 631]",1.2281283903837725,25.055555555555554,0.7,86.59999999999906
eval_at,"[0.07519446845289542, 24.864745011086477, 87, 623]",1.2333269399923834,25.055555555555554,0.7,86.69999999999905
eval_at,"[0.07519446845289542, 24.66518847006652, 87, 618]",1.2381258967398885,25.055555555555554,0.7,86.79999999999905
eval_at,"[0.07519446845289542, 24.585365853658537, 87, 616]",1.2435730896662136,25.055555555555554,0.7,86.89999999999904
eval_at,"[0.07519446845289542, 24.505543237250556, 87, 614]",1.2489522727434923,25.055555555555554,0.7,86.99999999999903
eval_at,"[0.07519446845289542, 24.3059866962306, 87, 609]",1.255594980447263,25.055555555555554,0.7,87.09999999999903
eval_at,"[0.07519446845289542, 24.226164079822617, 87, 607]",1.2602392383926733,25.055555555555554,0.7,87.19999999999902
eval_at,"[0.07433016421780467, 24.226164079822617, 86, 607]",1.2653435409889484,25.055555555555554,0.7,87.29999999999902
eval_at,"[0.07433016421780467, 23.98669623059867, 86, 601]",1.2696056753510265,25.055555555555554,0.7,87.39999999999901
eval_at,"[0.07346585998271392, 23.94678492239468, 85, 600]",1.2750127544726342,25.055555555555554,0.7,87.499999999999
eval_at,"[0.07260155574762317, 23.94678492239468, 84, 600]",1.2814132650672403,25.055555555555554,0.7,87.599999999999
eval_at,"[0.07000864304235091, 23.827050997782706, 81, 597]",1.287126536458762,25.055555555555554,0.7,87.699999999999
eval_at,"[0.0682800345721694, 23.54767184035477, 79, 590]",1.2909632157990545,25.055555555555554,0.7,87.79999999999899
eval_at,"[0.0682800345721694, 23.388026607538805, 79, 586]",1.2964714005392464,25.055555555555554,0.7,87.89999999999898
eval_at,"[0.0682800345721694, 23.26829268292683, 79, 583]",1.3017688717209353,25.055555555555554,0.7,87.99999999999898
eval_at,"[0.0682800345721694, 23.108647450110865, 79, 579]",1.306977825052291,25.055555555555554,0.7,88.09999999999897
eval_at,"[0.06741573033707865, 23.028824833702885, 78, 577]",1.3128894474165556,25.055555555555554,0.7,88.19999999999897
eval_at,"[0.0665514261019879, 23.18847006651885, 77, 581]",1.3205044467794995,25.055555555555554,0.7,88.29999999999896
eval_at,"[0.0665514261019879, 23.108647450110865, 77, 579]",1.3246327327276464,25.055555555555554,0.7,88.39999999999895
eval_at,"[0.06568712186689715, 23.108647450110865, 76, 579]",1.3306830106238836,25.055555555555554,0.7,88.49999999999895
eval_at,"[0.06482281763180639, 22.988913525498894, 75, 576]",1.336171593115835,25.055555555555554,0.7,88.59999999999894
eval_at,"[0.06309420916162489, 22.90909090909091, 73, 574]",1.3422521516132233,25.055555555555554,0.7,88.69999999999894
eval_at,"[0.06309420916162489, 22.82926829268293, 73, 572]",1.3483171227492152,25.055555555555554,0.7,88.79999999999893
eval_at,"[0.06222990492653414, 22.58980044345898, 72, 566]",1.353639186131703,25.055555555555554,0.7,88.89999999999893
eval_at,"[0.06136560069144339, 22.58980044345898, 71, 566]",1.3591616439993923,25.055555555555554,0.7,88.99999999999892
eval_at,"[0.06136560069144339, 22.509977827051, 71, 564]",1.3658221453102655,25.055555555555554,0.7,89.09999999999891
eval_at,"[0.06136560069144339, 22.43015521064302, 71, 562]",1.3724824637348356,25.055555555555554,0.7,89.19999999999891
eval_at,"[0.06136560069144339, 22.43015521064302, 71, 562]",1.3785986975001618,25.055555555555554,0.7,89.2999999999989
eval_at,"[0.06050129645635264, 22.230598669623063, 70, 557]",1.3839960838792649,25.055555555555554,0.7,89.3999999999989
eval_at,"[0.058772687986171135, 22.11086474501109, 68, 554]",1.3891081139738746,25.055555555555554,0.7,89.49999999999889
eval_at,"[0.058772687986171135, 21.951219512195124, 68, 550]",1.3938990450938573,25.055555555555554,0.7,89.59999999999889
eval_at,"[0.05790838375108038, 21.75166297117517, 67, 545]",1.3988408410474158,25.055555555555554,0.7,89.69999999999888
eval_at,"[0.05704407951598963, 21.592017738359203, 66, 541]",1.4050935508440912,25.055555555555554,0.7,89.79999999999887
eval_at,"[0.05704407951598963, 21.352549889135258, 66, 535]",1.4104541257076753,25.055555555555554,0.7,89.89999999999887
eval_at,"[0.05704407951598963, 21.033259423503328, 66, 527]",1.4164511541762637,25.055555555555554,0.7,89.99999999999886
eval_at,"[0.05704407951598963, 20.793791574279382, 66, 521]",1.4230443439699172,25.055555555555554,0.7,90.09999999999886
eval_at,"[0.056179775280898875, 20.713968957871398, 65, 519]",1.4291175896836343,25.055555555555554,0.7,90.19999999999885
eval_at,"[0.056179775280898875, 20.753880266075388, 65, 520]",1.4340874944196647,25.055555555555554,0.7,90.29999999999885
eval_at,"[0.05358686257562662, 20.43458980044346, 62, 512]",1.439811965594059,25.055555555555554,0.7,90.39999999999884
eval_at,"[0.05358686257562662, 20.43458980044346, 62, 512]",1.4450535322029,25.055555555555554,0.7,90.49999999999883
eval_at,"[0.05358686257562662, 20.274944567627497, 62, 508]",1.4516502350782439,25.055555555555554,0.7,90.59999999999883
eval_at,"[0.05358686257562662, 20.314855875831487, 62, 509]",1.4580240532507305,25.055555555555554,0.7,90.69999999999882
eval_at,"[0.05358686257562662, 20.03547671840355, 62, 502]",1.4655426725672425,25.055555555555554,0.7,90.79999999999882
eval_at,"[0.052722558340535866, 19.75609756097561, 61, 495]",1.4723977946812843,25.055555555555554,0.7,90.89999999999881
eval_at,"[0.05099394987035436, 19.71618625277162, 59, 494]",1.4782774360349955,25.055555555555554,0.7,90.9999999999988
eval_at,"[0.05099394987035436, 19.75609756097561, 59, 495]",1.4840932339220512,25.055555555555554,0.7,91.0999999999988
eval_at,"[0.05012964563526361, 19.516629711751666, 58, 489]",1.4895683004694127,25.055555555555554,0.7,91.1999999999988
eval_at,"[0.05012964563526361, 19.277161862527716, 58, 483]",1.494677794659383,25.055555555555554,0.7,91.29999999999879
eval_at,"[0.05012964563526361, 18.95787139689579, 58, 475]",1.5018844601228618,25.055555555555554,0.7,91.39999999999878
eval_at,"[0.05099394987035436, 18.798226164079825, 59, 471]",1.5088951754352906,25.055555555555554,0.7,91.49999999999878
eval_at,"[0.05099394987035436, 18.558758314855876, 59, 465]",1.514304061132166,25.055555555555554,0.7,91.59999999999877
eval_at,"[0.05099394987035436, 18.23946784922395, 59, 457]",1.518866687931332,25.055555555555554,0.7,91.69999999999877
eval_at,"[0.05012964563526361, 18.079822616407984, 58, 453]",1.5233765152696024,25.055555555555554,0.7,91.79999999999876
eval_at,"[0.05012964563526361, 17.84035476718404, 58, 447]",1.5310470610078115,25.055555555555554,0.7,91.89999999999876
eval_at,"[0.049265341400172864, 17.60088691796009, 57, 441]",1.539156790303086,25.055555555555554,0.7,91.99999999999875
eval_at,"[0.04840103716508211, 17.52106430155211, 56, 439]",1.5455022283161575,25.055555555555554,0.7,92.09999999999874
eval_at,"[0.04753673292999136, 17.321507760532153, 55, 434]",1.5525093987793823,25.055555555555554,0.7,92.19999999999874
eval_at,"[0.04753673292999136, 17.24168514412417, 55, 432]",1.5604388001964509,25.055555555555554,0.7,92.29999999999873
eval_at,"[0.04840103716508211, 17.121951219512198, 56, 429]",1.5656570383101407,25.055555555555554,0.7,92.39999999999873
eval_at,"[0.04840103716508211, 17.082039911308204, 56, 428]",1.5737969407268413,25.055555555555554,0.7,92.49999999999872
eval_at,"[0.04840103716508211, 16.88248337028825, 56, 423]",1.5799092387173892,25.055555555555554,0.7,92.59999999999872
eval_at,"[0.04840103716508211, 16.52328159645233, 56, 414]",1.5878879181937418,25.055555555555554,0.7,92.69999999999871
eval_at,"[0.04840103716508211, 16.483370288248338, 56, 413]",1.5941647953116982,25.055555555555554,0.7,92.7999999999987
eval_at,"[0.04840103716508211, 16.203991130820402, 56, 406]",1.5991802246287088,25.055555555555554,0.7,92.8999999999987
eval_at,"[0.04753673292999136, 15.964523281596454, 55, 400]",1.607327181652092,25.055555555555554,0.7,92.99999999999869
eval_at,"[0.04840103716508211, 15.725055432372507, 56, 394]",1.6139514581642709,25.055555555555554,0.7,93.09999999999869
eval_at,"[0.04753673292999136, 15.685144124168515, 55, 393]",1.6223212228900925,25.055555555555554,0.7,93.19999999999868
eval_at,"[0.04753673292999136, 15.48558758314856, 55, 388]",1.6293817468410272,25.055555555555554,0.7,93.29999999999868
eval_at,"[0.046672428694900604, 15.246119733924614, 54, 382]",1.6366634241160873,25.055555555555554,0.7,93.39999999999867
eval_at,"[0.0449438202247191, 15.086474501108649, 52, 378]",1.6444954466082868,25.055555555555554,0.7,93.49999999999866
eval_at,"[0.0449438202247191, 14.966740576496676, 52, 375]",1.6529505577431698,25.055555555555554,0.7,93.59999999999866
eval_at,"[0.04407951598962835, 15.006651884700666, 51, 376]",1.6620996402336605,25.055555555555554,0.7,93.69999999999865
eval_at,"[0.04235090751944685, 14.847006651884701, 49, 372]",1.6697063103979262,25.055555555555554,0.7,93.79999999999865
eval_at,"[0.04148660328435609, 14.687361419068738, 48, 368]",1.6769161550327645,25.055555555555554,0.7,93.89999999999864
eval_at,"[0.04148660328435609, 14.487804878048781, 48, 363]",1.6861020818884274,25.055555555555554,0.7,93.99999999999864
eval_at,"[0.04148660328435609, 14.368070953436808, 48, 360]",1.6948028917021667,25.055555555555554,0.7,94.09999999999863
eval_at,"[0.03975799481417459, 14.08869179600887, 46, 353]",1.7017126656376558,25.055555555555554,0.7,94.19999999999862
eval_at,"[0.03975799481417459, 13.929046563192905, 46, 349]",1.711297722639067,25.055555555555554,0.7,94.29999999999862
eval_at,"[0.03975799481417459, 13.769401330376942, 46, 345]",1.719003196767862,25.055555555555554,0.7,94.39999999999861
eval_at,"[0.03802938634399308, 13.569844789356985, 44, 340]",1.7293134683837352,25.055555555555554,0.7,94.49999999999861
eval_at,"[0.037165082108902334, 13.450110864745012, 43, 337]",1.7364752961621506,25.055555555555554,0.7,94.5999999999986
eval_at,"[0.036300777873811585, 13.01108647450111, 42, 326]",1.746497047273674,25.055555555555554,0.7,94.6999999999986
eval_at,"[0.03543647363872083, 12.931263858093127, 41, 324]",1.7538394535826591,25.055555555555554,0.7,94.79999999999859
eval_at,"[0.03543647363872083, 12.572062084257206, 41, 315]",1.7651196362573494,25.055555555555554,0.7,94.89999999999858
eval_at,"[0.033707865168539325, 12.372505543237251, 39, 310]",1.7716507678939613,25.055555555555554,0.7,94.99999999999858
eval_at,"[0.033707865168539325, 12.33259423503326, 39, 309]",1.7800187779678056,25.055555555555554,0.7,95.09999999999857
eval_at,"[0.032843560933448576, 12.093126385809313, 38, 303]",1.788053678770437,25.055555555555554,0.7,95.19999999999857
eval_at,"[0.032843560933448576, 11.853658536585368, 38, 297]",1.7979308689789286,25.055555555555554,0.7,95.29999999999856
eval_at,"[0.03197925669835782, 11.694013303769403, 37, 293]",1.809548864359612,25.055555555555554,0.7,95.39999999999856
eval_at,"[0.03025064822817632, 11.454545454545455, 35, 287]",1.820822670811472,25.055555555555554,0.7,95.49999999999855
eval_at,"[0.029386343993085567, 11.2549889135255, 34, 282]",1.8314094189077619,25.055555555555554,0.7,95.59999999999854
eval_at,"[0.02679343128781331, 11.015521064301552, 31, 276]",1.8425930449837766,25.055555555555554,0.7,95.69999999999854
eval_at,"[0.02679343128781331, 10.89578713968958, 31, 273]",1.8522988289840168,25.055555555555554,0.7,95.79999999999853
eval_at,"[0.027657735522904063, 10.656319290465634, 32, 267]",1.8620747145744214,25.055555555555554,0.7,95.89999999999853
eval_at,"[0.027657735522904063, 10.456762749445677, 32, 262]",1.8763682490552624,25.055555555555554,0.7,95.99999999999852
eval_at,"[0.027657735522904063, 10.337028824833704, 32, 259]",1.8859806258753322,25.055555555555554,0.7,96.09999999999852
eval_at,"[0.02679343128781331, 10.21729490022173, 31, 256]",1.898784719348036,25.055555555555554,0.7,96.19999999999851
eval_at,"[0.028522039757994815, 10.137472283813748, 33, 254]",1.9062492676591083,25.055555555555554,0.7,96.2999999999985
eval_at,"[0.02679343128781331, 9.937915742793793, 31, 249]",1.9193714588327844,25.055555555555554,0.7,96.3999999999985
eval_at,"[0.02679343128781331, 9.578713968957873, 31, 240]",1.9300802578452707,25.055555555555554,0.7,96.4999999999985
eval_at,"[0.025064822817631807, 9.259423503325943, 29, 232]",1.9426720627496576,25.055555555555554,0.7,96.59999999999849
eval_at,"[0.025064822817631807, 9.17960088691796, 29, 230]",1.9557427479263745,25.055555555555554,0.7,96.69999999999848
eval_at,"[0.024200518582541054, 8.860310421286032, 28, 222]",1.9672416762863458,25.055555555555554,0.7,96.79999999999848
eval_at,"[0.024200518582541054, 8.461197339246121, 28, 212]",1.9813828093489043,25.055555555555554,0.7,96.89999999999847
eval_at,"[0.023336214347450302, 8.42128603104213, 27, 211]",1.9903708978270436,25.055555555555554,0.7,96.99999999999847
eval_at,"[0.020743301642178046, 8.181818181818182, 24, 205]",2.0051650882006777,25.055555555555554,0.7,97.09999999999846
eval_at,"[0.019878997407087293, 8.062084257206209, 23, 202]",2.0191395758853217,25.055555555555554,0.7,97.19999999999845
eval_at,"[0.019878997407087293, 7.662971175166298, 23, 192]",2.0349760381296473,25.055555555555554,0.7,97.29999999999845
eval_at,"[0.01901469317199654, 7.463414634146342, 22, 187]",2.0525376764329453,25.055555555555554,0.7,97.39999999999844
eval_at,"[0.016421780466724288, 7.303769401330378, 19, 183]",2.0675274143272158,25.055555555555554,0.7,97.49999999999844
eval_at,"[0.016421780466724288, 6.944567627494457, 19, 174]",2.0826604973699445,25.055555555555554,0.7,97.59999999999843
eval_at,"[0.014693171996542784, 6.625277161862528, 17, 166]",2.098119145945487,25.055555555555554,0.7,97.69999999999843
eval_at,"[0.013828867761452032, 6.305986696230599, 16, 158]",2.116709561258109,25.055555555555554,0.7,97.79999999999842
eval_at,"[0.012100259291270527, 6.226164079822617, 14, 156]",2.135801334555427,25.055555555555554,0.7,97.89999999999841
eval_at,"[0.010371650821089023, 5.827050997782705, 12, 146]",2.1568552772109095,25.055555555555554,0.7,97.99999999999841
eval_at,"[0.010371650821089023, 5.507760532150776, 12, 138]",2.179663049712674,25.055555555555554,0.7,98.0999999999984
eval_at,"[0.00864304235090752, 5.188470066518847, 10, 130]",2.201371753398239,25.055555555555554,0.7,98.1999999999984
eval_at,"[0.006914433880726016, 4.829268292682928, 8, 121]",2.226857622399061,25.055555555555554,0.7,98.29999999999839
eval_at,"[0.006914433880726016, 4.58980044345898, 8, 115]",2.2557678715060274,25.055555555555554,0.7,98.39999999999839
eval_at,"[0.006050129645635264, 4.070953436807096, 7, 102]",2.2833318554808253,25.055555555555554,0.7,98.49999999999838
eval_at,"[0.006050129645635264, 3.9512195121951224, 7, 99]",2.309983177652911,25.055555555555554,0.7,98.59999999999837
eval_at,"[0.006050129645635264, 3.6319290465631933, 7, 91]",2.3404198311073285,25.055555555555554,0.7,98.69999999999837
eval_at,"[0.006050129645635264, 3.4323725055432375, 7, 86]",2.3711260570721815,25.055555555555554,0.7,98.79999999999836
eval_at,"[0.006914433880726016, 3.272727272727273, 8, 82]",2.4085917674354613,25.055555555555554,0.7,98.89999999999836
eval_at,"[0.006914433880726016, 2.8337028824833705, 8, 71]",2.4456667424293217,25.055555555555554,0.7,98.99999999999835
eval_at,"[0.005185825410544511, 2.5942350332594235, 6, 65]",2.5000111032898515,25.055555555555554,0.7,99.09999999999835
eval_at,"[0.003457216940363008, 2.354767184035477, 4, 59]",2.554095714918818,25.055555555555554,0.7,99.19999999999834
eval_at,"[0.0025929127052722557, 2.155210643015521, 3, 54]",2.620617406172201,25.055555555555554,0.7,99.29999999999833
eval_at,"[0.0025929127052722557, 1.8758314855875833, 3, 47]",2.6919427554523243,25.055555555555554,0.7,99.39999999999833
eval_at,"[0.0025929127052722557, 1.5964523281596454, 3, 40]",2.7721183801240934,25.055555555555554,0.7,99.49999999999832
eval_at,"[0.001728608470181504, 1.5565410199556542, 2, 39]",2.8917076085637636,25.055555555555554,0.7,99.59999999999832
eval_at,"[0.001728608470181504, 1.237250554323725, 2, 31]",3.023119971592605,25.055555555555554,0.7,99.69999999999831
eval_at,"[0.000864304235090752, 0.7982261640798227, 1, 20]",3.148657887749345,25.055555555555554,0.7,99.7999999999983
eval_at,"[0.0, 0.39911308203991136, 0, 10]",3.3678546704021404,25.055555555555554,0.7,99.8999999999983
eval_at,"[0.21089023336214346, 42.665188470066525, 244, 1069]",0.6292029392945402,25.055555555555554,0.8,70.0
eval_at,"[0.20916162489196197, 42.745011086474506, 242, 1071]",0.6327009377489239,25.055555555555554,0.8,70.1
eval_at,"[0.20829732065687123, 42.745011086474506, 241, 1071]",0.6364389628184964,25.055555555555554,0.8,70.19999999999999
eval_at,"[0.20829732065687123, 42.824833702882486, 241, 1073]",0.6394855380024602,25.055555555555554,0.8,70.29999999999998
eval_at,"[0.20829732065687123, 42.745011086474506, 241, 1071]",0.6423665659472602,25.055555555555554,0.8,70.39999999999998
eval_at,"[0.20829732065687123, 42.745011086474506, 241, 1071]",0.6461363875038728,25.055555555555554,0.8,70.49999999999997
eval_at,"[0.2065687121866897, 42.58536585365854, 239, 1067]",0.6499420457963268,25.055555555555554,0.8,70.59999999999997
eval_at,"[0.20743301642178047, 42.425720620842576, 240, 1063]",0.6534795247624277,25.055555555555554,0.8,70.69999999999996
eval_at,"[0.2065687121866897, 42.345898004434595, 239, 1061]",0.6566188403357813,25.055555555555554,0.8,70.79999999999995
eval_at,"[0.20743301642178047, 42.22616407982262, 240, 1058]",0.6601838936576648,25.055555555555554,0.8,70.89999999999995
eval_at,"[0.20743301642178047, 42.146341463414636, 240, 1056]",0.6649060960376626,25.055555555555554,0.8,70.99999999999994
eval_at,"[0.20743301642178047, 42.146341463414636, 240, 1056]",0.6681238812538379,25.055555555555554,0.8,71.09999999999994
eval_at,"[0.20829732065687123, 41.986696230598675, 241, 1052]",0.6721861827082318,25.055555555555554,0.8,71.19999999999993
eval_at,"[0.20743301642178047, 42.026607538802665, 240, 1053]",0.6750633740446024,25.055555555555554,0.8,71.29999999999993
eval_at,"[0.20570440795159897, 41.906873614190694, 238, 1050]",0.6794902816150282,25.055555555555554,0.8,71.39999999999992
eval_at,"[0.20397579948141745, 41.787139689578716, 236, 1047]",0.6826597658918215,25.055555555555554,0.8,71.49999999999991
eval_at,"[0.2031114952463267, 41.747228381374725, 235, 1046]",0.6861202508235467,25.055555555555554,0.8,71.59999999999991
eval_at,"[0.2031114952463267, 41.627494456762754, 235, 1043]",0.6901992772712745,25.055555555555554,0.8,71.6999999999999
eval_at,"[0.20138288677614521, 41.747228381374725, 233, 1046]",0.694331152668411,25.055555555555554,0.8,71.7999999999999
eval_at,"[0.20051858254105445, 41.827050997782706, 232, 1048]",0.6983486691310054,25.055555555555554,0.8,71.89999999999989
eval_at,"[0.19878997407087295, 41.827050997782706, 230, 1048]",0.7013980310035006,25.055555555555554,0.8,71.99999999999989
eval_at,"[0.19706136560069146, 41.866962305986696, 228, 1049]",0.7044035351501001,25.055555555555554,0.8,72.09999999999988
eval_at,"[0.19533275713050993, 41.827050997782706, 226, 1048]",0.709422217949104,25.055555555555554,0.8,72.19999999999987
eval_at,"[0.1944684528954192, 41.827050997782706, 225, 1048]",0.7134789628509488,25.055555555555554,0.8,72.29999999999987
eval_at,"[0.1944684528954192, 41.427937915742795, 225, 1038]",0.7166180915599908,25.055555555555554,0.8,72.39999999999986
eval_at,"[0.1944684528954192, 41.228381374722844, 225, 1033]",0.720330979235178,25.055555555555554,0.8,72.49999999999986
eval_at,"[0.19533275713050993, 41.108647450110865, 226, 1030]",0.7240248465323323,25.055555555555554,0.8,72.59999999999985
eval_at,"[0.1944684528954192, 41.18847006651885, 225, 1032]",0.7268093251245623,25.055555555555554,0.8,72.69999999999985
eval_at,"[0.19273984442523767, 41.148558758314856, 223, 1031]",0.7300575297182609,25.055555555555554,0.8,72.79999999999984
eval_at,"[0.19101123595505617, 41.068736141906875, 221, 1029]",0.7338758795340249,25.055555555555554,0.8,72.89999999999984
eval_at,"[0.18928262748487468, 41.18847006651885, 219, 1032]",0.7370932252487,25.055555555555554,0.8,72.99999999999983
eval_at,"[0.18841832324978391, 41.028824833702885, 218, 1028]",0.7403726273065928,25.055555555555554,0.8,73.09999999999982
eval_at,"[0.18582541054451165, 41.068736141906875, 215, 1029]",0.7437503557405237,25.055555555555554,0.8,73.19999999999982
eval_at,"[0.18582541054451165, 40.909090909090914, 215, 1025]",0.7475607387866858,25.055555555555554,0.8,73.29999999999981
eval_at,"[0.18582541054451165, 40.949002217294904, 215, 1026]",0.7519337217667355,25.055555555555554,0.8,73.3999999999998
eval_at,"[0.18409680207433016, 41.028824833702885, 213, 1028]",0.7549239759045244,25.055555555555554,0.8,73.4999999999998
eval_at,"[0.18409680207433016, 40.988913525498894, 213, 1027]",0.7593515484830813,25.055555555555554,0.8,73.5999999999998
eval_at,"[0.18409680207433016, 40.86917960088692, 213, 1024]",0.7630910294461717,25.055555555555554,0.8,73.69999999999979
eval_at,"[0.18323249783923942, 40.909090909090914, 212, 1025]",0.7666524237821618,25.055555555555554,0.8,73.79999999999978
eval_at,"[0.18323249783923942, 40.709534368070955, 212, 1020]",0.7694217770326857,25.055555555555554,0.8,73.89999999999978
eval_at,"[0.18323249783923942, 40.629711751662974, 212, 1018]",0.7726207349386712,25.055555555555554,0.8,73.99999999999977
eval_at,"[0.18409680207433016, 40.350332594235034, 213, 1011]",0.7760543361400527,25.055555555555554,0.8,74.09999999999977
eval_at,"[0.18323249783923942, 40.390243902439025, 212, 1012]",0.7793785357345783,25.055555555555554,0.8,74.19999999999976
eval_at,"[0.18323249783923942, 40.23059866962306, 212, 1008]",0.7831591841245676,25.055555555555554,0.8,74.29999999999976
eval_at,"[0.18236819360414866, 40.19068736141907, 211, 1007]",0.7867756920307104,25.055555555555554,0.8,74.39999999999975
eval_at,"[0.18236819360414866, 40.19068736141907, 211, 1007]",0.7909733428062969,25.055555555555554,0.8,74.49999999999974
eval_at,"[0.18323249783923942, 39.91130820399113, 212, 1000]",0.7940942277945439,25.055555555555554,0.8,74.59999999999974
eval_at,"[0.1815038893690579, 39.75166297117517, 210, 996]",0.7985323084250916,25.055555555555554,0.8,74.69999999999973
eval_at,"[0.18063958513396716, 39.5920177383592, 209, 992]",0.8025917982579254,25.055555555555554,0.8,74.79999999999973
eval_at,"[0.18063958513396716, 39.35254988913526, 209, 986]",0.8064784105735285,25.055555555555554,0.8,74.89999999999972
eval_at,"[0.17718236819360414, 39.35254988913526, 205, 986]",0.8104620377288695,25.055555555555554,0.8,74.99999999999972
eval_at,"[0.1763180639585134, 39.27272727272727, 204, 984]",0.8141394301775824,25.055555555555554,0.8,75.09999999999971
eval_at,"[0.1763180639585134, 39.07317073170732, 204, 979]",0.8172665806097832,25.055555555555554,0.8,75.1999999999997
eval_at,"[0.17545375972342264, 39.03325942350333, 203, 978]",0.8215995226562306,25.055555555555554,0.8,75.2999999999997
eval_at,"[0.17372515125324114, 39.03325942350333, 201, 978]",0.8249808430577793,25.055555555555554,0.8,75.3999999999997
eval_at,"[0.17199654278305965, 38.99334811529934, 199, 977]",0.8283262540379287,25.055555555555554,0.8,75.49999999999969
eval_at,"[0.17113223854796888, 38.79379157427938, 198, 972]",0.8319788529063851,25.055555555555554,0.8,75.59999999999968
eval_at,"[0.17026793431287812, 38.67405764966741, 197, 969]",0.8368018495983927,25.055555555555554,0.8,75.69999999999968
eval_at,"[0.17026793431287812, 38.55432372505543, 197, 966]",0.8406351582671028,25.055555555555554,0.8,75.79999999999967
eval_at,"[0.1694036300777874, 38.55432372505543, 196, 966]",0.8446109693501205,25.055555555555554,0.8,75.89999999999966
eval_at,"[0.16853932584269662, 38.59423503325942, 195, 967]",0.8482008784675988,25.055555555555554,0.8,75.99999999999966
eval_at,"[0.16421780466724287, 38.31485587583149, 190, 960]",0.8522015979890288,25.055555555555554,0.8,76.09999999999965
eval_at,"[0.16421780466724287, 38.2749445676275, 190, 959]",0.8557432551692344,25.055555555555554,0.8,76.19999999999965
eval_at,"[0.16248919619706137, 38.19512195121951, 188, 957]",0.8594888211961487,25.055555555555554,0.8,76.29999999999964
eval_at,"[0.16248919619706137, 38.07538802660754, 188, 954]",0.8638251429581599,25.055555555555554,0.8,76.39999999999964
eval_at,"[0.1616248919619706, 38.03547671840355, 187, 953]",0.867664573656962,25.055555555555554,0.8,76.49999999999963
eval_at,"[0.15903197925669835, 37.75609756097561, 184, 946]",0.8710916489045041,25.055555555555554,0.8,76.59999999999962
eval_at,"[0.15903197925669835, 37.71618625277162, 184, 945]",0.8760790880549079,25.055555555555554,0.8,76.69999999999962
eval_at,"[0.15643906655142611, 37.55654101995566, 181, 941]",0.8798614823177103,25.055555555555554,0.8,76.79999999999961
eval_at,"[0.15557476231633535, 37.51662971175167, 180, 940]",0.8836526141203761,25.055555555555554,0.8,76.89999999999961
eval_at,"[0.1547104580812446, 37.23725055432373, 179, 933]",0.8882072595194915,25.055555555555554,0.8,76.9999999999996
eval_at,"[0.15384615384615385, 37.23725055432373, 178, 933]",0.8916820900515358,25.055555555555554,0.8,77.0999999999996
eval_at,"[0.15384615384615385, 36.99778270509978, 178, 927]",0.8955285050049153,25.055555555555554,0.8,77.19999999999959
eval_at,"[0.15211754537597233, 37.03769401330377, 176, 928]",0.899506707381549,25.055555555555554,0.8,77.29999999999959
eval_at,"[0.1512532411408816, 36.79822616407983, 175, 922]",0.9033606116929475,25.055555555555554,0.8,77.39999999999958
eval_at,"[0.1495246326707001, 36.71840354767184, 173, 920]",0.9075966907366797,25.055555555555554,0.8,77.49999999999957
eval_at,"[0.1495246326707001, 36.63858093126386, 173, 918]",0.9122789285087419,25.055555555555554,0.8,77.59999999999957
eval_at,"[0.14779602420051857, 36.4789356984479, 171, 914]",0.9162247058608749,25.055555555555554,0.8,77.69999999999956
eval_at,"[0.14866032843560933, 36.27937915742794, 172, 909]",0.9198596042940771,25.055555555555554,0.8,77.79999999999956
eval_at,"[0.14693171996542784, 36.27937915742794, 170, 909]",0.923580885117336,25.055555555555554,0.8,77.89999999999955
eval_at,"[0.14693171996542784, 36.11973392461198, 170, 905]",0.9278062147567738,25.055555555555554,0.8,77.99999999999955
eval_at,"[0.14693171996542784, 36.31929046563193, 170, 910]",0.9333610454927755,25.055555555555554,0.8,78.09999999999954
eval_at,"[0.14779602420051857, 36.15964523281597, 171, 906]",0.9390750209969894,25.055555555555554,0.8,78.19999999999953
eval_at,"[0.14779602420051857, 36.11973392461198, 171, 905]",0.9427055374028961,25.055555555555554,0.8,78.29999999999953
eval_at,"[0.14606741573033707, 35.92017738359202, 169, 900]",0.9468386518894936,25.055555555555554,0.8,78.39999999999952
eval_at,"[0.14606741573033707, 35.96008869179601, 169, 901]",0.950888411019985,25.055555555555554,0.8,78.49999999999952
eval_at,"[0.14606741573033707, 35.84035476718404, 169, 898]",0.955178383362109,25.055555555555554,0.8,78.59999999999951
eval_at,"[0.14520311149524634, 35.80044345898005, 168, 897]",0.9584313823146238,25.055555555555554,0.8,78.6999999999995
eval_at,"[0.14347450302506481, 35.68070953436808, 166, 894]",0.9623826233408113,25.055555555555554,0.8,78.7999999999995
eval_at,"[0.14261019878997408, 35.52106430155211, 165, 890]",0.9666876303626711,25.055555555555554,0.8,78.8999999999995
eval_at,"[0.14001728608470182, 35.48115299334812, 162, 889]",0.9705941109037571,25.055555555555554,0.8,78.99999999999949
eval_at,"[0.14001728608470182, 35.24168514412417, 162, 883]",0.974595004196747,25.055555555555554,0.8,79.09999999999948
eval_at,"[0.13915298184961106, 35.00221729490023, 161, 877]",0.9789436471582634,25.055555555555554,0.8,79.19999999999948
eval_at,"[0.13828867761452032, 34.92239467849224, 160, 875]",0.9823563734834311,25.055555555555554,0.8,79.29999999999947
eval_at,"[0.13742437337942956, 34.76274944567628, 159, 871]",0.9875773173066384,25.055555555555554,0.8,79.39999999999947
eval_at,"[0.1348314606741573, 34.72283813747229, 156, 870]",0.9915646916686335,25.055555555555554,0.8,79.49999999999946
eval_at,"[0.13396715643906656, 34.603104212860316, 155, 867]",0.9950918519114761,25.055555555555554,0.8,79.59999999999945
eval_at,"[0.13396715643906656, 34.56319290465632, 155, 866]",0.9989469054389775,25.055555555555554,0.8,79.69999999999945
eval_at,"[0.1331028522039758, 34.6829268292683, 154, 869]",1.001602860381257,25.055555555555554,0.8,79.79999999999944
eval_at,"[0.13223854796888504, 34.44345898004435, 153, 863]",1.0053443638415498,25.055555555555554,0.8,79.89999999999944
eval_at,"[0.1331028522039758, 34.16407982261641, 154, 856]",1.009142674276649,25.055555555555554,0.8,79.99999999999943
eval_at,"[0.1331028522039758, 34.04434589800444, 154, 853]",1.0123912784871367,25.055555555555554,0.8,80.09999999999943
eval_at,"[0.1348314606741573, 33.72505543237251, 156, 845]",1.0163789972363573,25.055555555555554,0.8,80.19999999999942
eval_at,"[0.1331028522039758, 33.645232815964526, 154, 843]",1.0208069196887763,25.055555555555554,0.8,80.29999999999941
eval_at,"[0.13050993949870354, 33.565410199556545, 151, 841]",1.0259523643733743,25.055555555555554,0.8,80.39999999999941
eval_at,"[0.12964563526361278, 33.525498891352555, 150, 840]",1.0302097389100908,25.055555555555554,0.8,80.4999999999994
eval_at,"[0.12878133102852204, 33.286031042128606, 149, 834]",1.0345912341111105,25.055555555555554,0.8,80.5999999999994
eval_at,"[0.12878133102852204, 33.246119733924616, 149, 833]",1.0386208221082462,25.055555555555554,0.8,80.69999999999939
eval_at,"[0.12791702679343128, 33.08647450110865, 148, 829]",1.0431074196478545,25.055555555555554,0.8,80.79999999999939
eval_at,"[0.12705272255834055, 33.126385809312644, 147, 830]",1.048491035097136,25.055555555555554,0.8,80.89999999999938
eval_at,"[0.12791702679343128, 33.04656319290466, 148, 828]",1.053179122039987,25.055555555555554,0.8,80.99999999999937
eval_at,"[0.12791702679343128, 33.126385809312644, 148, 830]",1.0566694251101252,25.055555555555554,0.8,81.09999999999937
eval_at,"[0.12964563526361278, 33.006651884700666, 150, 827]",1.0615842534904454,25.055555555555554,0.8,81.19999999999936
eval_at,"[0.12705272255834055, 32.847006651884705, 147, 823]",1.0657148097779008,25.055555555555554,0.8,81.29999999999936
eval_at,"[0.12532411408815902, 32.807095343680714, 145, 822]",1.0699919209490611,25.055555555555554,0.8,81.39999999999935
eval_at,"[0.12445980985306827, 32.567627494456765, 144, 816]",1.074507963168054,25.055555555555554,0.8,81.49999999999935
eval_at,"[0.12186689714779603, 32.447893569844794, 141, 813]",1.0782875045907618,25.055555555555554,0.8,81.59999999999934
eval_at,"[0.12186689714779603, 32.407982261640804, 141, 812]",1.0816095879892094,25.055555555555554,0.8,81.69999999999933
eval_at,"[0.12186689714779603, 32.208425720620845, 141, 807]",1.0852179009342864,25.055555555555554,0.8,81.79999999999933
eval_at,"[0.12100259291270528, 32.088691796008874, 140, 804]",1.08951923314003,25.055555555555554,0.8,81.89999999999932
eval_at,"[0.12100259291270528, 31.769401330376944, 140, 796]",1.0941694710515393,25.055555555555554,0.8,81.99999999999932
eval_at,"[0.12186689714779603, 31.56984478935699, 141, 791]",1.098489499486017,25.055555555555554,0.8,82.09999999999931
eval_at,"[0.12100259291270528, 31.37028824833703, 140, 786]",1.1027456274076661,25.055555555555554,0.8,82.1999999999993
eval_at,"[0.12013828867761452, 31.37028824833703, 139, 786]",1.1076093195440773,25.055555555555554,0.8,82.2999999999993
eval_at,"[0.11927398444252377, 31.33037694013304, 138, 785]",1.1126489521818965,25.055555555555554,0.8,82.3999999999993
eval_at,"[0.12100259291270528, 31.450110864745014, 140, 788]",1.1176723132842616,25.055555555555554,0.8,82.49999999999929
eval_at,"[0.12013828867761452, 31.450110864745014, 139, 788]",1.1216838980416883,25.055555555555554,0.8,82.59999999999928
eval_at,"[0.11754537597234227, 31.170731707317074, 136, 781]",1.124496996116356,25.055555555555554,0.8,82.69999999999928
eval_at,"[0.11754537597234227, 31.050997782705103, 136, 778]",1.128386775688866,25.055555555555554,0.8,82.79999999999927
eval_at,"[0.11754537597234227, 31.050997782705103, 136, 778]",1.1322860300893887,25.055555555555554,0.8,82.89999999999927
eval_at,"[0.11235955056179775, 31.090909090909093, 130, 779]",1.136325585612151,25.055555555555554,0.8,82.99999999999926
eval_at,"[0.11235955056179775, 30.93126385809313, 130, 775]",1.1398674172805698,25.055555555555554,0.8,83.09999999999926
eval_at,"[0.11235955056179775, 30.851441241685148, 130, 773]",1.1454624879115891,25.055555555555554,0.8,83.19999999999925
eval_at,"[0.11063094209161625, 30.492239467849227, 128, 764]",1.1504520054217249,25.055555555555554,0.8,83.29999999999924
eval_at,"[0.11063094209161625, 30.452328159645234, 128, 763]",1.1542577242567997,25.055555555555554,0.8,83.39999999999924
eval_at,"[0.10717372515125324, 30.452328159645234, 124, 763]",1.1580794911398669,25.055555555555554,0.8,83.49999999999923
eval_at,"[0.10544511668107173, 30.252771618625278, 122, 758]",1.162973265157642,25.055555555555554,0.8,83.59999999999923
eval_at,"[0.10544511668107173, 30.053215077605323, 122, 753]",1.1678388407155762,25.055555555555554,0.8,83.69999999999922
eval_at,"[0.10285220397579949, 29.973392461197342, 119, 751]",1.1718513474142864,25.055555555555554,0.8,83.79999999999922
eval_at,"[0.10285220397579949, 29.694013303769403, 119, 744]",1.1770873602003402,25.055555555555554,0.8,83.89999999999921
eval_at,"[0.10285220397579949, 29.694013303769403, 119, 744]",1.1817375605609117,25.055555555555554,0.8,83.9999999999992
eval_at,"[0.10198789974070872, 29.694013303769403, 118, 744]",1.1861758417589139,25.055555555555554,0.8,84.0999999999992
eval_at,"[0.10112359550561797, 29.614190687361422, 117, 742]",1.1907670583159358,25.055555555555554,0.8,84.19999999999919
eval_at,"[0.10198789974070872, 29.454545454545457, 118, 738]",1.1954000353488334,25.055555555555554,0.8,84.29999999999919
eval_at,"[0.10198789974070872, 29.494456762749447, 118, 739]",1.200296163965091,25.055555555555554,0.8,84.39999999999918
eval_at,"[0.10112359550561797, 29.414634146341466, 117, 737]",1.2054401292383992,25.055555555555554,0.8,84.49999999999918
eval_at,"[0.09853068280034573, 29.57427937915743, 114, 741]",1.210852435741719,25.055555555555554,0.8,84.59999999999917
eval_at,"[0.09766637856525497, 29.654101995565412, 113, 743]",1.2171152086701846,25.055555555555554,0.8,84.69999999999916
eval_at,"[0.09593777009507347, 29.454545454545457, 111, 738]",1.2211096666077708,25.055555555555554,0.8,84.79999999999916
eval_at,"[0.09420916162489196, 29.694013303769403, 109, 744]",1.2250166051896585,25.055555555555554,0.8,84.89999999999915
eval_at,"[0.09161624891961971, 29.773835920177387, 106, 746]",1.229339146542209,25.055555555555554,0.8,84.99999999999915
eval_at,"[0.09075194468452895, 29.534368070953438, 105, 740]",1.2335089003156225,25.055555555555554,0.8,85.09999999999914
eval_at,"[0.0898876404494382, 29.414634146341466, 104, 737]",1.2389929532381738,25.055555555555554,0.8,85.19999999999914
eval_at,"[0.0898876404494382, 29.454545454545457, 104, 738]",1.2434434662134428,25.055555555555554,0.8,85.29999999999913
eval_at,"[0.0881590319792567, 29.374722838137476, 102, 736]",1.2477455764810135,25.055555555555554,0.8,85.39999999999912
eval_at,"[0.08729472774416594, 29.21507760532151, 101, 732]",1.2522862180697867,25.055555555555554,0.8,85.49999999999912
eval_at,"[0.08643042350907519, 28.93569844789357, 100, 725]",1.2573410298962069,25.055555555555554,0.8,85.59999999999911
eval_at,"[0.08643042350907519, 28.8159645232816, 100, 722]",1.260712794362997,25.055555555555554,0.8,85.69999999999911
eval_at,"[0.08643042350907519, 28.776053215077606, 100, 721]",1.2646010538276795,25.055555555555554,0.8,85.7999999999991
eval_at,"[0.08556611927398444, 28.656319290465635, 99, 718]",1.2696673592741243,25.055555555555554,0.8,85.8999999999991
eval_at,"[0.0847018150388937, 28.337028824833705, 98, 710]",1.2747220106774007,25.055555555555554,0.8,85.99999999999909
eval_at,"[0.0847018150388937, 28.13747228381375, 98, 705]",1.2801563612754003,25.055555555555554,0.8,86.09999999999908
eval_at,"[0.08383751080380294, 27.85809312638581, 97, 698]",1.286034379772605,25.055555555555554,0.8,86.19999999999908
eval_at,"[0.08383751080380294, 27.618625277161865, 97, 692]",1.291083619158365,25.055555555555554,0.8,86.29999999999907
eval_at,"[0.08383751080380294, 27.49889135254989, 97, 689]",1.2952935565399541,25.055555555555554,0.8,86.39999999999907
eval_at,"[0.08383751080380294, 27.41906873614191, 97, 687]",1.3000145232876934,25.055555555555554,0.8,86.49999999999906
eval_at,"[0.08210890233362143, 27.37915742793792, 95, 686]",1.3042002288675094,25.055555555555554,0.8,86.59999999999906
eval_at,"[0.08210890233362143, 27.219512195121954, 95, 682]",1.3094387414666835,25.055555555555554,0.8,86.69999999999905
eval_at,"[0.08124459809853068, 26.980044345898005, 94, 676]",1.3143632282644626,25.055555555555554,0.8,86.79999999999905
eval_at,"[0.08038029386343994, 26.980044345898005, 93, 676]",1.3193189004059154,25.055555555555554,0.8,86.89999999999904
eval_at,"[0.07865168539325842, 26.820399113082043, 91, 672]",1.3244987025116486,25.055555555555554,0.8,86.99999999999903
eval_at,"[0.07778738115816768, 26.620842572062088, 90, 667]",1.3291321094437218,25.055555555555554,0.8,87.09999999999903
eval_at,"[0.07778738115816768, 26.34146341463415, 90, 660]",1.333017916987841,25.055555555555554,0.8,87.19999999999902
eval_at,"[0.07778738115816768, 26.34146341463415, 90, 660]",1.3383886288850617,25.055555555555554,0.8,87.29999999999902
eval_at,"[0.07778738115816768, 26.301552106430158, 90, 659]",1.3433797254936837,25.055555555555554,0.8,87.39999999999901
eval_at,"[0.07778738115816768, 26.101995565410203, 90, 654]",1.3483422969311314,25.055555555555554,0.8,87.499999999999
eval_at,"[0.07692307692307693, 25.862527716186253, 89, 648]",1.353011889842546,25.055555555555554,0.8,87.599999999999
eval_at,"[0.07692307692307693, 25.782705099778273, 89, 646]",1.35811245305874,25.055555555555554,0.8,87.699999999999
eval_at,"[0.07692307692307693, 25.583148558758317, 89, 641]",1.3621080187130803,25.055555555555554,0.8,87.79999999999899
eval_at,"[0.07605877268798616, 25.463414634146343, 88, 638]",1.3654668633037248,25.055555555555554,0.8,87.89999999999898
eval_at,"[0.07605877268798616, 25.263858093126387, 88, 633]",1.3699983423878697,25.055555555555554,0.8,87.99999999999898
eval_at,"[0.07605877268798616, 24.98447893569845, 88, 626]",1.3754737903487244,25.055555555555554,0.8,88.09999999999897
eval_at,"[0.07519446845289542, 24.824833702882486, 87, 622]",1.3807839114167137,25.055555555555554,0.8,88.19999999999897
eval_at,"[0.07433016421780467, 24.824833702882486, 86, 622]",1.3877833032430666,25.055555555555554,0.8,88.29999999999896
eval_at,"[0.07433016421780467, 24.66518847006652, 86, 618]",1.3945313853443142,25.055555555555554,0.8,88.39999999999895
eval_at,"[0.07519446845289542, 24.505543237250556, 87, 614]",1.399575729299869,25.055555555555554,0.8,88.49999999999895
eval_at,"[0.07433016421780467, 24.34589800443459, 86, 610]",1.4046235489206729,25.055555555555554,0.8,88.59999999999894
eval_at,"[0.07433016421780467, 24.425720620842576, 86, 612]",1.4089567486771193,25.055555555555554,0.8,88.69999999999894
eval_at,"[0.07260155574762317, 24.34589800443459, 84, 610]",1.4141152119530584,25.055555555555554,0.8,88.79999999999893
eval_at,"[0.07260155574762317, 23.94678492239468, 84, 600]",1.418440301337144,25.055555555555554,0.8,88.89999999999893
eval_at,"[0.07433016421780467, 23.90687361419069, 86, 599]",1.424799470123569,25.055555555555554,0.8,88.99999999999892
eval_at,"[0.07433016421780467, 23.58758314855876, 86, 591]",1.4314351371381366,25.055555555555554,0.8,89.09999999999891
eval_at,"[0.07173725151253241, 23.388026607538805, 83, 586]",1.4375377212380342,25.055555555555554,0.8,89.19999999999891
eval_at,"[0.07173725151253241, 23.18847006651885, 83, 581]",1.4438168624367311,25.055555555555554,0.8,89.2999999999989
eval_at,"[0.07087294727744166, 23.068736141906875, 82, 578]",1.4516316292987503,25.055555555555554,0.8,89.3999999999989
eval_at,"[0.06914433880726016, 23.068736141906875, 80, 578]",1.456585091141338,25.055555555555554,0.8,89.49999999999889
eval_at,"[0.0682800345721694, 22.82926829268293, 79, 572]",1.4616821502832442,25.055555555555554,0.8,89.59999999999889
eval_at,"[0.0682800345721694, 22.509977827051, 79, 564]",1.46667090669823,25.055555555555554,0.8,89.69999999999888
eval_at,"[0.0682800345721694, 22.47006651884701, 79, 563]",1.472199074896383,25.055555555555554,0.8,89.79999999999887
eval_at,"[0.06914433880726016, 22.47006651884701, 80, 563]",1.4775984687937413,25.055555555555554,0.8,89.89999999999887
eval_at,"[0.0682800345721694, 22.509977827051, 79, 564]",1.482506027127759,25.055555555555554,0.8,89.99999999999886
eval_at,"[0.0665514261019879, 22.509977827051, 77, 564]",1.4869570749244472,25.055555555555554,0.8,90.09999999999886
eval_at,"[0.0665514261019879, 22.230598669623063, 77, 557]",1.493074325941822,25.055555555555554,0.8,90.19999999999885
eval_at,"[0.06568712186689715, 22.15077605321508, 76, 555]",1.498634960194375,25.055555555555554,0.8,90.29999999999885
eval_at,"[0.06568712186689715, 22.0709534368071, 76, 553]",1.505143905007297,25.055555555555554,0.8,90.39999999999884
eval_at,"[0.06482281763180639, 21.79157427937916, 75, 546]",1.5111169959496022,25.055555555555554,0.8,90.49999999999883
eval_at,"[0.06482281763180639, 21.592017738359203, 75, 541]",1.5165246135028014,25.055555555555554,0.8,90.59999999999883
eval_at,"[0.06482281763180639, 21.272727272727273, 75, 533]",1.5231129136610095,25.055555555555554,0.8,90.69999999999882
eval_at,"[0.06395851339671564, 21.192904656319293, 74, 531]",1.529917809297514,25.055555555555554,0.8,90.79999999999882
eval_at,"[0.06395851339671564, 21.152993348115302, 74, 530]",1.5371209237494052,25.055555555555554,0.8,90.89999999999881
eval_at,"[0.06395851339671564, 21.033259423503328, 74, 527]",1.5441166868287284,25.055555555555554,0.8,90.9999999999988
eval_at,"[0.06222990492653414, 20.873614190687363, 72, 523]",1.549186052080365,25.055555555555554,0.8,91.0999999999988
eval_at,"[0.06222990492653414, 20.833702882483372, 72, 522]",1.5554507518072953,25.055555555555554,0.8,91.1999999999988
eval_at,"[0.06309420916162489, 20.634146341463417, 73, 517]",1.5629753918368061,25.055555555555554,0.8,91.29999999999879
eval_at,"[0.06395851339671564, 20.394678492239468, 74, 511]",1.5693159367611629,25.055555555555554,0.8,91.39999999999878
eval_at,"[0.06309420916162489, 20.155210643015522, 73, 505]",1.5758495911836135,25.055555555555554,0.8,91.49999999999878
eval_at,"[0.06222990492653414, 19.915742793791576, 72, 499]",1.5814166753077357,25.055555555555554,0.8,91.59999999999877
eval_at,"[0.06136560069144339, 19.67627494456763, 71, 493]",1.5888959701959946,25.055555555555554,0.8,91.69999999999877
eval_at,"[0.06050129645635264, 19.39689578713969, 70, 486]",1.5942961889486988,25.055555555555554,0.8,91.79999999999876
eval_at,"[0.06050129645635264, 19.31707317073171, 70, 484]",1.6021323010937587,25.055555555555554,0.8,91.89999999999876
eval_at,"[0.059636992221261884, 19.03769401330377, 69, 477]",1.6080977359300617,25.055555555555554,0.8,91.99999999999875
eval_at,"[0.05790838375108038, 18.95787139689579, 67, 475]",1.6144671410386902,25.055555555555554,0.8,92.09999999999874
eval_at,"[0.055315471045808126, 18.558758314855876, 64, 465]",1.6198687862656298,25.055555555555554,0.8,92.19999999999874
eval_at,"[0.052722558340535866, 18.478935698447895, 61, 463]",1.6256898327282994,25.055555555555554,0.8,92.29999999999873
eval_at,"[0.05099394987035436, 18.439024390243905, 59, 462]",1.6333745667457797,25.055555555555554,0.8,92.39999999999873
eval_at,"[0.05012964563526361, 18.31929046563193, 58, 459]",1.6391614703375048,25.055555555555554,0.8,92.49999999999872
eval_at,"[0.05012964563526361, 18.119733924611975, 58, 454]",1.6452454053347005,25.055555555555554,0.8,92.59999999999872
eval_at,"[0.04840103716508211, 17.88026607538803, 56, 448]",1.6520913402562671,25.055555555555554,0.8,92.69999999999871
eval_at,"[0.04840103716508211, 17.5609756097561, 56, 440]",1.6593128219352986,25.055555555555554,0.8,92.7999999999987
eval_at,"[0.04840103716508211, 17.28159645232816, 56, 433]",1.6658399426111508,25.055555555555554,0.8,92.8999999999987
eval_at,"[0.04840103716508211, 16.962305986696233, 56, 425]",1.6721420915932015,25.055555555555554,0.8,92.99999999999869
eval_at,"[0.04753673292999136, 16.762749445676278, 55, 420]",1.67977554831363,25.055555555555554,0.8,93.09999999999869
eval_at,"[0.046672428694900604, 16.363636363636363, 54, 410]",1.6868425505126485,25.055555555555554,0.8,93.19999999999868
eval_at,"[0.046672428694900604, 16.084257206208427, 54, 403]",1.6935528848715646,25.055555555555554,0.8,93.29999999999868
eval_at,"[0.046672428694900604, 15.884700665188472, 54, 398]",1.701547222499022,25.055555555555554,0.8,93.39999999999867
eval_at,"[0.045808124459809856, 15.884700665188472, 53, 398]",1.7092128609426107,25.055555555555554,0.8,93.49999999999866
eval_at,"[0.0449438202247191, 15.48558758314856, 52, 388]",1.7186934580370932,25.055555555555554,0.8,93.59999999999866
eval_at,"[0.04407951598962835, 15.126385809312639, 51, 379]",1.7277059609602086,25.055555555555554,0.8,93.69999999999865
eval_at,"[0.04235090751944685, 14.926829268292684, 49, 374]",1.7370381116429154,25.055555555555554,0.8,93.79999999999865
eval_at,"[0.04235090751944685, 14.727272727272728, 49, 369]",1.7455829284293722,25.055555555555554,0.8,93.89999999999864
eval_at,"[0.03889369057908384, 14.487804878048781, 45, 363]",1.7537608453412155,25.055555555555554,0.8,93.99999999999864
eval_at,"[0.03889369057908384, 14.328159645232818, 45, 359]",1.7622812209900145,25.055555555555554,0.8,94.09999999999863
eval_at,"[0.03889369057908384, 14.12860310421286, 45, 354]",1.7685614367524225,25.055555555555554,0.8,94.19999999999862
eval_at,"[0.03802938634399308, 13.929046563192905, 44, 349]",1.7758154897898413,25.055555555555554,0.8,94.29999999999862
eval_at,"[0.03543647363872083, 13.769401330376942, 41, 345]",1.7849809770843403,25.055555555555554,0.8,94.39999999999861
eval_at,"[0.03543647363872083, 13.68957871396896, 41, 343]",1.7941757133454377,25.055555555555554,0.8,94.49999999999861
eval_at,"[0.036300777873811585, 13.450110864745012, 42, 337]",1.803937117127683,25.055555555555554,0.8,94.5999999999986
eval_at,"[0.03543647363872083, 13.290465631929047, 41, 333]",1.8145878182891142,25.055555555555554,0.8,94.6999999999986
eval_at,"[0.03457216940363008, 13.33037694013304, 40, 334]",1.8215783193260549,25.055555555555554,0.8,94.79999999999859
eval_at,"[0.03543647363872083, 13.170731707317074, 41, 330]",1.8297653870501818,25.055555555555554,0.8,94.89999999999858
eval_at,"[0.033707865168539325, 12.931263858093127, 39, 324]",1.8405846576424214,25.055555555555554,0.8,94.99999999999858
eval_at,"[0.033707865168539325, 12.691796008869181, 39, 318]",1.850875287792184,25.055555555555554,0.8,95.09999999999857
eval_at,"[0.033707865168539325, 12.412416851441243, 39, 311]",1.8633662632001022,25.055555555555554,0.8,95.19999999999857
eval_at,"[0.033707865168539325, 12.133037694013305, 39, 304]",1.872733234030163,25.055555555555554,0.8,95.29999999999856
eval_at,"[0.03111495246326707, 12.01330376940133, 36, 301]",1.8843024150317045,25.055555555555554,0.8,95.39999999999856
eval_at,"[0.03197925669835782, 11.65410199556541, 37, 292]",1.895811423316533,25.055555555555554,0.8,95.49999999999855
eval_at,"[0.03197925669835782, 11.374722838137473, 37, 285]",1.906189705631257,25.055555555555554,0.8,95.59999999999854
eval_at,"[0.03111495246326707, 11.21507760532151, 36, 281]",1.9171087804440183,25.055555555555554,0.8,95.69999999999854
eval_at,"[0.03197925669835782, 10.975609756097562, 37, 275]",1.9306408413466147,25.055555555555554,0.8,95.79999999999853
eval_at,"[0.03197925669835782, 10.536585365853659, 37, 264]",1.9424192561522686,25.055555555555554,0.8,95.89999999999853
eval_at,"[0.03111495246326707, 10.257206208425721, 36, 257]",1.9537928275757046,25.055555555555554,0.8,95.99999999999852
eval_at,"[0.03111495246326707, 10.017738359201775, 36, 251]",1.9647735138700246,25.055555555555554,0.8,96.09999999999852
eval_at,"[0.03025064822817632, 9.818181818181818, 35, 246]",1.9761243421126524,25.055555555555554,0.8,96.19999999999851
eval_at,"[0.03025064822817632, 9.578713968957873, 35, 240]",1.9870874146604478,25.055555555555554,0.8,96.2999999999985
eval_at,"[0.02679343128781331, 9.49889135254989, 31, 238]",2.000988166774664,25.055555555555554,0.8,96.3999999999985
eval_at,"[0.02592912705272256, 9.458980044345898, 30, 237]",2.016771396410612,25.055555555555554,0.8,96.4999999999985
eval_at,"[0.02592912705272256, 9.219512195121952, 30, 231]",2.0316022180274236,25.055555555555554,0.8,96.59999999999849
eval_at,"[0.025064822817631807, 9.059866962305987, 29, 227]",2.048203394203462,25.055555555555554,0.8,96.69999999999848
eval_at,"[0.023336214347450302, 8.82039911308204, 27, 221]",2.062481554663146,25.055555555555554,0.8,96.79999999999848
eval_at,"[0.019878997407087293, 8.461197339246121, 23, 212]",2.079755375406317,25.055555555555554,0.8,96.89999999999847
eval_at,"[0.019878997407087293, 8.101995565410201, 23, 203]",2.097085282844235,25.055555555555554,0.8,96.99999999999847
eval_at,"[0.01901469317199654, 7.942350332594236, 22, 199]",2.1126138634508256,25.055555555555554,0.8,97.09999999999846
eval_at,"[0.019878997407087293, 7.8625277161862535, 23, 197]",2.1325158394363406,25.055555555555554,0.8,97.19999999999845
eval_at,"[0.018150388936905792, 7.423503325942351, 21, 186]",2.1462406314541687,25.055555555555554,0.8,97.29999999999845
eval_at,"[0.01728608470181504, 7.184035476718404, 20, 180]",2.1599354411707816,25.055555555555554,0.8,97.39999999999844
eval_at,"[0.01728608470181504, 6.944567627494457, 20, 174]",2.17596801446129,25.055555555555554,0.8,97.49999999999844
eval_at,"[0.016421780466724288, 6.625277161862528, 19, 166]",2.1943115299572904,25.055555555555554,0.8,97.59999999999843
eval_at,"[0.015557476231633534, 6.3458980044345905, 18, 159]",2.2180569861441533,25.055555555555554,0.8,97.69999999999843
eval_at,"[0.015557476231633534, 6.106430155210644, 18, 153]",2.2433449423064484,25.055555555555554,0.8,97.79999999999842
eval_at,"[0.014693171996542784, 5.98669623059867, 17, 150]",2.2706970648412144,25.055555555555554,0.8,97.89999999999841
eval_at,"[0.01296456352636128, 5.547671840354767, 15, 139]",2.2997445046778653,25.055555555555554,0.8,97.99999999999841
eval_at,"[0.01296456352636128, 5.308203991130821, 15, 133]",2.319614807225224,25.055555555555554,0.8,98.0999999999984
eval_at,"[0.012100259291270527, 5.108647450110865, 14, 128]",2.3491350906123842,25.055555555555554,0.8,98.1999999999984
eval_at,"[0.011235955056179775, 4.789356984478936, 13, 120]",2.3682396585605954,25.055555555555554,0.8,98.29999999999839
eval_at,"[0.00950734658599827, 4.430155210643016, 11, 111]",2.4004681798074814,25.055555555555554,0.8,98.39999999999839
eval_at,"[0.007778738115816767, 4.110864745011087, 9, 103]",2.4331858944440787,25.055555555555554,0.8,98.49999999999838
eval_at,"[0.006914433880726016, 3.87139689578714, 8, 97]",2.4781962910311357,25.055555555555554,0.8,98.59999999999837
eval_at,"[0.006050129645635264, 3.4323725055432375, 7, 86]",2.511051774972867,25.055555555555554,0.8,98.69999999999837
eval_at,"[0.005185825410544511, 3.1529933481152996, 6, 79]",2.5548557174115936,25.055555555555554,0.8,98.79999999999836
eval_at,"[0.005185825410544511, 2.753880266075388, 6, 69]",2.6022296716881286,25.055555555555554,0.8,98.89999999999836
eval_at,"[0.005185825410544511, 2.7139689578713972, 6, 68]",2.6652115303130084,25.055555555555554,0.8,98.99999999999835
eval_at,"[0.005185825410544511, 2.5144124168514415, 6, 63]",2.7256222660403786,25.055555555555554,0.8,99.09999999999835
eval_at,"[0.005185825410544511, 2.2749445676274944, 6, 57]",2.7903163696578184,25.055555555555554,0.8,99.19999999999834
eval_at,"[0.00432152117545376, 2.035476718403548, 5, 51]",2.8745443288802828,25.055555555555554,0.8,99.29999999999833
eval_at,"[0.0025929127052722557, 1.9157427937915745, 3, 48]",2.9863956804133083,25.055555555555554,0.8,99.39999999999833
eval_at,"[0.001728608470181504, 1.7161862527716187, 2, 43]",3.071946957344673,25.055555555555554,0.8,99.49999999999832
eval_at,"[0.001728608470181504, 1.3968957871396896, 2, 35]",3.1860496517505577,25.055555555555554,0.8,99.59999999999832
eval_at,"[0.001728608470181504, 1.1574279379157428, 2, 29]",3.282197367528091,25.055555555555554,0.8,99.69999999999831
eval_at,"[0.000864304235090752, 0.8381374722838139, 1, 21]",3.4753785534323214,25.055555555555554,0.8,99.7999999999983
eval_at,"[0.0, 0.4390243902439025, 0, 11]",3.726168684449525,25.055555555555554,0.8,99.8999999999983
eval_at,"[0.20743301642178047, 42.58536585365854, 240, 1067]",0.6885207162543585,25.055555555555554,0.9,70.0
eval_at,"[0.2065687121866897, 42.425720620842576, 239, 1063]",0.6926576086769253,25.055555555555554,0.9,70.1
eval_at,"[0.20570440795159897, 42.465631929046566, 238, 1064]",0.6958644218754859,25.055555555555554,0.9,70.19999999999999
eval_at,"[0.2031114952463267, 42.385809312638585, 235, 1062]",0.6990080924686713,25.055555555555554,0.9,70.29999999999998
eval_at,"[0.20224719101123595, 42.425720620842576, 234, 1063]",0.7026132937340364,25.055555555555554,0.9,70.39999999999998
eval_at,"[0.20397579948141745, 42.425720620842576, 236, 1063]",0.7061835890153861,25.055555555555554,0.9,70.49999999999997
eval_at,"[0.20224719101123595, 42.266075388026614, 234, 1059]",0.7099633079308403,25.055555555555554,0.9,70.59999999999997
eval_at,"[0.20051858254105445, 42.266075388026614, 232, 1059]",0.7137704564995173,25.055555555555554,0.9,70.69999999999996
eval_at,"[0.1996542783059637, 42.266075388026614, 231, 1059]",0.7183655016519648,25.055555555555554,0.9,70.79999999999995
eval_at,"[0.20051858254105445, 42.146341463414636, 232, 1056]",0.7224176175504755,25.055555555555554,0.9,70.89999999999995
eval_at,"[0.1996542783059637, 42.066518847006655, 231, 1054]",0.7257606577411205,25.055555555555554,0.9,70.99999999999994
eval_at,"[0.20051858254105445, 42.106430155210646, 232, 1055]",0.7298526643888306,25.055555555555554,0.9,71.09999999999994
eval_at,"[0.20138288677614521, 42.186252771618626, 233, 1057]",0.7337706576105568,25.055555555555554,0.9,71.19999999999993
eval_at,"[0.20138288677614521, 41.986696230598675, 233, 1052]",0.7374156245260851,25.055555555555554,0.9,71.29999999999993
eval_at,"[0.20224719101123595, 41.906873614190694, 234, 1050]",0.7409005440517389,25.055555555555554,0.9,71.39999999999992
eval_at,"[0.20138288677614521, 41.827050997782706, 233, 1048]",0.744852104489706,25.055555555555554,0.9,71.49999999999991
eval_at,"[0.20138288677614521, 41.787139689578716, 233, 1047]",0.7501985700254139,25.055555555555554,0.9,71.59999999999991
eval_at,"[0.1996542783059637, 41.906873614190694, 231, 1050]",0.7541405212017721,25.055555555555554,0.9,71.6999999999999
eval_at,"[0.20051858254105445, 41.986696230598675, 232, 1052]",0.7579977972425833,25.055555555555554,0.9,71.7999999999999
eval_at,"[0.20051858254105445, 42.026607538802665, 232, 1053]",0.7615590622850773,25.055555555555554,0.9,71.89999999999989
eval_at,"[0.1996542783059637, 41.866962305986696, 231, 1049]",0.764960096445013,25.055555555555554,0.9,71.99999999999989
eval_at,"[0.1996542783059637, 41.866962305986696, 231, 1049]",0.7685079798199489,25.055555555555554,0.9,72.09999999999988
eval_at,"[0.1996542783059637, 41.707317073170735, 231, 1045]",0.7727031992884071,25.055555555555554,0.9,72.19999999999987
eval_at,"[0.19706136560069146, 41.627494456762754, 228, 1043]",0.7762999153808248,25.055555555555554,0.9,72.29999999999987
eval_at,"[0.19706136560069146, 41.547671840354774, 228, 1041]",0.7810918002838723,25.055555555555554,0.9,72.39999999999986
eval_at,"[0.19706136560069146, 41.507760532150776, 228, 1040]",0.7855387448091158,25.055555555555554,0.9,72.49999999999986
eval_at,"[0.19360414866032843, 41.507760532150776, 224, 1040]",0.7887883077076088,25.055555555555554,0.9,72.59999999999985
eval_at,"[0.19273984442523767, 41.228381374722844, 223, 1033]",0.7917814414139046,25.055555555555554,0.9,72.69999999999985
eval_at,"[0.19014693171996544, 41.068736141906875, 220, 1029]",0.795694688551501,25.055555555555554,0.9,72.79999999999984
eval_at,"[0.19014693171996544, 40.949002217294904, 220, 1026]",0.798192066718594,25.055555555555554,0.9,72.89999999999984
eval_at,"[0.18928262748487468, 40.82926829268293, 219, 1023]",0.8023918567448263,25.055555555555554,0.9,72.99999999999983
eval_at,"[0.18841832324978391, 40.749445676274945, 218, 1021]",0.8054836576934657,25.055555555555554,0.9,73.09999999999982
eval_at,"[0.18841832324978391, 40.949002217294904, 218, 1026]",0.8086591247695833,25.055555555555554,0.9,73.19999999999982
eval_at,"[0.18582541054451165, 40.82926829268293, 215, 1023]",0.8119100793594273,25.055555555555554,0.9,73.29999999999981
eval_at,"[0.18496110630942092, 40.82926829268293, 214, 1023]",0.8158504265209243,25.055555555555554,0.9,73.3999999999998
eval_at,"[0.18496110630942092, 40.709534368070955, 214, 1020]",0.8196505868849914,25.055555555555554,0.9,73.4999999999998
eval_at,"[0.18496110630942092, 40.669623059866964, 214, 1019]",0.8232423429416945,25.055555555555554,0.9,73.5999999999998
eval_at,"[0.18582541054451165, 40.47006651884701, 215, 1014]",0.8276737816302159,25.055555555555554,0.9,73.69999999999979
eval_at,"[0.18582541054451165, 40.509977827051, 215, 1015]",0.8314541329761187,25.055555555555554,0.9,73.79999999999978
eval_at,"[0.18582541054451165, 40.270509977827054, 215, 1009]",0.8350558943448149,25.055555555555554,0.9,73.89999999999978
eval_at,"[0.18496110630942092, 40.15077605321508, 214, 1006]",0.8381732135983989,25.055555555555554,0.9,73.99999999999977
eval_at,"[0.18496110630942092, 40.310421286031044, 214, 1010]",0.8419941425586706,25.055555555555554,0.9,74.09999999999977
eval_at,"[0.18496110630942092, 40.509977827051, 214, 1015]",0.8462672032690646,25.055555555555554,0.9,74.19999999999976
eval_at,"[0.18236819360414866, 40.47006651884701, 211, 1014]",0.8487103762557096,25.055555555555554,0.9,74.29999999999976
eval_at,"[0.1797752808988764, 40.23059866962306, 208, 1008]",0.8522215264186523,25.055555555555554,0.9,74.39999999999975
eval_at,"[0.1780466724286949, 40.031042128603104, 206, 1003]",0.8559927660667479,25.055555555555554,0.9,74.49999999999974
eval_at,"[0.17718236819360414, 39.91130820399113, 205, 1000]",0.8601540712272453,25.055555555555554,0.9,74.59999999999974
eval_at,"[0.17718236819360414, 39.87139689578714, 205, 999]",0.8639143827337349,25.055555555555554,0.9,74.69999999999973
eval_at,"[0.1780466724286949, 39.87139689578714, 206, 999]",0.8682963300509273,25.055555555555554,0.9,74.79999999999973
eval_at,"[0.17718236819360414, 39.83148558758315, 205, 998]",0.8728512024479207,25.055555555555554,0.9,74.89999999999972
eval_at,"[0.17718236819360414, 39.75166297117517, 205, 996]",0.8770988970163711,25.055555555555554,0.9,74.99999999999972
eval_at,"[0.17718236819360414, 39.71175166297118, 205, 995]",0.8817379525408781,25.055555555555554,0.9,75.09999999999971
eval_at,"[0.17718236819360414, 39.71175166297118, 205, 995]",0.8848240328785592,25.055555555555554,0.9,75.1999999999997
eval_at,"[0.17545375972342264, 39.71175166297118, 203, 995]",0.8884189941656601,25.055555555555554,0.9,75.2999999999997
eval_at,"[0.17372515125324114, 39.631929046563194, 201, 993]",0.893517743749872,25.055555555555554,0.9,75.3999999999997
eval_at,"[0.17372515125324114, 39.51219512195122, 201, 990]",0.8969600693059847,25.055555555555554,0.9,75.49999999999969
eval_at,"[0.17372515125324114, 39.43237250554324, 201, 988]",0.9022534332585445,25.055555555555554,0.9,75.59999999999968
eval_at,"[0.17199654278305965, 39.39246119733925, 199, 987]",0.906188942202089,25.055555555555554,0.9,75.69999999999968
eval_at,"[0.1694036300777874, 39.1529933481153, 196, 981]",0.9101060151881478,25.055555555555554,0.9,75.79999999999967
eval_at,"[0.17113223854796888, 39.07317073170732, 198, 979]",0.9130501460810533,25.055555555555554,0.9,75.89999999999966
eval_at,"[0.17026793431287812, 38.87361419068736, 197, 974]",0.9177103768151881,25.055555555555554,0.9,75.99999999999966
eval_at,"[0.17026793431287812, 38.83370288248337, 197, 973]",0.9213575954128072,25.055555555555554,0.9,76.09999999999965
eval_at,"[0.16853932584269662, 38.7139689578714, 195, 970]",0.9245167208611861,25.055555555555554,0.9,76.19999999999965
eval_at,"[0.1676750216076059, 38.63414634146342, 194, 968]",0.9292611132081118,25.055555555555554,0.9,76.29999999999964
eval_at,"[0.16508210890233363, 38.63414634146342, 191, 968]",0.9346815682184481,25.055555555555554,0.9,76.39999999999964
eval_at,"[0.16421780466724287, 38.7139689578714, 190, 970]",0.9399240286768519,25.055555555555554,0.9,76.49999999999963
eval_at,"[0.16421780466724287, 38.67405764966741, 190, 969]",0.9435568575047157,25.055555555555554,0.9,76.59999999999962
eval_at,"[0.16421780466724287, 38.47450110864745, 190, 964]",0.9477171032467231,25.055555555555554,0.9,76.69999999999962
eval_at,"[0.16508210890233363, 38.67405764966741, 191, 969]",0.9520453049081864,25.055555555555554,0.9,76.79999999999961
eval_at,"[0.16421780466724287, 38.67405764966741, 190, 969]",0.9572057517003258,25.055555555555554,0.9,76.89999999999961
eval_at,"[0.16421780466724287, 38.59423503325942, 190, 967]",0.9613369578206699,25.055555555555554,0.9,76.9999999999996
eval_at,"[0.1633535004321521, 38.47450110864745, 189, 964]",0.9656794732305317,25.055555555555554,0.9,77.0999999999996
eval_at,"[0.1616248919619706, 38.11529933481153, 187, 955]",0.969836941827152,25.055555555555554,0.9,77.19999999999959
eval_at,"[0.16076058772687987, 38.19512195121951, 186, 957]",0.9745950542327432,25.055555555555554,0.9,77.29999999999959
eval_at,"[0.1616248919619706, 38.31485587583149, 187, 960]",0.978481931436814,25.055555555555554,0.9,77.39999999999958
eval_at,"[0.1616248919619706, 38.19512195121951, 187, 957]",0.9832896944084325,25.055555555555554,0.9,77.49999999999957
eval_at,"[0.16076058772687987, 38.15521064301552, 186, 956]",0.9872547252393131,25.055555555555554,0.9,77.59999999999957
eval_at,"[0.16076058772687987, 38.07538802660754, 186, 954]",0.990831586862767,25.055555555555554,0.9,77.69999999999956
eval_at,"[0.1598962834917891, 37.99556541019956, 185, 952]",0.9946932913001038,25.055555555555554,0.9,77.79999999999956
eval_at,"[0.15730337078651685, 37.87583148558759, 182, 949]",0.9988130370846419,25.055555555555554,0.9,77.89999999999955
eval_at,"[0.15643906655142611, 37.83592017738359, 181, 948]",1.0030083138897332,25.055555555555554,0.9,77.99999999999955
eval_at,"[0.15557476231633535, 37.63636363636364, 180, 943]",1.0066093191686776,25.055555555555554,0.9,78.09999999999954
eval_at,"[0.15384615384615385, 37.59645232815965, 178, 942]",1.0107765014732488,25.055555555555554,0.9,78.19999999999953
eval_at,"[0.15038893690579083, 37.31707317073171, 174, 935]",1.0153337167875636,25.055555555555554,0.9,78.29999999999953
eval_at,"[0.15038893690579083, 37.11751662971175, 174, 930]",1.0195139439654943,25.055555555555554,0.9,78.39999999999952
eval_at,"[0.15038893690579083, 36.95787139689579, 174, 926]",1.0238312007562314,25.055555555555554,0.9,78.49999999999952
eval_at,"[0.14866032843560933, 36.75831485587583, 172, 921]",1.027567942479955,25.055555555555554,0.9,78.59999999999951
eval_at,"[0.14866032843560933, 36.79822616407983, 172, 922]",1.0313776916339863,25.055555555555554,0.9,78.6999999999995
eval_at,"[0.14779602420051857, 36.71840354767184, 171, 920]",1.0353716990804696,25.055555555555554,0.9,78.7999999999995
eval_at,"[0.14693171996542784, 36.71840354767184, 170, 920]",1.0385852122001211,25.055555555555554,0.9,78.8999999999995
eval_at,"[0.14606741573033707, 36.75831485587583, 169, 921]",1.0436630118161763,25.055555555555554,0.9,78.99999999999949
eval_at,"[0.14606741573033707, 36.63858093126386, 169, 918]",1.0473273692057972,25.055555555555554,0.9,79.09999999999948
eval_at,"[0.14520311149524634, 36.55875831485588, 168, 916]",1.0514778856724516,25.055555555555554,0.9,79.19999999999948
eval_at,"[0.14433880726015558, 36.51884700665189, 167, 915]",1.0559175740798599,25.055555555555554,0.9,79.29999999999947
eval_at,"[0.14347450302506481, 36.27937915742794, 166, 909]",1.0604618693176437,25.055555555555554,0.9,79.39999999999947
eval_at,"[0.14347450302506481, 36.23946784922395, 166, 908]",1.0643220841278247,25.055555555555554,0.9,79.49999999999946
eval_at,"[0.14261019878997408, 36.039911308204, 165, 903]",1.068126628165341,25.055555555555554,0.9,79.59999999999945
eval_at,"[0.14174589455488332, 35.92017738359202, 164, 900]",1.0727578153890558,25.055555555555554,0.9,79.69999999999945
eval_at,"[0.14088159031979255, 35.80044345898005, 163, 897]",1.0780082554244867,25.055555555555554,0.9,79.79999999999944
eval_at,"[0.14174589455488332, 35.72062084257207, 164, 895]",1.0812536567745745,25.055555555555554,0.9,79.89999999999944
eval_at,"[0.14001728608470182, 35.68070953436808, 162, 894]",1.0854357734122162,25.055555555555554,0.9,79.99999999999943
eval_at,"[0.13828867761452032, 35.44124168514413, 160, 888]",1.0900894541185593,25.055555555555554,0.9,80.09999999999943
eval_at,"[0.13742437337942956, 35.32150776053216, 159, 885]",1.094257161568233,25.055555555555554,0.9,80.19999999999942
eval_at,"[0.1365600691443388, 35.00221729490023, 158, 877]",1.0981650550899071,25.055555555555554,0.9,80.29999999999941
eval_at,"[0.13569576490924806, 34.80266075388027, 157, 872]",1.1032247661587369,25.055555555555554,0.9,80.39999999999941
eval_at,"[0.1348314606741573, 34.72283813747229, 156, 870]",1.1080488362159284,25.055555555555554,0.9,80.4999999999994
eval_at,"[0.1348314606741573, 34.64301552106431, 156, 868]",1.1121730473664198,25.055555555555554,0.9,80.5999999999994
eval_at,"[0.13396715643906656, 34.603104212860316, 155, 867]",1.115817497542015,25.055555555555554,0.9,80.69999999999939
eval_at,"[0.1331028522039758, 34.603104212860316, 154, 867]",1.1202151517363603,25.055555555555554,0.9,80.79999999999939
eval_at,"[0.1331028522039758, 34.48337028824834, 154, 864]",1.1245826246042727,25.055555555555554,0.9,80.89999999999938
eval_at,"[0.13223854796888504, 34.32372505543238, 153, 860]",1.1287097974301823,25.055555555555554,0.9,80.99999999999937
eval_at,"[0.13223854796888504, 34.283813747228386, 153, 859]",1.1331322690239296,25.055555555555554,0.9,81.09999999999937
eval_at,"[0.1313742437337943, 34.32372505543238, 152, 860]",1.1383871168869957,25.055555555555554,0.9,81.19999999999936
eval_at,"[0.1313742437337943, 34.283813747228386, 152, 859]",1.1438166772162222,25.055555555555554,0.9,81.29999999999936
eval_at,"[0.12964563526361278, 34.243902439024396, 150, 858]",1.1478512431427799,25.055555555555554,0.9,81.39999999999935
eval_at,"[0.12964563526361278, 34.2039911308204, 150, 857]",1.1519585457505959,25.055555555555554,0.9,81.49999999999935
eval_at,"[0.12878133102852204, 34.08425720620843, 149, 854]",1.1558417825180805,25.055555555555554,0.9,81.59999999999934
eval_at,"[0.12791702679343128, 34.04434589800444, 148, 853]",1.159279003860084,25.055555555555554,0.9,81.69999999999933
eval_at,"[0.12705272255834055, 34.12416851441242, 147, 855]",1.1650477698258732,25.055555555555554,0.9,81.79999999999933
eval_at,"[0.12359550561797752, 34.00443458980045, 143, 852]",1.169199100708334,25.055555555555554,0.9,81.89999999999932
eval_at,"[0.12273120138288678, 34.00443458980045, 142, 852]",1.173323483765021,25.055555555555554,0.9,81.99999999999932
eval_at,"[0.12273120138288678, 33.844789356984485, 142, 848]",1.1773461000494967,25.055555555555554,0.9,82.09999999999931
eval_at,"[0.12273120138288678, 33.7649667405765, 142, 846]",1.1826051132172375,25.055555555555554,0.9,82.1999999999993
eval_at,"[0.12273120138288678, 33.605321507760536, 142, 842]",1.1876040819994163,25.055555555555554,0.9,82.2999999999993
eval_at,"[0.12273120138288678, 33.36585365853659, 142, 836]",1.1922015181288899,25.055555555555554,0.9,82.3999999999993
eval_at,"[0.12273120138288678, 33.206208425720625, 142, 832]",1.1962403686300513,25.055555555555554,0.9,82.49999999999929
eval_at,"[0.12100259291270528, 33.166297117516635, 140, 831]",1.2009884919333067,25.055555555555554,0.9,82.59999999999928
eval_at,"[0.12013828867761452, 33.166297117516635, 139, 831]",1.205597191946427,25.055555555555554,0.9,82.69999999999928
eval_at,"[0.12100259291270528, 33.04656319290466, 140, 828]",1.209129303112045,25.055555555555554,0.9,82.79999999999927
eval_at,"[0.11927398444252377, 32.807095343680714, 138, 822]",1.2129787799740244,25.055555555555554,0.9,82.89999999999927
eval_at,"[0.11840968020743302, 32.72727272727273, 137, 820]",1.2163624866842706,25.055555555555554,0.9,82.99999999999926
eval_at,"[0.11927398444252377, 32.647450110864746, 138, 818]",1.2206358646960256,25.055555555555554,0.9,83.09999999999926
eval_at,"[0.11754537597234227, 32.687361419068736, 136, 819]",1.2237686897832367,25.055555555555554,0.9,83.19999999999925
eval_at,"[0.11495246326707001, 32.368070953436806, 133, 811]",1.2280788306179524,25.055555555555554,0.9,83.29999999999924
eval_at,"[0.11495246326707001, 32.288248337028826, 133, 809]",1.2338902650904389,25.055555555555554,0.9,83.39999999999924
eval_at,"[0.11581676750216076, 32.128603104212864, 134, 805]",1.2381398526818572,25.055555555555554,0.9,83.49999999999923
eval_at,"[0.11495246326707001, 32.008869179600886, 133, 802]",1.2421178376775976,25.055555555555554,0.9,83.59999999999923
eval_at,"[0.11581676750216076, 31.92904656319291, 134, 800]",1.2460886037220675,25.055555555555554,0.9,83.69999999999922
eval_at,"[0.11581676750216076, 31.769401330376944, 134, 796]",1.2515743818849039,25.055555555555554,0.9,83.79999999999922
eval_at,"[0.11408815903197926, 31.72949002217295, 132, 795]",1.2559920681520251,25.055555555555554,0.9,83.89999999999921
eval_at,"[0.11235955056179775, 31.64966740576497, 130, 793]",1.2613844354366432,25.055555555555554,0.9,83.9999999999992
eval_at,"[0.11063094209161625, 31.490022172949004, 128, 789]",1.2667903154914375,25.055555555555554,0.9,84.0999999999992
eval_at,"[0.10890233362143474, 31.450110864745014, 126, 788]",1.2714744938338103,25.055555555555554,0.9,84.19999999999919
eval_at,"[0.10890233362143474, 31.33037694013304, 126, 785]",1.2762549499637785,25.055555555555554,0.9,84.29999999999919
eval_at,"[0.10717372515125324, 31.130820399113084, 124, 780]",1.2803152804033142,25.055555555555554,0.9,84.39999999999918
eval_at,"[0.1063094209161625, 31.130820399113084, 123, 780]",1.283657208529436,25.055555555555554,0.9,84.49999999999918
eval_at,"[0.10458081244598098, 31.090909090909093, 121, 779]",1.288771836366133,25.055555555555554,0.9,84.59999999999917
eval_at,"[0.10371650821089023, 30.97117516629712, 120, 776]",1.2918874689307587,25.055555555555554,0.9,84.69999999999916
eval_at,"[0.10285220397579949, 30.691796008869183, 119, 769]",1.296423334316501,25.055555555555554,0.9,84.79999999999916
eval_at,"[0.10285220397579949, 30.811529933481154, 119, 772]",1.3017802839590693,25.055555555555554,0.9,84.89999999999915
eval_at,"[0.10198789974070872, 30.532150776053218, 118, 765]",1.3070416364506594,25.055555555555554,0.9,84.99999999999915
eval_at,"[0.10025929127052723, 30.492239467849227, 116, 764]",1.3108760530140644,25.055555555555554,0.9,85.09999999999914
eval_at,"[0.09939498703543648, 30.332594235033262, 115, 760]",1.3161420566597755,25.055555555555554,0.9,85.19999999999914
eval_at,"[0.09939498703543648, 30.133037694013307, 115, 755]",1.3195435660603438,25.055555555555554,0.9,85.29999999999913
eval_at,"[0.09680207433016422, 29.973392461197342, 112, 751]",1.3238817928184676,25.055555555555554,0.9,85.39999999999912
eval_at,"[0.09593777009507347, 29.733924611973396, 111, 745]",1.3280761239402274,25.055555555555554,0.9,85.49999999999912
eval_at,"[0.09420916162489196, 29.694013303769403, 109, 744]",1.3329151039096268,25.055555555555554,0.9,85.59999999999911
eval_at,"[0.09248055315471046, 29.654101995565412, 107, 743]",1.338080716563718,25.055555555555554,0.9,85.69999999999911
eval_at,"[0.09248055315471046, 29.414634146341466, 107, 737]",1.3433561442722926,25.055555555555554,0.9,85.7999999999991
eval_at,"[0.09248055315471046, 29.334811529933482, 107, 735]",1.3483589913721103,25.055555555555554,0.9,85.8999999999991
eval_at,"[0.09248055315471046, 29.294900221729492, 107, 734]",1.3536325284969193,25.055555555555554,0.9,85.99999999999909
eval_at,"[0.09075194468452895, 29.334811529933482, 105, 735]",1.3581710349793676,25.055555555555554,0.9,86.09999999999908
eval_at,"[0.09248055315471046, 29.135254988913527, 107, 730]",1.3626368191058964,25.055555555555554,0.9,86.19999999999908
eval_at,"[0.09248055315471046, 28.93569844789357, 107, 725]",1.3669665256806653,25.055555555555554,0.9,86.29999999999907
eval_at,"[0.09161624891961971, 28.736141906873616, 106, 720]",1.3716318093686568,25.055555555555554,0.9,86.39999999999907
eval_at,"[0.09075194468452895, 28.85587583148559, 105, 723]",1.3756558225087703,25.055555555555554,0.9,86.49999999999906
eval_at,"[0.0898876404494382, 28.736141906873616, 104, 720]",1.3798516244470576,25.055555555555554,0.9,86.59999999999906
eval_at,"[0.08902333621434745, 28.53658536585366, 103, 715]",1.3845330074684157,25.055555555555554,0.9,86.69999999999905
eval_at,"[0.0881590319792567, 28.337028824833705, 102, 710]",1.3893008095430042,25.055555555555554,0.9,86.79999999999905
eval_at,"[0.0881590319792567, 28.21729490022173, 102, 707]",1.394672835014646,25.055555555555554,0.9,86.89999999999904
eval_at,"[0.08902333621434745, 27.977827050997785, 103, 701]",1.3995683970324135,25.055555555555554,0.9,86.99999999999903
eval_at,"[0.0881590319792567, 27.85809312638581, 102, 698]",1.406340538088892,25.055555555555554,0.9,87.09999999999903
eval_at,"[0.0881590319792567, 27.618625277161865, 102, 692]",1.4110568118175466,25.055555555555554,0.9,87.19999999999902
eval_at,"[0.0881590319792567, 27.618625277161865, 102, 692]",1.4169430582797955,25.055555555555554,0.9,87.29999999999902
eval_at,"[0.08729472774416594, 27.49889135254989, 101, 689]",1.4215291261923682,25.055555555555554,0.9,87.39999999999901
eval_at,"[0.08556611927398444, 27.339246119733925, 99, 685]",1.425172927837194,25.055555555555554,0.9,87.499999999999
eval_at,"[0.0847018150388937, 26.980044345898005, 98, 676]",1.4296507704174855,25.055555555555554,0.9,87.599999999999
eval_at,"[0.08297320656871218, 26.820399113082043, 96, 672]",1.4330042564463754,25.055555555555554,0.9,87.699999999999
eval_at,"[0.08210890233362143, 26.70066518847007, 95, 669]",1.4386194298390098,25.055555555555554,0.9,87.79999999999899
eval_at,"[0.08297320656871218, 26.461197339246123, 96, 663]",1.4437638627242377,25.055555555555554,0.9,87.89999999999898
eval_at,"[0.08210890233362143, 26.261640798226168, 95, 658]",1.4502585916587902,25.055555555555554,0.9,87.99999999999898
eval_at,"[0.08210890233362143, 26.101995565410203, 95, 654]",1.4555807595828316,25.055555555555554,0.9,88.09999999999897
eval_at,"[0.08124459809853068, 25.982261640798228, 94, 651]",1.4617349166710503,25.055555555555554,0.9,88.19999999999897
eval_at,"[0.08038029386343994, 25.902439024390247, 93, 649]",1.4662628846051076,25.055555555555554,0.9,88.29999999999896
eval_at,"[0.07951598962834917, 25.782705099778273, 92, 646]",1.4715172175060693,25.055555555555554,0.9,88.39999999999895
eval_at,"[0.07865168539325842, 25.702882483370292, 91, 644]",1.4772446979601912,25.055555555555554,0.9,88.49999999999895
eval_at,"[0.07865168539325842, 25.543237250554327, 91, 640]",1.4829715895805526,25.055555555555554,0.9,88.59999999999894
eval_at,"[0.07865168539325842, 25.34368070953437, 91, 635]",1.4893456634179074,25.055555555555554,0.9,88.69999999999894
eval_at,"[0.07865168539325842, 24.98447893569845, 91, 626]",1.4953937399992328,25.055555555555554,0.9,88.79999999999893
eval_at,"[0.07865168539325842, 24.944567627494457, 91, 625]",1.5012146208723065,25.055555555555554,0.9,88.89999999999893
eval_at,"[0.07865168539325842, 24.864745011086477, 91, 623]",1.5073306345570945,25.055555555555554,0.9,88.99999999999892
eval_at,"[0.07951598962834917, 24.66518847006652, 92, 618]",1.5127164016629011,25.055555555555554,0.9,89.09999999999891
eval_at,"[0.08038029386343994, 24.545454545454547, 93, 615]",1.5167282561548492,25.055555555555554,0.9,89.19999999999891
eval_at,"[0.08038029386343994, 24.26607538802661, 93, 608]",1.521334408210579,25.055555555555554,0.9,89.2999999999989
eval_at,"[0.08038029386343994, 24.02660753880266, 93, 602]",1.526282028867519,25.055555555555554,0.9,89.3999999999989
eval_at,"[0.08038029386343994, 23.98669623059867, 93, 601]",1.5339618483395305,25.055555555555554,0.9,89.49999999999889
eval_at,"[0.08038029386343994, 23.866962305986696, 93, 598]",1.540119930143952,25.055555555555554,0.9,89.59999999999889
eval_at,"[0.07951598962834917, 23.747228381374725, 92, 595]",1.5454603102834379,25.055555555555554,0.9,89.69999999999888
eval_at,"[0.07778738115816768, 23.467849223946786, 90, 588]",1.5509773541028269,25.055555555555554,0.9,89.79999999999887
eval_at,"[0.07778738115816768, 23.30820399113082, 90, 584]",1.5558517583021594,25.055555555555554,0.9,89.89999999999887
eval_at,"[0.07605877268798616, 22.9490022172949, 88, 575]",1.563156572654993,25.055555555555554,0.9,89.99999999999886
eval_at,"[0.07605877268798616, 22.709534368070955, 88, 569]",1.5679830689484897,25.055555555555554,0.9,90.09999999999886
eval_at,"[0.07519446845289542, 22.310421286031044, 87, 559]",1.5768416141274924,25.055555555555554,0.9,90.19999999999885
eval_at,"[0.07346585998271392, 22.230598669623063, 85, 557]",1.5848452320883126,25.055555555555554,0.9,90.29999999999885
eval_at,"[0.07433016421780467, 22.031042128603104, 86, 552]",1.5901180075092103,25.055555555555554,0.9,90.39999999999884
eval_at,"[0.07346585998271392, 21.991130820399114, 85, 551]",1.594644689322971,25.055555555555554,0.9,90.49999999999883
eval_at,"[0.07087294727744166, 21.83148558758315, 82, 547]",1.6014560767168116,25.055555555555554,0.9,90.59999999999883
eval_at,"[0.07000864304235091, 21.79157427937916, 81, 546]",1.6067680296339433,25.055555555555554,0.9,90.69999999999882
eval_at,"[0.0682800345721694, 21.75166297117517, 79, 545]",1.6119014979090693,25.055555555555554,0.9,90.79999999999882
eval_at,"[0.0682800345721694, 21.592017738359203, 79, 541]",1.618011296675255,25.055555555555554,0.9,90.89999999999881
eval_at,"[0.0682800345721694, 21.352549889135258, 79, 535]",1.6230235277438219,25.055555555555554,0.9,90.9999999999988
eval_at,"[0.06741573033707865, 21.232815964523283, 78, 532]",1.628408062785317,25.055555555555554,0.9,91.0999999999988
eval_at,"[0.06741573033707865, 20.993348115299337, 78, 526]",1.6349735535117427,25.055555555555554,0.9,91.1999999999988
eval_at,"[0.06568712186689715, 20.953436807095347, 76, 525]",1.6432624766254702,25.055555555555554,0.9,91.29999999999879
eval_at,"[0.06568712186689715, 20.793791574279382, 76, 521]",1.6494858935451278,25.055555555555554,0.9,91.39999999999878
eval_at,"[0.06568712186689715, 20.594235033259427, 76, 516]",1.6563254302474502,25.055555555555554,0.9,91.49999999999878
eval_at,"[0.06568712186689715, 20.394678492239468, 76, 511]",1.6634558341651922,25.055555555555554,0.9,91.59999999999877
eval_at,"[0.06482281763180639, 20.195121951219512, 75, 506]",1.6716074124590912,25.055555555555554,0.9,91.69999999999877
eval_at,"[0.06568712186689715, 20.03547671840355, 76, 502]",1.6776628968771143,25.055555555555554,0.9,91.79999999999876
eval_at,"[0.06482281763180639, 19.835920177383592, 75, 497]",1.6865852956178686,25.055555555555554,0.9,91.89999999999876
eval_at,"[0.06309420916162489, 19.556541019955656, 73, 490]",1.6959138852948186,25.055555555555554,0.9,91.99999999999875
eval_at,"[0.058772687986171135, 19.277161862527716, 68, 483]",1.702860740970782,25.055555555555554,0.9,92.09999999999874
eval_at,"[0.058772687986171135, 19.157427937915745, 68, 480]",1.7081071137267214,25.055555555555554,0.9,92.19999999999874
eval_at,"[0.05704407951598963, 18.95787139689579, 66, 475]",1.712937710359423,25.055555555555554,0.9,92.29999999999873
eval_at,"[0.05704407951598963, 18.758314855875835, 66, 470]",1.7210515285308863,25.055555555555554,0.9,92.39999999999873
eval_at,"[0.055315471045808126, 18.558758314855876, 64, 465]",1.7270755589851141,25.055555555555554,0.9,92.49999999999872
eval_at,"[0.055315471045808126, 18.59866962305987, 64, 466]",1.7327801359158594,25.055555555555554,0.9,92.59999999999872
eval_at,"[0.05445116681071737, 18.27937915742794, 63, 458]",1.7423879900725168,25.055555555555554,0.9,92.69999999999871
eval_at,"[0.052722558340535866, 18.039911308203994, 61, 452]",1.7509511498758787,25.055555555555554,0.9,92.7999999999987
eval_at,"[0.05185825410544512, 17.88026607538803, 60, 448]",1.758770267642331,25.055555555555554,0.9,92.8999999999987
eval_at,"[0.05099394987035436, 17.800443458980045, 59, 446]",1.7663738257335444,25.055555555555554,0.9,92.99999999999869
eval_at,"[0.05099394987035436, 17.60088691796009, 59, 441]",1.7733211009228065,25.055555555555554,0.9,93.09999999999869
eval_at,"[0.05012964563526361, 17.082039911308204, 58, 428]",1.779170392154391,25.055555555555554,0.9,93.19999999999868
eval_at,"[0.049265341400172864, 16.84257206208426, 57, 422]",1.7859924624730261,25.055555555555554,0.9,93.29999999999868
eval_at,"[0.049265341400172864, 16.762749445676278, 57, 420]",1.793670311986902,25.055555555555554,0.9,93.39999999999867
eval_at,"[0.04840103716508211, 16.52328159645233, 56, 414]",1.802399386257753,25.055555555555554,0.9,93.49999999999866
eval_at,"[0.04840103716508211, 16.164079822616408, 56, 405]",1.8121420497495035,25.055555555555554,0.9,93.59999999999866
eval_at,"[0.045808124459809856, 15.685144124168515, 53, 393]",1.820578888984914,25.055555555555554,0.9,93.69999999999865
eval_at,"[0.045808124459809856, 15.565410199556542, 53, 390]",1.8293877397448575,25.055555555555554,0.9,93.79999999999865
eval_at,"[0.045808124459809856, 15.365853658536587, 53, 385]",1.8381511321178827,25.055555555555554,0.9,93.89999999999864
eval_at,"[0.045808124459809856, 15.126385809312639, 53, 379]",1.846394332684834,25.055555555555554,0.9,93.99999999999864
eval_at,"[0.04407951598962835, 15.006651884700666, 51, 376]",1.8536020232170747,25.055555555555554,0.9,94.09999999999863
eval_at,"[0.043215211754537596, 14.727272727272728, 50, 369]",1.8618026600311088,25.055555555555554,0.9,94.19999999999862
eval_at,"[0.04148660328435609, 14.487804878048781, 48, 363]",1.8708387435051788,25.055555555555554,0.9,94.29999999999862
eval_at,"[0.03889369057908384, 14.12860310421286, 45, 354]",1.8812214342252598,25.055555555555554,0.9,94.39999999999861
eval_at,"[0.03889369057908384, 13.929046563192905, 45, 349]",1.8914852919802798,25.055555555555554,0.9,94.49999999999861
eval_at,"[0.03889369057908384, 13.569844789356985, 45, 340]",1.9003501676734744,25.055555555555554,0.9,94.5999999999986
eval_at,"[0.03889369057908384, 13.250554323725057, 45, 332]",1.9098338361716993,25.055555555555554,0.9,94.6999999999986
eval_at,"[0.03802938634399308, 13.170731707317074, 44, 330]",1.9194413135734518,25.055555555555554,0.9,94.79999999999859
eval_at,"[0.03802938634399308, 12.811529933481154, 44, 321]",1.929577542024532,25.055555555555554,0.9,94.89999999999858
eval_at,"[0.037165082108902334, 12.611973392461199, 43, 316]",1.938891307003399,25.055555555555554,0.9,94.99999999999858
eval_at,"[0.036300777873811585, 12.452328159645234, 42, 312]",1.9506674309802148,25.055555555555554,0.9,95.09999999999857
eval_at,"[0.03457216940363008, 12.133037694013305, 40, 304]",1.9630831126421475,25.055555555555554,0.9,95.19999999999857
eval_at,"[0.033707865168539325, 12.01330376940133, 39, 301]",1.9732195672062924,25.055555555555554,0.9,95.29999999999856
eval_at,"[0.032843560933448576, 11.853658536585368, 38, 297]",1.983251156904469,25.055555555555554,0.9,95.39999999999856
eval_at,"[0.03111495246326707, 11.57427937915743, 36, 290]",1.9963515844927402,25.055555555555554,0.9,95.49999999999855
eval_at,"[0.03111495246326707, 11.454545454545455, 36, 287]",2.006210890105414,25.055555555555554,0.9,95.59999999999854
eval_at,"[0.029386343993085567, 11.29490022172949, 34, 283]",2.0193783059243144,25.055555555555554,0.9,95.69999999999854
eval_at,"[0.027657735522904063, 11.135254988913527, 32, 279]",2.03586005042449,25.055555555555554,0.9,95.79999999999853
eval_at,"[0.027657735522904063, 10.855875831485589, 32, 272]",2.0471238090967723,25.055555555555554,0.9,95.89999999999853
eval_at,"[0.027657735522904063, 10.616407982261642, 32, 266]",2.0652084406178663,25.055555555555554,0.9,95.99999999999852
eval_at,"[0.02679343128781331, 10.137472283813748, 31, 254]",2.0843960459574364,25.055555555555554,0.9,96.09999999999852
eval_at,"[0.027657735522904063, 9.778270509977828, 32, 245]",2.0947285648316556,25.055555555555554,0.9,96.19999999999851
eval_at,"[0.02679343128781331, 9.49889135254989, 31, 238]",2.1144394140952962,25.055555555555554,0.9,96.2999999999985
eval_at,"[0.02592912705272256, 9.379157427937917, 30, 235]",2.1311840189094924,25.055555555555554,0.9,96.3999999999985
eval_at,"[0.02592912705272256, 9.299334811529935, 30, 233]",2.1466650308629363,25.055555555555554,0.9,96.4999999999985
eval_at,"[0.025064822817631807, 8.980044345898005, 29, 225]",2.1595916542304865,25.055555555555554,0.9,96.59999999999849
eval_at,"[0.023336214347450302, 8.700665188470067, 27, 218]",2.173140964404442,25.055555555555554,0.9,96.69999999999848
eval_at,"[0.021607605877268798, 8.381374722838139, 25, 210]",2.1916567078737894,25.055555555555554,0.9,96.79999999999848
eval_at,"[0.020743301642178046, 8.141906873614191, 24, 204]",2.209341216056673,25.055555555555554,0.9,96.89999999999847
eval_at,"[0.020743301642178046, 7.782705099778271, 24, 195]",2.2315687558987776,25.055555555555554,0.9,96.99999999999847
eval_at,"[0.01901469317199654, 7.662971175166298, 22, 192]",2.2522479561789073,25.055555555555554,0.9,97.09999999999846
eval_at,"[0.018150388936905792, 7.503325942350333, 21, 188]",2.275602948758069,25.055555555555554,0.9,97.19999999999845
eval_at,"[0.018150388936905792, 7.343680709534369, 21, 184]",2.297818620719745,25.055555555555554,0.9,97.29999999999845
eval_at,"[0.015557476231633534, 7.02439024390244, 18, 176]",2.3194737962637353,25.055555555555554,0.9,97.39999999999844
eval_at,"[0.014693171996542784, 6.745011086474501, 17, 169]",2.3437558636921705,25.055555555555554,0.9,97.49999999999844
eval_at,"[0.016421780466724288, 6.545454545454546, 19, 164]",2.3652185962541092,25.055555555555554,0.9,97.59999999999843
eval_at,"[0.015557476231633534, 6.1862527716186255, 18, 155]",2.3837961226232114,25.055555555555554,0.9,97.69999999999843
eval_at,"[0.015557476231633534, 5.827050997782705, 18, 146]",2.4091349243734115,25.055555555555554,0.9,97.79999999999842
eval_at,"[0.014693171996542784, 5.587583148558759, 17, 140]",2.4374758207641967,25.055555555555554,0.9,97.89999999999841
eval_at,"[0.01296456352636128, 5.388026607538803, 15, 135]",2.466949046627015,25.055555555555554,0.9,97.99999999999841
eval_at,"[0.01296456352636128, 4.988913525498892, 15, 125]",2.496278198678828,25.055555555555554,0.9,98.0999999999984
eval_at,"[0.01296456352636128, 4.9490022172949, 15, 124]",2.516906081255791,25.055555555555554,0.9,98.1999999999984
eval_at,"[0.012100259291270527, 4.549889135254989, 14, 114]",2.546432843389832,25.055555555555554,0.9,98.29999999999839
eval_at,"[0.012100259291270527, 4.230598669623061, 14, 106]",2.5807252429650833,25.055555555555554,0.9,98.39999999999839
eval_at,"[0.012100259291270527, 3.87139689578714, 14, 97]",2.621911117386906,25.055555555555554,0.9,98.49999999999838
eval_at,"[0.007778738115816767, 3.5521064301552108, 9, 89]",2.6647144297069896,25.055555555555554,0.9,98.59999999999837
eval_at,"[0.006914433880726016, 3.272727272727273, 8, 82]",2.717842681243194,25.055555555555554,0.9,98.69999999999837
eval_at,"[0.006050129645635264, 3.073170731707317, 7, 77]",2.769342004795541,25.055555555555554,0.9,98.79999999999836
eval_at,"[0.006050129645635264, 2.8337028824833705, 7, 71]",2.8313289414178957,25.055555555555554,0.9,98.89999999999836
eval_at,"[0.006050129645635264, 2.5144124168514415, 7, 63]",2.925100980081138,25.055555555555554,0.9,98.99999999999835
eval_at,"[0.005185825410544511, 2.394678492239468, 6, 60]",2.9933886079767538,25.055555555555554,0.9,99.09999999999835
eval_at,"[0.005185825410544511, 2.2350332594235036, 6, 56]",3.0701667437414994,25.055555555555554,0.9,99.19999999999834
eval_at,"[0.005185825410544511, 2.035476718403548, 6, 51]",3.163252638522897,25.055555555555554,0.9,99.29999999999833
eval_at,"[0.003457216940363008, 1.7161862527716187, 4, 43]",3.26521639309619,25.055555555555554,0.9,99.39999999999833
eval_at,"[0.0025929127052722557, 1.5166297117516632, 3, 38]",3.3761193796569833,25.055555555555554,0.9,99.49999999999832
eval_at,"[0.001728608470181504, 1.3569844789356986, 2, 34]",3.481044679984246,25.055555555555554,0.9,99.59999999999832
eval_at,"[0.001728608470181504, 1.197339246119734, 2, 30]",3.6126236048041034,25.055555555555554,0.9,99.69999999999831
eval_at,"[0.0, 0.878048780487805, 0, 22]",3.8198037797719384,25.055555555555554,0.9,99.7999999999983
eval_at,"[0.0, 0.39911308203991136, 0, 10]",4.088946504659992,25.055555555555554,0.9,99.8999999999983
eval_at,"[0.21089023336214346, 42.98447893569845, 244, 1077]",0.7489965319633484,25.055555555555554,1.0,70.0
eval_at,"[0.21175453759723423, 42.824833702882486, 245, 1073]",0.7523235721588123,25.055555555555554,1.0,70.1
eval_at,"[0.21348314606741572, 42.705099778270515, 247, 1070]",0.7563816789388655,25.055555555555554,1.0,70.19999999999999
eval_at,"[0.21348314606741572, 42.465631929046566, 247, 1064]",0.7610213671922675,25.055555555555554,1.0,70.29999999999998
eval_at,"[0.20916162489196197, 42.266075388026614, 242, 1059]",0.7654113917350758,25.055555555555554,1.0,70.39999999999998
eval_at,"[0.21002592912705273, 42.425720620842576, 243, 1063]",0.7685937976837147,25.055555555555554,1.0,70.49999999999997
eval_at,"[0.20916162489196197, 42.385809312638585, 242, 1062]",0.7720755473375287,25.055555555555554,1.0,70.59999999999997
eval_at,"[0.2065687121866897, 42.266075388026614, 239, 1059]",0.7770017127990717,25.055555555555554,1.0,70.69999999999996
eval_at,"[0.2048401037165082, 42.385809312638585, 237, 1062]",0.78074863409996,25.055555555555554,1.0,70.79999999999995
eval_at,"[0.20397579948141745, 42.22616407982262, 236, 1058]",0.7858621091842608,25.055555555555554,1.0,70.89999999999995
eval_at,"[0.2031114952463267, 42.505543237250556, 235, 1065]",0.7898223626613583,25.055555555555554,1.0,70.99999999999994
eval_at,"[0.20138288677614521, 42.625277161862535, 233, 1068]",0.7932512174844649,25.055555555555554,1.0,71.09999999999994
eval_at,"[0.20138288677614521, 42.465631929046566, 233, 1064]",0.7984001064300535,25.055555555555554,1.0,71.19999999999993
eval_at,"[0.20138288677614521, 42.385809312638585, 233, 1062]",0.8013067213892935,25.055555555555554,1.0,71.29999999999993
eval_at,"[0.20224719101123595, 42.305986696230605, 234, 1060]",0.8057357387542724,25.055555555555554,1.0,71.39999999999992
eval_at,"[0.2031114952463267, 42.345898004434595, 235, 1061]",0.8084510493278483,25.055555555555554,1.0,71.49999999999991
eval_at,"[0.20138288677614521, 42.385809312638585, 233, 1062]",0.8120263707637715,25.055555555555554,1.0,71.59999999999991
eval_at,"[0.20138288677614521, 42.345898004434595, 233, 1061]",0.8163264181613896,25.055555555555554,1.0,71.6999999999999
eval_at,"[0.20138288677614521, 42.266075388026614, 233, 1059]",0.8202135725021289,25.055555555555554,1.0,71.7999999999999
eval_at,"[0.20138288677614521, 42.22616407982262, 233, 1058]",0.8243452959060591,25.055555555555554,1.0,71.89999999999989
eval_at,"[0.20138288677614521, 42.106430155210646, 233, 1055]",0.828829808235168,25.055555555555554,1.0,71.99999999999989
eval_at,"[0.20138288677614521, 42.026607538802665, 233, 1053]",0.8325310433506931,25.055555555555554,1.0,72.09999999999988
eval_at,"[0.20138288677614521, 41.827050997782706, 233, 1048]",0.8354779421091056,25.055555555555554,1.0,72.19999999999987
eval_at,"[0.1979256698357822, 41.787139689578716, 229, 1047]",0.8395020666122396,25.055555555555554,1.0,72.29999999999987
eval_at,"[0.19706136560069146, 41.667405764966745, 228, 1044]",0.8425988707542401,25.055555555555554,1.0,72.39999999999986
eval_at,"[0.19706136560069146, 41.707317073170735, 228, 1045]",0.8463446617126432,25.055555555555554,1.0,72.49999999999986
eval_at,"[0.1961970613656007, 41.707317073170735, 227, 1045]",0.8498222116231838,25.055555555555554,1.0,72.59999999999985
eval_at,"[0.1961970613656007, 41.667405764966745, 227, 1044]",0.8535987486839294,25.055555555555554,1.0,72.69999999999985
eval_at,"[0.1979256698357822, 41.547671840354774, 229, 1041]",0.8575933704376172,25.055555555555554,1.0,72.79999999999984
eval_at,"[0.1979256698357822, 41.627494456762754, 229, 1043]",0.8615729625821023,25.055555555555554,1.0,72.89999999999984
eval_at,"[0.1979256698357822, 41.547671840354774, 229, 1041]",0.8644754540920251,25.055555555555554,1.0,72.99999999999983
eval_at,"[0.19533275713050993, 41.427937915742795, 226, 1038]",0.8681279736757261,25.055555555555554,1.0,73.09999999999982
eval_at,"[0.1944684528954192, 41.348115299334815, 225, 1036]",0.8715556166172014,25.055555555555554,1.0,73.19999999999982
eval_at,"[0.19360414866032843, 41.308203991130824, 224, 1035]",0.8753019772171919,25.055555555555554,1.0,73.29999999999981
eval_at,"[0.19533275713050993, 41.148558758314856, 226, 1031]",0.8790346244573535,25.055555555555554,1.0,73.3999999999998
eval_at,"[0.1944684528954192, 41.18847006651885, 225, 1032]",0.8827979114651667,25.055555555555554,1.0,73.4999999999998
eval_at,"[0.19360414866032843, 41.228381374722844, 224, 1033]",0.8871584143638591,25.055555555555554,1.0,73.5999999999998
eval_at,"[0.19273984442523767, 41.108647450110865, 223, 1030]",0.8908223888278,25.055555555555554,1.0,73.69999999999979
eval_at,"[0.19187554019014694, 41.108647450110865, 222, 1030]",0.8950724368095002,25.055555555555554,1.0,73.79999999999978
eval_at,"[0.19014693171996544, 40.988913525498894, 220, 1027]",0.8990689760446443,25.055555555555554,1.0,73.89999999999978
eval_at,"[0.18841832324978391, 40.949002217294904, 218, 1026]",0.9023822212219114,25.055555555555554,1.0,73.99999999999977
eval_at,"[0.18668971477960242, 40.949002217294904, 216, 1026]",0.905087829649448,25.055555555555554,1.0,74.09999999999977
eval_at,"[0.18582541054451165, 40.949002217294904, 215, 1026]",0.9082023509740736,25.055555555555554,1.0,74.19999999999976
eval_at,"[0.18582541054451165, 40.789356984478935, 215, 1022]",0.9124481642246219,25.055555555555554,1.0,74.29999999999976
eval_at,"[0.18582541054451165, 40.54988913525499, 215, 1016]",0.9159751152992236,25.055555555555554,1.0,74.39999999999975
eval_at,"[0.18496110630942092, 40.390243902439025, 214, 1012]",0.921259994804849,25.055555555555554,1.0,74.49999999999974
eval_at,"[0.18409680207433016, 40.19068736141907, 213, 1007]",0.9253460266589897,25.055555555555554,1.0,74.59999999999974
eval_at,"[0.18323249783923942, 40.23059866962306, 212, 1008]",0.9285797302126716,25.055555555555554,1.0,74.69999999999973
eval_at,"[0.18236819360414866, 40.11086474501109, 211, 1005]",0.9317181739806999,25.055555555555554,1.0,74.79999999999973
eval_at,"[0.18323249783923942, 40.19068736141907, 212, 1007]",0.9356740249991369,25.055555555555554,1.0,74.89999999999972
eval_at,"[0.18236819360414866, 40.0709534368071, 211, 1004]",0.9403783082961827,25.055555555555554,1.0,74.99999999999972
eval_at,"[0.18236819360414866, 39.91130820399113, 211, 1000]",0.944896258950224,25.055555555555554,1.0,75.09999999999971
eval_at,"[0.18236819360414866, 39.951219512195124, 211, 1001]",0.9495159468650799,25.055555555555554,1.0,75.1999999999997
eval_at,"[0.18323249783923942, 39.87139689578714, 212, 999]",0.9530437036752627,25.055555555555554,1.0,75.2999999999997
eval_at,"[0.1815038893690579, 39.79157427937916, 210, 997]",0.9576104918718248,25.055555555555554,1.0,75.3999999999997
eval_at,"[0.17891097666378566, 39.631929046563194, 207, 993]",0.9627890059351834,25.055555555555554,1.0,75.49999999999969
eval_at,"[0.17718236819360414, 39.43237250554324, 205, 988]",0.9684439246654502,25.055555555555554,1.0,75.59999999999968
eval_at,"[0.17718236819360414, 39.43237250554324, 205, 988]",0.9726560734510381,25.055555555555554,1.0,75.69999999999968
eval_at,"[0.1763180639585134, 39.35254988913526, 204, 986]",0.9771368150710574,25.055555555555554,1.0,75.79999999999967
eval_at,"[0.17545375972342264, 39.312638580931264, 203, 985]",0.9814468079805148,25.055555555555554,1.0,75.89999999999966
eval_at,"[0.17372515125324114, 39.1529933481153, 201, 981]",0.9859037804603489,25.055555555555554,1.0,75.99999999999966
eval_at,"[0.17113223854796888, 38.99334811529934, 198, 977]",0.9908776359557904,25.055555555555554,1.0,76.09999999999965
eval_at,"[0.17026793431287812, 38.87361419068736, 197, 974]",0.9940762814282894,25.055555555555554,1.0,76.19999999999965
eval_at,"[0.17026793431287812, 38.59423503325942, 197, 967]",0.9988031217455845,25.055555555555554,1.0,76.29999999999964
eval_at,"[0.1694036300777874, 38.51441241685144, 196, 965]",1.003083506107329,25.055555555555554,1.0,76.39999999999964
eval_at,"[0.17113223854796888, 38.59423503325942, 198, 967]",1.008810405731184,25.055555555555554,1.0,76.49999999999963
eval_at,"[0.17026793431287812, 38.67405764966741, 197, 969]",1.013053443193412,25.055555555555554,1.0,76.59999999999962
eval_at,"[0.1694036300777874, 38.59423503325942, 196, 967]",1.0175750657319944,25.055555555555554,1.0,76.69999999999962
eval_at,"[0.1694036300777874, 38.55432372505543, 196, 966]",1.021114076614361,25.055555555555554,1.0,76.79999999999961
eval_at,"[0.16853932584269662, 38.51441241685144, 195, 965]",1.0249030983447938,25.055555555555554,1.0,76.89999999999961
eval_at,"[0.17026793431287812, 38.35476718403548, 197, 961]",1.0297686576842937,25.055555555555554,1.0,76.9999999999996
eval_at,"[0.1694036300777874, 38.39467849223947, 196, 962]",1.0354441684484113,25.055555555555554,1.0,77.0999999999996
eval_at,"[0.1694036300777874, 38.35476718403548, 196, 961]",1.0392867579460017,25.055555555555554,1.0,77.19999999999959
eval_at,"[0.1694036300777874, 38.11529933481153, 196, 955]",1.0426485346555696,25.055555555555554,1.0,77.29999999999959
eval_at,"[0.16853932584269662, 37.99556541019956, 195, 952]",1.046049639224945,25.055555555555554,1.0,77.39999999999958
eval_at,"[0.16681071737251513, 38.07538802660754, 193, 954]",1.0498588144779155,25.055555555555554,1.0,77.49999999999957
eval_at,"[0.1676750216076059, 37.91574279379158, 194, 950]",1.0555381469726388,25.055555555555554,1.0,77.59999999999957
eval_at,"[0.16681071737251513, 37.95565410199557, 193, 951]",1.060182834625242,25.055555555555554,1.0,77.69999999999956
eval_at,"[0.16681071737251513, 37.95565410199557, 193, 951]",1.0649847664832925,25.055555555555554,1.0,77.79999999999956
eval_at,"[0.16508210890233363, 37.7960088691796, 191, 947]",1.068646033763883,25.055555555555554,1.0,77.89999999999955
eval_at,"[0.16508210890233363, 37.83592017738359, 191, 948]",1.0735285282134912,25.055555555555554,1.0,77.99999999999955
eval_at,"[0.16421780466724287, 37.87583148558759, 190, 949]",1.0780110143422519,25.055555555555554,1.0,78.09999999999954
eval_at,"[0.1633535004321521, 37.87583148558759, 189, 949]",1.0828668286800256,25.055555555555554,1.0,78.19999999999953
eval_at,"[0.1616248919619706, 37.83592017738359, 187, 948]",1.087082243561728,25.055555555555554,1.0,78.29999999999953
eval_at,"[0.16076058772687987, 37.87583148558759, 186, 949]",1.091820686340328,25.055555555555554,1.0,78.39999999999952
eval_at,"[0.1598962834917891, 37.99556541019956, 185, 952]",1.0963416445255176,25.055555555555554,1.0,78.49999999999952
eval_at,"[0.1598962834917891, 38.07538802660754, 185, 954]",1.1005832602977093,25.055555555555554,1.0,78.59999999999951
eval_at,"[0.1581676750216076, 38.03547671840355, 183, 953]",1.104131955504406,25.055555555555554,1.0,78.6999999999995
eval_at,"[0.1581676750216076, 37.7960088691796, 183, 947]",1.1084375572204477,25.055555555555554,1.0,78.7999999999995
eval_at,"[0.15730337078651685, 37.63636363636364, 182, 943]",1.1130685950517458,25.055555555555554,1.0,78.8999999999995
eval_at,"[0.1581676750216076, 37.55654101995566, 183, 941]",1.1172980749607027,25.055555555555554,1.0,78.99999999999949
eval_at,"[0.1581676750216076, 37.27716186252772, 183, 934]",1.1220862721204607,25.055555555555554,1.0,79.09999999999948
eval_at,"[0.15643906655142611, 37.07760532150776, 181, 929]",1.1279186143875084,25.055555555555554,1.0,79.19999999999948
eval_at,"[0.15384615384615385, 37.03769401330377, 178, 928]",1.1321014363765678,25.055555555555554,1.0,79.29999999999947
eval_at,"[0.1529818496110631, 37.07760532150776, 177, 929]",1.1360083723068146,25.055555555555554,1.0,79.39999999999947
eval_at,"[0.1529818496110631, 37.07760532150776, 177, 929]",1.1412212276458114,25.055555555555554,1.0,79.49999999999946
eval_at,"[0.15384615384615385, 36.9179600886918, 178, 925]",1.1462251491546405,25.055555555555554,1.0,79.59999999999945
eval_at,"[0.1529818496110631, 36.79822616407983, 177, 922]",1.1521880717277022,25.055555555555554,1.0,79.69999999999945
eval_at,"[0.1529818496110631, 36.71840354767184, 177, 920]",1.1570839538574171,25.055555555555554,1.0,79.79999999999944
eval_at,"[0.15211754537597233, 36.4789356984479, 176, 914]",1.1623328266143784,25.055555555555554,1.0,79.89999999999944
eval_at,"[0.15211754537597233, 36.67849223946785, 176, 919]",1.166272878646816,25.055555555555554,1.0,79.99999999999943
eval_at,"[0.1512532411408816, 36.39911308203991, 175, 912]",1.1702770757675058,25.055555555555554,1.0,80.09999999999943
eval_at,"[0.1512532411408816, 36.27937915742794, 175, 909]",1.1753333864211575,25.055555555555554,1.0,80.19999999999942
eval_at,"[0.15038893690579083, 36.19955654101996, 174, 907]",1.1788303166627245,25.055555555555554,1.0,80.29999999999941
eval_at,"[0.15038893690579083, 35.92017738359202, 174, 900]",1.1820468082427718,25.055555555555554,1.0,80.39999999999941
eval_at,"[0.14866032843560933, 36.039911308204, 172, 903]",1.1860248410701062,25.055555555555554,1.0,80.4999999999994
eval_at,"[0.14779602420051857, 35.92017738359202, 171, 900]",1.1899946525096885,25.055555555555554,1.0,80.5999999999994
eval_at,"[0.14693171996542784, 35.68070953436808, 170, 894]",1.194592421889296,25.055555555555554,1.0,80.69999999999939
eval_at,"[0.14520311149524634, 35.72062084257207, 168, 895]",1.2007144231796076,25.055555555555554,1.0,80.79999999999939
eval_at,"[0.14261019878997408, 35.68070953436808, 165, 894]",1.2045112287997923,25.055555555555554,1.0,80.89999999999938
eval_at,"[0.14088159031979255, 35.68070953436808, 163, 894]",1.208031939268106,25.055555555555554,1.0,80.99999999999937
eval_at,"[0.14174589455488332, 35.76053215077606, 164, 896]",1.2113379492759533,25.055555555555554,1.0,81.09999999999937
eval_at,"[0.14174589455488332, 35.64079822616408, 164, 893]",1.2152526216506898,25.055555555555554,1.0,81.19999999999936
eval_at,"[0.14088159031979255, 35.60088691796009, 163, 892]",1.2197824177741659,25.055555555555554,1.0,81.29999999999936
eval_at,"[0.13915298184961106, 35.60088691796009, 161, 892]",1.223171539068163,25.055555555555554,1.0,81.39999999999935
eval_at,"[0.1365600691443388, 35.48115299334812, 158, 889]",1.227923052906965,25.055555555555554,1.0,81.49999999999935
eval_at,"[0.1348314606741573, 35.36141906873615, 156, 886]",1.2328790035247315,25.055555555555554,1.0,81.59999999999934
eval_at,"[0.1348314606741573, 35.20177383592018, 156, 882]",1.2373372352123115,25.055555555555554,1.0,81.69999999999933
eval_at,"[0.1331028522039758, 35.20177383592018, 154, 882]",1.2412539460658776,25.055555555555554,1.0,81.79999999999933
eval_at,"[0.13223854796888504, 35.00221729490023, 153, 877]",1.244234400391577,25.055555555555554,1.0,81.89999999999932
eval_at,"[0.12964563526361278, 34.84257206208426, 150, 873]",1.2480206346511054,25.055555555555554,1.0,81.99999999999932
eval_at,"[0.12964563526361278, 34.64301552106431, 150, 868]",1.2526741100549457,25.055555555555554,1.0,82.09999999999931
eval_at,"[0.12964563526361278, 34.56319290465632, 150, 866]",1.2574207541942342,25.055555555555554,1.0,82.1999999999993
eval_at,"[0.12791702679343128, 34.48337028824834, 148, 864]",1.262716361761068,25.055555555555554,1.0,82.2999999999993
eval_at,"[0.12791702679343128, 34.16407982261641, 148, 856]",1.2669667377471496,25.055555555555554,1.0,82.3999999999993
eval_at,"[0.12618841832324978, 33.924611973392466, 146, 850]",1.271846950054168,25.055555555555554,1.0,82.49999999999929
eval_at,"[0.12618841832324978, 33.7649667405765, 146, 846]",1.2767156894206912,25.055555555555554,1.0,82.59999999999928
eval_at,"[0.12705272255834055, 33.72505543237251, 147, 845]",1.2812237161397717,25.055555555555554,1.0,82.69999999999928
eval_at,"[0.12705272255834055, 33.645232815964526, 147, 843]",1.2855951118469038,25.055555555555554,1.0,82.79999999999927
eval_at,"[0.12445980985306827, 33.485587583148565, 144, 839]",1.2899487581252322,25.055555555555554,1.0,82.89999999999927
eval_at,"[0.12445980985306827, 33.44567627494457, 144, 838]",1.294388982057533,25.055555555555554,1.0,82.99999999999926
eval_at,"[0.12359550561797752, 33.40576496674058, 143, 837]",1.2989187279939265,25.055555555555554,1.0,83.09999999999926
eval_at,"[0.12445980985306827, 33.36585365853659, 144, 836]",1.303390733718847,25.055555555555554,1.0,83.19999999999925
eval_at,"[0.12359550561797752, 33.40576496674058, 143, 837]",1.3073375480174838,25.055555555555554,1.0,83.29999999999924
eval_at,"[0.12186689714779603, 33.286031042128606, 141, 834]",1.3123545224666522,25.055555555555554,1.0,83.39999999999924
eval_at,"[0.12186689714779603, 33.166297117516635, 141, 831]",1.316748681664455,25.055555555555554,1.0,83.49999999999923
eval_at,"[0.12273120138288678, 32.926829268292686, 142, 825]",1.3222783555984179,25.055555555555554,1.0,83.59999999999923
eval_at,"[0.12100259291270528, 32.847006651884705, 140, 823]",1.3259486980438184,25.055555555555554,1.0,83.69999999999922
eval_at,"[0.12100259291270528, 32.767184035476724, 140, 821]",1.3307015507220195,25.055555555555554,1.0,83.79999999999922
eval_at,"[0.12186689714779603, 32.567627494456765, 141, 816]",1.3358994125127297,25.055555555555554,1.0,83.89999999999921
eval_at,"[0.12100259291270528, 32.368070953436806, 140, 811]",1.3409492492675588,25.055555555555554,1.0,83.9999999999992
eval_at,"[0.12013828867761452, 32.288248337028826, 139, 809]",1.3459009521007337,25.055555555555554,1.0,84.0999999999992
eval_at,"[0.11927398444252377, 32.128603104212864, 138, 805]",1.3497687826156242,25.055555555555554,1.0,84.19999999999919
eval_at,"[0.11927398444252377, 31.849223946784925, 138, 798]",1.3540104850530321,25.055555555555554,1.0,84.29999999999919
eval_at,"[0.12013828867761452, 31.849223946784925, 139, 798]",1.359111648559492,25.055555555555554,1.0,84.39999999999918
eval_at,"[0.12100259291270528, 31.72949002217295, 140, 795]",1.3630266964434588,25.055555555555554,1.0,84.49999999999918
eval_at,"[0.11927398444252377, 31.64966740576497, 138, 793]",1.3674932088851361,25.055555555555554,1.0,84.59999999999917
eval_at,"[0.11927398444252377, 31.68957871396896, 138, 794]",1.3732495659589086,25.055555555555554,1.0,84.69999999999916
eval_at,"[0.11927398444252377, 31.37028824833703, 138, 786]",1.3779455547332673,25.055555555555554,1.0,84.79999999999916
eval_at,"[0.11927398444252377, 31.210643015521068, 138, 782]",1.3824852833747814,25.055555555555554,1.0,84.89999999999915
eval_at,"[0.11754537597234227, 30.93126385809313, 136, 775]",1.3865502655505872,25.055555555555554,1.0,84.99999999999915
eval_at,"[0.11754537597234227, 30.651884700665192, 136, 768]",1.391845370769492,25.055555555555554,1.0,85.09999999999914
eval_at,"[0.11754537597234227, 30.691796008869183, 136, 769]",1.396944202423038,25.055555555555554,1.0,85.19999999999914
eval_at,"[0.11754537597234227, 30.372505543237253, 136, 761]",1.4015777177810553,25.055555555555554,1.0,85.29999999999913
eval_at,"[0.11754537597234227, 30.292682926829272, 136, 759]",1.405755936861,25.055555555555554,1.0,85.39999999999912
eval_at,"[0.11754537597234227, 30.172949002217297, 136, 756]",1.4116874527929746,25.055555555555554,1.0,85.49999999999912
eval_at,"[0.11754537597234227, 29.93348115299335, 136, 750]",1.4162058496474148,25.055555555555554,1.0,85.59999999999911
eval_at,"[0.11581676750216076, 29.694013303769403, 134, 744]",1.4211495645046215,25.055555555555554,1.0,85.69999999999911
eval_at,"[0.11581676750216076, 29.614190687361422, 134, 742]",1.4259272429941734,25.055555555555554,1.0,85.7999999999991
eval_at,"[0.11495246326707001, 29.534368070953438, 133, 740]",1.4289989631175815,25.055555555555554,1.0,85.8999999999991
eval_at,"[0.1132238547968885, 29.21507760532151, 131, 732]",1.4341072082519128,25.055555555555554,1.0,85.99999999999909
eval_at,"[0.111495246326707, 28.975609756097562, 129, 726]",1.4388124425411128,25.055555555555554,1.0,86.09999999999908
eval_at,"[0.11063094209161625, 28.93569844789357, 128, 725]",1.4452917149066478,25.055555555555554,1.0,86.19999999999908
eval_at,"[0.1097666378565255, 28.89578713968958, 127, 724]",1.4492256904840057,25.055555555555554,1.0,86.29999999999907
eval_at,"[0.10890233362143474, 28.53658536585366, 126, 715]",1.4530829086303627,25.055555555555554,1.0,86.39999999999907
eval_at,"[0.10803802938634399, 28.416851441241686, 125, 712]",1.4590434557197864,25.055555555555554,1.0,86.49999999999906
eval_at,"[0.10544511668107173, 28.45676274944568, 122, 713]",1.464307976961115,25.055555555555554,1.0,86.59999999999906
eval_at,"[0.10458081244598098, 28.25720620842572, 121, 708]",1.4683782140015744,25.055555555555554,1.0,86.69999999999905
eval_at,"[0.10285220397579949, 28.17738359201774, 119, 706]",1.4728503437041032,25.055555555555554,1.0,86.79999999999905
eval_at,"[0.10285220397579949, 28.017738359201775, 119, 702]",1.4782405544518906,25.055555555555554,1.0,86.89999999999904
eval_at,"[0.10285220397579949, 27.898004434589804, 119, 699]",1.481729142665861,25.055555555555554,1.0,86.99999999999903
eval_at,"[0.10112359550561797, 27.698447893569845, 117, 694]",1.4865768346786166,25.055555555555554,1.0,87.09999999999903
eval_at,"[0.09939498703543648, 27.578713968957874, 115, 691]",1.4925122299194105,25.055555555555554,1.0,87.19999999999902
eval_at,"[0.09766637856525497, 27.538802660753884, 113, 690]",1.4985397940873826,25.055555555555554,1.0,87.29999999999902
eval_at,"[0.09593777009507347, 27.49889135254989, 111, 689]",1.5049911324977543,25.055555555555554,1.0,87.39999999999901
eval_at,"[0.09507346585998272, 27.37915742793792, 110, 686]",1.5102041065691365,25.055555555555554,1.0,87.499999999999
eval_at,"[0.09507346585998272, 27.41906873614191, 110, 687]",1.5167104558944338,25.055555555555554,1.0,87.599999999999
eval_at,"[0.09420916162489196, 27.299334811529935, 109, 684]",1.522929711580152,25.055555555555554,1.0,87.699999999999
eval_at,"[0.09420916162489196, 27.13968957871397, 109, 680]",1.5302748212814028,25.055555555555554,1.0,87.79999999999899
eval_at,"[0.09248055315471046, 26.900221729490024, 107, 674]",1.5357350564002563,25.055555555555554,1.0,87.89999999999898
eval_at,"[0.09075194468452895, 26.66075388026608, 105, 668]",1.5414471960067684,25.055555555555554,1.0,87.99999999999898
eval_at,"[0.0898876404494382, 26.501108647450113, 104, 664]",1.547660441875327,25.055555555555554,1.0,88.09999999999897
eval_at,"[0.0881590319792567, 26.301552106430158, 102, 659]",1.5538633205889338,25.055555555555554,1.0,88.19999999999897
eval_at,"[0.08643042350907519, 26.141906873614193, 100, 655]",1.5599611432550948,25.055555555555554,1.0,88.29999999999896
eval_at,"[0.08643042350907519, 25.902439024390247, 100, 649]",1.5650915360450715,25.055555555555554,1.0,88.39999999999895
eval_at,"[0.08556611927398444, 25.702882483370292, 99, 644]",1.5688571637868407,25.055555555555554,1.0,88.49999999999895
eval_at,"[0.08556611927398444, 25.423503325942352, 99, 637]",1.574581278800936,25.055555555555554,1.0,88.59999999999894
eval_at,"[0.0847018150388937, 25.423503325942352, 98, 637]",1.5798606300353981,25.055555555555554,1.0,88.69999999999894
eval_at,"[0.08383751080380294, 25.34368070953437, 97, 635]",1.5840001525877465,25.055555555555554,1.0,88.79999999999893
eval_at,"[0.08124459809853068, 25.144124168514413, 94, 630]",1.5907289948462833,25.055555555555554,1.0,88.89999999999893
eval_at,"[0.08038029386343994, 25.02439024390244, 93, 627]",1.5965689289569398,25.055555555555554,1.0,88.99999999999892
eval_at,"[0.08038029386343994, 25.02439024390244, 93, 627]",1.6017064131497545,25.055555555555554,1.0,89.09999999999891
eval_at,"[0.08038029386343994, 24.824833702882486, 93, 622]",1.6094139413833295,25.055555555555554,1.0,89.19999999999891
eval_at,"[0.08038029386343994, 24.62527716186253, 93, 617]",1.614518566966052,25.055555555555554,1.0,89.2999999999989
eval_at,"[0.07951598962834917, 24.38580931263858, 92, 611]",1.6210994338989095,25.055555555555554,1.0,89.3999999999989
eval_at,"[0.07865168539325842, 24.186252771618626, 91, 606]",1.6273125475644774,25.055555555555554,1.0,89.49999999999889
eval_at,"[0.07865168539325842, 24.066518847006655, 91, 603]",1.6332268619536618,25.055555555555554,1.0,89.59999999999889
eval_at,"[0.07865168539325842, 23.787139689578716, 91, 596]",1.6410161577461935,25.055555555555554,1.0,89.69999999999888
eval_at,"[0.07778738115816768, 23.66740576496674, 90, 593]",1.6464186043739055,25.055555555555554,1.0,89.79999999999887
eval_at,"[0.07692307692307693, 23.50776053215078, 89, 589]",1.653915375828673,25.055555555555554,1.0,89.89999999999887
eval_at,"[0.07692307692307693, 23.427937915742795, 89, 587]",1.659850943088523,25.055555555555554,1.0,89.99999999999886
eval_at,"[0.07605877268798616, 23.30820399113082, 88, 584]",1.6652544409036467,25.055555555555554,1.0,90.09999999999886
eval_at,"[0.07519446845289542, 23.30820399113082, 87, 584]",1.671740814924107,25.055555555555554,1.0,90.19999999999885
eval_at,"[0.07433016421780467, 23.14855875831486, 86, 580]",1.676730877399388,25.055555555555554,1.0,90.29999999999885
eval_at,"[0.07346585998271392, 23.028824833702885, 85, 577]",1.6828011035918693,25.055555555555554,1.0,90.39999999999884
eval_at,"[0.07260155574762317, 22.629711751662974, 84, 567]",1.6890497750043751,25.055555555555554,1.0,90.49999999999883
eval_at,"[0.07173725151253241, 22.350332594235034, 83, 560]",1.6965477993487783,25.055555555555554,1.0,90.59999999999883
eval_at,"[0.07260155574762317, 22.270509977827054, 84, 558]",1.7028738155364749,25.055555555555554,1.0,90.69999999999882
eval_at,"[0.07087294727744166, 22.031042128603104, 82, 552]",1.7084366216659492,25.055555555555554,1.0,90.79999999999882
eval_at,"[0.07000864304235091, 21.83148558758315, 81, 547]",1.7172519924639627,25.055555555555554,1.0,90.89999999999881
eval_at,"[0.07000864304235091, 21.552106430155213, 81, 540]",1.7244821643829134,25.055555555555554,1.0,90.9999999999988
eval_at,"[0.06914433880726016, 21.552106430155213, 80, 540]",1.7314640930890661,25.055555555555554,1.0,91.0999999999988
eval_at,"[0.06741573033707865, 21.272727272727273, 78, 533]",1.7383368701934268,25.055555555555554,1.0,91.1999999999988
eval_at,"[0.06741573033707865, 21.073170731707318, 78, 528]",1.7446314733027712,25.055555555555554,1.0,91.29999999999879
eval_at,"[0.0665514261019879, 20.953436807095347, 77, 525]",1.75351992440217,25.055555555555554,1.0,91.39999999999878
eval_at,"[0.06568712186689715, 20.793791574279382, 76, 521]",1.7591171836851536,25.055555555555554,1.0,91.49999999999878
eval_at,"[0.06482281763180639, 20.634146341463417, 75, 517]",1.7659971127508802,25.055555555555554,1.0,91.59999999999877
eval_at,"[0.06395851339671564, 20.354767184035477, 74, 510]",1.7736104408502282,25.055555555555554,1.0,91.69999999999877
eval_at,"[0.06395851339671564, 20.155210643015522, 74, 505]",1.780324085712428,25.055555555555554,1.0,91.79999999999876
eval_at,"[0.06395851339671564, 20.03547671840355, 74, 502]",1.7876842114922575,25.055555555555554,1.0,91.89999999999876
eval_at,"[0.06395851339671564, 19.995565410199557, 74, 501]",1.7928772354124127,25.055555555555554,1.0,91.99999999999875
eval_at,"[0.06309420916162489, 19.596452328159646, 73, 491]",1.7995122692584895,25.055555555555554,1.0,92.09999999999874
eval_at,"[0.06222990492653414, 19.516629711751666, 72, 489]",1.8073586997984352,25.055555555555554,1.0,92.19999999999874
eval_at,"[0.06136560069144339, 19.39689578713969, 71, 486]",1.8165282618997685,25.055555555555554,1.0,92.29999999999873
eval_at,"[0.06136560069144339, 19.237250554323726, 71, 482]",1.8227605729102683,25.055555555555554,1.0,92.39999999999873
eval_at,"[0.06136560069144339, 19.277161862527716, 71, 483]",1.8318495154380317,25.055555555555554,1.0,92.49999999999872
eval_at,"[0.06136560069144339, 18.917960088691796, 71, 474]",1.839492650270229,25.055555555555554,1.0,92.59999999999872
eval_at,"[0.06136560069144339, 18.59866962305987, 71, 466]",1.8483675972223226,25.055555555555554,1.0,92.69999999999871
eval_at,"[0.058772687986171135, 18.199556541019955, 68, 456]",1.8561790122984052,25.055555555555554,1.0,92.7999999999987
eval_at,"[0.058772687986171135, 17.84035476718404, 68, 447]",1.8619599531888802,25.055555555555554,1.0,92.8999999999987
eval_at,"[0.056179775280898875, 17.5609756097561, 65, 440]",1.8705136775969897,25.055555555555554,1.0,92.99999999999869
eval_at,"[0.055315471045808126, 17.24168514412417, 64, 432]",1.8774408377407712,25.055555555555554,1.0,93.09999999999869
eval_at,"[0.05445116681071737, 17.042128603104214, 63, 427]",1.889178334236112,25.055555555555554,1.0,93.19999999999868
eval_at,"[0.05358686257562662, 16.563192904656322, 62, 415]",1.8987857390640157,25.055555555555554,1.0,93.29999999999868
eval_at,"[0.052722558340535866, 16.203991130820402, 61, 406]",1.9067933831214792,25.055555555555554,1.0,93.39999999999867
eval_at,"[0.052722558340535866, 15.764966740576497, 61, 395]",1.9158309245108447,25.055555555555554,1.0,93.49999999999866
eval_at,"[0.05012964563526361, 15.565410199556542, 58, 390]",1.9264212856291665,25.055555555555554,1.0,93.59999999999866
eval_at,"[0.05012964563526361, 15.365853658536587, 58, 385]",1.9354543225764376,25.055555555555554,1.0,93.69999999999865
eval_at,"[0.049265341400172864, 15.246119733924614, 57, 382]",1.945905956745119,25.055555555555554,1.0,93.79999999999865
eval_at,"[0.05012964563526361, 15.006651884700666, 58, 376]",1.9573313379287631,25.055555555555554,1.0,93.89999999999864
eval_at,"[0.046672428694900604, 14.807095343680711, 54, 371]",1.9673549151420335,25.055555555555554,1.0,93.99999999999864
eval_at,"[0.0449438202247191, 14.647450110864746, 52, 367]",1.976791357397886,25.055555555555554,1.0,94.09999999999863
eval_at,"[0.04235090751944685, 14.647450110864746, 49, 367]",1.9865981912612871,25.055555555555554,1.0,94.19999999999862
eval_at,"[0.04235090751944685, 14.328159645232818, 49, 359]",1.9948299025296021,25.055555555555554,1.0,94.29999999999862
eval_at,"[0.04148660328435609, 14.368070953436808, 48, 360]",2.0073906784055957,25.055555555555554,1.0,94.39999999999861
eval_at,"[0.03889369057908384, 14.248337028824835, 45, 357]",2.016433098316034,25.055555555555554,1.0,94.49999999999861
eval_at,"[0.037165082108902334, 14.12860310421286, 43, 354]",2.0287429027552184,25.055555555555554,1.0,94.5999999999986
eval_at,"[0.036300777873811585, 13.769401330376942, 42, 345]",2.0408250184058923,25.055555555555554,1.0,94.6999999999986
eval_at,"[0.03457216940363008, 13.410199556541022, 40, 336]",2.055804765701245,25.055555555555554,1.0,94.79999999999859
eval_at,"[0.03457216940363008, 13.130820399113084, 40, 329]",2.065207268953284,25.055555555555554,1.0,94.89999999999858
eval_at,"[0.03457216940363008, 12.731707317073171, 40, 319]",2.075344419479308,25.055555555555554,1.0,94.99999999999858
eval_at,"[0.033707865168539325, 12.372505543237251, 39, 310]",2.0869435160158827,25.055555555555554,1.0,95.09999999999857
eval_at,"[0.033707865168539325, 12.252771618625278, 39, 307]",2.1002919101713946,25.055555555555554,1.0,95.19999999999857
eval_at,"[0.033707865168539325, 12.093126385809313, 39, 303]",2.1139161481855226,25.055555555555554,1.0,95.29999999999856
eval_at,"[0.032843560933448576, 11.933481152993348, 38, 299]",2.1274590253827412,25.055555555555554,1.0,95.39999999999856
eval_at,"[0.03197925669835782, 11.773835920177385, 37, 295]",2.14057393670073,25.055555555555554,1.0,95.49999999999855
eval_at,"[0.029386343993085567, 11.57427937915743, 34, 290]",2.1521921157836137,25.055555555555554,1.0,95.59999999999854
eval_at,"[0.029386343993085567, 11.21507760532151, 34, 281]",2.166845590114425,25.055555555555554,1.0,95.69999999999854
eval_at,"[0.029386343993085567, 10.736141906873614, 34, 269]",2.18220008850087,25.055555555555554,1.0,95.79999999999853
eval_at,"[0.028522039757994815, 10.536585365853659, 33, 264]",2.1967560622691042,25.055555555555554,1.0,95.89999999999853
eval_at,"[0.02679343128781331, 10.416851441241686, 31, 261]",2.212566947936435,25.055555555555554,1.0,95.99999999999852
eval_at,"[0.02679343128781331, 10.097560975609756, 31, 253]",2.2292719168659603,25.055555555555554,1.0,96.09999999999852
eval_at,"[0.02679343128781331, 9.818181818181818, 31, 246]",2.2468402938834413,25.055555555555554,1.0,96.19999999999851
eval_at,"[0.02592912705272256, 9.578713968957873, 30, 240]",2.2610342652795468,25.055555555555554,1.0,96.2999999999985
eval_at,"[0.02592912705272256, 9.458980044345898, 30, 237]",2.27644412136004,25.055555555555554,1.0,96.3999999999985
eval_at,"[0.02592912705272256, 9.259423503325943, 30, 232]",2.2952581930159988,25.055555555555554,1.0,96.4999999999985
eval_at,"[0.024200518582541054, 8.940133037694014, 28, 224]",2.3111981668471517,25.055555555555554,1.0,96.59999999999849
eval_at,"[0.023336214347450302, 8.660753880266077, 27, 217]",2.3286574654579106,25.055555555555554,1.0,96.69999999999848
eval_at,"[0.023336214347450302, 8.461197339246121, 27, 212]",2.3487910976409743,25.055555555555554,1.0,96.79999999999848
eval_at,"[0.021607605877268798, 7.982261640798227, 25, 200]",2.3691746289727904,25.055555555555554,1.0,96.89999999999847
eval_at,"[0.020743301642178046, 7.74279379157428, 24, 194]",2.3899083828923375,25.055555555555554,1.0,96.99999999999847
eval_at,"[0.019878997407087293, 7.503325942350333, 23, 188]",2.410607362031925,25.055555555555554,1.0,97.09999999999846
eval_at,"[0.019878997407087293, 7.184035476718404, 23, 180]",2.4351102085112952,25.055555555555554,1.0,97.19999999999845
eval_at,"[0.01901469317199654, 6.984478935698449, 22, 175]",2.45904808402019,25.055555555555554,1.0,97.29999999999845
eval_at,"[0.01901469317199654, 6.705099778270511, 22, 168]",2.4858382353776163,25.055555555555554,1.0,97.39999999999844
eval_at,"[0.01728608470181504, 6.465631929046563, 20, 162]",2.5136005759227915,25.055555555555554,1.0,97.49999999999844
eval_at,"[0.016421780466724288, 6.266075388026608, 19, 157]",2.55163917350691,25.055555555555554,1.0,97.59999999999843
eval_at,"[0.014693171996542784, 6.026607538802661, 17, 151]",2.577270941018859,25.055555555555554,1.0,97.69999999999843
eval_at,"[0.014693171996542784, 5.707317073170732, 17, 143]",2.608571147440726,25.055555555555554,1.0,97.79999999999842
eval_at,"[0.012100259291270527, 5.308203991130821, 14, 133]",2.6354470705980253,25.055555555555554,1.0,97.89999999999841
eval_at,"[0.012100259291270527, 4.909090909090909, 14, 123]",2.663555364608193,25.055555555555554,1.0,97.99999999999841
eval_at,"[0.012100259291270527, 4.709534368070954, 14, 118]",2.7005990533827453,25.055555555555554,1.0,98.0999999999984
eval_at,"[0.012100259291270527, 4.430155210643016, 14, 111]",2.7321767196648556,25.055555555555554,1.0,98.1999999999984
eval_at,"[0.012100259291270527, 4.310421286031042, 14, 108]",2.7692269585131606,25.055555555555554,1.0,98.29999999999839
eval_at,"[0.012100259291270527, 4.150776053215078, 14, 104]",2.802158323286834,25.055555555555554,1.0,98.39999999999839
eval_at,"[0.01296456352636128, 3.791574279379158, 15, 95]",2.8430583703517267,25.055555555555554,1.0,98.49999999999838
eval_at,"[0.011235955056179775, 3.51219512195122, 13, 88]",2.898096217631911,25.055555555555554,1.0,98.59999999999837
eval_at,"[0.00864304235090752, 3.272727272727273, 10, 82]",2.9425444130881178,25.055555555555554,1.0,98.69999999999837
eval_at,"[0.006050129645635264, 3.0332594235033263, 7, 76]",3.0050683851235704,25.055555555555554,1.0,98.79999999999836
eval_at,"[0.006050129645635264, 2.8337028824833705, 7, 71]",3.0826951346384748,25.055555555555554,1.0,98.89999999999836
eval_at,"[0.006050129645635264, 2.6341463414634148, 7, 66]",3.19398464679537,25.055555555555554,1.0,98.99999999999835
eval_at,"[0.006050129645635264, 2.354767184035477, 7, 59]",3.271729070901803,25.055555555555554,1.0,99.09999999999835
eval_at,"[0.005185825410544511, 2.155210643015521, 6, 54]",3.3580594787587246,25.055555555555554,1.0,99.19999999999834
eval_at,"[0.00432152117545376, 2.075388026607539, 5, 52]",3.4614847114082314,25.055555555555554,1.0,99.29999999999833
eval_at,"[0.003457216940363008, 1.6363636363636365, 4, 41]",3.560450022219129,25.055555555555554,1.0,99.39999999999833
eval_at,"[0.003457216940363008, 1.5166297117516632, 4, 38]",3.641213989255073,25.055555555555554,1.0,99.49999999999832
eval_at,"[0.0025929127052722557, 1.2771618625277164, 3, 32]",3.809598917001584,25.055555555555554,1.0,99.59999999999832
eval_at,"[0.001728608470181504, 1.1175166297117518, 2, 28]",3.9711793289181596,25.055555555555554,1.0,99.69999999999831
eval_at,"[0.0, 0.8381374722838139, 0, 21]",4.18083441257056,25.055555555555554,1.0,99.7999999999983
eval_at,"[0.0, 0.39911308203991136, 0, 10]",4.470365464681401,25.055555555555554,1.0,99.8999999999983
