evaluator,return,theta,hours,N,seed,pctl
eval_at,"[0.46672428694900603, 43.383592017738366, 540, 1087, 617, 1627]",0.06295415014028549,25.055555555555554,10,0,50.0
eval_at,"[0.4693171996542783, 43.18403547671841, 543, 1082, 614, 1625]",0.0816119724884629,25.055555555555554,10,0,50.5
eval_at,"[0.47191011235955055, 43.18403547671841, 546, 1082, 611, 1628]",0.10168428711593154,25.055555555555554,10,0,51.0
eval_at,"[0.4710458081244598, 43.18403547671841, 545, 1082, 612, 1627]",0.12106275893747813,25.055555555555554,10,0,51.5
eval_at,"[0.4727744165946413, 42.94456762749446, 547, 1076, 610, 1623]",0.14122978389263147,25.055555555555554,10,0,52.0
eval_at,"[0.47191011235955055, 42.90465631929047, 546, 1075, 611, 1621]",0.16235319823026678,25.055555555555554,10,0,52.5
eval_at,"[0.4727744165946413, 43.30376940133038, 547, 1085, 610, 1632]",0.18056390523910565,25.055555555555554,10,0,53.0
eval_at,"[0.47191011235955055, 42.98447893569845, 546, 1077, 611, 1623]",0.20319461025297644,25.055555555555554,10,0,53.5
eval_at,"[0.4693171996542783, 43.104212860310426, 543, 1080, 614, 1623]",0.22622157365083714,25.055555555555554,10,0,54.0
eval_at,"[0.4710458081244598, 42.98447893569845, 545, 1077, 612, 1622]",0.24632029458880436,25.055555555555554,10,0,54.5
eval_at,"[0.4727744165946413, 43.144124168514416, 547, 1081, 610, 1628]",0.26473418623209,25.055555555555554,10,0,55.0
eval_at,"[0.47450302506482284, 42.784922394678496, 549, 1072, 608, 1621]",0.28403406798839625,25.055555555555554,10,0,55.5
eval_at,"[0.47191011235955055, 42.784922394678496, 546, 1072, 611, 1618]",0.3046322405338288,25.055555555555554,10,0,56.0
eval_at,"[0.47536732929991354, 42.824833702882486, 550, 1073, 607, 1623]",0.3252877838909624,25.055555555555554,10,0,56.5
eval_at,"[0.47796024200518583, 42.94456762749446, 553, 1076, 604, 1629]",0.3462539464235298,25.055555555555554,10,0,57.0
eval_at,"[0.4848746758859118, 42.625277161862535, 561, 1068, 596, 1629]",0.3677580699324606,25.055555555555554,10,0,57.5
eval_at,"[0.4848746758859118, 42.385809312638585, 561, 1062, 596, 1623]",0.3917370629310607,25.055555555555554,10,0,58.0
eval_at,"[0.49178910976663787, 42.58536585365854, 569, 1067, 588, 1636]",0.4147378516197203,25.055555555555554,10,0,58.5
eval_at,"[0.49178910976663787, 42.54545454545455, 569, 1066, 588, 1635]",0.43703730672597885,25.055555555555554,10,0,59.0
eval_at,"[0.49351771823681934, 41.986696230598675, 571, 1052, 586, 1623]",0.4594850715994835,25.055555555555554,10,0,59.5
eval_at,"[0.49351771823681934, 41.866962305986696, 571, 1049, 586, 1620]",0.48268771171569813,25.055555555555554,10,0,60.0
eval_at,"[0.4909248055315471, 42.146341463414636, 568, 1056, 589, 1624]",0.5054418578743934,25.055555555555554,10,0,60.5
eval_at,"[0.49265341400172863, 41.866962305986696, 570, 1049, 587, 1619]",0.5280231994390487,25.055555555555554,10,0,61.0
eval_at,"[0.4909248055315471, 41.707317073170735, 568, 1045, 589, 1613]",0.5494609755277632,25.055555555555554,10,0,61.5
eval_at,"[0.4969749351771824, 41.507760532150776, 575, 1040, 582, 1615]",0.5734718143939972,25.055555555555554,10,0,62.0
eval_at,"[0.49524632670700086, 41.068736141906875, 573, 1029, 584, 1602]",0.5973777398467064,25.055555555555554,10,0,62.5
eval_at,"[0.49351771823681934, 40.54988913525499, 571, 1016, 586, 1587]",0.6213765364885327,25.055555555555554,10,0,63.0
eval_at,"[0.49265341400172863, 40.310421286031044, 570, 1010, 587, 1580]",0.6450469446182254,25.055555555555554,10,0,63.5
eval_at,"[0.49265341400172863, 39.671840354767184, 570, 994, 587, 1564]",0.6722620105743409,25.055555555555554,10,0,64.0
eval_at,"[0.49178910976663787, 39.312638580931264, 569, 985, 588, 1554]",0.7006805753707885,25.055555555555554,10,0,64.5
eval_at,"[0.4943820224719101, 39.03325942350333, 572, 978, 585, 1550]",0.7267949700355538,25.055555555555554,10,0,65.0
eval_at,"[0.4961106309420916, 38.91352549889135, 574, 975, 583, 1549]",0.7518752992153168,25.055555555555554,10,0,65.5
eval_at,"[0.49265341400172863, 38.23503325942351, 570, 958, 587, 1528]",0.7779926109313965,25.055555555555554,10,0,66.0
eval_at,"[0.49178910976663787, 37.55654101995566, 569, 941, 588, 1510]",0.8047215521335606,25.055555555555554,10,0,66.5
eval_at,"[0.49351771823681934, 37.23725055432373, 571, 933, 586, 1504]",0.8311931240558624,25.055555555555554,10,0,67.0
eval_at,"[0.49178910976663787, 36.75831485587583, 569, 921, 588, 1490]",0.8633140459656715,25.055555555555554,10,0,67.5
eval_at,"[0.4857389801210026, 36.039911308204, 562, 903, 595, 1465]",0.8924443697929383,25.055555555555554,10,0,68.0
eval_at,"[0.48660328435609335, 35.60088691796009, 563, 892, 594, 1455]",0.9214781463146214,25.055555555555554,10,0,68.5
eval_at,"[0.48314606741573035, 34.88248337028825, 559, 874, 598, 1433]",0.9567589658498764,25.055555555555554,10,0,69.0
eval_at,"[0.48055315471045806, 34.52328159645233, 556, 865, 601, 1421]",0.9910818570852274,25.055555555555554,10,0,69.5
eval_at,"[0.4814174589455488, 33.645232815964526, 557, 843, 600, 1400]",1.0254968404769895,25.055555555555554,10,0,70.0
eval_at,"[0.4840103716508211, 33.08647450110865, 560, 829, 597, 1389]",1.0612096190452573,25.055555555555554,10,0,70.5
eval_at,"[0.48314606741573035, 32.687361419068736, 559, 819, 598, 1378]",1.0932375133037564,25.055555555555554,10,0,71.0
eval_at,"[0.4848746758859118, 31.849223946784925, 561, 798, 596, 1359]",1.1313612812757492,25.055555555555554,10,0,71.5
eval_at,"[0.4857389801210026, 31.450110864745014, 562, 788, 595, 1350]",1.1647835159301758,25.055555555555554,10,0,72.0
eval_at,"[0.4848746758859118, 30.771618625277164, 561, 771, 596, 1332]",1.1981893241405486,25.055555555555554,10,0,72.5
eval_at,"[0.4840103716508211, 30.212860310421288, 560, 757, 597, 1317]",1.2330153870582579,25.055555555555554,10,0,73.0
eval_at,"[0.4822817631806396, 29.614190687361422, 558, 742, 599, 1300]",1.2696762478351593,25.055555555555554,10,0,73.5
eval_at,"[0.48055315471045806, 29.015521064301556, 556, 727, 601, 1283]",1.3084830284118654,25.055555555555554,10,0,74.0
eval_at,"[0.4727744165946413, 28.61640798226164, 547, 717, 610, 1264]",1.3521249252557752,25.055555555555554,10,0,74.5
eval_at,"[0.47191011235955055, 28.09756097560976, 546, 704, 611, 1250]",1.3935748636722565,25.055555555555554,10,0,75.0
eval_at,"[0.4710458081244598, 27.618625277161865, 545, 692, 612, 1237]",1.4394332110881811,25.055555555555554,10,0,75.5
eval_at,"[0.46845289541918755, 27.299334811529935, 542, 684, 615, 1226]",1.4846356630325317,25.055555555555554,10,0,76.0
eval_at,"[0.46845289541918755, 27.578713968957874, 542, 691, 615, 1233]",1.5288959872722627,25.055555555555554,10,0,76.5
eval_at,"[0.46499567847882456, 26.70066518847007, 538, 669, 619, 1207]",1.5753023934364325,25.055555555555554,10,0,77.0
eval_at,"[0.46153846153846156, 26.06208425720621, 534, 653, 623, 1187]",1.6246846079826354,25.055555555555554,10,0,77.5
eval_at,"[0.4554883318928263, 25.662971175166298, 527, 643, 630, 1170]",1.6742294359207155,25.055555555555554,10,0,78.0
eval_at,"[0.452895419187554, 24.864745011086477, 524, 623, 633, 1147]",1.7263087016344079,25.055555555555554,10,0,78.5
eval_at,"[0.45375972342264476, 24.186252771618626, 525, 606, 632, 1131]",1.779195111989975,25.055555555555554,10,0,79.0
eval_at,"[0.452895419187554, 23.62749445676275, 524, 592, 633, 1116]",1.8322530269622812,25.055555555555554,10,0,79.5
eval_at,"[0.44770959377700953, 22.90909090909091, 518, 574, 639, 1092]",1.8914345026016246,25.055555555555554,10,0,80.0
eval_at,"[0.44511668107173724, 22.0709534368071, 515, 553, 642, 1068]",1.9568842899799348,25.055555555555554,10,0,80.5
eval_at,"[0.44338807260155577, 21.232815964523283, 513, 532, 644, 1045]",2.020938916206361,25.055555555555554,10,0,81.0
eval_at,"[0.4407951598962835, 20.594235033259427, 510, 516, 647, 1026]",2.0875060594081876,25.055555555555554,10,0,81.5
eval_at,"[0.4364736387208297, 19.7960088691796, 505, 496, 652, 1001]",2.159828543663025,25.055555555555554,10,0,82.0
eval_at,"[0.428694900605013, 19.3569844789357, 496, 485, 661, 981]",2.2331180632114394,25.055555555555554,10,0,82.5
eval_at,"[0.42523768366465, 19.07760532150776, 492, 478, 665, 970]",2.3170690464973447,25.055555555555554,10,0,83.0
eval_at,"[0.4157303370786517, 18.199556541019955, 481, 456, 676, 937]",2.4002133429050447,25.055555555555554,10,0,83.5
eval_at,"[0.4140017286084702, 17.84035476718404, 479, 447, 678, 926]",2.4914441585540765,25.055555555555554,10,0,84.0
eval_at,"[0.4105445116681072, 17.48115299334812, 475, 438, 682, 913]",2.583519928455352,25.055555555555554,10,0,84.5
eval_at,"[0.4070872947277442, 17.16186252771619, 471, 430, 686, 901]",2.685835599899292,25.055555555555554,10,0,85.0
eval_at,"[0.4010371650821089, 16.643015521064303, 464, 417, 693, 881]",2.788341128826139,25.055555555555554,10,0,85.5
eval_at,"[0.3915298184961106, 16.044345898004437, 453, 402, 704, 855]",2.9012749576568604,25.055555555555554,10,0,86.0
eval_at,"[0.37683664649956783, 15.405764966740577, 436, 386, 721, 822]",3.0160652399063115,25.055555555555554,10,0,86.5
eval_at,"[0.36992221261884184, 14.647450110864746, 428, 367, 729, 795]",3.1336027669906614,25.055555555555554,10,0,87.0
eval_at,"[0.36041486603284356, 14.04878048780488, 417, 352, 740, 769]",3.2613556683063507,25.055555555555554,10,0,87.5
eval_at,"[0.34917891097666376, 13.290465631929047, 404, 333, 753, 737]",3.4007286262512215,25.055555555555554,10,0,88.0
eval_at,"[0.33707865168539325, 12.532150776053216, 390, 314, 767, 704]",3.5489837682247156,25.055555555555554,10,0,88.5
eval_at,"[0.33189282627484873, 12.093126385809313, 384, 303, 773, 687]",3.727567267417909,25.055555555555554,10,0,89.0
eval_at,"[0.32497839239412274, 11.733924611973393, 376, 294, 781, 670]",3.8838573956489597,25.055555555555554,10,0,89.5
eval_at,"[0.31547104580812446, 10.815964523281597, 365, 271, 792, 636]",4.067215681076049,25.055555555555554,10,0,90.0
eval_at,"[0.31287813310285223, 10.137472283813748, 362, 254, 795, 616]",4.271926622390748,25.055555555555554,10,0,90.5
eval_at,"[0.29732065687121867, 9.339246119733925, 344, 234, 813, 578]",4.480112733840943,25.055555555555554,10,0,91.0
eval_at,"[0.28694900605012963, 8.74057649667406, 332, 219, 825, 551]",4.728268339633941,25.055555555555554,10,0,91.5
eval_at,"[0.27398444252376836, 8.181818181818182, 317, 205, 840, 522]",4.967131690979006,25.055555555555554,10,0,92.0
eval_at,"[0.2601555747623163, 7.623059866962307, 301, 191, 856, 492]",5.307991230487825,25.055555555555554,10,0,92.5
eval_at,"[0.2480553154710458, 7.223946784922395, 287, 181, 870, 468]",5.680713696479797,25.055555555555554,10,0,93.0
eval_at,"[0.22990492653414002, 6.944567627494457, 266, 174, 891, 440]",6.14485087156296,25.055555555555554,10,0,93.5
eval_at,"[0.2065687121866897, 6.505543237250555, 239, 163, 918, 402]",6.6073471355438205,25.055555555555554,10,0,94.0
eval_at,"[0.1944684528954192, 5.98669623059867, 225, 150, 932, 375]",7.126357333660127,25.055555555555554,10,0,94.5
eval_at,"[0.17718236819360414, 5.547671840354767, 205, 139, 952, 344]",7.721421384811361,25.055555555555554,10,0,95.0
eval_at,"[0.1616248919619706, 4.909090909090909, 187, 123, 970, 310]",8.528848576545705,25.055555555555554,10,0,95.5
eval_at,"[0.1529818496110631, 4.150776053215078, 177, 104, 980, 281]",9.442570571899417,25.055555555555554,10,0,96.0
eval_at,"[0.14088159031979255, 3.7117516629711753, 163, 93, 994, 256]",10.742775988578787,25.055555555555554,10,0,96.5
eval_at,"[0.12273120138288678, 3.192904656319291, 142, 80, 1015, 222]",12.512682752609253,25.055555555555554,10,0,97.0
eval_at,"[0.1097666378565255, 2.9135254988913526, 127, 73, 1030, 200]",14.32841014862062,25.055555555555554,10,0,97.5
eval_at,"[0.0898876404494382, 2.434589800443459, 104, 61, 1053, 165]",16.46210212707517,25.055555555555554,10,0,98.0
eval_at,"[0.07346585998271392, 1.9157427937915745, 85, 48, 1072, 133]",20.206813879013055,25.055555555555554,10,0,98.5
eval_at,"[0.049265341400172864, 1.3170731707317074, 57, 33, 1100, 90]",25.39319324493413,25.055555555555554,10,0,99.0
eval_at,"[0.028522039757994815, 0.5587583148558759, 33, 14, 1124, 47]",39.63196796417143,25.055555555555554,10,0,99.5
eval_at,"[0.3595505617977528, 40.350332594235034, 416, 1011, 741, 1427]",0.05156704969704151,25.055555555555554,10,1,50.0
eval_at,"[0.3621434745030251, 40.270509977827054, 419, 1009, 738, 1428]",0.07310438159853215,25.055555555555554,10,1,50.5
eval_at,"[0.3621434745030251, 40.54988913525499, 419, 1016, 738, 1435]",0.09460248842835443,25.055555555555554,10,1,51.0
eval_at,"[0.3630077787381158, 40.709534368070955, 420, 1020, 737, 1440]",0.11669451955705885,25.055555555555554,10,1,51.5
eval_at,"[0.3630077787381158, 40.54988913525499, 420, 1016, 737, 1436]",0.13838320672512053,25.055555555555554,10,1,52.0
eval_at,"[0.36387208297320656, 40.709534368070955, 421, 1020, 736, 1441]",0.15910225994884988,25.055555555555554,10,1,52.5
eval_at,"[0.36646499567847884, 40.82926829268293, 424, 1023, 733, 1447]",0.18056833118200308,25.055555555555554,10,1,53.0
eval_at,"[0.3716508210890233, 40.949002217294904, 430, 1026, 727, 1456]",0.20544413141906262,25.055555555555554,10,1,53.5
eval_at,"[0.37337942955920483, 40.82926829268293, 432, 1023, 725, 1455]",0.22636750221252455,25.055555555555554,10,1,54.0
eval_at,"[0.3759723422644771, 40.709534368070955, 435, 1020, 722, 1455]",0.2520864690840247,25.055555555555554,10,1,54.5
eval_at,"[0.3759723422644771, 41.068736141906875, 435, 1029, 722, 1464]",0.2743369415402413,25.055555555555554,10,1,55.0
eval_at,"[0.37856525496974935, 40.909090909090914, 438, 1025, 719, 1463]",0.30049177929759024,25.055555555555554,10,1,55.5
eval_at,"[0.3742437337942956, 40.82926829268293, 433, 1023, 724, 1456]",0.32331065416336063,25.055555555555554,10,1,56.0
eval_at,"[0.3759723422644771, 40.909090909090914, 435, 1025, 722, 1460]",0.34659365057945235,25.055555555555554,10,1,56.5
eval_at,"[0.3759723422644771, 41.148558758314856, 435, 1031, 722, 1466]",0.3683119064569467,25.055555555555554,10,1,57.0
eval_at,"[0.3794295592048401, 40.709534368070955, 439, 1020, 718, 1459]",0.390541425347328,25.055555555555554,10,1,57.5
eval_at,"[0.3794295592048401, 40.789356984478935, 439, 1022, 718, 1461]",0.4145620495080943,25.055555555555554,10,1,58.0
eval_at,"[0.37856525496974935, 40.629711751662974, 438, 1018, 719, 1456]",0.439038884937763,25.055555555555554,10,1,58.5
eval_at,"[0.3777009507346586, 40.589800443458984, 437, 1017, 720, 1454]",0.46109215438365936,25.055555555555554,10,1,59.0
eval_at,"[0.38202247191011235, 40.15077605321508, 442, 1006, 715, 1448]",0.48532787576317765,25.055555555555554,10,1,59.5
eval_at,"[0.3863439930855661, 40.310421286031044, 447, 1010, 710, 1457]",0.5047568559646606,25.055555555555554,10,1,60.0
eval_at,"[0.38720829732065687, 39.951219512195124, 448, 1001, 709, 1449]",0.5264667922258377,25.055555555555554,10,1,60.5
eval_at,"[0.3863439930855661, 40.0709534368071, 447, 1004, 710, 1451]",0.5483542644977568,25.055555555555554,10,1,61.0
eval_at,"[0.3889369057908384, 39.55210643015521, 450, 991, 707, 1441]",0.5683043837547302,25.055555555555554,10,1,61.5
eval_at,"[0.3915298184961106, 39.27272727272727, 453, 984, 704, 1437]",0.5918224191665651,25.055555555555554,10,1,62.0
eval_at,"[0.3889369057908384, 39.11308203991131, 450, 980, 707, 1430]",0.6150342524051666,25.055555555555554,10,1,62.5
eval_at,"[0.3923941227312014, 39.631929046563194, 454, 993, 703, 1447]",0.6406931602954864,25.055555555555554,10,1,63.0
eval_at,"[0.3941227312013829, 39.23281596452328, 456, 983, 701, 1439]",0.6616239956021309,25.055555555555554,10,1,63.5
eval_at,"[0.40017286084701814, 39.03325942350333, 463, 978, 694, 1441]",0.6854743957519531,25.055555555555554,10,1,64.0
eval_at,"[0.4010371650821089, 38.95343680709534, 464, 976, 693, 1440]",0.7112264174222946,25.055555555555554,10,1,64.5
eval_at,"[0.4010371650821089, 38.87361419068736, 464, 974, 693, 1438]",0.738699293136597,25.055555555555554,10,1,65.0
eval_at,"[0.40276577355229043, 38.43458980044346, 466, 963, 691, 1429]",0.7619917115569115,25.055555555555554,10,1,65.5
eval_at,"[0.40535868625756266, 38.35476718403548, 469, 961, 688, 1430]",0.787804981470108,25.055555555555554,10,1,66.0
eval_at,"[0.40535868625756266, 38.39467849223947, 469, 962, 688, 1431]",0.8105525764822961,25.055555555555554,10,1,66.5
eval_at,"[0.40881590319792566, 38.19512195121951, 473, 957, 684, 1430]",0.8373152488470079,25.055555555555554,10,1,67.0
eval_at,"[0.4062229904926534, 38.23503325942351, 470, 958, 687, 1428]",0.8636049285531044,25.055555555555554,10,1,67.5
eval_at,"[0.4070872947277442, 37.95565410199557, 471, 951, 686, 1422]",0.8871219015121461,25.055555555555554,10,1,68.0
eval_at,"[0.40881590319792566, 37.3569844789357, 473, 936, 684, 1409]",0.9138115435838703,25.055555555555554,10,1,68.5
eval_at,"[0.4079515989628349, 36.83813747228382, 472, 923, 685, 1395]",0.9374171924591057,25.055555555555554,10,1,69.0
eval_at,"[0.4079515989628349, 36.39911308203991, 472, 912, 685, 1384]",0.9640803557634339,25.055555555555554,10,1,69.5
eval_at,"[0.4096802074330164, 36.0, 474, 902, 683, 1376]",0.9882561206817627,25.055555555555554,10,1,70.0
eval_at,"[0.4105445116681072, 35.36141906873615, 475, 886, 682, 1361]",1.0135253411531444,25.055555555555554,10,1,70.5
eval_at,"[0.4096802074330164, 34.72283813747229, 474, 870, 683, 1344]",1.0439620673656462,25.055555555555554,10,1,71.0
eval_at,"[0.41227312013828865, 34.40354767184036, 477, 862, 680, 1339]",1.073281192779541,25.055555555555554,10,1,71.5
eval_at,"[0.4140017286084702, 34.283813747228386, 479, 859, 678, 1338]",1.1017348766326904,25.055555555555554,10,1,72.0
eval_at,"[0.4070872947277442, 33.645232815964526, 471, 843, 686, 1314]",1.12988263964653,25.055555555555554,10,1,72.5
eval_at,"[0.40881590319792566, 32.847006651884705, 473, 823, 684, 1296]",1.1613972258567806,25.055555555555554,10,1,73.0
eval_at,"[0.41140881590319794, 32.088691796008874, 476, 804, 681, 1280]",1.1901446157693862,25.055555555555554,10,1,73.5
eval_at,"[0.4131374243733794, 31.529933481152995, 478, 790, 679, 1268]",1.222407717704773,25.055555555555554,10,1,74.0
eval_at,"[0.41227312013828865, 30.6119733924612, 477, 767, 680, 1244]",1.2555012613534926,25.055555555555554,10,1,74.5
eval_at,"[0.41140881590319794, 30.053215077605323, 476, 753, 681, 1229]",1.288763403892517,25.055555555555554,10,1,75.0
eval_at,"[0.4105445116681072, 29.57427937915743, 475, 741, 682, 1216]",1.320531652569771,25.055555555555554,10,1,75.5
eval_at,"[0.40881590319792566, 28.61640798226164, 473, 717, 684, 1190]",1.355923180580139,25.055555555555554,10,1,76.0
eval_at,"[0.4096802074330164, 28.017738359201775, 474, 702, 683, 1176]",1.3943089479207993,25.055555555555554,10,1,76.5
eval_at,"[0.4044943820224719, 27.259423503325944, 468, 683, 689, 1151]",1.4373749923706056,25.055555555555554,10,1,77.0
eval_at,"[0.40363007778738114, 26.860310421286034, 467, 673, 690, 1140]",1.4821680188179014,25.055555555555554,10,1,77.5
eval_at,"[0.40190146931719967, 26.620842572062088, 465, 667, 692, 1132]",1.5273616027832033,25.055555555555554,10,1,78.0
eval_at,"[0.40190146931719967, 25.942350332594238, 465, 650, 692, 1115]",1.578353703022004,25.055555555555554,10,1,78.5
eval_at,"[0.40017286084701814, 25.223946784922397, 463, 632, 694, 1095]",1.6293918645381926,25.055555555555554,10,1,79.0
eval_at,"[0.3993085566119274, 24.38580931263858, 462, 611, 695, 1073]",1.6839892327785495,25.055555555555554,10,1,79.5
eval_at,"[0.39844425237683667, 23.62749445676275, 461, 592, 696, 1053]",1.7384140968322765,25.055555555555554,10,1,80.0
eval_at,"[0.3958513396715644, 23.26829268292683, 458, 583, 699, 1041]",1.7926913440227508,25.055555555555554,10,1,80.5
eval_at,"[0.3949870354364736, 22.9490022172949, 457, 575, 700, 1032]",1.8544975364208223,25.055555555555554,10,1,81.0
eval_at,"[0.3923941227312014, 22.310421286031044, 454, 559, 703, 1013]",1.9184101223945609,25.055555555555554,10,1,81.5
eval_at,"[0.3898012100259291, 22.031042128603104, 451, 552, 706, 1003]",1.9791542625427248,25.055555555555554,10,1,82.0
eval_at,"[0.38807260155574763, 21.512195121951223, 449, 539, 708, 988]",2.043534606695175,25.055555555555554,10,1,82.5
eval_at,"[0.38547968885047534, 21.152993348115302, 446, 530, 711, 976]",2.1100210928916923,25.055555555555554,10,1,83.0
eval_at,"[0.3828867761452031, 20.634146341463417, 443, 517, 714, 960]",2.1830591559410095,25.055555555555554,10,1,83.5
eval_at,"[0.3794295592048401, 19.636363636363637, 439, 492, 718, 931]",2.2465249347686767,25.055555555555554,10,1,84.0
eval_at,"[0.37251512532411407, 18.71840354767184, 431, 469, 726, 900]",2.318550746440887,25.055555555555554,10,1,84.5
eval_at,"[0.36646499567847884, 17.84035476718404, 424, 447, 733, 871]",2.398746955394745,25.055555555555554,10,1,85.0
eval_at,"[0.3612791702679343, 17.20177383592018, 418, 431, 739, 849]",2.4825354206562036,25.055555555555554,10,1,85.5
eval_at,"[0.35868625756266204, 16.403547671840357, 415, 411, 742, 826]",2.5654283618927,25.055555555555554,10,1,86.0
eval_at,"[0.3543647363872083, 16.243902439024392, 410, 407, 747, 817]",2.657227467298508,25.055555555555554,10,1,86.5
eval_at,"[0.34572169403630076, 15.325942350332596, 400, 384, 757, 784]",2.7551084899902323,25.055555555555554,10,1,87.0
eval_at,"[0.337942955920484, 14.288248337028826, 391, 358, 766, 749]",2.859756261110306,25.055555555555554,10,1,87.5
eval_at,"[0.33189282627484873, 14.008869179600888, 384, 351, 773, 735]",2.9739487075805675,25.055555555555554,10,1,88.0
eval_at,"[0.3258426966292135, 13.450110864745012, 377, 337, 780, 714]",3.1023676311969752,25.055555555555554,10,1,88.5
eval_at,"[0.3163353500432152, 13.130820399113084, 366, 329, 791, 695]",3.245468626022339,25.055555555555554,10,1,89.0
eval_at,"[0.31028522039757994, 12.33259423503326, 359, 309, 798, 668]",3.4048879361152675,25.055555555555554,10,1,89.5
eval_at,"[0.30423509075194466, 11.813747228381375, 352, 296, 805, 648]",3.5736239671707146,25.055555555555554,10,1,90.0
eval_at,"[0.2929991356957649, 11.015521064301552, 339, 276, 818, 615]",3.752043912410738,25.055555555555554,10,1,90.5
eval_at,"[0.28608470181503887, 10.496674057649669, 331, 263, 826, 594]",3.9684193015098597,25.055555555555554,10,1,91.0
eval_at,"[0.2783059636992221, 9.698447893569845, 322, 243, 835, 565]",4.186852352619171,25.055555555555554,10,1,91.5
eval_at,"[0.2731201382886776, 8.980044345898005, 316, 225, 841, 541]",4.424940795898439,25.055555555555554,10,1,92.0
eval_at,"[0.26707000864304237, 8.501108647450112, 309, 213, 848, 522]",4.7049700975418105,25.055555555555554,10,1,92.5
eval_at,"[0.25237683664649957, 7.74279379157428, 292, 194, 865, 486]",5.00738408088684,25.055555555555554,10,1,93.0
eval_at,"[0.24200518582541056, 7.144124168514413, 280, 179, 877, 459]",5.361359584331517,25.055555555555554,10,1,93.5
eval_at,"[0.22558340535868626, 6.904656319290466, 261, 173, 896, 434]",5.739502353668213,25.055555555555554,10,1,94.0
eval_at,"[0.2065687121866897, 6.3458980044345905, 239, 159, 918, 398]",6.1584266519546516,25.055555555555554,10,1,94.5
eval_at,"[0.19360414866032843, 5.667405764966741, 224, 142, 933, 366]",6.650256681442254,25.055555555555554,10,1,95.0
eval_at,"[0.1780466724286949, 5.188470066518847, 206, 130, 951, 336]",7.226908357143397,25.055555555555554,10,1,95.5
eval_at,"[0.16421780466724287, 4.709534368070954, 190, 118, 967, 308]",7.894068813323975,25.055555555555554,10,1,96.0
eval_at,"[0.14606741573033707, 4.070953436807096, 169, 102, 988, 271]",8.621786789894083,25.055555555555554,10,1,96.5
eval_at,"[0.12964563526361278, 3.6718403547671845, 150, 92, 1007, 242]",9.648010635375952,25.055555555555554,10,1,97.0
eval_at,"[0.11581676750216076, 3.272727272727273, 134, 82, 1023, 216]",11.164498353004458,25.055555555555554,10,1,97.5
eval_at,"[0.09939498703543648, 2.394678492239468, 115, 60, 1042, 175]",13.29675485610954,25.055555555555554,10,1,98.0
eval_at,"[0.07692307692307693, 1.9556541019955656, 89, 49, 1068, 138]",16.661181840896596,25.055555555555554,10,1,98.5
eval_at,"[0.04753673292999136, 1.5166297117516632, 55, 38, 1102, 93]",22.330332088470627,25.055555555555554,10,1,99.0
eval_at,"[0.01901469317199654, 0.9578713968957873, 22, 24, 1135, 46]",32.94925287246687,25.055555555555554,10,1,99.5
eval_at,"[0.43560933448573896, 38.7139689578714, 504, 970, 653, 1474]",0.05991817265748978,25.055555555555554,10,2,50.0
eval_at,"[0.4364736387208297, 38.51441241685144, 505, 965, 652, 1470]",0.08061826176941393,25.055555555555554,10,2,50.5
eval_at,"[0.4399308556611927, 38.67405764966741, 509, 969, 648, 1478]",0.1006075265258551,25.055555555555554,10,2,51.0
eval_at,"[0.4373379429559205, 38.67405764966741, 506, 969, 651, 1475]",0.12226061247289209,25.055555555555554,10,2,51.5
eval_at,"[0.4364736387208297, 38.35476718403548, 505, 961, 652, 1466]",0.1420500165224075,25.055555555555554,10,2,52.0
eval_at,"[0.439066551426102, 38.15521064301552, 508, 956, 649, 1464]",0.16509500555694154,25.055555555555554,10,2,52.5
eval_at,"[0.439066551426102, 38.2749445676275, 508, 959, 649, 1467]",0.1836625267565251,25.055555555555554,10,2,53.0
eval_at,"[0.4399308556611927, 38.23503325942351, 509, 958, 648, 1467]",0.20357450343668462,25.055555555555554,10,2,53.5
eval_at,"[0.43820224719101125, 38.43458980044346, 507, 963, 650, 1470]",0.226165260076523,25.055555555555554,10,2,54.0
eval_at,"[0.4347450302506482, 38.59423503325942, 503, 967, 654, 1470]",0.24480200774967673,25.055555555555554,10,2,54.5
eval_at,"[0.43560933448573896, 39.03325942350333, 504, 978, 653, 1482]",0.26728275567293175,25.055555555555554,10,2,55.0
eval_at,"[0.4364736387208297, 38.7139689578714, 505, 970, 652, 1475]",0.2882730500400075,25.055555555555554,10,2,55.5
eval_at,"[0.4399308556611927, 38.59423503325942, 509, 967, 648, 1476]",0.31100518941879346,25.055555555555554,10,2,56.0
eval_at,"[0.43820224719101125, 38.91352549889135, 507, 975, 650, 1482]",0.33327673614025083,25.055555555555554,10,2,56.5
eval_at,"[0.4338807260155575, 38.79379157427938, 502, 972, 655, 1474]",0.35420421659946394,25.055555555555554,10,2,57.0
eval_at,"[0.4338807260155575, 38.39467849223947, 502, 962, 655, 1464]",0.3762428633868694,25.055555555555554,10,2,57.5
eval_at,"[0.4338807260155575, 38.31485587583149, 502, 960, 655, 1462]",0.40057162702083576,25.055555555555554,10,2,58.0
eval_at,"[0.43560933448573896, 38.35476718403548, 504, 961, 653, 1465]",0.42372969582676867,25.055555555555554,10,2,58.5
eval_at,"[0.43820224719101125, 38.63414634146342, 507, 968, 650, 1475]",0.44681494295597074,25.055555555555554,10,2,59.0
eval_at,"[0.4373379429559205, 38.35476718403548, 506, 961, 651, 1467]",0.4697840684652322,25.055555555555554,10,2,59.5
eval_at,"[0.439066551426102, 38.2749445676275, 508, 959, 649, 1467]",0.491665232181549,25.055555555555554,10,2,60.0
eval_at,"[0.4407951598962835, 38.47450110864745, 510, 964, 647, 1474]",0.5161675095558167,25.055555555555554,10,2,60.5
eval_at,"[0.4399308556611927, 38.47450110864745, 509, 964, 648, 1473]",0.538356317281723,25.055555555555554,10,2,61.0
eval_at,"[0.4399308556611927, 38.39467849223947, 509, 962, 648, 1471]",0.561016916334629,25.055555555555554,10,2,61.5
eval_at,"[0.4399308556611927, 38.43458980044346, 509, 963, 648, 1472]",0.586657911539078,25.055555555555554,10,2,62.0
eval_at,"[0.4399308556611927, 38.51441241685144, 509, 965, 648, 1474]",0.6116465479135513,25.055555555555554,10,2,62.5
eval_at,"[0.4407951598962835, 38.75388026607539, 510, 971, 647, 1481]",0.6381550061702727,25.055555555555554,10,2,63.0
eval_at,"[0.4399308556611927, 38.43458980044346, 509, 963, 648, 1472]",0.6651996275782589,25.055555555555554,10,2,63.5
eval_at,"[0.44165946413137425, 38.43458980044346, 511, 963, 646, 1474]",0.6928573751449585,25.055555555555554,10,2,64.0
eval_at,"[0.439066551426102, 37.83592017738359, 508, 948, 649, 1456]",0.7179806166887283,25.055555555555554,10,2,64.5
eval_at,"[0.4373379429559205, 37.71618625277162, 506, 945, 651, 1451]",0.7417798966169366,25.055555555555554,10,2,65.0
eval_at,"[0.44165946413137425, 37.23725055432373, 511, 933, 646, 1444]",0.7713101917505268,25.055555555555554,10,2,65.5
eval_at,"[0.44165946413137425, 37.31707317073171, 511, 935, 646, 1446]",0.7986254167556763,25.055555555555554,10,2,66.0
eval_at,"[0.44165946413137425, 37.23725055432373, 511, 933, 646, 1444]",0.8253424403071404,25.055555555555554,10,2,66.5
eval_at,"[0.4399308556611927, 36.75831485587583, 509, 921, 648, 1430]",0.8523724007606507,25.055555555555554,10,2,67.0
eval_at,"[0.4407951598962835, 36.4789356984479, 510, 914, 647, 1424]",0.8754675835371019,25.055555555555554,10,2,67.5
eval_at,"[0.4407951598962835, 36.51884700665189, 510, 915, 647, 1425]",0.9020308470726014,25.055555555555554,10,2,68.0
eval_at,"[0.43820224719101125, 36.55875831485588, 507, 916, 650, 1423]",0.9331858149170877,25.055555555555554,10,2,68.5
eval_at,"[0.4364736387208297, 36.43902439024391, 505, 913, 652, 1418]",0.960189611315727,25.055555555555554,10,2,69.0
eval_at,"[0.4347450302506482, 36.55875831485588, 503, 916, 654, 1419]",0.9928281754255289,25.055555555555554,10,2,69.5
eval_at,"[0.43042350907519444, 36.11973392461198, 498, 905, 659, 1403]",1.0220244884490965,25.055555555555554,10,2,70.0
eval_at,"[0.428694900605013, 35.68070953436808, 496, 894, 661, 1390]",1.0545126813650132,25.055555555555554,10,2,70.5
eval_at,"[0.4278305963699222, 35.08203991130821, 495, 879, 662, 1374]",1.0841276812553402,25.055555555555554,10,2,71.0
eval_at,"[0.4243733794295592, 34.72283813747229, 491, 870, 666, 1361]",1.111802314519882,25.055555555555554,10,2,71.5
eval_at,"[0.42523768366465, 34.36363636363637, 492, 861, 665, 1353]",1.1443962001800534,25.055555555555554,10,2,72.0
eval_at,"[0.4226447709593777, 34.00443458980045, 489, 852, 668, 1341]",1.1698437094688414,25.055555555555554,10,2,72.5
eval_at,"[0.42350907519446845, 33.286031042128606, 490, 834, 667, 1324]",1.2055975568294524,25.055555555555554,10,2,73.0
eval_at,"[0.4191875540190147, 32.647450110864746, 485, 818, 672, 1303]",1.2348979115486145,25.055555555555554,10,2,73.5
eval_at,"[0.42178046672428693, 32.04878048780488, 488, 803, 669, 1291]",1.2711074972152712,25.055555555555554,10,2,74.0
eval_at,"[0.42178046672428693, 31.68957871396896, 488, 794, 669, 1282]",1.303846154808998,25.055555555555554,10,2,74.5
eval_at,"[0.42005185825410546, 31.56984478935699, 486, 791, 671, 1277]",1.3367423713207245,25.055555555555554,10,2,75.0
eval_at,"[0.4191875540190147, 31.33037694013304, 485, 785, 672, 1270]",1.3732189315557493,25.055555555555554,10,2,75.5
eval_at,"[0.42005185825410546, 31.050997782705103, 486, 778, 671, 1264]",1.4072120189666746,25.055555555555554,10,2,76.0
eval_at,"[0.41659464131374246, 30.651884700665192, 482, 768, 675, 1250]",1.4488196098804473,25.055555555555554,10,2,76.5
eval_at,"[0.4140017286084702, 30.093126385809317, 479, 754, 678, 1233]",1.4866540026664736,25.055555555555554,10,2,77.0
eval_at,"[0.4131374243733794, 29.973392461197342, 478, 751, 679, 1229]",1.5251095741987226,25.055555555555554,10,2,77.5
eval_at,"[0.4096802074330164, 29.055432372505546, 474, 728, 683, 1202]",1.5627157855033875,25.055555555555554,10,2,78.0
eval_at,"[0.4105445116681072, 28.416851441241686, 475, 712, 682, 1187]",1.6014972478151324,25.055555555555554,10,2,78.5
eval_at,"[0.4096802074330164, 27.937915742793795, 474, 700, 683, 1174]",1.6449205088615415,25.055555555555554,10,2,79.0
eval_at,"[0.40535868625756266, 27.41906873614191, 469, 687, 688, 1156]",1.6839554882049568,25.055555555555554,10,2,79.5
eval_at,"[0.40190146931719967, 26.620842572062088, 465, 667, 692, 1132]",1.7321111679077184,25.055555555555554,10,2,80.0
eval_at,"[0.4010371650821089, 26.06208425720621, 464, 653, 693, 1117]",1.7788193434476853,25.055555555555554,10,2,80.5
eval_at,"[0.3993085566119274, 25.263858093126387, 462, 633, 695, 1095]",1.824977960586548,25.055555555555554,10,2,81.0
eval_at,"[0.3975799481417459, 24.784922394678492, 460, 621, 697, 1081]",1.8738821715116492,25.055555555555554,10,2,81.5
eval_at,"[0.39671564390665515, 23.467849223946786, 459, 588, 698, 1047]",1.9224071455001832,25.055555555555554,10,2,82.0
eval_at,"[0.3949870354364736, 22.78935698447894, 457, 571, 700, 1028]",1.978660789132117,25.055555555555554,10,2,82.5
eval_at,"[0.3915298184961106, 21.592017738359203, 453, 541, 704, 994]",2.035166697502136,25.055555555555554,10,2,83.0
eval_at,"[0.38461538461538464, 21.073170731707318, 445, 528, 712, 973]",2.088810014724732,25.055555555555554,10,2,83.5
eval_at,"[0.3837510803802939, 20.474501108647452, 444, 513, 713, 957]",2.1504270458221426,25.055555555555554,10,2,84.0
eval_at,"[0.37510803802938636, 19.596452328159646, 434, 491, 723, 925]",2.2150669860839836,25.055555555555554,10,2,84.5
eval_at,"[0.36732929991356955, 19.237250554323726, 425, 482, 732, 907]",2.2836571216583255,25.055555555555554,10,2,85.0
eval_at,"[0.3612791702679343, 18.838137472283815, 418, 472, 739, 890]",2.3567442023754097,25.055555555555554,10,2,85.5
eval_at,"[0.3595505617977528, 18.35920177383592, 416, 460, 741, 876]",2.434073963165283,25.055555555555554,10,2,86.0
eval_at,"[0.35350043215211757, 17.28159645232816, 409, 433, 748, 842]",2.5110221660137197,25.055555555555554,10,2,86.5
eval_at,"[0.3500432152117545, 16.403547671840357, 405, 411, 752, 816]",2.589447731971739,25.055555555555554,10,2,87.0
eval_at,"[0.34831460674157305, 16.004434589800443, 403, 401, 754, 804]",2.6730091273784637,25.055555555555554,10,2,87.5
eval_at,"[0.3465859982713915, 15.246119733924614, 401, 382, 756, 783]",2.7563090896606455,25.055555555555554,10,2,88.0
eval_at,"[0.3388072601555748, 14.567627494456763, 392, 365, 765, 757]",2.865357016324997,25.055555555555554,10,2,88.5
eval_at,"[0.3327571305099395, 14.44789356984479, 385, 362, 772, 747]",2.9803623867034914,25.055555555555554,10,2,89.0
eval_at,"[0.324114088159032, 13.72949002217295, 375, 344, 782, 719]",3.0981442403793404,25.055555555555554,10,2,89.5
eval_at,"[0.31892826274848746, 13.130820399113084, 369, 329, 788, 698]",3.2310157060623164,25.055555555555554,10,2,90.0
eval_at,"[0.3050993949870354, 12.412416851441243, 353, 311, 804, 664]",3.3653888893127446,25.055555555555554,10,2,90.5
eval_at,"[0.2878133102852204, 11.694013303769403, 333, 293, 824, 626]",3.5152608466148387,25.055555555555554,10,2,91.0
eval_at,"[0.2808988764044944, 10.935698447893571, 325, 274, 832, 599]",3.6687832713127126,25.055555555555554,10,2,91.5
eval_at,"[0.27052722558340536, 10.137472283813748, 313, 254, 844, 567]",3.86385277748108,25.055555555555554,10,2,92.0
eval_at,"[0.2636127917026793, 9.578713968957873, 305, 240, 852, 545]",4.0560077190399175,25.055555555555554,10,2,92.5
eval_at,"[0.2601555747623163, 9.019955654101997, 301, 226, 856, 527]",4.247390007972717,25.055555555555554,10,2,93.0
eval_at,"[0.25064822817631804, 8.221729490022174, 290, 206, 867, 496]",4.471500947475434,25.055555555555554,10,2,93.5
eval_at,"[0.23249783923941228, 7.503325942350333, 269, 188, 888, 457]",4.747831115722652,25.055555555555554,10,2,94.0
eval_at,"[0.21694036300777875, 7.06430155210643, 251, 177, 906, 428]",5.070278382301331,25.055555555555554,10,2,94.5
eval_at,"[0.1996542783059637, 6.66518847006652, 231, 167, 926, 398]",5.358942580223076,25.055555555555554,10,2,95.0
eval_at,"[0.18409680207433016, 6.3458980044345905, 213, 159, 944, 372]",5.727504851818082,25.055555555555554,10,2,95.5
eval_at,"[0.17113223854796888, 5.507760532150776, 198, 138, 959, 336]",6.093412399291994,25.055555555555554,10,2,96.0
eval_at,"[0.15643906655142611, 5.148558758314857, 181, 129, 976, 310]",6.533520934581752,25.055555555555554,10,2,96.5
eval_at,"[0.1365600691443388, 4.270509977827051, 158, 107, 999, 265]",7.049457707405086,25.055555555555554,10,2,97.0
eval_at,"[0.12100259291270528, 3.6319290465631933, 140, 91, 1017, 231]",7.6970268011093275,25.055555555555554,10,2,97.5
eval_at,"[0.10371650821089023, 2.7139689578713972, 120, 68, 1037, 188]",8.483881969451884,25.055555555555554,10,2,98.0
eval_at,"[0.08210890233362143, 1.9955654101995568, 95, 50, 1062, 145]",9.948091778755186,25.055555555555554,10,2,98.5
eval_at,"[0.049265341400172864, 1.3569844789356986, 57, 34, 1100, 91]",12.216104812622087,25.055555555555554,10,2,99.0
eval_at,"[0.02592912705272256, 0.7583148558758316, 30, 19, 1127, 49]",17.699164409637447,25.055555555555554,10,2,99.5
eval_at,"[0.45721694036300775, 44.38137472283814, 529, 1112, 628, 1641]",0.07242123782634735,25.055555555555554,10,3,50.0
eval_at,"[0.4589455488331893, 44.50110864745012, 531, 1115, 626, 1646]",0.09281115882098667,25.055555555555554,10,3,50.5
eval_at,"[0.4589455488331893, 44.5809312638581, 531, 1117, 626, 1648]",0.11344177417457114,25.055555555555554,10,3,51.0
eval_at,"[0.46499567847882456, 44.30155210643016, 538, 1110, 619, 1648]",0.13396197848021985,25.055555555555554,10,3,51.5
eval_at,"[0.46326707000864303, 44.46119733924613, 536, 1114, 621, 1650]",0.15217896223068236,25.055555555555554,10,3,52.0
eval_at,"[0.4675885911840968, 44.42128603104213, 541, 1113, 616, 1654]",0.17339111901819726,25.055555555555554,10,3,52.5
eval_at,"[0.4658599827139153, 44.34146341463415, 539, 1111, 618, 1650]",0.19233704581856728,25.055555555555554,10,3,53.0
eval_at,"[0.46672428694900603, 44.30155210643016, 540, 1110, 617, 1650]",0.21371618285775185,25.055555555555554,10,3,53.5
eval_at,"[0.46845289541918755, 44.22172949002218, 542, 1108, 615, 1650]",0.23755888164043484,25.055555555555554,10,3,54.0
eval_at,"[0.4710458081244598, 44.06208425720621, 545, 1104, 612, 1649]",0.2590900832414628,25.055555555555554,10,3,54.5
eval_at,"[0.47191011235955055, 44.22172949002218, 546, 1108, 611, 1654]",0.27870386391878127,25.055555555555554,10,3,55.0
eval_at,"[0.4710458081244598, 43.86252771618626, 545, 1099, 612, 1644]",0.2992243799567224,25.055555555555554,10,3,55.5
eval_at,"[0.46845289541918755, 43.98226164079823, 542, 1102, 615, 1644]",0.31888813376426706,25.055555555555554,10,3,56.0
eval_at,"[0.4701815038893691, 43.98226164079823, 544, 1102, 613, 1646]",0.3413954913616177,25.055555555555554,10,3,56.5
eval_at,"[0.47450302506482284, 43.50332594235034, 549, 1090, 608, 1639]",0.36442501246929143,25.055555555555554,10,3,57.0
eval_at,"[0.47536732929991354, 43.58314855875832, 550, 1092, 607, 1642]",0.38768841400742526,25.055555555555554,10,3,57.5
eval_at,"[0.48055315471045806, 43.463414634146346, 556, 1089, 601, 1645]",0.4096411168575284,25.055555555555554,10,3,58.0
eval_at,"[0.4822817631806396, 43.423503325942356, 558, 1088, 599, 1646]",0.43428609445691096,25.055555555555554,10,3,58.5
eval_at,"[0.48314606741573035, 42.98447893569845, 559, 1077, 598, 1636]",0.45729631900787354,25.055555555555554,10,3,59.0
eval_at,"[0.4814174589455488, 42.94456762749446, 557, 1076, 600, 1633]",0.48334172785282137,25.055555555555554,10,3,59.5
eval_at,"[0.48314606741573035, 42.90465631929047, 559, 1075, 598, 1634]",0.5071276068687434,25.055555555555554,10,3,60.0
eval_at,"[0.4848746758859118, 42.54545454545455, 561, 1066, 596, 1627]",0.5302369582653046,25.055555555555554,10,3,60.5
eval_at,"[0.48660328435609335, 42.345898004434595, 563, 1061, 594, 1624]",0.5554460442066192,25.055555555555554,10,3,61.0
eval_at,"[0.4857389801210026, 42.385809312638585, 562, 1062, 595, 1624]",0.5798694226145742,25.055555555555554,10,3,61.5
eval_at,"[0.49006050129645634, 41.787139689578716, 567, 1047, 590, 1614]",0.6045864784717561,25.055555555555554,10,3,62.0
eval_at,"[0.49178910976663787, 41.906873614190694, 569, 1050, 588, 1619]",0.6320619732141495,25.055555555555554,10,3,62.5
eval_at,"[0.49265341400172863, 41.587583148558764, 570, 1042, 587, 1612]",0.6565387302637095,25.055555555555554,10,3,63.0
eval_at,"[0.49351771823681934, 41.787139689578716, 571, 1047, 586, 1618]",0.6846049961447717,25.055555555555554,10,3,63.5
eval_at,"[0.4909248055315471, 41.707317073170735, 568, 1045, 589, 1613]",0.7090667200088502,25.055555555555554,10,3,64.0
eval_at,"[0.4874675885911841, 41.707317073170735, 564, 1045, 593, 1609]",0.7361964327096939,25.055555555555554,10,3,64.5
eval_at,"[0.4857389801210026, 41.348115299334815, 562, 1036, 595, 1598]",0.7638278454542169,25.055555555555554,10,3,65.0
eval_at,"[0.48660328435609335, 40.669623059866964, 563, 1019, 594, 1582]",0.7934676480293276,25.055555555555554,10,3,65.5
eval_at,"[0.4814174589455488, 40.031042128603104, 557, 1003, 600, 1560]",0.8200260019302369,25.055555555555554,10,3,66.0
eval_at,"[0.4814174589455488, 39.47228381374723, 557, 989, 600, 1546]",0.8493241608142854,25.055555555555554,10,3,66.5
eval_at,"[0.48055315471045806, 38.91352549889135, 556, 975, 601, 1531]",0.880436466932297,25.055555555555554,10,3,67.0
eval_at,"[0.4814174589455488, 38.83370288248337, 557, 973, 600, 1530]",0.9102258458733559,25.055555555555554,10,3,67.5
eval_at,"[0.4857389801210026, 38.39467849223947, 562, 962, 595, 1524]",0.9415886116027833,25.055555555555554,10,3,68.0
eval_at,"[0.48660328435609335, 37.7960088691796, 563, 947, 594, 1510]",0.9732991907000543,25.055555555555554,10,3,68.5
eval_at,"[0.4848746758859118, 37.51662971175167, 561, 940, 596, 1501]",1.0061925888061523,25.055555555555554,10,3,69.0
eval_at,"[0.48055315471045806, 37.3569844789357, 556, 936, 601, 1492]",1.0379937803745263,25.055555555555554,10,3,69.5
eval_at,"[0.4788245462402766, 37.3569844789357, 554, 936, 603, 1490]",1.0709791779518127,25.055555555555554,10,3,70.0
eval_at,"[0.47968885047536736, 36.83813747228382, 555, 923, 602, 1478]",1.10400669157505,25.055555555555554,10,3,70.5
eval_at,"[0.4788245462402766, 35.80044345898005, 554, 897, 603, 1451]",1.1373849177360529,25.055555555555554,10,3,71.0
eval_at,"[0.47796024200518583, 35.60088691796009, 553, 892, 604, 1445]",1.172658256292343,25.055555555555554,10,3,71.5
eval_at,"[0.4762316335350043, 34.96230598669624, 551, 876, 606, 1427]",1.2088053226470945,25.055555555555554,10,3,72.0
eval_at,"[0.4736387208297321, 34.56319290465632, 548, 866, 609, 1414]",1.2428988784551618,25.055555555555554,10,3,72.5
eval_at,"[0.47536732929991354, 33.964523281596456, 550, 851, 607, 1401]",1.278570486307143,25.055555555555554,10,3,73.0
eval_at,"[0.47191011235955055, 33.68514412416852, 546, 844, 611, 1390]",1.31843497633934,25.055555555555554,10,3,73.5
eval_at,"[0.4675885911840968, 33.485587583148565, 541, 839, 616, 1380]",1.3587335062026986,25.055555555555554,10,3,74.0
eval_at,"[0.4641313742437338, 33.08647450110865, 537, 829, 620, 1366]",1.402711416482925,25.055555555555554,10,3,74.5
eval_at,"[0.46240276577355227, 32.008869179600886, 535, 802, 622, 1337]",1.4443709552288055,25.055555555555554,10,3,75.0
eval_at,"[0.45980985306828004, 31.490022172949004, 532, 789, 625, 1321]",1.4898272740840912,25.055555555555554,10,3,75.5
eval_at,"[0.4546240276577355, 30.771618625277164, 526, 771, 631, 1297]",1.532317986488342,25.055555555555554,10,3,76.0
eval_at,"[0.4511668107173725, 30.532150776053218, 522, 765, 635, 1287]",1.5753306668996812,25.055555555555554,10,3,76.5
eval_at,"[0.44338807260155577, 30.053215077605323, 513, 753, 644, 1266]",1.6185009658336647,25.055555555555554,10,3,77.0
eval_at,"[0.44165946413137425, 29.534368070953438, 511, 740, 646, 1251]",1.6648934811353684,25.055555555555554,10,3,77.5
eval_at,"[0.43820224719101125, 28.89578713968958, 507, 724, 650, 1231]",1.7164766931533817,25.055555555555554,10,3,78.0
eval_at,"[0.4364736387208297, 28.017738359201775, 505, 702, 652, 1207]",1.772313483953476,25.055555555555554,10,3,78.5
eval_at,"[0.4347450302506482, 27.538802660753884, 503, 690, 654, 1193]",1.8242844820022583,25.055555555555554,10,3,79.0
eval_at,"[0.42955920484010374, 26.980044345898005, 497, 676, 660, 1173]",1.8761715412139897,25.055555555555554,10,3,79.5
eval_at,"[0.42523768366465, 26.06208425720621, 492, 653, 665, 1145]",1.9314275264739997,25.055555555555554,10,3,80.0
eval_at,"[0.42350907519446845, 25.543237250554327, 490, 640, 667, 1130]",1.9951582998037338,25.055555555555554,10,3,80.5
eval_at,"[0.42005185825410546, 24.745011086474502, 486, 620, 671, 1106]",2.0594135975837715,25.055555555555554,10,3,81.0
eval_at,"[0.41745894554883317, 24.186252771618626, 483, 606, 674, 1089]",2.1235837054252618,25.055555555555554,10,3,81.5
eval_at,"[0.4131374243733794, 23.66740576496674, 478, 593, 679, 1071]",2.1871300220489505,25.055555555555554,10,3,82.0
eval_at,"[0.4079515989628349, 22.9490022172949, 472, 575, 685, 1047]",2.250110352039337,25.055555555555554,10,3,82.5
eval_at,"[0.4070872947277442, 22.031042128603104, 471, 552, 686, 1023]",2.324234523773193,25.055555555555554,10,3,83.0
eval_at,"[0.4010371650821089, 21.871396895787143, 464, 548, 693, 1012]",2.4034692597389227,25.055555555555554,10,3,83.5
eval_at,"[0.3923941227312014, 21.152993348115302, 454, 530, 703, 984]",2.506746749877929,25.055555555555554,10,3,84.0
eval_at,"[0.3889369057908384, 20.873614190687363, 450, 523, 707, 973]",2.595142900943756,25.055555555555554,10,3,84.5
eval_at,"[0.3777009507346586, 20.274944567627497, 437, 508, 720, 945]",2.688076961040498,25.055555555555554,10,3,85.0
eval_at,"[0.3690579083837511, 19.556541019955656, 427, 490, 730, 917]",2.7769815516471863,25.055555555555554,10,3,85.5
eval_at,"[0.3612791702679343, 18.758314855875835, 418, 470, 739, 888]",2.8832602500915523,25.055555555555554,10,3,86.0
eval_at,"[0.3543647363872083, 17.84035476718404, 410, 447, 747, 857]",3.0033725476264963,25.055555555555554,10,3,86.5
eval_at,"[0.34572169403630076, 17.20177383592018, 400, 431, 757, 831]",3.142803905010223,25.055555555555554,10,3,87.0
eval_at,"[0.341400172860847, 16.563192904656322, 395, 415, 762, 810]",3.268635481595993,25.055555555555554,10,3,87.5
eval_at,"[0.33707865168539325, 15.685144124168515, 390, 393, 767, 783]",3.403487224578859,25.055555555555554,10,3,88.0
eval_at,"[0.3327571305099395, 15.086474501108649, 385, 378, 772, 763]",3.5539396476745573,25.055555555555554,10,3,88.5
eval_at,"[0.324114088159032, 14.288248337028826, 375, 358, 782, 733]",3.729572701454163,25.055555555555554,10,3,89.0
eval_at,"[0.3163353500432152, 13.929046563192905, 366, 349, 791, 715]",3.910441392660147,25.055555555555554,10,3,89.5
eval_at,"[0.31287813310285223, 13.130820399113084, 362, 329, 795, 691]",4.113567066192625,25.055555555555554,10,3,90.0
eval_at,"[0.3094209161624892, 12.01330376940133, 358, 301, 799, 659]",4.325139234066011,25.055555555555554,10,3,90.5
eval_at,"[0.30077787381158166, 11.21507760532151, 348, 281, 809, 629]",4.582634682655344,25.055555555555554,10,3,91.0
eval_at,"[0.2817631806395851, 10.776053215077606, 326, 270, 831, 596]",4.847091639041898,25.055555555555554,10,3,91.5
eval_at,"[0.26534140017286084, 10.21729490022173, 307, 256, 850, 563]",5.134995384216311,25.055555555555554,10,3,92.0
eval_at,"[0.25583405358686256, 9.578713968957873, 296, 240, 861, 536]",5.450106835365297,25.055555555555554,10,3,92.5
eval_at,"[0.24632670700086431, 9.059866962305987, 285, 227, 872, 512]",5.8527062368392935,25.055555555555554,10,3,93.0
eval_at,"[0.23163353500432152, 8.341463414634147, 268, 209, 889, 477]",6.2460551166534435,25.055555555555554,10,3,93.5
eval_at,"[0.22817631806395852, 7.662971175166298, 264, 192, 893, 456]",6.753908987045284,25.055555555555554,10,3,94.0
eval_at,"[0.2143474503025065, 7.1042128603104215, 248, 178, 909, 426]",7.254638154506684,25.055555555555554,10,3,94.5
eval_at,"[0.19273984442523767, 6.585365853658537, 223, 165, 934, 388]",7.818390440940844,25.055555555555554,10,3,95.0
eval_at,"[0.1780466724286949, 5.866962305986696, 206, 147, 951, 353]",8.469619402885423,25.055555555555554,10,3,95.5
eval_at,"[0.16076058772687987, 5.467849223946786, 186, 137, 971, 323]",9.260031814575202,25.055555555555554,10,3,96.0
eval_at,"[0.14001728608470182, 4.709534368070954, 162, 118, 995, 280]",10.185505638122553,25.055555555555554,10,3,96.5
eval_at,"[0.11581676750216076, 4.190687361419069, 134, 105, 1023, 239]",11.4422012042999,25.055555555555554,10,3,97.0
eval_at,"[0.1063094209161625, 3.3924611973392462, 123, 85, 1034, 208]",13.356343221664439,25.055555555555554,10,3,97.5
eval_at,"[0.08383751080380294, 2.7139689578713972, 97, 68, 1060, 165]",15.385266838073653,25.055555555555554,10,3,98.0
eval_at,"[0.059636992221261884, 2.1951219512195124, 69, 55, 1088, 124]",18.98787912368771,25.055555555555554,10,3,98.5
eval_at,"[0.03543647363872083, 1.5964523281596454, 41, 40, 1116, 81]",26.344321517944458,25.055555555555554,10,3,99.0
eval_at,"[0.012100259291270527, 0.878048780487805, 14, 22, 1143, 36]",45.345195140838264,25.055555555555554,10,3,99.5
eval_at,"[0.44857389801210024, 42.266075388026614, 519, 1059, 638, 1578]",0.06244081072509289,25.055555555555554,10,4,50.0
eval_at,"[0.45030250648228176, 42.305986696230605, 521, 1060, 636, 1581]",0.08308052714914076,25.055555555555554,10,4,50.5
eval_at,"[0.4511668107173725, 42.345898004434595, 522, 1061, 635, 1583]",0.10170435324311312,25.055555555555554,10,4,51.0
eval_at,"[0.4546240276577355, 42.22616407982262, 526, 1058, 631, 1584]",0.12351083260029556,25.055555555555554,10,4,51.5
eval_at,"[0.45721694036300775, 42.745011086474506, 529, 1071, 628, 1600]",0.14713602304458612,25.055555555555554,10,4,52.0
eval_at,"[0.45721694036300775, 42.745011086474506, 529, 1071, 628, 1600]",0.16541491560637955,25.055555555555554,10,4,52.5
eval_at,"[0.4580812445980985, 42.94456762749446, 530, 1076, 627, 1606]",0.188358554542065,25.055555555555554,10,4,53.0
eval_at,"[0.4580812445980985, 43.064301552106436, 530, 1079, 627, 1609]",0.21057870768010617,25.055555555555554,10,4,53.5
eval_at,"[0.46240276577355227, 42.345898004434595, 535, 1061, 622, 1596]",0.23288290202617648,25.055555555555554,10,4,54.0
eval_at,"[0.46499567847882456, 42.305986696230605, 538, 1060, 619, 1598]",0.2572718743979935,25.055555555555554,10,4,54.5
eval_at,"[0.46499567847882456, 42.266075388026614, 538, 1059, 619, 1597]",0.2809093520045281,25.055555555555554,10,4,55.0
eval_at,"[0.46153846153846156, 42.106430155210646, 534, 1055, 623, 1589]",0.3013996934890751,25.055555555555554,10,4,55.5
eval_at,"[0.46499567847882456, 41.667405764966745, 538, 1044, 619, 1582]",0.325368653535843,25.055555555555554,10,4,56.0
eval_at,"[0.46499567847882456, 41.587583148558764, 538, 1042, 619, 1580]",0.3465761095285414,25.055555555555554,10,4,56.5
eval_at,"[0.4658599827139153, 41.268292682926834, 539, 1034, 618, 1573]",0.3693937849998474,25.055555555555554,10,4,57.0
eval_at,"[0.4710458081244598, 40.949002217294904, 545, 1026, 612, 1571]",0.3927914962172508,25.055555555555554,10,4,57.5
eval_at,"[0.47191011235955055, 40.789356984478935, 546, 1022, 611, 1568]",0.41793476343154906,25.055555555555554,10,4,58.0
eval_at,"[0.47450302506482284, 40.749445676274945, 549, 1021, 608, 1570]",0.4392612431943413,25.055555555555554,10,4,58.5
eval_at,"[0.47709593777009507, 40.709534368070955, 552, 1020, 605, 1572]",0.46265738368034365,25.055555555555554,10,4,59.0
eval_at,"[0.47450302506482284, 40.54988913525499, 549, 1016, 608, 1565]",0.48916755989193916,25.055555555555554,10,4,59.5
eval_at,"[0.47450302506482284, 40.589800443458984, 549, 1017, 608, 1566]",0.5096593737602231,25.055555555555554,10,4,60.0
eval_at,"[0.4762316335350043, 39.991130820399114, 551, 1002, 606, 1553]",0.5320985227823258,25.055555555555554,10,4,60.5
eval_at,"[0.47968885047536736, 39.83148558758315, 555, 998, 602, 1553]",0.5578313469886779,25.055555555555554,10,4,61.0
eval_at,"[0.47709593777009507, 39.55210643015521, 552, 991, 605, 1543]",0.5805755105614662,25.055555555555554,10,4,61.5
eval_at,"[0.47796024200518583, 39.1529933481153, 553, 981, 604, 1534]",0.6057374691963197,25.055555555555554,10,4,62.0
eval_at,"[0.4814174589455488, 38.67405764966741, 557, 969, 600, 1526]",0.6334465071558952,25.055555555555554,10,4,62.5
eval_at,"[0.4822817631806396, 38.75388026607539, 558, 971, 599, 1529]",0.6598346406221389,25.055555555555554,10,4,63.0
eval_at,"[0.48055315471045806, 38.51441241685144, 556, 965, 601, 1521]",0.6841615024209023,25.055555555555554,10,4,63.5
eval_at,"[0.4814174589455488, 37.95565410199557, 557, 951, 600, 1508]",0.7123594665527344,25.055555555555554,10,4,64.0
eval_at,"[0.48055315471045806, 37.7960088691796, 556, 947, 601, 1503]",0.7424534314870832,25.055555555555554,10,4,64.5
eval_at,"[0.4822817631806396, 37.67627494456763, 558, 944, 599, 1502]",0.7700938791036606,25.055555555555554,10,4,65.0
eval_at,"[0.48055315471045806, 37.51662971175167, 556, 940, 601, 1496]",0.7987321215867997,25.055555555555554,10,4,65.5
eval_at,"[0.48314606741573035, 37.07760532150776, 559, 929, 598, 1488]",0.8258190953731537,25.055555555555554,10,4,66.0
eval_at,"[0.4840103716508211, 36.75831485587583, 560, 921, 597, 1481]",0.8530846673250199,25.055555555555554,10,4,66.5
eval_at,"[0.48314606741573035, 36.4789356984479, 559, 914, 598, 1473]",0.8783948385715485,25.055555555555554,10,4,67.0
eval_at,"[0.48055315471045806, 36.15964523281597, 556, 906, 601, 1462]",0.9110532000660897,25.055555555555554,10,4,67.5
eval_at,"[0.47968885047536736, 35.52106430155211, 555, 890, 602, 1445]",0.9405924844741822,25.055555555555554,10,4,68.0
eval_at,"[0.47968885047536736, 35.32150776053216, 555, 885, 602, 1440]",0.9721622261404994,25.055555555555554,10,4,68.5
eval_at,"[0.4788245462402766, 34.92239467849224, 554, 875, 603, 1429]",1.0020439553260796,25.055555555555554,10,4,69.0
eval_at,"[0.47968885047536736, 34.36363636363637, 555, 861, 602, 1416]",1.034875620603561,25.055555555555554,10,4,69.5
eval_at,"[0.47709593777009507, 33.884700665188475, 552, 849, 605, 1401]",1.0657137393951415,25.055555555555554,10,4,70.0
eval_at,"[0.47709593777009507, 33.565410199556545, 552, 841, 605, 1393]",1.0957022017240523,25.055555555555554,10,4,70.5
eval_at,"[0.47796024200518583, 33.166297117516635, 553, 831, 604, 1384]",1.1320762622356413,25.055555555555554,10,4,71.0
eval_at,"[0.47796024200518583, 32.368070953436806, 553, 811, 604, 1364]",1.164887648820877,25.055555555555554,10,4,71.5
eval_at,"[0.4814174589455488, 31.849223946784925, 557, 798, 600, 1355]",1.2015663146972655,25.055555555555554,10,4,72.0
eval_at,"[0.48314606741573035, 31.410199556541023, 559, 787, 598, 1346]",1.2392604708671553,25.055555555555554,10,4,72.5
eval_at,"[0.4822817631806396, 30.93126385809313, 558, 775, 599, 1333]",1.2756674814224238,25.055555555555554,10,4,73.0
eval_at,"[0.47796024200518583, 30.532150776053218, 553, 765, 604, 1318]",1.3108811634778976,25.055555555555554,10,4,73.5
eval_at,"[0.48055315471045806, 30.172949002217297, 556, 756, 601, 1312]",1.3491052103042611,25.055555555555554,10,4,74.0
eval_at,"[0.4788245462402766, 29.893569844789358, 554, 749, 603, 1303]",1.3859830600023268,25.055555555555554,10,4,74.5
eval_at,"[0.47968885047536736, 29.135254988913527, 555, 730, 602, 1285]",1.4236987233161926,25.055555555555554,10,4,75.0
eval_at,"[0.47796024200518583, 28.736141906873616, 553, 720, 604, 1273]",1.4632006055116662,25.055555555555554,10,4,75.5
eval_at,"[0.47536732929991354, 28.17738359201774, 550, 706, 607, 1256]",1.502588849067688,25.055555555555554,10,4,76.0
eval_at,"[0.4693171996542783, 27.618625277161865, 543, 692, 614, 1235]",1.542294679284096,25.055555555555554,10,4,76.5
eval_at,"[0.4701815038893691, 26.580931263858094, 544, 666, 613, 1210]",1.581786434650422,25.055555555555554,10,4,77.0
eval_at,"[0.4710458081244598, 26.38137472283814, 545, 661, 612, 1206]",1.6200718045234679,25.055555555555554,10,4,77.5
eval_at,"[0.46845289541918755, 26.02217294900222, 542, 652, 615, 1194]",1.6658373403549196,25.055555555555554,10,4,78.0
eval_at,"[0.46672428694900603, 24.944567627494457, 540, 625, 617, 1165]",1.7113362115621569,25.055555555555554,10,4,78.5
eval_at,"[0.4710458081244598, 24.26607538802661, 545, 608, 612, 1153]",1.7614627921581265,25.055555555555554,10,4,79.0
eval_at,"[0.4658599827139153, 23.98669623059867, 539, 601, 618, 1140]",1.807267009615899,25.055555555555554,10,4,79.5
eval_at,"[0.4658599827139153, 23.50776053215078, 539, 589, 618, 1128]",1.85118465423584,25.055555555555554,10,4,80.0
eval_at,"[0.4606741573033708, 22.58980044345898, 533, 566, 624, 1099]",1.8986480289697647,25.055555555555554,10,4,80.5
eval_at,"[0.45721694036300775, 22.11086474501109, 529, 554, 628, 1083]",1.9462778353691106,25.055555555555554,10,4,81.0
eval_at,"[0.452895419187554, 21.552106430155213, 524, 540, 633, 1064]",2.0006846904754636,25.055555555555554,10,4,81.5
eval_at,"[0.44857389801210024, 21.312638580931267, 519, 534, 638, 1053]",2.0562781572341917,25.055555555555554,10,4,82.0
eval_at,"[0.44684528954191877, 20.634146341463417, 517, 517, 640, 1034]",2.1191303908824883,25.055555555555554,10,4,82.5
eval_at,"[0.445980985306828, 19.71618625277162, 516, 494, 641, 1010]",2.1719050455093383,25.055555555555554,10,4,83.0
eval_at,"[0.445980985306828, 18.838137472283815, 516, 472, 641, 988]",2.2385372877120973,25.055555555555554,10,4,83.5
eval_at,"[0.44338807260155577, 17.96008869179601, 513, 450, 644, 963]",2.301259880065918,25.055555555555554,10,4,84.0
eval_at,"[0.4407951598962835, 17.16186252771619, 510, 430, 647, 940]",2.382391169071197,25.055555555555554,10,4,84.5
eval_at,"[0.4373379429559205, 16.203991130820402, 506, 406, 651, 912]",2.4573577761650087,25.055555555555554,10,4,85.0
eval_at,"[0.4347450302506482, 15.80487804878049, 503, 396, 654, 899]",2.5407386314868923,25.055555555555554,10,4,85.5
eval_at,"[0.4278305963699222, 15.046563192904658, 495, 377, 662, 872]",2.6348759603500365,25.055555555555554,10,4,86.0
eval_at,"[0.41832324978392393, 14.04878048780488, 484, 352, 673, 836]",2.7306462717056283,25.055555555555554,10,4,86.5
eval_at,"[0.4131374243733794, 13.889135254988915, 478, 348, 679, 826]",2.8263829278945907,25.055555555555554,10,4,87.0
eval_at,"[0.4044943820224719, 13.529933481152995, 468, 339, 689, 807]",2.9204152822494507,25.055555555555554,10,4,87.5
eval_at,"[0.3993085566119274, 12.931263858093127, 462, 324, 695, 786]",3.0289342021942143,25.055555555555554,10,4,88.0
eval_at,"[0.3923941227312014, 12.532150776053216, 454, 314, 703, 768]",3.146851233243942,25.055555555555554,10,4,88.5
eval_at,"[0.38202247191011235, 11.97339246119734, 442, 300, 715, 742]",3.276005876064301,25.055555555555554,10,4,89.0
eval_at,"[0.3742437337942956, 11.534368070953438, 433, 289, 724, 722]",3.414893701076508,25.055555555555554,10,4,89.5
eval_at,"[0.3647363872082973, 10.776053215077606, 422, 270, 735, 692]",3.551288986206054,25.055555555555554,10,4,90.0
eval_at,"[0.3543647363872083, 10.257206208425721, 410, 257, 747, 667]",3.696141715049745,25.055555555555554,10,4,90.5
eval_at,"[0.33967156439066554, 9.738359201773836, 393, 244, 764, 637]",3.8758654761314397,25.055555555555554,10,4,91.0
eval_at,"[0.33016421780466726, 8.700665188470067, 382, 218, 775, 600]",4.058573017120361,25.055555555555554,10,4,91.5
eval_at,"[0.32152117545375974, 8.181818181818182, 372, 205, 785, 577]",4.27302278518677,25.055555555555554,10,4,92.0
eval_at,"[0.3163353500432152, 7.543237250554324, 366, 189, 791, 555]",4.505853104591371,25.055555555555554,10,4,92.5
eval_at,"[0.29818496110630943, 7.06430155210643, 345, 177, 812, 522]",4.743497495651244,25.055555555555554,10,4,93.0
eval_at,"[0.28262748487467587, 6.505543237250555, 327, 163, 830, 490]",5.055617067813887,25.055555555555554,10,4,93.5
eval_at,"[0.2731201382886776, 5.667405764966741, 316, 142, 841, 458]",5.39107440948486,25.055555555555554,10,4,94.0
eval_at,"[0.2627484874675886, 5.2682926829268295, 304, 132, 853, 436]",5.768512196540833,25.055555555555554,10,4,94.5
eval_at,"[0.24719101123595505, 4.58980044345898, 286, 115, 871, 401]",6.194150018691995,25.055555555555554,10,4,95.0
eval_at,"[0.22817631806395852, 4.150776053215078, 264, 104, 893, 368]",6.717506160736082,25.055555555555554,10,4,95.5
eval_at,"[0.20570440795159897, 3.4722838137472287, 238, 87, 919, 325]",7.326669292449956,25.055555555555554,10,4,96.0
eval_at,"[0.19014693171996544, 2.7937915742793793, 220, 70, 937, 290]",8.154621520042417,25.055555555555554,10,4,96.5
eval_at,"[0.16421780466724287, 2.2749445676274944, 190, 57, 967, 247]",9.1917315006256,25.055555555555554,10,4,97.0
eval_at,"[0.14001728608470182, 1.9556541019955656, 162, 49, 995, 211]",10.573643708229076,25.055555555555554,10,4,97.5
eval_at,"[0.12013828867761452, 1.6363636363636365, 139, 41, 1018, 180]",12.411593818664535,25.055555555555554,10,4,98.0
eval_at,"[0.10371650821089023, 1.1175166297117518, 120, 28, 1037, 148]",15.303543405532807,25.055555555555554,10,4,98.5
eval_at,"[0.07692307692307693, 0.7982261640798227, 89, 20, 1068, 109]",18.86901271820071,25.055555555555554,10,4,99.0
eval_at,"[0.04062229904926534, 0.3592017738359202, 47, 9, 1110, 56]",25.857299423217707,25.055555555555554,10,4,99.5
eval_at,"[0.42350907519446845, 43.86252771618626, 490, 1099, 667, 1589]",0.05531001091003418,25.055555555555554,30,0,50.0
eval_at,"[0.42696629213483145, 43.6629711751663, 494, 1094, 663, 1588]",0.07721331156790252,25.055555555555554,30,0,50.5
eval_at,"[0.428694900605013, 43.50332594235034, 496, 1090, 661, 1586]",0.09832804538309588,25.055555555555554,30,0,51.0
eval_at,"[0.42523768366465, 43.98226164079823, 492, 1102, 665, 1594]",0.12002726260572676,25.055555555555554,30,0,51.5
eval_at,"[0.42955920484010374, 44.1419068736142, 497, 1106, 660, 1603]",0.14133281350135796,25.055555555555554,30,0,52.0
eval_at,"[0.42955920484010374, 43.62305986696231, 497, 1093, 660, 1590]",0.1658070120960476,25.055555555555554,30,0,52.5
eval_at,"[0.43042350907519444, 43.383592017738366, 498, 1087, 659, 1585]",0.18614997640252115,25.055555555555554,30,0,53.0
eval_at,"[0.42696629213483145, 43.70288248337029, 494, 1095, 663, 1589]",0.2083003892749548,25.055555555555554,30,0,53.5
eval_at,"[0.428694900605013, 43.70288248337029, 496, 1095, 661, 1591]",0.22912193655967714,25.055555555555554,30,0,54.0
eval_at,"[0.428694900605013, 43.86252771618626, 496, 1099, 661, 1595]",0.251129156947136,25.055555555555554,30,0,54.5
eval_at,"[0.43301642178046673, 44.30155210643016, 501, 1110, 656, 1611]",0.27423247396945954,25.055555555555554,30,0,55.0
eval_at,"[0.43560933448573896, 44.101995565410206, 504, 1105, 653, 1609]",0.29774349629879027,25.055555555555554,30,0,55.5
eval_at,"[0.4347450302506482, 44.06208425720621, 503, 1104, 654, 1607]",0.32009079217910785,25.055555555555554,30,0,56.0
eval_at,"[0.4347450302506482, 43.6629711751663, 503, 1094, 654, 1597]",0.34494033709168365,25.055555555555554,30,0,56.5
eval_at,"[0.4373379429559205, 43.30376940133038, 506, 1085, 651, 1591]",0.3690830701589582,25.055555555555554,30,0,57.0
eval_at,"[0.4364736387208297, 43.024390243902445, 505, 1078, 652, 1583]",0.39214262962341306,25.055555555555554,30,0,57.5
eval_at,"[0.43820224719101125, 43.064301552106436, 507, 1079, 650, 1586]",0.41520371437072723,25.055555555555554,30,0,58.0
eval_at,"[0.4364736387208297, 42.745011086474506, 505, 1071, 652, 1576]",0.4396993398666376,25.055555555555554,30,0,58.5
eval_at,"[0.43820224719101125, 42.465631929046566, 507, 1064, 650, 1571]",0.4637748926877975,25.055555555555554,30,0,59.0
eval_at,"[0.4373379429559205, 41.946784922394684, 506, 1051, 651, 1557]",0.48854925930500015,25.055555555555554,30,0,59.5
eval_at,"[0.43560933448573896, 41.866962305986696, 504, 1049, 653, 1553]",0.5139391899108882,25.055555555555554,30,0,60.0
eval_at,"[0.43560933448573896, 41.707317073170735, 504, 1045, 653, 1549]",0.5398957538604736,25.055555555555554,30,0,60.5
eval_at,"[0.439066551426102, 41.348115299334815, 508, 1036, 649, 1544]",0.565566217303276,25.055555555555554,30,0,61.0
eval_at,"[0.4364736387208297, 41.308203991130824, 505, 1035, 652, 1540]",0.5890596553683279,25.055555555555554,30,0,61.5
eval_at,"[0.43820224719101125, 41.108647450110865, 507, 1030, 650, 1537]",0.6143494737148286,25.055555555555554,30,0,62.0
eval_at,"[0.4407951598962835, 40.909090909090914, 510, 1025, 647, 1535]",0.6390713825821877,25.055555555555554,30,0,62.5
eval_at,"[0.4407951598962835, 40.988913525498894, 510, 1027, 647, 1537]",0.6638907361030577,25.055555555555554,30,0,63.0
eval_at,"[0.4399308556611927, 40.909090909090914, 509, 1025, 648, 1534]",0.6867543530464173,25.055555555555554,30,0,63.5
eval_at,"[0.442523768366465, 40.47006651884701, 512, 1014, 645, 1526]",0.7132553815841675,25.055555555555554,30,0,64.0
eval_at,"[0.44338807260155577, 39.91130820399113, 513, 1000, 644, 1513]",0.738457113802433,25.055555555555554,30,0,64.5
eval_at,"[0.4407951598962835, 39.1529933481153, 510, 981, 647, 1491]",0.7676629543304443,25.055555555555554,30,0,65.0
eval_at,"[0.44165946413137425, 38.83370288248337, 511, 973, 646, 1484]",0.7989594447612766,25.055555555555554,30,0,65.5
eval_at,"[0.44338807260155577, 38.43458980044346, 513, 963, 644, 1476]",0.8252480113506317,25.055555555555554,30,0,66.0
eval_at,"[0.44165946413137425, 38.47450110864745, 511, 964, 646, 1475]",0.8546131312847144,25.055555555555554,30,0,66.5
eval_at,"[0.44165946413137425, 37.7960088691796, 511, 947, 646, 1458]",0.8847627252340327,25.055555555555554,30,0,67.0
eval_at,"[0.442523768366465, 37.11751662971175, 512, 930, 645, 1442]",0.9168289557099344,25.055555555555554,30,0,67.5
eval_at,"[0.44165946413137425, 36.87804878048781, 511, 924, 646, 1435]",0.9490770864486705,25.055555555555554,30,0,68.0
eval_at,"[0.442523768366465, 36.67849223946785, 512, 919, 645, 1431]",0.980084112584591,25.055555555555554,30,0,68.5
eval_at,"[0.44165946413137425, 36.0, 511, 902, 646, 1413]",1.0166780579090116,25.055555555555554,30,0,69.0
eval_at,"[0.445980985306828, 35.60088691796009, 516, 892, 641, 1408]",1.0495398938655844,25.055555555555554,30,0,69.5
eval_at,"[0.44684528954191877, 35.16186252771619, 517, 881, 640, 1398]",1.084275984764099,25.055555555555554,30,0,70.0
eval_at,"[0.44857389801210024, 34.76274944567628, 519, 871, 638, 1390]",1.1212440216541288,25.055555555555554,30,0,70.5
eval_at,"[0.44511668107173724, 34.44345898004435, 515, 863, 642, 1378]",1.1602521538734432,25.055555555555554,30,0,71.0
eval_at,"[0.445980985306828, 34.08425720620843, 516, 854, 641, 1370]",1.199684500694275,25.055555555555554,30,0,71.5
eval_at,"[0.44770959377700953, 33.206208425720625, 518, 832, 639, 1350]",1.2326077318191526,25.055555555555554,30,0,72.0
eval_at,"[0.44684528954191877, 33.246119733924616, 517, 833, 640, 1350]",1.267949318885803,25.055555555555554,30,0,72.5
eval_at,"[0.445980985306828, 32.647450110864746, 516, 818, 641, 1334]",1.3062776386737822,25.055555555555554,30,0,73.0
eval_at,"[0.442523768366465, 32.248337028824835, 512, 808, 645, 1320]",1.3485235953330994,25.055555555555554,30,0,73.5
eval_at,"[0.4442523768366465, 31.849223946784925, 514, 798, 643, 1312]",1.3893222999572756,25.055555555555554,30,0,74.0
eval_at,"[0.44511668107173724, 30.811529933481154, 515, 772, 642, 1287]",1.4299331462383267,25.055555555555554,30,0,74.5
eval_at,"[0.44857389801210024, 30.532150776053218, 519, 765, 638, 1284]",1.4727007746696472,25.055555555555554,30,0,75.0
eval_at,"[0.445980985306828, 30.172949002217297, 516, 756, 641, 1272]",1.5240124285221102,25.055555555555554,30,0,75.5
eval_at,"[0.44511668107173724, 29.414634146341466, 515, 737, 642, 1252]",1.5682610750198362,25.055555555555554,30,0,76.0
eval_at,"[0.44165946413137425, 28.53658536585366, 511, 715, 646, 1226]",1.6165424966812134,25.055555555555554,30,0,76.5
eval_at,"[0.44165946413137425, 27.618625277161865, 511, 692, 646, 1203]",1.6676076257228856,25.055555555555554,30,0,77.0
eval_at,"[0.4399308556611927, 26.900221729490024, 509, 674, 648, 1183]",1.7190282851457594,25.055555555555554,30,0,77.5
eval_at,"[0.439066551426102, 26.34146341463415, 508, 660, 649, 1168]",1.7725195741653446,25.055555555555554,30,0,78.0
eval_at,"[0.43560933448573896, 26.101995565410203, 504, 654, 653, 1158]",1.829668294191361,25.055555555555554,30,0,78.5
eval_at,"[0.43042350907519444, 25.583148558758317, 498, 641, 659, 1139]",1.8866472697257997,25.055555555555554,30,0,79.0
eval_at,"[0.428694900605013, 24.62527716186253, 496, 617, 661, 1113]",1.949957076311112,25.055555555555554,30,0,79.5
eval_at,"[0.4312878133102852, 24.02660753880266, 499, 602, 658, 1101]",2.0067253112792978,25.055555555555554,30,0,80.0
eval_at,"[0.4261019878997407, 23.467849223946786, 493, 588, 664, 1081]",2.0805943274497984,25.055555555555554,30,0,80.5
eval_at,"[0.42955920484010374, 22.90909090909091, 497, 574, 660, 1071]",2.1404705023765582,25.055555555555554,30,0,81.0
eval_at,"[0.4261019878997407, 22.270509977827054, 493, 558, 664, 1051]",2.206034911870955,25.055555555555554,30,0,81.5
eval_at,"[0.42350907519446845, 21.552106430155213, 490, 540, 667, 1030]",2.2797387552261354,25.055555555555554,30,0,82.0
eval_at,"[0.42350907519446845, 20.674057649667407, 490, 518, 667, 1008]",2.355641448497772,25.055555555555554,30,0,82.5
eval_at,"[0.42350907519446845, 20.235033259423506, 490, 507, 667, 997]",2.4325087666511536,25.055555555555554,30,0,83.0
eval_at,"[0.42178046672428693, 19.516629711751666, 488, 489, 669, 977]",2.5122715365886688,25.055555555555554,30,0,83.5
eval_at,"[0.42178046672428693, 18.758314855875835, 488, 470, 669, 958]",2.5981109046936033,25.055555555555554,30,0,84.0
eval_at,"[0.4191875540190147, 17.88026607538803, 485, 448, 672, 933]",2.6908558487892145,25.055555555555554,30,0,84.5
eval_at,"[0.41659464131374246, 17.28159645232816, 482, 433, 675, 915]",2.786433184146881,25.055555555555554,30,0,85.0
eval_at,"[0.41659464131374246, 16.802660753880268, 482, 421, 675, 903]",2.8958754181861877,25.055555555555554,30,0,85.5
eval_at,"[0.4131374243733794, 15.924611973392462, 478, 399, 679, 877]",3.006571145057678,25.055555555555554,30,0,86.0
eval_at,"[0.4079515989628349, 15.286031042128604, 472, 383, 685, 855]",3.129073698520661,25.055555555555554,30,0,86.5
eval_at,"[0.40017286084701814, 14.886917960088693, 463, 373, 694, 836]",3.249970440864563,25.055555555555554,30,0,87.0
eval_at,"[0.3993085566119274, 14.288248337028826, 462, 358, 695, 820]",3.392302304506302,25.055555555555554,30,0,87.5
eval_at,"[0.39325842696629215, 14.04878048780488, 455, 352, 702, 807]",3.551269702911382,25.055555555555554,30,0,88.0
eval_at,"[0.3923941227312014, 13.210643015521065, 454, 331, 703, 785]",3.708112189769743,25.055555555555554,30,0,88.5
eval_at,"[0.38720829732065687, 12.731707317073171, 448, 319, 709, 767]",3.8571873736381543,25.055555555555554,30,0,89.0
eval_at,"[0.3777009507346586, 12.053215077605323, 437, 302, 720, 739]",4.064037420749668,25.055555555555554,30,0,89.5
eval_at,"[0.37510803802938636, 11.334811529933482, 434, 284, 723, 718]",4.248077058792114,25.055555555555554,30,0,90.0
eval_at,"[0.3612791702679343, 10.696230598669624, 418, 268, 739, 686]",4.43407516717911,25.055555555555554,30,0,90.5
eval_at,"[0.35177182368193605, 9.8980044345898, 407, 248, 750, 655]",4.639004244804387,25.055555555555554,30,0,91.0
eval_at,"[0.341400172860847, 9.458980044345898, 395, 237, 762, 632]",4.869138741493225,25.055555555555554,30,0,91.5
eval_at,"[0.3292999135695765, 8.980044345898005, 381, 225, 776, 606]",5.095506420135505,25.055555555555554,30,0,92.0
eval_at,"[0.3163353500432152, 8.501108647450112, 366, 213, 791, 579]",5.368062341213227,25.055555555555554,30,0,92.5
eval_at,"[0.3016421780466724, 7.782705099778271, 349, 195, 808, 544]",5.661284937858581,25.055555555555554,30,0,93.0
eval_at,"[0.2843560933448574, 7.223946784922395, 329, 181, 828, 510]",5.9738641333580045,25.055555555555554,30,0,93.5
eval_at,"[0.25842696629213485, 6.904656319290466, 299, 173, 858, 472]",6.346773633956902,25.055555555555554,30,0,94.0
eval_at,"[0.2428694900605013, 6.385809312638582, 281, 160, 876, 441]",6.817086627483368,25.055555555555554,30,0,94.5
eval_at,"[0.22212618841832324, 5.866962305986696, 257, 147, 900, 404]",7.33021788597105,25.055555555555554,30,0,95.0
eval_at,"[0.20051858254105445, 5.467849223946786, 232, 137, 925, 369]",7.890127184391021,25.055555555555554,30,0,95.5
eval_at,"[0.1763180639585134, 4.909090909090909, 204, 123, 953, 327]",8.534094314575203,25.055555555555554,30,0,96.0
eval_at,"[0.15730337078651685, 4.230598669623061, 182, 106, 975, 288]",9.394335417747477,25.055555555555554,30,0,96.5
eval_at,"[0.13742437337942956, 3.831485587583149, 159, 96, 998, 255]",10.473547573089599,25.055555555555554,30,0,97.0
eval_at,"[0.11495246326707001, 3.3924611973392462, 133, 85, 1024, 218]",11.971976065635685,25.055555555555554,30,0,97.5
eval_at,"[0.09507346585998272, 2.753880266075388, 110, 69, 1047, 179]",13.975370979309067,25.055555555555554,30,0,98.0
eval_at,"[0.07692307692307693, 2.035476718403548, 89, 51, 1068, 140]",16.932557401657103,25.055555555555554,30,0,98.5
eval_at,"[0.049265341400172864, 1.2771618625277164, 57, 32, 1100, 89]",22.856851348877044,25.055555555555554,30,0,99.0
eval_at,"[0.021607605877268798, 0.878048780487805, 25, 22, 1132, 47]",35.88703588485701,25.055555555555554,30,0,99.5
eval_at,"[0.44511668107173724, 47.13525498891353, 515, 1181, 642, 1696]",0.06902099400758743,25.055555555555554,30,1,50.0
eval_at,"[0.44857389801210024, 47.41463414634147, 519, 1188, 638, 1707]",0.08800692349672312,25.055555555555554,30,1,50.5
eval_at,"[0.452895419187554, 47.33481152993348, 524, 1186, 633, 1710]",0.10695030421018607,25.055555555555554,30,1,51.0
eval_at,"[0.4554883318928263, 47.53436807095344, 527, 1191, 630, 1718]",0.1251355557888747,25.055555555555554,30,1,51.5
eval_at,"[0.4580812445980985, 47.77383592017739, 530, 1197, 627, 1727]",0.14533315062522878,25.055555555555554,30,1,52.0
eval_at,"[0.4546240276577355, 47.93348115299335, 526, 1201, 631, 1727]",0.16653896793723183,25.055555555555554,30,1,52.5
eval_at,"[0.45635263612791704, 48.21286031042129, 528, 1208, 629, 1736]",0.1885455071926118,25.055555555555554,30,1,53.0
eval_at,"[0.4546240276577355, 47.93348115299335, 526, 1201, 631, 1727]",0.20874806195497517,25.055555555555554,30,1,53.5
eval_at,"[0.45375972342264476, 47.93348115299335, 525, 1201, 632, 1726]",0.22885576963424747,25.055555555555554,30,1,54.0
eval_at,"[0.45635263612791704, 47.93348115299335, 528, 1201, 629, 1729]",0.25219189971685413,25.055555555555554,30,1,54.5
eval_at,"[0.45375972342264476, 47.53436807095344, 525, 1191, 632, 1716]",0.27337826788425446,25.055555555555554,30,1,55.0
eval_at,"[0.45635263612791704, 47.13525498891353, 528, 1181, 629, 1709]",0.29519412547349966,25.055555555555554,30,1,55.5
eval_at,"[0.452895419187554, 46.93569844789357, 524, 1176, 633, 1700]",0.31723483562469507,25.055555555555554,30,1,56.0
eval_at,"[0.4554883318928263, 46.57649667405765, 527, 1167, 630, 1694]",0.3386442463099952,25.055555555555554,30,1,56.5
eval_at,"[0.4580812445980985, 46.69623059866963, 530, 1170, 627, 1700]",0.35832204997539413,25.055555555555554,30,1,57.0
eval_at,"[0.4606741573033708, 46.65631929046564, 533, 1169, 624, 1702]",0.3798218078911303,25.055555555555554,30,1,57.5
eval_at,"[0.4580812445980985, 46.8159645232816, 530, 1173, 627, 1703]",0.4020299065113064,25.055555555555554,30,1,58.0
eval_at,"[0.45980985306828004, 46.33702882483371, 532, 1161, 625, 1693]",0.427524461746215,25.055555555555554,30,1,58.5
eval_at,"[0.46240276577355227, 45.85809312638581, 535, 1149, 622, 1684]",0.4492708820104599,25.055555555555554,30,1,59.0
eval_at,"[0.46499567847882456, 45.9379157427938, 538, 1151, 619, 1689]",0.47335315853357285,25.055555555555554,30,1,59.5
eval_at,"[0.4658599827139153, 45.77827050997783, 539, 1147, 618, 1686]",0.4955280303955073,25.055555555555554,30,1,60.0
eval_at,"[0.46672428694900603, 45.49889135254989, 540, 1140, 617, 1680]",0.5194473388791085,25.055555555555554,30,1,60.5
eval_at,"[0.46845289541918755, 45.21951219512196, 542, 1133, 615, 1675]",0.5426042968034742,25.055555555555554,30,1,61.0
eval_at,"[0.47191011235955055, 44.82039911308205, 546, 1123, 611, 1669]",0.5666628170013427,25.055555555555554,30,1,61.5
eval_at,"[0.47191011235955055, 44.86031042128604, 546, 1124, 611, 1670]",0.5885366833209992,25.055555555555554,30,1,62.0
eval_at,"[0.4710458081244598, 44.38137472283814, 545, 1112, 612, 1657]",0.6174778789281845,25.055555555555554,30,1,62.5
eval_at,"[0.47191011235955055, 43.98226164079823, 546, 1102, 611, 1648]",0.642838350534439,25.055555555555554,30,1,63.0
eval_at,"[0.47191011235955055, 43.6629711751663, 546, 1094, 611, 1640]",0.6673966366052628,25.055555555555554,30,1,63.5
eval_at,"[0.4727744165946413, 43.383592017738366, 547, 1087, 610, 1634]",0.6959168720245362,25.055555555555554,30,1,64.0
eval_at,"[0.47450302506482284, 43.2239467849224, 549, 1083, 608, 1632]",0.7187259659171104,25.055555555555554,30,1,64.5
eval_at,"[0.4710458081244598, 42.824833702882486, 545, 1073, 612, 1618]",0.7433722674846652,25.055555555555554,30,1,65.0
eval_at,"[0.4710458081244598, 42.385809312638585, 545, 1062, 612, 1607]",0.7725611332058907,25.055555555555554,30,1,65.5
eval_at,"[0.4693171996542783, 41.946784922394684, 543, 1051, 614, 1594]",0.8004627656936646,25.055555555555554,30,1,66.0
eval_at,"[0.4693171996542783, 41.547671840354774, 543, 1041, 614, 1584]",0.8282035699486735,25.055555555555554,30,1,66.5
eval_at,"[0.46845289541918755, 41.028824833702885, 542, 1028, 615, 1570]",0.8567972195148469,25.055555555555554,30,1,67.0
eval_at,"[0.46845289541918755, 40.310421286031044, 542, 1010, 615, 1552]",0.8876134306192401,25.055555555555554,30,1,67.5
eval_at,"[0.4675885911840968, 39.991130820399114, 541, 1002, 616, 1543]",0.9190810871124273,25.055555555555554,30,1,68.0
eval_at,"[0.4658599827139153, 39.951219512195124, 539, 1001, 618, 1540]",0.9499023151397706,25.055555555555554,30,1,68.5
eval_at,"[0.46153846153846156, 39.71175166297118, 534, 995, 623, 1529]",0.9832901465892787,25.055555555555554,30,1,69.0
eval_at,"[0.4641313742437338, 39.35254988913526, 537, 986, 620, 1523]",1.0170188987255084,25.055555555555554,30,1,69.5
eval_at,"[0.46240276577355227, 38.99334811529934, 535, 977, 622, 1512]",1.0478590607643128,25.055555555555554,30,1,70.0
eval_at,"[0.4641313742437338, 38.55432372505543, 537, 966, 620, 1503]",1.078248635530472,25.055555555555554,30,1,70.5
eval_at,"[0.46499567847882456, 38.15521064301552, 538, 956, 619, 1494]",1.1110758411884303,25.055555555555554,30,1,71.0
eval_at,"[0.4641313742437338, 37.71618625277162, 537, 945, 620, 1482]",1.1419124162197114,25.055555555555554,30,1,71.5
eval_at,"[0.4675885911840968, 37.27716186252772, 541, 934, 616, 1475]",1.1775118207931516,25.055555555555554,30,1,72.0
eval_at,"[0.4701815038893691, 36.95787139689579, 544, 926, 613, 1470]",1.2118226140737531,25.055555555555554,30,1,72.5
eval_at,"[0.4701815038893691, 36.35920177383592, 544, 911, 613, 1455]",1.2476038002967829,25.055555555555554,30,1,73.0
eval_at,"[0.46672428694900603, 35.5609756097561, 540, 891, 617, 1431]",1.2871953016519546,25.055555555555554,30,1,73.5
eval_at,"[0.4658599827139153, 35.04212860310422, 539, 878, 618, 1417]",1.320915961265566,25.055555555555554,30,1,74.0
eval_at,"[0.4641313742437338, 33.964523281596456, 537, 851, 620, 1388]",1.3580957591533658,25.055555555555554,30,1,74.5
eval_at,"[0.46499567847882456, 33.36585365853659, 538, 836, 619, 1374]",1.3975902199745178,25.055555555555554,30,1,75.0
eval_at,"[0.4641313742437338, 32.886917960088695, 537, 824, 620, 1361]",1.4343597292900099,25.055555555555554,30,1,75.5
eval_at,"[0.4641313742437338, 32.008869179600886, 537, 802, 620, 1339]",1.4850670623779294,25.055555555555554,30,1,76.0
eval_at,"[0.46153846153846156, 31.33037694013304, 534, 785, 623, 1319]",1.5300194370746616,25.055555555555554,30,1,76.5
eval_at,"[0.4606741573033708, 30.492239467849227, 533, 764, 624, 1297]",1.5779800796508792,25.055555555555554,30,1,77.0
eval_at,"[0.4641313742437338, 29.853658536585368, 537, 748, 620, 1285]",1.6277950257062912,25.055555555555554,30,1,77.5
eval_at,"[0.4606741573033708, 29.055432372505546, 533, 728, 624, 1261]",1.6771730446815492,25.055555555555554,30,1,78.0
eval_at,"[0.4641313742437338, 28.416851441241686, 537, 712, 620, 1249]",1.7228397136926652,25.055555555555554,30,1,78.5
eval_at,"[0.46326707000864303, 27.85809312638581, 536, 698, 621, 1234]",1.7728246402740475,25.055555555555554,30,1,79.0
eval_at,"[0.4589455488331893, 27.05986696230599, 531, 678, 626, 1209]",1.8236467415094377,25.055555555555554,30,1,79.5
eval_at,"[0.45635263612791704, 25.982261640798228, 528, 651, 629, 1179]",1.8799094438552861,25.055555555555554,30,1,80.0
eval_at,"[0.44770959377700953, 25.463414634146343, 518, 638, 639, 1156]",1.9367610985040664,25.055555555555554,30,1,80.5
eval_at,"[0.4442523768366465, 24.70509977827051, 514, 619, 643, 1133]",1.9987069427967075,25.055555555555554,30,1,81.0
eval_at,"[0.4399308556611927, 24.186252771618626, 509, 606, 648, 1115]",2.0565758085250843,25.055555555555554,30,1,81.5
eval_at,"[0.4407951598962835, 23.427937915742795, 510, 587, 647, 1097]",2.121619153022766,25.055555555555554,30,1,82.0
eval_at,"[0.4364736387208297, 22.58980044345898, 505, 566, 652, 1071]",2.1925502538681023,25.055555555555554,30,1,82.5
eval_at,"[0.439066551426102, 21.75166297117517, 508, 545, 649, 1053]",2.2690010762214645,25.055555555555554,30,1,83.0
eval_at,"[0.4347450302506482, 21.232815964523283, 503, 532, 654, 1035]",2.3387509608268737,25.055555555555554,30,1,83.5
eval_at,"[0.4312878133102852, 20.354767184035477, 499, 510, 658, 1009]",2.4178942108154295,25.055555555555554,30,1,84.0
eval_at,"[0.42350907519446845, 19.71618625277162, 490, 494, 667, 984]",2.495787898302078,25.055555555555554,30,1,84.5
eval_at,"[0.41745894554883317, 19.197339246119736, 483, 481, 674, 964]",2.5747645974159243,25.055555555555554,30,1,85.0
eval_at,"[0.41140881590319794, 18.59866962305987, 476, 466, 681, 942]",2.663723645210266,25.055555555555554,30,1,85.5
eval_at,"[0.41486603284356094, 17.680709534368074, 480, 443, 677, 923]",2.750919790267944,25.055555555555554,30,1,86.0
eval_at,"[0.4096802074330164, 16.84257206208426, 474, 422, 683, 896]",2.845580569505692,25.055555555555554,30,1,86.5
eval_at,"[0.4062229904926534, 15.884700665188472, 470, 398, 687, 868]",2.942734873294829,25.055555555555554,30,1,87.0
eval_at,"[0.40276577355229043, 15.166297117516631, 466, 380, 691, 846]",3.059298813343048,25.055555555555554,30,1,87.5
eval_at,"[0.3975799481417459, 14.647450110864746, 460, 367, 697, 827]",3.1705005264282233,25.055555555555554,30,1,88.0
eval_at,"[0.3898012100259291, 14.08869179600887, 451, 353, 706, 804]",3.3184698343276917,25.055555555555554,30,1,88.5
eval_at,"[0.3828867761452031, 13.290465631929047, 443, 333, 714, 776]",3.4700093030929566,25.055555555555554,30,1,89.0
eval_at,"[0.3759723422644771, 12.851441241685146, 435, 322, 722, 757]",3.600956619977952,25.055555555555554,30,1,89.5
eval_at,"[0.3612791702679343, 12.053215077605323, 418, 302, 739, 720]",3.747930121421814,25.055555555555554,30,1,90.0
eval_at,"[0.34917891097666376, 11.374722838137473, 404, 285, 753, 689]",3.9158664369583147,25.055555555555554,30,1,90.5
eval_at,"[0.341400172860847, 10.696230598669624, 395, 268, 762, 663]",4.104282341003418,25.055555555555554,30,1,91.0
eval_at,"[0.3292999135695765, 10.017738359201775, 381, 251, 776, 632]",4.28807895898819,25.055555555555554,30,1,91.5
eval_at,"[0.3180639585133967, 9.419068736141908, 368, 236, 789, 604]",4.502045364379886,25.055555555555554,30,1,92.0
eval_at,"[0.30423509075194466, 8.221729490022174, 352, 206, 805, 558]",4.74707876443864,25.055555555555554,30,1,92.5
eval_at,"[0.2904062229904927, 7.623059866962307, 336, 191, 821, 527]",5.043106989860534,25.055555555555554,30,1,93.0
eval_at,"[0.28003457216940364, 6.864745011086475, 324, 172, 833, 496]",5.380950157642376,25.055555555555554,30,1,93.5
eval_at,"[0.26793431287813313, 6.305986696230599, 310, 158, 847, 468]",5.749335403442379,25.055555555555554,30,1,94.0
eval_at,"[0.2497839239412273, 5.827050997782705, 289, 146, 868, 435]",6.162413403987885,25.055555555555554,30,1,94.5
eval_at,"[0.22990492653414002, 5.068736141906874, 266, 127, 891, 393]",6.589390563964833,25.055555555555554,30,1,95.0
eval_at,"[0.21607605877268798, 4.58980044345898, 250, 115, 907, 365]",7.151035840511317,25.055555555555554,30,1,95.5
eval_at,"[0.20570440795159897, 3.9911308203991136, 238, 100, 919, 338]",7.88217920303345,25.055555555555554,30,1,96.0
eval_at,"[0.18841832324978391, 3.3924611973392462, 218, 85, 939, 303]",8.686047921180723,25.055555555555554,30,1,96.5
eval_at,"[0.1694036300777874, 2.7937915742793793, 196, 70, 961, 266]",9.537183818817132,25.055555555555554,30,1,97.0
eval_at,"[0.14606741573033707, 2.5144124168514415, 169, 63, 988, 232]",10.734156155586243,25.055555555555554,30,1,97.5
eval_at,"[0.11754537597234227, 2.1152993348115303, 136, 53, 1021, 189]",12.220580539703302,25.055555555555554,30,1,98.0
eval_at,"[0.08902333621434745, 1.7161862527716187, 103, 43, 1054, 146]",14.20176256656646,25.055555555555554,30,1,98.5
eval_at,"[0.05790838375108038, 1.436807095343681, 67, 36, 1090, 103]",17.249845237731943,25.055555555555554,30,1,99.0
eval_at,"[0.036300777873811585, 0.7184035476718404, 42, 18, 1115, 60]",23.471966075897118,25.055555555555554,30,1,99.5
eval_at,"[0.4062229904926534, 41.427937915742795, 470, 1038, 687, 1508]",0.05993284657597542,25.055555555555554,30,2,50.0
eval_at,"[0.4079515989628349, 41.467849223946786, 472, 1039, 685, 1511]",0.0781152955070137,25.055555555555554,30,2,50.5
eval_at,"[0.41140881590319794, 41.667405764966745, 476, 1044, 681, 1520]",0.09826059609651577,25.055555555555554,30,2,51.0
eval_at,"[0.4096802074330164, 41.427937915742795, 474, 1038, 683, 1512]",0.11804357428103691,25.055555555555554,30,2,51.5
eval_at,"[0.41140881590319794, 41.707317073170735, 476, 1045, 681, 1521]",0.14034475684165948,25.055555555555554,30,2,52.0
eval_at,"[0.4131374243733794, 41.667405764966745, 478, 1044, 679, 1522]",0.16311334669590002,25.055555555555554,30,2,52.5
eval_at,"[0.4131374243733794, 41.467849223946786, 478, 1039, 679, 1517]",0.18452312678098684,25.055555555555554,30,2,53.0
eval_at,"[0.41486603284356094, 41.547671840354774, 480, 1041, 677, 1521]",0.2068575854599476,25.055555555555554,30,2,53.5
eval_at,"[0.4131374243733794, 41.348115299334815, 478, 1036, 679, 1514]",0.2291093933582306,25.055555555555554,30,2,54.0
eval_at,"[0.41227312013828865, 41.068736141906875, 477, 1029, 680, 1506]",0.2497986686229707,25.055555555555554,30,2,54.5
eval_at,"[0.4131374243733794, 41.108647450110865, 478, 1030, 679, 1508]",0.27283432632684707,25.055555555555554,30,2,55.0
eval_at,"[0.41227312013828865, 41.028824833702885, 477, 1028, 680, 1505]",0.29931086286902486,25.055555555555554,30,2,55.5
eval_at,"[0.4140017286084702, 41.108647450110865, 479, 1030, 678, 1509]",0.3219062829017642,25.055555555555554,30,2,56.0
eval_at,"[0.4157303370786517, 41.388026607538805, 481, 1037, 676, 1518]",0.3449106942117214,25.055555555555554,30,2,56.5
eval_at,"[0.41486603284356094, 41.268292682926834, 480, 1034, 677, 1514]",0.36635262608528074,25.055555555555554,30,2,57.0
eval_at,"[0.41486603284356094, 41.148558758314856, 480, 1031, 677, 1511]",0.388302120566368,25.055555555555554,30,2,57.5
eval_at,"[0.4157303370786517, 40.949002217294904, 481, 1026, 676, 1507]",0.4133547037839888,25.055555555555554,30,2,58.0
eval_at,"[0.4140017286084702, 40.310421286031044, 479, 1010, 678, 1489]",0.4396388825774192,25.055555555555554,30,2,58.5
eval_at,"[0.41486603284356094, 40.310421286031044, 480, 1010, 677, 1490]",0.4640072140097618,25.055555555555554,30,2,59.0
eval_at,"[0.4157303370786517, 39.991130820399114, 481, 1002, 676, 1483]",0.48807664811611157,25.055555555555554,30,2,59.5
eval_at,"[0.41659464131374246, 40.11086474501109, 482, 1005, 675, 1487]",0.5134459733963013,25.055555555555554,30,2,60.0
eval_at,"[0.41832324978392393, 39.91130820399113, 484, 1000, 673, 1484]",0.5405633112788201,25.055555555555554,30,2,60.5
eval_at,"[0.4157303370786517, 39.671840354767184, 481, 994, 676, 1475]",0.5655485999584197,25.055555555555554,30,2,61.0
eval_at,"[0.4157303370786517, 39.5920177383592, 481, 992, 676, 1473]",0.5921677356958388,25.055555555555554,30,2,61.5
eval_at,"[0.41745894554883317, 39.27272727272727, 483, 984, 674, 1467]",0.6180579757690438,25.055555555555554,30,2,62.0
eval_at,"[0.41659464131374246, 38.95343680709534, 482, 976, 675, 1458]",0.6471205204725266,25.055555555555554,30,2,62.5
eval_at,"[0.41486603284356094, 38.67405764966741, 480, 969, 677, 1449]",0.6709799242019653,25.055555555555554,30,2,63.0
eval_at,"[0.4157303370786517, 38.23503325942351, 481, 958, 676, 1439]",0.6955165159702302,25.055555555555554,30,2,63.5
eval_at,"[0.4140017286084702, 38.03547671840355, 479, 953, 678, 1432]",0.721224081516266,25.055555555555554,30,2,64.0
eval_at,"[0.42005185825410546, 38.07538802660754, 486, 954, 671, 1440]",0.751853824853897,25.055555555555554,30,2,64.5
eval_at,"[0.4209161624891962, 37.71618625277162, 487, 945, 670, 1432]",0.7792115390300751,25.055555555555554,30,2,65.0
eval_at,"[0.41745894554883317, 37.71618625277162, 483, 945, 674, 1428]",0.8084626516699798,25.055555555555554,30,2,65.5
eval_at,"[0.41832324978392393, 36.95787139689579, 484, 926, 673, 1410]",0.8360648977756501,25.055555555555554,30,2,66.0
eval_at,"[0.41745894554883317, 36.31929046563193, 483, 910, 674, 1393]",0.8685697329044345,25.055555555555554,30,2,66.5
eval_at,"[0.41486603284356094, 36.11973392461198, 480, 905, 677, 1385]",0.8982396066188825,25.055555555555554,30,2,67.0
eval_at,"[0.41832324978392393, 36.0, 484, 902, 673, 1386]",0.9260773912072182,25.055555555555554,30,2,67.5
eval_at,"[0.41832324978392393, 35.72062084257207, 484, 895, 673, 1379]",0.9530448865890506,25.055555555555554,30,2,68.0
eval_at,"[0.42178046672428693, 35.40133037694014, 488, 887, 669, 1375]",0.9871503543853761,25.055555555555554,30,2,68.5
eval_at,"[0.4209161624891962, 35.52106430155211, 487, 890, 670, 1377]",1.017453852891922,25.055555555555554,30,2,69.0
eval_at,"[0.4191875540190147, 35.00221729490023, 485, 877, 672, 1362]",1.046753630638122,25.055555555555554,30,2,69.5
eval_at,"[0.4226447709593777, 34.56319290465632, 489, 866, 668, 1355]",1.0802916884422302,25.055555555555554,30,2,70.0
eval_at,"[0.42350907519446845, 34.283813747228386, 490, 859, 667, 1349]",1.1157321757078167,25.055555555555554,30,2,70.5
eval_at,"[0.4226447709593777, 33.884700665188475, 489, 849, 668, 1338]",1.154175903797149,25.055555555555554,30,2,71.0
eval_at,"[0.4226447709593777, 33.44567627494457, 489, 838, 668, 1327]",1.189617661833763,25.055555555555554,30,2,71.5
eval_at,"[0.4191875540190147, 32.966740576496676, 485, 826, 672, 1311]",1.2251037406921383,25.055555555555554,30,2,72.0
eval_at,"[0.41832324978392393, 32.487804878048784, 484, 814, 673, 1298]",1.2593639582395546,25.055555555555554,30,2,72.5
eval_at,"[0.41659464131374246, 32.288248337028826, 482, 809, 675, 1291]",1.2941695392131802,25.055555555555554,30,2,73.0
eval_at,"[0.4157303370786517, 31.849223946784925, 481, 798, 676, 1279]",1.33254847407341,25.055555555555554,30,2,73.5
eval_at,"[0.41486603284356094, 31.37028824833703, 480, 786, 677, 1266]",1.3750774264335632,25.055555555555554,30,2,74.0
eval_at,"[0.41227312013828865, 31.490022172949004, 477, 789, 680, 1266]",1.416163927912712,25.055555555555554,30,2,74.5
eval_at,"[0.4096802074330164, 31.011086474501113, 474, 777, 683, 1251]",1.4572102427482605,25.055555555555554,30,2,75.0
eval_at,"[0.40881590319792566, 30.6119733924612, 473, 767, 684, 1240]",1.5015017783641824,25.055555555555554,30,2,75.5
eval_at,"[0.4070872947277442, 30.172949002217297, 471, 756, 686, 1227]",1.5438677310943603,25.055555555555554,30,2,76.0
eval_at,"[0.40276577355229043, 29.534368070953438, 466, 740, 691, 1206]",1.5849342811107636,25.055555555555554,30,2,76.5
eval_at,"[0.39844425237683667, 29.2549889135255, 461, 733, 696, 1194]",1.6257064771652237,25.055555555555554,30,2,77.0
eval_at,"[0.3975799481417459, 28.53658536585366, 460, 715, 697, 1175]",1.6723777025938031,25.055555555555554,30,2,77.5
eval_at,"[0.3941227312013829, 27.49889135254989, 456, 689, 701, 1145]",1.718457548618317,25.055555555555554,30,2,78.0
eval_at,"[0.39325842696629215, 26.501108647450113, 455, 664, 702, 1119]",1.7645831686258315,25.055555555555554,30,2,78.5
eval_at,"[0.3958513396715644, 25.822616407982263, 458, 647, 699, 1105]",1.80530402302742,25.055555555555554,30,2,79.0
eval_at,"[0.3975799481417459, 25.303769401330378, 460, 634, 697, 1094]",1.8532717806100854,25.055555555555554,30,2,79.5
eval_at,"[0.3975799481417459, 24.186252771618626, 460, 606, 697, 1066]",1.9069907665252706,25.055555555555554,30,2,80.0
eval_at,"[0.3958513396715644, 23.58758314855876, 458, 591, 699, 1049]",1.9670417737960815,25.055555555555554,30,2,80.5
eval_at,"[0.3923941227312014, 23.467849223946786, 454, 588, 703, 1042]",2.024478471279145,25.055555555555554,30,2,81.0
eval_at,"[0.3889369057908384, 23.028824833702885, 450, 577, 707, 1027]",2.085762618780136,25.055555555555554,30,2,81.5
eval_at,"[0.3889369057908384, 22.47006651884701, 450, 563, 707, 1013]",2.1441423177719114,25.055555555555554,30,2,82.0
eval_at,"[0.3863439930855661, 21.75166297117517, 447, 545, 710, 992]",2.2075682878494263,25.055555555555554,30,2,82.5
eval_at,"[0.38461538461538464, 21.272727272727273, 445, 533, 712, 978]",2.275929203033447,25.055555555555554,30,2,83.0
eval_at,"[0.3811581676750216, 20.474501108647452, 441, 513, 716, 954]",2.3552469205856323,25.055555555555554,30,2,83.5
eval_at,"[0.3794295592048401, 19.75609756097561, 439, 495, 718, 934]",2.43051930427551,25.055555555555554,30,2,84.0
eval_at,"[0.37510803802938636, 18.95787139689579, 434, 475, 723, 909]",2.5122406160831448,25.055555555555554,30,2,84.5
eval_at,"[0.3681936041486603, 18.0, 426, 451, 731, 877]",2.5984206557273883,25.055555555555554,30,2,85.0
eval_at,"[0.3647363872082973, 17.361419068736144, 422, 435, 735, 857]",2.7068363881111135,25.055555555555554,30,2,85.5
eval_at,"[0.3630077787381158, 16.483370288248338, 420, 413, 737, 833]",2.8118507003784177,25.055555555555554,30,2,86.0
eval_at,"[0.3621434745030251, 15.80487804878049, 419, 396, 738, 815]",2.9134578895568852,25.055555555555554,30,2,86.5
eval_at,"[0.3560933448573898, 15.166297117516631, 412, 380, 745, 792]",3.020948770046234,25.055555555555554,30,2,87.0
eval_at,"[0.3526361279170268, 14.567627494456763, 408, 365, 749, 773]",3.1534617841243744,25.055555555555554,30,2,87.5
eval_at,"[0.34572169403630076, 13.929046563192905, 400, 349, 757, 749]",3.2679496955871588,25.055555555555554,30,2,88.0
eval_at,"[0.33967156439066554, 13.250554323725057, 393, 332, 764, 725]",3.396327768564224,25.055555555555554,30,2,88.5
eval_at,"[0.3362143474503025, 12.611973392461199, 389, 316, 768, 705]",3.5377709960937502,25.055555555555554,30,2,89.0
eval_at,"[0.33189282627484873, 12.053215077605323, 384, 302, 773, 686]",3.7022958695888533,25.055555555555554,30,2,89.5
eval_at,"[0.3267070008643042, 11.175166297117517, 378, 280, 779, 658]",3.87967653274536,25.055555555555554,30,2,90.0
eval_at,"[0.31374243733794294, 10.536585365853659, 363, 264, 794, 627]",4.055927617549897,25.055555555555554,30,2,90.5
eval_at,"[0.30423509075194466, 9.8980044345898, 352, 248, 805, 600]",4.250816216468814,25.055555555555554,30,2,91.0
eval_at,"[0.29472774416594644, 9.49889135254989, 341, 238, 816, 579]",4.488441774845123,25.055555555555554,30,2,91.5
eval_at,"[0.28349178910976663, 8.74057649667406, 328, 219, 829, 547]",4.745190315246585,25.055555555555554,30,2,92.0
eval_at,"[0.2696629213483146, 8.221729490022174, 312, 206, 845, 518]",5.0114547610282925,25.055555555555554,30,2,92.5
eval_at,"[0.2541054451166811, 7.782705099778271, 294, 195, 863, 489]",5.278919105529785,25.055555555555554,30,2,93.0
eval_at,"[0.23768366464995677, 7.503325942350333, 275, 188, 882, 463]",5.617303390502931,25.055555555555554,30,2,93.5
eval_at,"[0.22731201382886776, 6.745011086474501, 263, 169, 894, 432]",5.967862911224362,25.055555555555554,30,2,94.0
eval_at,"[0.21607605877268798, 6.266075388026608, 250, 157, 907, 407]",6.3695470809936525,25.055555555555554,30,2,94.5
eval_at,"[0.2031114952463267, 5.507760532150776, 235, 138, 922, 373]",6.905182838439938,25.055555555555554,30,2,95.0
eval_at,"[0.18928262748487468, 5.028824833702883, 219, 126, 938, 345]",7.448393650054931,25.055555555555554,30,2,95.5
eval_at,"[0.16421780466724287, 4.549889135254989, 190, 114, 967, 304]",8.248873748779301,25.055555555555554,30,2,96.0
eval_at,"[0.14606741573033707, 3.9911308203991136, 169, 100, 988, 269]",9.086113481521595,25.055555555555554,30,2,96.5
eval_at,"[0.12878133102852204, 3.312638580931264, 149, 83, 1008, 232]",10.019748563766479,25.055555555555554,30,2,97.0
eval_at,"[0.11063094209161625, 2.993348115299335, 128, 75, 1029, 203]",11.325978326797504,25.055555555555554,30,2,97.5
eval_at,"[0.09507346585998272, 2.394678492239468, 110, 60, 1047, 170]",12.923063812255853,25.055555555555554,30,2,98.0
eval_at,"[0.07433016421780467, 2.035476718403548, 86, 51, 1071, 137]",15.114904179573031,25.055555555555554,30,2,98.5
eval_at,"[0.05012964563526361, 1.5964523281596454, 58, 40, 1099, 98]",18.53575139999392,25.055555555555554,30,2,99.0
eval_at,"[0.02679343128781331, 1.0776053215077606, 31, 27, 1126, 58]",24.663702526092287,25.055555555555554,30,2,99.5
eval_at,"[0.43560933448573896, 44.101995565410206, 504, 1105, 653, 1609]",0.06504353880882263,25.055555555555554,30,3,50.0
eval_at,"[0.4364736387208297, 43.94235033259424, 505, 1101, 652, 1606]",0.0855666346848011,25.055555555555554,30,3,50.5
eval_at,"[0.4399308556611927, 43.82261640798227, 509, 1098, 648, 1607]",0.10635817714035518,25.055555555555554,30,3,51.0
eval_at,"[0.4399308556611927, 44.02217294900222, 509, 1103, 648, 1612]",0.12879468582570555,25.055555555555554,30,3,51.5
eval_at,"[0.4399308556611927, 44.02217294900222, 509, 1103, 648, 1612]",0.15185907959938041,25.055555555555554,30,3,52.0
eval_at,"[0.44338807260155577, 44.1419068736142, 513, 1106, 644, 1619]",0.17373741567134868,25.055555555555554,30,3,52.5
eval_at,"[0.442523768366465, 44.38137472283814, 512, 1112, 645, 1624]",0.19474562987685218,25.055555555555554,30,3,53.0
eval_at,"[0.4442523768366465, 44.34146341463415, 514, 1111, 643, 1625]",0.21945725321769716,25.055555555555554,30,3,53.5
eval_at,"[0.442523768366465, 44.46119733924613, 512, 1114, 645, 1626]",0.24120955973863628,25.055555555555554,30,3,54.0
eval_at,"[0.4407951598962835, 44.38137472283814, 510, 1112, 647, 1622]",0.262186285108328,25.055555555555554,30,3,54.5
eval_at,"[0.439066551426102, 44.26164079822617, 508, 1109, 649, 1617]",0.28389787971973424,25.055555555555554,30,3,55.0
eval_at,"[0.43820224719101125, 44.38137472283814, 507, 1112, 650, 1619]",0.3089386931061749,25.055555555555554,30,3,55.5
eval_at,"[0.4373379429559205, 44.26164079822617, 506, 1109, 651, 1615]",0.334071971178055,25.055555555555554,30,3,56.0
eval_at,"[0.43820224719101125, 43.6629711751663, 507, 1094, 650, 1601]",0.3597255335748195,25.055555555555554,30,3,56.5
eval_at,"[0.4373379429559205, 43.104212860310426, 506, 1080, 651, 1586]",0.3814731180667874,25.055555555555554,30,3,57.0
eval_at,"[0.4407951598962835, 43.18403547671841, 510, 1082, 647, 1592]",0.40551065653562524,25.055555555555554,30,3,57.5
eval_at,"[0.4442523768366465, 43.34368070953437, 514, 1086, 643, 1600]",0.4295338523387908,25.055555555555554,30,3,58.0
eval_at,"[0.4442523768366465, 42.90465631929047, 514, 1075, 643, 1589]",0.45371467947959887,25.055555555555554,30,3,58.5
eval_at,"[0.44684528954191877, 42.784922394678496, 517, 1072, 640, 1589]",0.4794774696230888,25.055555555555554,30,3,59.0
eval_at,"[0.44511668107173724, 42.425720620842576, 515, 1063, 642, 1578]",0.5044324526190752,25.055555555555554,30,3,59.5
eval_at,"[0.45030250648228176, 41.906873614190694, 521, 1050, 636, 1571]",0.528305637836456,25.055555555555554,30,3,60.0
eval_at,"[0.45375972342264476, 41.707317073170735, 525, 1045, 632, 1570]",0.5542123171687127,25.055555555555554,30,3,60.5
eval_at,"[0.4546240276577355, 41.228381374722844, 526, 1033, 631, 1559]",0.581062518954277,25.055555555555554,30,3,61.0
eval_at,"[0.45721694036300775, 40.86917960088692, 529, 1024, 628, 1553]",0.6060824161767956,25.055555555555554,30,3,61.5
eval_at,"[0.4554883318928263, 40.350332594235034, 527, 1011, 630, 1538]",0.6352231705188752,25.055555555555554,30,3,62.0
eval_at,"[0.4546240276577355, 39.91130820399113, 526, 1000, 631, 1526]",0.6630648374557495,25.055555555555554,30,3,62.5
eval_at,"[0.4554883318928263, 39.671840354767184, 527, 994, 630, 1521]",0.6902646803855895,25.055555555555554,30,3,63.0
eval_at,"[0.452895419187554, 39.51219512195122, 524, 990, 633, 1514]",0.7199370360374451,25.055555555555554,30,3,63.5
eval_at,"[0.4511668107173725, 39.19290465631929, 522, 982, 635, 1504]",0.7486005020141602,25.055555555555554,30,3,64.0
eval_at,"[0.45030250648228176, 38.99334811529934, 521, 977, 636, 1498]",0.7810124391317368,25.055555555555554,30,3,64.5
eval_at,"[0.45030250648228176, 38.7139689578714, 521, 970, 636, 1491]",0.8102747112512595,25.055555555555554,30,3,65.0
eval_at,"[0.45030250648228176, 38.35476718403548, 521, 961, 636, 1482]",0.8423108610510829,25.055555555555554,30,3,65.5
eval_at,"[0.4520311149524633, 37.7960088691796, 523, 947, 634, 1470]",0.8765593075752259,25.055555555555554,30,3,66.0
eval_at,"[0.45375972342264476, 37.3569844789357, 525, 936, 632, 1461]",0.905230122506619,25.055555555555554,30,3,66.5
eval_at,"[0.45030250648228176, 36.99778270509978, 521, 927, 636, 1448]",0.9370688605308534,25.055555555555554,30,3,67.0
eval_at,"[0.4511668107173725, 36.71840354767184, 522, 920, 635, 1442]",0.9743585467338562,25.055555555555554,30,3,67.5
eval_at,"[0.45030250648228176, 36.51884700665189, 521, 915, 636, 1436]",1.0090909290313723,25.055555555555554,30,3,68.0
eval_at,"[0.44770959377700953, 36.43902439024391, 518, 913, 639, 1431]",1.0452783250808726,25.055555555555554,30,3,68.5
eval_at,"[0.44857389801210024, 36.23946784922395, 519, 908, 638, 1427]",1.0819389140605924,25.055555555555554,30,3,69.0
eval_at,"[0.449438202247191, 35.84035476718404, 520, 898, 637, 1418]",1.1151590490341186,25.055555555555554,30,3,69.5
eval_at,"[0.449438202247191, 35.80044345898005, 520, 897, 637, 1417]",1.1497484326362606,25.055555555555554,30,3,70.0
eval_at,"[0.44857389801210024, 35.44124168514413, 519, 888, 638, 1407]",1.1867774605751038,25.055555555555554,30,3,70.5
eval_at,"[0.44857389801210024, 34.64301552106431, 519, 868, 638, 1387]",1.2231741702556609,25.055555555555554,30,3,71.0
eval_at,"[0.449438202247191, 34.2039911308204, 520, 857, 637, 1377]",1.26687961935997,25.055555555555554,30,3,71.5
eval_at,"[0.449438202247191, 33.80487804878049, 520, 847, 637, 1367]",1.3082753562927245,25.055555555555554,30,3,72.0
eval_at,"[0.44857389801210024, 33.166297117516635, 519, 831, 638, 1350]",1.3522080391645428,25.055555555555554,30,3,72.5
eval_at,"[0.445980985306828, 32.847006651884705, 516, 823, 641, 1339]",1.3931989085674286,25.055555555555554,30,3,73.0
eval_at,"[0.449438202247191, 32.607538802660756, 520, 817, 637, 1337]",1.4363410925865172,25.055555555555554,30,3,73.5
eval_at,"[0.4442523768366465, 32.328159645232816, 514, 810, 643, 1324]",1.4810259175300602,25.055555555555554,30,3,74.0
eval_at,"[0.4442523768366465, 31.9689578713969, 514, 801, 643, 1315]",1.5285310977697368,25.055555555555554,30,3,74.5
eval_at,"[0.442523768366465, 31.56984478935699, 512, 791, 645, 1303]",1.5763391256332397,25.055555555555554,30,3,75.0
eval_at,"[0.44165946413137425, 31.33037694013304, 511, 785, 646, 1296]",1.6198156094551086,25.055555555555554,30,3,75.5
eval_at,"[0.4407951598962835, 30.851441241685148, 510, 773, 647, 1283]",1.673420691490173,25.055555555555554,30,3,76.0
eval_at,"[0.4373379429559205, 30.093126385809317, 506, 754, 651, 1260]",1.716794808506966,25.055555555555554,30,3,76.5
eval_at,"[0.4364736387208297, 29.175166297117517, 505, 731, 652, 1236]",1.768909102678301,25.055555555555554,30,3,77.0
eval_at,"[0.43820224719101125, 28.25720620842572, 507, 708, 650, 1215]",1.8201030224561692,25.055555555555554,30,3,77.5
eval_at,"[0.4338807260155575, 27.698447893569845, 502, 694, 655, 1196]",1.8754421043396,25.055555555555554,30,3,78.0
eval_at,"[0.4347450302506482, 27.09977827050998, 503, 679, 654, 1182]",1.9341732251644137,25.055555555555554,30,3,78.5
eval_at,"[0.43215211754537597, 26.261640798226168, 500, 658, 657, 1158]",1.9941205024719235,25.055555555555554,30,3,79.0
eval_at,"[0.428694900605013, 25.862527716186253, 496, 648, 661, 1144]",2.0535153722763066,25.055555555555554,30,3,79.5
eval_at,"[0.42178046672428693, 24.784922394678492, 488, 621, 669, 1109]",2.123098134994507,25.055555555555554,30,3,80.0
eval_at,"[0.4191875540190147, 24.226164079822617, 485, 607, 672, 1092]",2.1828996419906614,25.055555555555554,30,3,80.5
eval_at,"[0.4131374243733794, 23.30820399113082, 478, 584, 679, 1062]",2.2541604351997386,25.055555555555554,30,3,81.0
eval_at,"[0.41140881590319794, 22.58980044345898, 476, 566, 681, 1042]",2.318939558267593,25.055555555555554,30,3,81.5
eval_at,"[0.4070872947277442, 21.871396895787143, 471, 548, 686, 1019]",2.390636796951294,25.055555555555554,30,3,82.0
eval_at,"[0.4044943820224719, 21.11308203991131, 468, 529, 689, 997]",2.4639872968196856,25.055555555555554,30,3,82.5
eval_at,"[0.40017286084701814, 20.674057649667407, 463, 518, 694, 981]",2.550672605037688,25.055555555555554,30,3,83.0
eval_at,"[0.39671564390665515, 20.274944567627497, 459, 508, 698, 967]",2.6414655923843386,25.055555555555554,30,3,83.5
eval_at,"[0.3923941227312014, 19.47671840354767, 454, 488, 703, 942]",2.7293826293945305,25.055555555555554,30,3,84.0
eval_at,"[0.38720829732065687, 18.878048780487806, 448, 473, 709, 921]",2.8322371554374692,25.055555555555554,30,3,84.5
eval_at,"[0.3828867761452031, 18.399113082039914, 443, 461, 714, 904]",2.93374285697937,25.055555555555554,30,3,85.0
eval_at,"[0.3777009507346586, 17.60088691796009, 437, 441, 720, 878]",3.037571566104888,25.055555555555554,30,3,85.5
eval_at,"[0.3690579083837511, 17.002217294900223, 427, 426, 730, 853]",3.168497552871704,25.055555555555554,30,3,86.0
eval_at,"[0.3656006914433881, 16.243902439024392, 423, 407, 734, 830]",3.2817088782787334,25.055555555555554,30,3,86.5
eval_at,"[0.3612791702679343, 15.685144124168515, 418, 393, 739, 811]",3.4256591629981963,25.055555555555554,30,3,87.0
eval_at,"[0.35868625756266204, 14.647450110864746, 415, 367, 742, 782]",3.5404145419597626,25.055555555555554,30,3,87.5
eval_at,"[0.3509075194468453, 13.609756097560977, 406, 341, 751, 747]",3.670831928253175,25.055555555555554,30,3,88.0
eval_at,"[0.34485738980121, 12.811529933481154, 399, 321, 758, 720]",3.846485353708267,25.055555555555554,30,3,88.5
eval_at,"[0.3327571305099395, 12.093126385809313, 385, 303, 772, 688]",4.022067337036134,25.055555555555554,30,3,89.0
eval_at,"[0.32843560933448573, 11.29490022172949, 380, 283, 777, 663]",4.210756657123566,25.055555555555554,30,3,89.5
eval_at,"[0.320656871218669, 10.855875831485589, 371, 272, 786, 643]",4.415509223937987,25.055555555555554,30,3,90.0
eval_at,"[0.30855661192739847, 10.137472283813748, 357, 254, 800, 611]",4.637829036712647,25.055555555555554,30,3,90.5
eval_at,"[0.2999135695764909, 9.778270509977828, 347, 245, 810, 592]",4.886575469970704,25.055555555555554,30,3,91.0
eval_at,"[0.2878133102852204, 9.099778270509978, 333, 228, 824, 561]",5.134118428230285,25.055555555555554,30,3,91.5
eval_at,"[0.2783059636992221, 8.580931263858094, 322, 215, 835, 537]",5.438981304168702,25.055555555555554,30,3,92.0
eval_at,"[0.27052722558340536, 7.942350332594236, 313, 199, 844, 512]",5.78086329698564,25.055555555555554,30,3,92.5
eval_at,"[0.25929127052722556, 7.223946784922395, 300, 181, 857, 481]",6.131012563705444,25.055555555555554,30,3,93.0
eval_at,"[0.24891961970613655, 6.745011086474501, 288, 169, 869, 457]",6.598111760616305,25.055555555555554,30,3,93.5
eval_at,"[0.23163353500432152, 6.3458980044345905, 268, 159, 889, 427]",7.107373685836785,25.055555555555554,30,3,94.0
eval_at,"[0.21521175453759722, 5.787139689578715, 249, 145, 908, 394]",7.700271139144898,25.055555555555554,30,3,94.5
eval_at,"[0.19273984442523767, 5.348115299334812, 223, 134, 934, 357]",8.357974958419796,25.055555555555554,30,3,95.0
eval_at,"[0.1815038893690579, 4.869179600886918, 210, 122, 947, 332]",9.096746559143066,25.055555555555554,30,3,95.5
eval_at,"[0.16421780466724287, 4.430155210643016, 190, 111, 967, 301]",9.98815410614014,25.055555555555554,30,3,96.0
eval_at,"[0.14693171996542784, 3.9512195121951224, 170, 99, 987, 269]",11.176090998649588,25.055555555555554,30,3,96.5
eval_at,"[0.13569576490924806, 3.0332594235033263, 157, 76, 1000, 233]",12.781473398208615,25.055555555555554,30,3,97.0
eval_at,"[0.11840968020743302, 2.7937915742793793, 137, 70, 1020, 207]",14.684997034072891,25.055555555555554,30,3,97.5
eval_at,"[0.09593777009507347, 2.354767184035477, 111, 59, 1046, 170]",17.107321434020996,25.055555555555554,30,3,98.0
eval_at,"[0.07778738115816768, 1.5166297117516632, 90, 38, 1067, 128]",20.75571578979492,25.055555555555554,30,3,98.5
eval_at,"[0.046672428694900604, 1.3968957871396896, 54, 35, 1103, 89]",26.30805988311775,25.055555555555554,30,3,99.0
eval_at,"[0.020743301642178046, 0.9179600886917961, 24, 23, 1133, 47]",38.24617362976073,25.055555555555554,30,3,99.5
eval_at,"[0.42523768366465, 42.784922394678496, 492, 1072, 665, 1564]",0.06775471940636635,25.055555555555554,30,4,50.0
eval_at,"[0.42350907519446845, 42.425720620842576, 490, 1063, 667, 1553]",0.09041047319769853,25.055555555555554,30,4,50.5
eval_at,"[0.4209161624891962, 42.784922394678496, 487, 1072, 670, 1559]",0.11334319829940803,25.055555555555554,30,4,51.0
eval_at,"[0.42005185825410546, 42.784922394678496, 486, 1072, 671, 1558]",0.1375996447354556,25.055555555555554,30,4,51.5
eval_at,"[0.4243733794295592, 42.824833702882486, 491, 1073, 666, 1564]",0.15737220048904418,25.055555555555554,30,4,52.0
eval_at,"[0.42696629213483145, 42.625277161862535, 494, 1068, 663, 1562]",0.1783608723431826,25.055555555555554,30,4,52.5
eval_at,"[0.42955920484010374, 42.784922394678496, 497, 1072, 660, 1569]",0.20190452039241813,25.055555555555554,30,4,53.0
eval_at,"[0.4312878133102852, 42.425720620842576, 499, 1063, 658, 1562]",0.2261132819950581,25.055555555555554,30,4,53.5
eval_at,"[0.4338807260155575, 42.625277161862535, 502, 1068, 655, 1570]",0.24941731333732609,25.055555555555554,30,4,54.0
eval_at,"[0.4347450302506482, 42.705099778270515, 503, 1070, 654, 1573]",0.2728184950351715,25.055555555555554,30,4,54.5
eval_at,"[0.43215211754537597, 42.22616407982262, 500, 1058, 657, 1558]",0.29430654197931305,25.055555555555554,30,4,55.0
eval_at,"[0.43560933448573896, 42.305986696230605, 504, 1060, 653, 1564]",0.31372593715786945,25.055555555555554,30,4,55.5
eval_at,"[0.4399308556611927, 42.186252771618626, 509, 1057, 648, 1566]",0.33908221006393446,25.055555555555554,30,4,56.0
eval_at,"[0.4407951598962835, 42.22616407982262, 510, 1058, 647, 1568]",0.36464089915156334,25.055555555555554,30,4,56.5
eval_at,"[0.442523768366465, 42.106430155210646, 512, 1055, 645, 1567]",0.39149792671203554,25.055555555555554,30,4,57.0
eval_at,"[0.442523768366465, 42.345898004434595, 512, 1061, 645, 1573]",0.41844448968768116,25.055555555555554,30,4,57.5
eval_at,"[0.4407951598962835, 42.106430155210646, 510, 1055, 647, 1565]",0.44331944286823266,25.055555555555554,30,4,58.0
eval_at,"[0.44684528954191877, 41.747228381374725, 517, 1046, 640, 1563]",0.46653872057795504,25.055555555555554,30,4,58.5
eval_at,"[0.44857389801210024, 41.787139689578716, 519, 1047, 638, 1566]",0.4912490954995155,25.055555555555554,30,4,59.0
eval_at,"[0.44684528954191877, 42.146341463414636, 517, 1056, 640, 1573]",0.5178954651951787,25.055555555555554,30,4,59.5
eval_at,"[0.44684528954191877, 42.266075388026614, 517, 1059, 640, 1576]",0.5446478009223935,25.055555555555554,30,4,60.0
eval_at,"[0.44511668107173724, 42.385809312638585, 515, 1062, 642, 1577]",0.5702278351783754,25.055555555555554,30,4,60.5
eval_at,"[0.44684528954191877, 42.266075388026614, 517, 1059, 640, 1576]",0.5982837235927582,25.055555555555554,30,4,61.0
eval_at,"[0.44338807260155577, 42.345898004434595, 513, 1061, 644, 1574]",0.6233480527997016,25.055555555555554,30,4,61.5
eval_at,"[0.44684528954191877, 42.186252771618626, 517, 1057, 640, 1574]",0.6482824695110323,25.055555555555554,30,4,62.0
eval_at,"[0.44857389801210024, 42.425720620842576, 519, 1063, 638, 1582]",0.6739669516682625,25.055555555555554,30,4,62.5
eval_at,"[0.45030250648228176, 42.385809312638585, 521, 1062, 636, 1583]",0.6996147769689559,25.055555555555554,30,4,63.0
eval_at,"[0.45030250648228176, 42.425720620842576, 521, 1063, 636, 1584]",0.7262946367263796,25.055555555555554,30,4,63.5
eval_at,"[0.4511668107173725, 42.385809312638585, 522, 1062, 635, 1584]",0.7521015286445618,25.055555555555554,30,4,64.0
eval_at,"[0.4511668107173725, 42.425720620842576, 522, 1063, 635, 1585]",0.7782151317596435,25.055555555555554,30,4,64.5
eval_at,"[0.4520311149524633, 41.946784922394684, 523, 1051, 634, 1574]",0.8073951840400698,25.055555555555554,30,4,65.0
eval_at,"[0.45375972342264476, 42.026607538802665, 525, 1053, 632, 1578]",0.8330801531672478,25.055555555555554,30,4,65.5
eval_at,"[0.4546240276577355, 41.427937915742795, 526, 1038, 631, 1564]",0.8585358822345733,25.055555555555554,30,4,66.0
eval_at,"[0.452895419187554, 40.988913525498894, 524, 1027, 633, 1551]",0.8844139763712883,25.055555555555554,30,4,66.5
eval_at,"[0.452895419187554, 40.270509977827054, 524, 1009, 633, 1533]",0.9125352263450632,25.055555555555554,30,4,67.0
eval_at,"[0.45375972342264476, 39.951219512195124, 525, 1001, 632, 1526]",0.9450826331973077,25.055555555555554,30,4,67.5
eval_at,"[0.45375972342264476, 39.71175166297118, 525, 995, 632, 1520]",0.9720382642745974,25.055555555555554,30,4,68.0
eval_at,"[0.4546240276577355, 39.23281596452328, 526, 983, 631, 1509]",1.0014771181344992,25.055555555555554,30,4,68.5
eval_at,"[0.4546240276577355, 38.83370288248337, 526, 973, 631, 1499]",1.0310561013221735,25.055555555555554,30,4,69.0
eval_at,"[0.449438202247191, 38.15521064301552, 520, 956, 637, 1476]",1.0572555410861966,25.055555555555554,30,4,69.5
eval_at,"[0.445980985306828, 38.15521064301552, 516, 956, 641, 1472]",1.0868505954742431,25.055555555555554,30,4,70.0
eval_at,"[0.44684528954191877, 37.43680709534368, 517, 938, 640, 1455]",1.115147968530655,25.055555555555554,30,4,70.5
eval_at,"[0.4442523768366465, 37.47671840354767, 514, 939, 643, 1453]",1.14419660449028,25.055555555555554,30,4,71.0
eval_at,"[0.4399308556611927, 37.23725055432373, 509, 933, 648, 1442]",1.1802699178457259,25.055555555555554,30,4,71.5
eval_at,"[0.4373379429559205, 36.99778270509978, 506, 927, 651, 1433]",1.2138990449905394,25.055555555555554,30,4,72.0
eval_at,"[0.4399308556611927, 36.35920177383592, 509, 911, 648, 1420]",1.2475948572158813,25.055555555555554,30,4,72.5
eval_at,"[0.44165946413137425, 36.0, 511, 902, 646, 1413]",1.2817363810539244,25.055555555555554,30,4,73.0
eval_at,"[0.44165946413137425, 35.44124168514413, 511, 888, 646, 1399]",1.3138549429178237,25.055555555555554,30,4,73.5
eval_at,"[0.4407951598962835, 34.80266075388027, 510, 872, 647, 1382]",1.3521028685569774,25.055555555555554,30,4,74.0
eval_at,"[0.4407951598962835, 34.283813747228386, 510, 859, 647, 1369]",1.3921866452693936,25.055555555555554,30,4,74.5
eval_at,"[0.44338807260155577, 33.36585365853659, 513, 836, 644, 1349]",1.4312846660614014,25.055555555555554,30,4,75.0
eval_at,"[0.44165946413137425, 32.886917960088695, 511, 824, 646, 1335]",1.4716623777151125,25.055555555555554,30,4,75.5
eval_at,"[0.43820224719101125, 32.407982261640804, 507, 812, 650, 1319]",1.5090404033660885,25.055555555555554,30,4,76.0
eval_at,"[0.4373379429559205, 31.9689578713969, 506, 801, 651, 1307]",1.5558649581670763,25.055555555555554,30,4,76.5
eval_at,"[0.43560933448573896, 31.37028824833703, 504, 786, 653, 1290]",1.5990762889385226,25.055555555555554,30,4,77.0
eval_at,"[0.43560933448573896, 30.572062084257208, 504, 766, 653, 1270]",1.638730028271675,25.055555555555554,30,4,77.5
eval_at,"[0.43560933448573896, 29.93348115299335, 504, 750, 653, 1254]",1.6837060832977313,25.055555555555554,30,4,78.0
eval_at,"[0.43215211754537597, 29.454545454545457, 500, 738, 657, 1238]",1.7312816095352177,25.055555555555554,30,4,78.5
eval_at,"[0.43215211754537597, 28.776053215077606, 500, 721, 657, 1221]",1.7796912610530853,25.055555555555554,30,4,79.0
eval_at,"[0.428694900605013, 28.297117516629715, 496, 709, 661, 1205]",1.827180368304253,25.055555555555554,30,4,79.5
eval_at,"[0.4261019878997407, 27.578713968957874, 493, 691, 664, 1184]",1.8745607376098636,25.055555555555554,30,4,80.0
eval_at,"[0.42178046672428693, 26.900221729490024, 488, 674, 669, 1162]",1.9251047056913375,25.055555555555554,30,4,80.5
eval_at,"[0.41745894554883317, 26.06208425720621, 483, 653, 674, 1136]",1.981927672624589,25.055555555555554,30,4,81.0
eval_at,"[0.41659464131374246, 25.144124168514413, 482, 630, 675, 1112]",2.0403799223899837,25.055555555555554,30,4,81.5
eval_at,"[0.41486603284356094, 24.38580931263858, 480, 611, 677, 1091]",2.1022163248062133,25.055555555555554,30,4,82.0
eval_at,"[0.4131374243733794, 23.707317073170735, 478, 594, 679, 1072]",2.169817119836807,25.055555555555554,30,4,82.5
eval_at,"[0.4070872947277442, 22.78935698447894, 471, 571, 686, 1042]",2.243335216045379,25.055555555555554,30,4,83.0
eval_at,"[0.4096802074330164, 22.350332594235034, 474, 560, 683, 1034]",2.316306977272034,25.055555555555554,30,4,83.5
eval_at,"[0.40535868625756266, 21.552106430155213, 469, 540, 688, 1009]",2.3900824928283657,25.055555555555554,30,4,84.0
eval_at,"[0.39844425237683667, 20.274944567627497, 461, 508, 696, 969]",2.4704981064796447,25.055555555555554,30,4,84.5
eval_at,"[0.39325842696629215, 19.67627494456763, 455, 493, 702, 948]",2.554776704311371,25.055555555555554,30,4,85.0
eval_at,"[0.38547968885047534, 18.63858093126386, 446, 467, 711, 913]",2.6429652953147875,25.055555555555554,30,4,85.5
eval_at,"[0.3837510803802939, 17.680709534368074, 444, 443, 713, 887]",2.7392738771438596,25.055555555555554,30,4,86.0
eval_at,"[0.3794295592048401, 16.802660753880268, 439, 421, 718, 860]",2.8435977268219,25.055555555555554,30,4,86.5
eval_at,"[0.37337942955920483, 16.164079822616408, 432, 405, 725, 837]",2.9387707376480083,25.055555555555554,30,4,87.0
eval_at,"[0.3690579083837511, 15.48558758314856, 427, 388, 730, 815]",3.0533593893051147,25.055555555555554,30,4,87.5
eval_at,"[0.3707865168539326, 14.607538802660756, 429, 366, 728, 795]",3.168003120422364,25.055555555555554,30,4,88.0
eval_at,"[0.3630077787381158, 14.12860310421286, 420, 354, 737, 774]",3.308589527606964,25.055555555555554,30,4,88.5
eval_at,"[0.36387208297320656, 13.090909090909092, 421, 328, 736, 749]",3.453000266551972,25.055555555555554,30,4,89.0
eval_at,"[0.35177182368193605, 12.492239467849226, 407, 313, 750, 720]",3.6190659177303375,25.055555555555554,30,4,89.5
eval_at,"[0.34226447709593777, 11.773835920177385, 396, 295, 761, 691]",3.79870958328247,25.055555555555554,30,4,90.0
eval_at,"[0.33707865168539325, 11.21507760532151, 390, 281, 767, 671]",4.000955061912538,25.055555555555554,30,4,90.5
eval_at,"[0.32497839239412274, 10.097560975609756, 376, 253, 781, 629]",4.195195345878601,25.055555555555554,30,4,91.0
eval_at,"[0.31287813310285223, 9.379157427937917, 362, 235, 795, 597]",4.434848570823669,25.055555555555554,30,4,91.5
eval_at,"[0.3025064822817632, 8.660753880266077, 350, 217, 807, 567]",4.706508636474609,25.055555555555554,30,4,92.0
eval_at,"[0.2904062229904927, 8.101995565410201, 336, 203, 821, 539]",5.00906177759171,25.055555555555554,30,4,92.5
eval_at,"[0.2783059636992221, 7.303769401330378, 322, 183, 835, 505]",5.346981716156006,25.055555555555554,30,4,93.0
eval_at,"[0.2644770959377701, 6.824833702882484, 306, 171, 851, 477]",5.697090759277344,25.055555555555554,30,4,93.5
eval_at,"[0.2515125324114088, 6.146341463414634, 291, 154, 866, 445]",6.067617855072017,25.055555555555554,30,4,94.0
eval_at,"[0.24200518582541056, 5.507760532150776, 280, 138, 877, 418]",6.5710220479965225,25.055555555555554,30,4,94.5
eval_at,"[0.22904062229904926, 5.148558758314857, 265, 129, 892, 394]",7.083388590812676,25.055555555555554,30,4,95.0
eval_at,"[0.21607605877268798, 4.58980044345898, 250, 115, 907, 365]",7.7913536810874735,25.055555555555554,30,4,95.5
eval_at,"[0.1961970613656007, 3.9911308203991136, 227, 100, 930, 327]",8.498943634033212,25.055555555555554,30,4,96.0
eval_at,"[0.17718236819360414, 3.51219512195122, 205, 88, 952, 293]",9.345792918205257,25.055555555555554,30,4,96.5
eval_at,"[0.15643906655142611, 3.0332594235033263, 181, 76, 976, 257]",10.439297504425046,25.055555555555554,30,4,97.0
eval_at,"[0.1365600691443388, 2.5144124168514415, 158, 63, 999, 221]",11.80424158573152,25.055555555555554,30,4,97.5
eval_at,"[0.11927398444252377, 1.8359201773835923, 138, 46, 1019, 184]",13.557912960052482,25.055555555555554,30,4,98.0
eval_at,"[0.09248055315471046, 1.436807095343681, 107, 36, 1050, 143]",16.2902794075012,25.055555555555554,30,4,98.5
eval_at,"[0.06222990492653414, 1.0376940133037695, 72, 26, 1085, 98]",20.28872615814219,25.055555555555554,30,4,99.0
eval_at,"[0.03197925669835782, 0.6784922394678493, 37, 17, 1120, 54]",28.328013420104888,25.055555555555554,30,4,99.5
eval_at,"[0.45980985306828004, 44.74057649667406, 532, 1121, 625, 1653]",0.06761418282985687,25.055555555555554,100,0,50.0
eval_at,"[0.46240276577355227, 44.74057649667406, 535, 1121, 622, 1656]",0.08687764834612602,25.055555555555554,100,0,50.5
eval_at,"[0.46499567847882456, 44.30155210643016, 538, 1110, 619, 1648]",0.10762073755264291,25.055555555555554,100,0,51.0
eval_at,"[0.4658599827139153, 44.18181818181819, 539, 1107, 618, 1646]",0.12698124170303357,25.055555555555554,100,0,51.5
eval_at,"[0.46672428694900603, 44.22172949002218, 540, 1108, 617, 1648]",0.14696575999259942,25.055555555555554,100,0,52.0
eval_at,"[0.4693171996542783, 44.18181818181819, 543, 1107, 614, 1650]",0.16681734248995783,25.055555555555554,100,0,52.5
eval_at,"[0.47191011235955055, 44.18181818181819, 546, 1107, 611, 1653]",0.1888577619194985,25.055555555555554,100,0,53.0
eval_at,"[0.4727744165946413, 43.62305986696231, 547, 1093, 610, 1640]",0.2110570961236954,25.055555555555554,100,0,53.5
eval_at,"[0.47450302506482284, 43.62305986696231, 549, 1093, 608, 1642]",0.23509767383337035,25.055555555555554,100,0,54.0
eval_at,"[0.47450302506482284, 43.423503325942356, 549, 1088, 608, 1637]",0.2581857636570931,25.055555555555554,100,0,54.5
eval_at,"[0.47796024200518583, 42.705099778270515, 553, 1070, 604, 1623]",0.2803841635584831,25.055555555555554,100,0,55.0
eval_at,"[0.4814174589455488, 42.54545454545455, 557, 1066, 600, 1623]",0.3034800635278226,25.055555555555554,100,0,55.5
eval_at,"[0.4857389801210026, 42.425720620842576, 562, 1063, 595, 1625]",0.3272692227363588,25.055555555555554,100,0,56.0
eval_at,"[0.4874675885911841, 42.465631929046566, 564, 1064, 593, 1628]",0.35393110617995227,25.055555555555554,100,0,56.5
eval_at,"[0.49265341400172863, 42.345898004434595, 570, 1061, 587, 1631]",0.3786055704951282,25.055555555555554,100,0,57.0
eval_at,"[0.4909248055315471, 42.106430155210646, 568, 1055, 589, 1623]",0.40129636526107787,25.055555555555554,100,0,57.5
eval_at,"[0.4909248055315471, 42.146341463414636, 568, 1056, 589, 1624]",0.4255589079856871,25.055555555555554,100,0,58.0
eval_at,"[0.4874675885911841, 42.146341463414636, 564, 1056, 593, 1620]",0.4491060784459113,25.055555555555554,100,0,58.5
eval_at,"[0.49178910976663787, 41.906873614190694, 569, 1050, 588, 1619]",0.4723240926861763,25.055555555555554,100,0,59.0
eval_at,"[0.49351771823681934, 41.667405764966745, 571, 1044, 586, 1615]",0.49728461384773237,25.055555555555554,100,0,59.5
eval_at,"[0.49524632670700086, 41.707317073170735, 573, 1045, 584, 1618]",0.5220556020736693,25.055555555555554,100,0,60.0
eval_at,"[0.49870354364736386, 41.467849223946786, 577, 1039, 580, 1616]",0.5474038010835648,25.055555555555554,100,0,60.5
eval_at,"[0.4969749351771824, 41.308203991130824, 575, 1035, 582, 1610]",0.5747575902938843,25.055555555555554,100,0,61.0
eval_at,"[0.4961106309420916, 40.988913525498894, 574, 1027, 583, 1601]",0.5973076513409613,25.055555555555554,100,0,61.5
eval_at,"[0.4969749351771824, 40.589800443458984, 575, 1017, 582, 1592]",0.6213695001602173,25.055555555555554,100,0,62.0
eval_at,"[0.5030250648228176, 40.749445676274945, 582, 1021, 575, 1603]",0.6451514512300491,25.055555555555554,100,0,62.5
eval_at,"[0.5030250648228176, 40.589800443458984, 582, 1017, 575, 1599]",0.6698383283615112,25.055555555555554,100,0,63.0
eval_at,"[0.5030250648228176, 40.270509977827054, 582, 1009, 575, 1591]",0.6975774186849598,25.055555555555554,100,0,63.5
eval_at,"[0.5021607605877269, 40.669623059866964, 581, 1019, 576, 1600]",0.727448627948761,25.055555555555554,100,0,64.0
eval_at,"[0.5012964563526361, 40.589800443458984, 580, 1017, 577, 1597]",0.7528449702262878,25.055555555555554,100,0,64.5
eval_at,"[0.5021607605877269, 40.031042128603104, 581, 1003, 576, 1584]",0.7808124214410782,25.055555555555554,100,0,65.0
eval_at,"[0.5030250648228176, 39.951219512195124, 582, 1001, 575, 1583]",0.807516404092312,25.055555555555554,100,0,65.5
eval_at,"[0.5012964563526361, 39.79157427937916, 580, 997, 577, 1577]",0.8373276066780091,25.055555555555554,100,0,66.0
eval_at,"[0.5030250648228176, 39.1529933481153, 582, 981, 575, 1563]",0.8651150110363979,25.055555555555554,100,0,66.5
eval_at,"[0.5021607605877269, 39.55210643015521, 581, 991, 576, 1572]",0.8953749549388886,25.055555555555554,100,0,67.0
eval_at,"[0.5004321521175453, 38.83370288248337, 579, 973, 578, 1552]",0.9240900993347169,25.055555555555554,100,0,67.5
eval_at,"[0.4995678478824546, 38.59423503325942, 578, 967, 579, 1545]",0.9530894541740418,25.055555555555554,100,0,68.0
eval_at,"[0.5012964563526361, 38.55432372505543, 580, 966, 577, 1546]",0.9821085986495021,25.055555555555554,100,0,68.5
eval_at,"[0.5012964563526361, 37.99556541019956, 580, 952, 577, 1532]",1.0115429282188413,25.055555555555554,100,0,69.0
eval_at,"[0.5021607605877269, 37.87583148558759, 581, 949, 576, 1530]",1.0428221976757046,25.055555555555554,100,0,69.5
eval_at,"[0.5038893690579084, 37.51662971175167, 583, 940, 574, 1523]",1.072794914245605,25.055555555555554,100,0,70.0
eval_at,"[0.5056179775280899, 36.95787139689579, 585, 926, 572, 1511]",1.1050303053855897,25.055555555555554,100,0,70.5
eval_at,"[0.5047536732929991, 36.71840354767184, 584, 920, 573, 1504]",1.139539101123809,25.055555555555554,100,0,71.0
eval_at,"[0.5038893690579084, 36.039911308204, 583, 903, 574, 1486]",1.1709555453062057,25.055555555555554,100,0,71.5
eval_at,"[0.5004321521175453, 35.64079822616408, 579, 893, 578, 1472]",1.2030149698257446,25.055555555555554,100,0,72.0
eval_at,"[0.5004321521175453, 35.36141906873615, 579, 886, 578, 1465]",1.2321712553501125,25.055555555555554,100,0,72.5
eval_at,"[0.4978392394122731, 35.00221729490023, 576, 877, 581, 1453]",1.2626849460601806,25.055555555555554,100,0,73.0
eval_at,"[0.49870354364736386, 34.52328159645233, 577, 865, 580, 1442]",1.301435524225235,25.055555555555554,100,0,73.5
eval_at,"[0.4969749351771824, 34.6829268292683, 575, 869, 582, 1444]",1.3394036436080936,25.055555555555554,100,0,74.0
eval_at,"[0.4969749351771824, 34.00443458980045, 575, 852, 582, 1427]",1.37617737352848,25.055555555555554,100,0,74.5
eval_at,"[0.49524632670700086, 33.36585365853659, 573, 836, 584, 1409]",1.4127032458782196,25.055555555555554,100,0,75.0
eval_at,"[0.49351771823681934, 32.807095343680714, 571, 822, 586, 1393]",1.4537080937623978,25.055555555555554,100,0,75.5
eval_at,"[0.49178910976663787, 32.04878048780488, 569, 803, 588, 1372]",1.4913487720489487,25.055555555555554,100,0,76.0
eval_at,"[0.49265341400172863, 31.410199556541023, 570, 787, 587, 1357]",1.5312458050251008,25.055555555555554,100,0,76.5
eval_at,"[0.49351771823681934, 30.691796008869183, 571, 769, 586, 1340]",1.5674349689483649,25.055555555555554,100,0,77.0
eval_at,"[0.49178910976663787, 30.172949002217297, 569, 756, 588, 1325]",1.6088245332241058,25.055555555555554,100,0,77.5
eval_at,"[0.49178910976663787, 29.334811529933482, 569, 735, 588, 1304]",1.6476581048965455,25.055555555555554,100,0,78.0
eval_at,"[0.4909248055315471, 28.297117516629715, 568, 709, 589, 1277]",1.6952053225040453,25.055555555555554,100,0,78.5
eval_at,"[0.4909248055315471, 27.77827050997783, 568, 696, 589, 1264]",1.7446383547782895,25.055555555555554,100,0,79.0
eval_at,"[0.49006050129645634, 27.339246119733925, 567, 685, 590, 1252]",1.785701318383218,25.055555555555554,100,0,79.5
eval_at,"[0.4909248055315471, 26.940133037694014, 568, 675, 589, 1243]",1.8359773874282839,25.055555555555554,100,0,80.0
eval_at,"[0.4909248055315471, 26.38137472283814, 568, 661, 589, 1229]",1.889857318997383,25.055555555555554,100,0,80.5
eval_at,"[0.4909248055315471, 25.503325942350333, 568, 639, 589, 1207]",1.9443026864528656,25.055555555555554,100,0,81.0
eval_at,"[0.49006050129645634, 24.70509977827051, 567, 619, 590, 1186]",2.000173139572142,25.055555555555554,100,0,81.5
eval_at,"[0.48833189282627487, 23.747228381374725, 565, 595, 592, 1160]",2.054599723815918,25.055555555555554,100,0,82.0
eval_at,"[0.4840103716508211, 22.669623059866964, 560, 568, 597, 1128]",2.1065326631069157,25.055555555555554,100,0,82.5
eval_at,"[0.4822817631806396, 21.83148558758315, 558, 547, 599, 1105]",2.1728334450721736,25.055555555555554,100,0,83.0
eval_at,"[0.48055315471045806, 21.033259423503328, 556, 527, 601, 1083]",2.2375981545448305,25.055555555555554,100,0,83.5
eval_at,"[0.46845289541918755, 20.43458980044346, 542, 512, 615, 1054]",2.3007182025909416,25.055555555555554,100,0,84.0
eval_at,"[0.46326707000864303, 19.39689578713969, 536, 486, 621, 1022]",2.37051265001297,25.055555555555554,100,0,84.5
eval_at,"[0.45980985306828004, 18.23946784922395, 532, 457, 625, 989]",2.4403196930885316,25.055555555555554,100,0,85.0
eval_at,"[0.452895419187554, 17.082039911308204, 524, 428, 633, 952]",2.5211577355861654,25.055555555555554,100,0,85.5
eval_at,"[0.44684528954191877, 16.443458980044348, 517, 412, 640, 929]",2.6107269620895384,25.055555555555554,100,0,86.0
eval_at,"[0.44338807260155577, 15.525498891352552, 513, 389, 644, 902]",2.7028891110420226,25.055555555555554,100,0,86.5
eval_at,"[0.43820224719101125, 14.487804878048781, 507, 363, 650, 870]",2.7950754308700554,25.055555555555554,100,0,87.0
eval_at,"[0.43301642178046673, 13.72949002217295, 501, 344, 656, 845]",2.915158271789551,25.055555555555554,100,0,87.5
eval_at,"[0.4278305963699222, 13.250554323725057, 495, 332, 662, 827]",3.031940231323244,25.055555555555554,100,0,88.0
eval_at,"[0.42005185825410546, 12.492239467849226, 486, 313, 671, 799]",3.150102460384368,25.055555555555554,100,0,88.5
eval_at,"[0.4157303370786517, 12.093126385809313, 481, 303, 676, 784]",3.277535679340363,25.055555555555554,100,0,89.0
eval_at,"[0.4096802074330164, 11.21507760532151, 474, 281, 683, 755]",3.429407612085343,25.055555555555554,100,0,89.5
eval_at,"[0.40017286084701814, 10.376940133037694, 463, 260, 694, 723]",3.58944821357727,25.055555555555554,100,0,90.0
eval_at,"[0.3889369057908384, 9.299334811529935, 450, 233, 707, 683]",3.759640486240388,25.055555555555554,100,0,90.5
eval_at,"[0.3759723422644771, 8.580931263858094, 435, 215, 722, 650]",3.9618246078491284,25.055555555555554,100,0,91.0
eval_at,"[0.36387208297320656, 8.062084257206209, 421, 202, 736, 623]",4.184317615032195,25.055555555555554,100,0,91.5
eval_at,"[0.3526361279170268, 7.343680709534369, 408, 184, 749, 592]",4.44460563659668,25.055555555555554,100,0,92.0
eval_at,"[0.3327571305099395, 6.425720620842573, 385, 161, 772, 546]",4.706444811820994,25.055555555555554,100,0,92.5
eval_at,"[0.32238547968885045, 5.747228381374724, 373, 144, 784, 517]",5.0140505886077875,25.055555555555554,100,0,93.0
eval_at,"[0.31028522039757994, 5.308203991130821, 359, 133, 798, 492]",5.362394144535066,25.055555555555554,100,0,93.5
eval_at,"[0.29472774416594644, 5.028824833702883, 341, 126, 816, 467]",5.79188720703125,25.055555555555554,100,0,94.0
eval_at,"[0.2722558340535869, 4.629711751662971, 315, 116, 842, 431]",6.263795931339265,25.055555555555554,100,0,94.5
eval_at,"[0.2575626620570441, 4.270509977827051, 298, 107, 859, 405]",6.7795553445815955,25.055555555555554,100,0,95.0
eval_at,"[0.23249783923941228, 4.150776053215078, 269, 104, 888, 373]",7.290245029926299,25.055555555555554,100,0,95.5
eval_at,"[0.2143474503025065, 3.51219512195122, 248, 88, 909, 336]",8.037406234741216,25.055555555555554,100,0,96.0
eval_at,"[0.18582541054451165, 3.192904656319291, 215, 80, 942, 295]",8.856942429542533,25.055555555555554,100,0,96.5
eval_at,"[0.16248919619706137, 2.8337028824833705, 188, 71, 969, 259]",9.882518587112424,25.055555555555554,100,0,97.0
eval_at,"[0.13828867761452032, 2.5543237250554327, 160, 64, 997, 224]",11.166593956947336,25.055555555555554,100,0,97.5
eval_at,"[0.11495246326707001, 2.155210643015521, 133, 54, 1024, 187]",13.147675819396921,25.055555555555554,100,0,98.0
eval_at,"[0.0898876404494382, 1.9157427937915745, 104, 48, 1053, 152]",15.49048961162567,25.055555555555554,100,0,98.5
eval_at,"[0.059636992221261884, 1.2771618625277164, 69, 32, 1088, 101]",18.98191257476816,25.055555555555554,100,0,99.0
eval_at,"[0.029386343993085567, 0.8381374722838139, 34, 21, 1123, 55]",25.177177591323467,25.055555555555554,100,0,99.5
eval_at,"[0.43820224719101125, 43.50332594235034, 507, 1090, 650, 1597]",0.08183297514915466,25.055555555555554,100,1,50.0
eval_at,"[0.4399308556611927, 43.70288248337029, 509, 1095, 648, 1604]",0.10370362762361757,25.055555555555554,100,1,50.5
eval_at,"[0.44338807260155577, 43.383592017738366, 513, 1087, 644, 1600]",0.1268554893136026,25.055555555555554,100,1,51.0
eval_at,"[0.44511668107173724, 43.58314855875832, 515, 1092, 642, 1607]",0.1499551242589951,25.055555555555554,100,1,51.5
eval_at,"[0.44684528954191877, 43.86252771618626, 517, 1099, 640, 1616]",0.17043100535869596,25.055555555555554,100,1,52.0
eval_at,"[0.44684528954191877, 44.101995565410206, 517, 1105, 640, 1622]",0.19233173839747925,25.055555555555554,100,1,52.5
eval_at,"[0.44511668107173724, 44.50110864745012, 515, 1115, 642, 1630]",0.21354307800531416,25.055555555555554,100,1,53.0
eval_at,"[0.445980985306828, 44.34146341463415, 516, 1111, 641, 1627]",0.23894342541694644,25.055555555555554,100,1,53.5
eval_at,"[0.445980985306828, 44.42128603104213, 516, 1113, 641, 1629]",0.25992688536643993,25.055555555555554,100,1,54.0
eval_at,"[0.44684528954191877, 44.66075388026608, 517, 1119, 640, 1636]",0.281497393101454,25.055555555555554,100,1,54.5
eval_at,"[0.449438202247191, 44.50110864745012, 520, 1115, 637, 1635]",0.3032947167754174,25.055555555555554,100,1,55.0
eval_at,"[0.4511668107173725, 44.22172949002218, 522, 1108, 635, 1630]",0.32564722210168895,25.055555555555554,100,1,55.5
eval_at,"[0.4546240276577355, 43.782705099778276, 526, 1097, 631, 1623]",0.3479874587059022,25.055555555555554,100,1,56.0
eval_at,"[0.45635263612791704, 43.50332594235034, 528, 1090, 629, 1618]",0.3710666258633135,25.055555555555554,100,1,56.5
eval_at,"[0.45635263612791704, 43.423503325942356, 528, 1088, 629, 1616]",0.3988715481758116,25.055555555555554,100,1,57.0
eval_at,"[0.4589455488331893, 43.423503325942356, 531, 1088, 626, 1619]",0.42230269908905027,25.055555555555554,100,1,57.5
eval_at,"[0.45980985306828004, 43.34368070953437, 532, 1086, 625, 1618]",0.4454530149698257,25.055555555555554,100,1,58.0
eval_at,"[0.46240276577355227, 43.144124168514416, 535, 1081, 622, 1616]",0.4726906295120715,25.055555555555554,100,1,58.5
eval_at,"[0.46499567847882456, 43.54323725055433, 538, 1091, 619, 1629]",0.4980381491780281,25.055555555555554,100,1,59.0
eval_at,"[0.46499567847882456, 43.18403547671841, 538, 1082, 619, 1620]",0.5220805364847183,25.055555555555554,100,1,59.5
eval_at,"[0.46845289541918755, 43.064301552106436, 542, 1079, 615, 1621]",0.5471283078193664,25.055555555555554,100,1,60.0
eval_at,"[0.4693171996542783, 42.58536585365854, 543, 1067, 614, 1610]",0.574099344611168,25.055555555555554,100,1,60.5
eval_at,"[0.4710458081244598, 42.625277161862535, 545, 1068, 612, 1613]",0.6028677701950073,25.055555555555554,100,1,61.0
eval_at,"[0.4727744165946413, 41.946784922394684, 547, 1051, 610, 1598]",0.6320930546522133,25.055555555555554,100,1,61.5
eval_at,"[0.47796024200518583, 41.747228381374725, 553, 1046, 604, 1599]",0.6604456841945651,25.055555555555554,100,1,62.0
eval_at,"[0.4762316335350043, 41.427937915742795, 551, 1038, 606, 1589]",0.6872356981039047,25.055555555555554,100,1,62.5
eval_at,"[0.47796024200518583, 40.749445676274945, 553, 1021, 604, 1574]",0.713235363960266,25.055555555555554,100,1,63.0
eval_at,"[0.48314606741573035, 40.709534368070955, 559, 1020, 598, 1579]",0.7396835082769397,25.055555555555554,100,1,63.5
eval_at,"[0.4840103716508211, 39.951219512195124, 560, 1001, 597, 1561]",0.7682324242591858,25.055555555555554,100,1,64.0
eval_at,"[0.4857389801210026, 39.91130820399113, 562, 1000, 595, 1562]",0.7965908268094062,25.055555555555554,100,1,64.5
eval_at,"[0.48660328435609335, 39.71175166297118, 563, 995, 594, 1558]",0.8266891658306125,25.055555555555554,100,1,65.0
eval_at,"[0.48660328435609335, 39.671840354767184, 563, 994, 594, 1557]",0.8517237547039986,25.055555555555554,100,1,65.5
eval_at,"[0.4857389801210026, 39.47228381374723, 562, 989, 595, 1551]",0.8793192160129547,25.055555555555554,100,1,66.0
eval_at,"[0.48833189282627487, 39.27272727272727, 565, 984, 592, 1549]",0.9130724185705187,25.055555555555554,100,1,66.5
eval_at,"[0.4891961970613656, 38.63414634146342, 566, 968, 591, 1534]",0.944666996598244,25.055555555555554,100,1,67.0
eval_at,"[0.4874675885911841, 37.91574279379158, 564, 950, 593, 1514]",0.9762433663010598,25.055555555555554,100,1,67.5
eval_at,"[0.4891961970613656, 38.07538802660754, 566, 954, 591, 1520]",1.0051630210876468,25.055555555555554,100,1,68.0
eval_at,"[0.4909248055315471, 37.67627494456763, 568, 944, 589, 1512]",1.0379404532909395,25.055555555555554,100,1,68.5
eval_at,"[0.49006050129645634, 37.43680709534368, 567, 938, 590, 1505]",1.0673053622245783,25.055555555555554,100,1,69.0
eval_at,"[0.49178910976663787, 36.83813747228382, 569, 923, 588, 1492]",1.102886034846304,25.055555555555554,100,1,69.5
eval_at,"[0.49351771823681934, 36.43902439024391, 571, 913, 586, 1484]",1.1425793766975403,25.055555555555554,100,1,70.0
eval_at,"[0.4961106309420916, 35.68070953436808, 574, 894, 583, 1468]",1.179473319649696,25.055555555555554,100,1,70.5
eval_at,"[0.5004321521175453, 35.32150776053216, 579, 885, 578, 1464]",1.217359399795532,25.055555555555554,100,1,71.0
eval_at,"[0.5004321521175453, 34.80266075388027, 579, 872, 578, 1451]",1.2559083527326584,25.055555555555554,100,1,71.5
eval_at,"[0.4995678478824546, 34.48337028824834, 578, 864, 579, 1442]",1.290371046066284,25.055555555555554,100,1,72.0
eval_at,"[0.4978392394122731, 34.243902439024396, 576, 858, 581, 1434]",1.3335290342569344,25.055555555555554,100,1,72.5
eval_at,"[0.4961106309420916, 34.00443458980045, 574, 852, 583, 1426]",1.3746024513244623,25.055555555555554,100,1,73.0
eval_at,"[0.4969749351771824, 33.565410199556545, 575, 841, 582, 1416]",1.415372398495674,25.055555555555554,100,1,73.5
eval_at,"[0.4969749351771824, 33.286031042128606, 575, 834, 582, 1409]",1.461404418945313,25.055555555555554,100,1,74.0
eval_at,"[0.4961106309420916, 32.647450110864746, 574, 818, 583, 1392]",1.5057639634609223,25.055555555555554,100,1,74.5
eval_at,"[0.49265341400172863, 32.288248337028826, 570, 809, 587, 1379]",1.549308955669403,25.055555555555554,100,1,75.0
eval_at,"[0.49265341400172863, 31.33037694013304, 570, 785, 587, 1355]",1.6002576088905336,25.055555555555554,100,1,75.5
eval_at,"[0.49178910976663787, 30.851441241685148, 569, 773, 588, 1342]",1.6493854522705074,25.055555555555554,100,1,76.0
eval_at,"[0.49178910976663787, 30.172949002217297, 569, 756, 588, 1325]",1.6948483872413638,25.055555555555554,100,1,76.5
eval_at,"[0.49178910976663787, 29.2549889135255, 569, 733, 588, 1302]",1.7378867220878604,25.055555555555554,100,1,77.0
eval_at,"[0.4891961970613656, 28.25720620842572, 566, 708, 591, 1274]",1.787082028388977,25.055555555555554,100,1,77.5
eval_at,"[0.4874675885911841, 27.73835920177384, 564, 695, 593, 1259]",1.8365744423866273,25.055555555555554,100,1,78.0
eval_at,"[0.4848746758859118, 26.940133037694014, 561, 675, 596, 1236]",1.8933299982547767,25.055555555555554,100,1,78.5
eval_at,"[0.47968885047536736, 26.101995565410203, 555, 654, 602, 1209]",1.9476398456096649,25.055555555555554,100,1,79.0
eval_at,"[0.47968885047536736, 25.583148558758317, 555, 641, 602, 1196]",2.0089049184322367,25.055555555555554,100,1,79.5
eval_at,"[0.47450302506482284, 24.70509977827051, 549, 619, 608, 1168]",2.0679683685302734,25.055555555555554,100,1,80.0
eval_at,"[0.4736387208297321, 24.146341463414636, 548, 605, 609, 1153]",2.1332250010967253,25.055555555555554,100,1,80.5
eval_at,"[0.47450302506482284, 23.14855875831486, 549, 580, 608, 1129]",2.196318402290345,25.055555555555554,100,1,81.0
eval_at,"[0.47450302506482284, 22.58980044345898, 549, 566, 608, 1115]",2.2651514220237723,25.055555555555554,100,1,81.5
eval_at,"[0.47191011235955055, 22.270509977827054, 546, 558, 611, 1104]",2.334435052871704,25.055555555555554,100,1,82.0
eval_at,"[0.47191011235955055, 21.512195121951223, 546, 539, 611, 1085]",2.4047702074050896,25.055555555555554,100,1,82.5
eval_at,"[0.4658599827139153, 20.474501108647452, 539, 513, 618, 1052]",2.4829819536209103,25.055555555555554,100,1,83.0
eval_at,"[0.46499567847882456, 19.67627494456763, 538, 493, 619, 1031]",2.566255068778992,25.055555555555554,100,1,83.5
eval_at,"[0.46672428694900603, 19.03769401330377, 540, 477, 617, 1017]",2.659918575286865,25.055555555555554,100,1,84.0
eval_at,"[0.4675885911840968, 18.159645232815965, 541, 455, 616, 996]",2.7660670435428605,25.055555555555554,100,1,84.5
eval_at,"[0.4580812445980985, 17.321507760532153, 530, 434, 627, 964]",2.8646639585495004,25.055555555555554,100,1,85.0
eval_at,"[0.45375972342264476, 15.924611973392462, 525, 399, 632, 924]",2.9623488283157315,25.055555555555554,100,1,85.5
eval_at,"[0.45030250648228176, 14.966740576496676, 521, 375, 636, 896]",3.077945222854614,25.055555555555554,100,1,86.0
eval_at,"[0.44770959377700953, 14.168514412416853, 518, 355, 639, 873]",3.2007991003990197,25.055555555555554,100,1,86.5
eval_at,"[0.44165946413137425, 13.33037694013304, 511, 334, 646, 845]",3.3375872087478613,25.055555555555554,100,1,87.0
eval_at,"[0.43301642178046673, 12.412416851441243, 501, 311, 656, 812]",3.484449118375778,25.055555555555554,100,1,87.5
eval_at,"[0.42523768366465, 11.853658536585368, 492, 297, 665, 789]",3.642241058349614,25.055555555555554,100,1,88.0
eval_at,"[0.42178046672428693, 11.374722838137473, 488, 285, 669, 773]",3.8208542096614835,25.055555555555554,100,1,88.5
eval_at,"[0.41659464131374246, 10.656319290465634, 482, 267, 675, 749]",3.997990820407869,25.055555555555554,100,1,89.0
eval_at,"[0.4079515989628349, 9.977827050997783, 472, 250, 685, 722]",4.206771905422214,25.055555555555554,100,1,89.5
eval_at,"[0.3993085566119274, 9.379157427937917, 462, 235, 695, 697]",4.426704263687133,25.055555555555554,100,1,90.0
eval_at,"[0.39325842696629215, 8.860310421286032, 455, 222, 702, 677]",4.655108065605166,25.055555555555554,100,1,90.5
eval_at,"[0.3802938634399309, 8.221729490022174, 440, 206, 717, 646]",4.911260409355164,25.055555555555554,100,1,91.0
eval_at,"[0.3742437337942956, 7.74279379157428, 433, 194, 724, 627]",5.140175068378447,25.055555555555554,100,1,91.5
eval_at,"[0.3621434745030251, 6.904656319290466, 419, 173, 738, 592]",5.413507671356203,25.055555555555554,100,1,92.0
eval_at,"[0.34312878133102853, 6.305986696230599, 397, 158, 760, 555]",5.7586090087890645,25.055555555555554,100,1,92.5
eval_at,"[0.3258426966292135, 5.62749445676275, 377, 141, 780, 518]",6.071303601264953,25.055555555555554,100,1,93.0
eval_at,"[0.3232497839239412, 5.467849223946786, 374, 137, 783, 511]",6.498402464389806,25.055555555555554,100,1,93.5
eval_at,"[0.30423509075194466, 4.709534368070954, 352, 118, 805, 470]",6.990217351913448,25.055555555555554,100,1,94.0
eval_at,"[0.2808988764044944, 4.3503325942350335, 325, 109, 832, 434]",7.49489413022995,25.055555555555554,100,1,94.5
eval_at,"[0.2601555747623163, 3.9512195121951224, 301, 99, 856, 400]",8.130055665969795,25.055555555555554,100,1,95.0
eval_at,"[0.23854796888504753, 3.312638580931264, 276, 83, 881, 359]",8.880487160682677,25.055555555555554,100,1,95.5
eval_at,"[0.226447709593777, 2.8337028824833705, 262, 71, 895, 333]",9.870482864379886,25.055555555555554,100,1,96.0
eval_at,"[0.2065687121866897, 2.3148558758314857, 239, 58, 918, 297]",10.89531328678126,25.055555555555554,100,1,96.5
eval_at,"[0.18323249783923942, 2.035476718403548, 212, 51, 945, 263]",12.359583911895736,25.055555555555554,100,1,97.0
eval_at,"[0.15730337078651685, 1.476718403547672, 182, 37, 975, 219]",13.972144627571113,25.055555555555554,100,1,97.5
eval_at,"[0.13050993949870354, 1.1574279379157428, 151, 29, 1006, 180]",16.224073867797795,25.055555555555554,100,1,98.0
eval_at,"[0.10285220397579949, 0.9578713968957873, 119, 24, 1038, 143]",19.317166852951033,25.055555555555554,100,1,98.5
eval_at,"[0.07000864304235091, 0.598669623059867, 81, 15, 1076, 96]",24.52168764114383,25.055555555555554,100,1,99.0
eval_at,"[0.04235090751944685, 0.39911308203991136, 49, 10, 1108, 59]",34.04894802093461,25.055555555555554,100,1,99.5
eval_at,"[0.4554883318928263, 44.22172949002218, 527, 1108, 630, 1635]",0.07157766819000244,25.055555555555554,100,2,50.0
eval_at,"[0.4580812445980985, 44.101995565410206, 530, 1105, 627, 1635]",0.09090519860386824,25.055555555555554,100,2,50.5
eval_at,"[0.46153846153846156, 44.02217294900222, 534, 1103, 623, 1637]",0.11218342050909999,25.055555555555554,100,2,51.0
eval_at,"[0.46240276577355227, 43.90243902439025, 535, 1100, 622, 1635]",0.13414432503283025,25.055555555555554,100,2,51.5
eval_at,"[0.4658599827139153, 44.18181818181819, 539, 1107, 618, 1646]",0.15530627727508542,25.055555555555554,100,2,52.0
eval_at,"[0.4641313742437338, 44.18181818181819, 537, 1107, 620, 1644]",0.17779539525508883,25.055555555555554,100,2,52.5
eval_at,"[0.4675885911840968, 43.782705099778276, 541, 1097, 616, 1638]",0.20191052496433265,25.055555555555554,100,2,53.0
eval_at,"[0.4675885911840968, 43.6629711751663, 541, 1094, 616, 1635]",0.22387048326432707,25.055555555555554,100,2,53.5
eval_at,"[0.4693171996542783, 42.824833702882486, 543, 1073, 614, 1616]",0.24659478992223746,25.055555555555554,100,2,54.0
eval_at,"[0.4693171996542783, 42.98447893569845, 543, 1077, 614, 1620]",0.26808006659150163,25.055555555555554,100,2,54.5
eval_at,"[0.4710458081244598, 42.784922394678496, 545, 1072, 612, 1617]",0.2907124176621438,25.055555555555554,100,2,55.0
eval_at,"[0.47191011235955055, 42.94456762749446, 546, 1076, 611, 1622]",0.3141148763895043,25.055555555555554,100,2,55.5
eval_at,"[0.4727744165946413, 42.58536585365854, 547, 1067, 610, 1614]",0.33706713914871256,25.055555555555554,100,2,56.0
eval_at,"[0.47191011235955055, 42.784922394678496, 546, 1072, 611, 1618]",0.35915470942854827,25.055555555555554,100,2,56.5
eval_at,"[0.47450302506482284, 42.465631929046566, 549, 1064, 608, 1613]",0.38369967013597484,25.055555555555554,100,2,57.0
eval_at,"[0.47536732929991354, 42.784922394678496, 550, 1072, 607, 1622]",0.4073806077241897,25.055555555555554,100,2,57.5
eval_at,"[0.47796024200518583, 42.665188470066525, 553, 1069, 604, 1622]",0.42972520112991314,25.055555555555554,100,2,58.0
eval_at,"[0.48055315471045806, 42.505543237250556, 556, 1065, 601, 1621]",0.4539470672607421,25.055555555555554,100,2,58.5
eval_at,"[0.4822817631806396, 42.266075388026614, 558, 1059, 599, 1617]",0.4805638039112091,25.055555555555554,100,2,59.0
eval_at,"[0.4857389801210026, 42.146341463414636, 562, 1056, 595, 1618]",0.5056595185399055,25.055555555555554,100,2,59.5
eval_at,"[0.4874675885911841, 41.787139689578716, 564, 1047, 593, 1611]",0.5316563963890075,25.055555555555554,100,2,60.0
eval_at,"[0.4891961970613656, 41.866962305986696, 566, 1049, 591, 1615]",0.556647279560566,25.055555555555554,100,2,60.5
eval_at,"[0.4874675885911841, 41.747228381374725, 564, 1046, 593, 1610]",0.5834967267513274,25.055555555555554,100,2,61.0
eval_at,"[0.48833189282627487, 41.547671840354774, 565, 1041, 592, 1606]",0.6146009913086891,25.055555555555554,100,2,61.5
eval_at,"[0.49006050129645634, 41.108647450110865, 567, 1030, 590, 1597]",0.6450910627841951,25.055555555555554,100,2,62.0
eval_at,"[0.4891961970613656, 40.749445676274945, 566, 1021, 591, 1587]",0.6710176914930344,25.055555555555554,100,2,62.5
eval_at,"[0.4909248055315471, 40.19068736141907, 568, 1007, 589, 1575]",0.6966124576330185,25.055555555555554,100,2,63.0
eval_at,"[0.4909248055315471, 40.19068736141907, 568, 1007, 589, 1575]",0.7266106513142586,25.055555555555554,100,2,63.5
eval_at,"[0.4891961970613656, 39.991130820399114, 566, 1002, 591, 1568]",0.7553169775009156,25.055555555555554,100,2,64.0
eval_at,"[0.49006050129645634, 40.031042128603104, 567, 1003, 590, 1570]",0.786080806851387,25.055555555555554,100,2,64.5
eval_at,"[0.49524632670700086, 39.75166297117517, 573, 996, 584, 1569]",0.8171079963445667,25.055555555555554,100,2,65.0
eval_at,"[0.49870354364736386, 39.39246119733925, 577, 987, 580, 1564]",0.8463907113671303,25.055555555555554,100,2,65.5
eval_at,"[0.49870354364736386, 39.35254988913526, 577, 986, 580, 1563]",0.8731194353103637,25.055555555555554,100,2,66.0
eval_at,"[0.5012964563526361, 38.83370288248337, 580, 973, 577, 1553]",0.8992116332054143,25.055555555555554,100,2,66.5
eval_at,"[0.5012964563526361, 38.47450110864745, 580, 964, 577, 1544]",0.9293554133176807,25.055555555555554,100,2,67.0
eval_at,"[0.5021607605877269, 38.19512195121951, 581, 957, 576, 1538]",0.9593340486288071,25.055555555555554,100,2,67.5
eval_at,"[0.5012964563526361, 37.95565410199557, 580, 951, 577, 1531]",0.9888432526588443,25.055555555555554,100,2,68.0
eval_at,"[0.49870354364736386, 38.03547671840355, 577, 953, 580, 1530]",1.0180673348903657,25.055555555555554,100,2,68.5
eval_at,"[0.4978392394122731, 37.95565410199557, 576, 951, 581, 1527]",1.052240611314773,25.055555555555554,100,2,69.0
eval_at,"[0.49524632670700086, 37.07760532150776, 573, 929, 584, 1502]",1.0860539484024037,25.055555555555554,100,2,69.5
eval_at,"[0.4961106309420916, 36.59866962305987, 574, 917, 583, 1491]",1.1201667904853818,25.055555555555554,100,2,70.0
eval_at,"[0.4961106309420916, 36.039911308204, 574, 903, 583, 1477]",1.153051093816757,25.055555555555554,100,2,70.5
eval_at,"[0.4969749351771824, 35.60088691796009, 575, 892, 582, 1467]",1.1864057946205138,25.055555555555554,100,2,71.0
eval_at,"[0.49524632670700086, 35.24168514412417, 573, 883, 584, 1456]",1.219494372010231,25.055555555555554,100,2,71.5
eval_at,"[0.49524632670700086, 34.84257206208426, 573, 873, 584, 1446]",1.2572295665740965,25.055555555555554,100,2,72.0
eval_at,"[0.4969749351771824, 34.76274944567628, 575, 871, 582, 1446]",1.2934411287307739,25.055555555555554,100,2,72.5
eval_at,"[0.49524632670700086, 34.40354767184036, 573, 862, 584, 1435]",1.3310088837146756,25.055555555555554,100,2,73.0
eval_at,"[0.4995678478824546, 34.2039911308204, 578, 857, 579, 1435]",1.3680266886949537,25.055555555555554,100,2,73.5
eval_at,"[0.5021607605877269, 33.605321507760536, 581, 842, 576, 1423]",1.407481281757355,25.055555555555554,100,2,74.0
eval_at,"[0.5038893690579084, 33.40576496674058, 583, 837, 574, 1420]",1.4425694251060477,25.055555555555554,100,2,74.5
eval_at,"[0.5082108902333622, 32.487804878048784, 588, 814, 569, 1402]",1.4850821495056152,25.055555555555554,100,2,75.0
eval_at,"[0.5056179775280899, 31.809312638580934, 585, 797, 572, 1382]",1.5233891433477404,25.055555555555554,100,2,75.5
eval_at,"[0.5056179775280899, 31.29046563192905, 585, 784, 572, 1369]",1.5673398256301876,25.055555555555554,100,2,76.0
eval_at,"[0.5056179775280899, 30.572062084257208, 585, 766, 572, 1351]",1.6102238380908966,25.055555555555554,100,2,76.5
eval_at,"[0.5030250648228176, 29.93348115299335, 582, 750, 575, 1332]",1.654935882091523,25.055555555555554,100,2,77.0
eval_at,"[0.5021607605877269, 28.89578713968958, 581, 724, 576, 1305]",1.7005090981721875,25.055555555555554,100,2,77.5
eval_at,"[0.5004321521175453, 28.13747228381375, 579, 705, 578, 1284]",1.7486721968650818,25.055555555555554,100,2,78.0
eval_at,"[0.4969749351771824, 27.09977827050998, 575, 679, 582, 1254]",1.8009770011901858,25.055555555555554,100,2,78.5
eval_at,"[0.5004321521175453, 26.42128603104213, 579, 662, 578, 1241]",1.858661128282547,25.055555555555554,100,2,79.0
eval_at,"[0.49870354364736386, 25.862527716186253, 577, 648, 580, 1225]",1.9091349303722385,25.055555555555554,100,2,79.5
eval_at,"[0.4961106309420916, 25.223946784922397, 574, 632, 583, 1206]",1.9544585704803468,25.055555555555554,100,2,80.0
eval_at,"[0.49351771823681934, 24.66518847006652, 571, 618, 586, 1189]",2.00634680390358,25.055555555555554,100,2,80.5
eval_at,"[0.4961106309420916, 23.98669623059867, 574, 601, 583, 1175]",2.06453684091568,25.055555555555554,100,2,81.0
eval_at,"[0.4943820224719101, 23.26829268292683, 572, 583, 585, 1155]",2.124856057167053,25.055555555555554,100,2,81.5
eval_at,"[0.48833189282627487, 22.629711751662974, 565, 567, 592, 1132]",2.194680361747742,25.055555555555554,100,2,82.0
eval_at,"[0.4891961970613656, 22.0709534368071, 566, 553, 591, 1119]",2.2658980607986448,25.055555555555554,100,2,82.5
eval_at,"[0.49006050129645634, 21.232815964523283, 567, 532, 590, 1099]",2.3306017708778377,25.055555555555554,100,2,83.0
eval_at,"[0.4874675885911841, 20.753880266075388, 564, 520, 593, 1084]",2.403768869638444,25.055555555555554,100,2,83.5
eval_at,"[0.48055315471045806, 20.155210643015522, 556, 505, 601, 1061]",2.466617984771727,25.055555555555554,100,2,84.0
eval_at,"[0.47709593777009507, 19.3569844789357, 552, 485, 605, 1037]",2.5448149788379664,25.055555555555554,100,2,84.5
eval_at,"[0.46845289541918755, 18.439024390243905, 542, 462, 615, 1004]",2.632028150558473,25.055555555555554,100,2,85.0
eval_at,"[0.4658599827139153, 17.52106430155211, 539, 439, 618, 978]",2.724819962978362,25.055555555555554,100,2,85.5
eval_at,"[0.46153846153846156, 16.52328159645233, 534, 414, 623, 948]",2.826518049240112,25.055555555555554,100,2,86.0
eval_at,"[0.4589455488331893, 15.605321507760534, 531, 391, 626, 922]",2.9281374657154102,25.055555555555554,100,2,86.5
eval_at,"[0.452895419187554, 15.046563192904658, 524, 377, 633, 901]",3.0325617980957023,25.055555555555554,100,2,87.0
eval_at,"[0.4511668107173725, 14.208425720620843, 522, 356, 635, 878]",3.1526743471622467,25.055555555555554,100,2,87.5
eval_at,"[0.4407951598962835, 13.170731707317074, 510, 330, 647, 840]",3.277467994689942,25.055555555555554,100,2,88.0
eval_at,"[0.4261019878997407, 12.611973392461199, 493, 316, 664, 809]",3.418220788240432,25.055555555555554,100,2,88.5
eval_at,"[0.4157303370786517, 12.093126385809313, 481, 303, 676, 784]",3.5574927067756654,25.055555555555554,100,2,89.0
eval_at,"[0.4105445116681072, 11.414634146341465, 475, 286, 682, 761]",3.7226402604579936,25.055555555555554,100,2,89.5
eval_at,"[0.4062229904926534, 11.095343680709535, 470, 278, 687, 748]",3.86972758769989,25.055555555555554,100,2,90.0
eval_at,"[0.3941227312013829, 10.776053215077606, 456, 270, 701, 726]",4.049704942703248,25.055555555555554,100,2,90.5
eval_at,"[0.3863439930855661, 10.017738359201775, 447, 251, 710, 698]",4.246206340789796,25.055555555555554,100,2,91.0
eval_at,"[0.37337942955920483, 9.099778270509978, 432, 228, 725, 660]",4.461871671676636,25.055555555555554,100,2,91.5
eval_at,"[0.3621434745030251, 8.301552106430156, 419, 208, 738, 627]",4.69107707977295,25.055555555555554,100,2,92.0
eval_at,"[0.34485738980121, 7.822616407982262, 399, 196, 758, 595]",4.93307710886002,25.055555555555554,100,2,92.5
eval_at,"[0.334485738980121, 7.2638580931263865, 387, 182, 770, 569]",5.2238742446899415,25.055555555555554,100,2,93.0
eval_at,"[0.3146067415730337, 6.585365853658537, 364, 165, 793, 529]",5.5211058878898704,25.055555555555554,100,2,93.5
eval_at,"[0.3016421780466724, 5.98669623059867, 349, 150, 808, 499]",5.87272428512573,25.055555555555554,100,2,94.0
eval_at,"[0.2817631806395851, 5.747228381374724, 326, 144, 831, 470]",6.216669468879701,25.055555555555554,100,2,94.5
eval_at,"[0.26188418323249785, 4.829268292682928, 303, 121, 854, 424]",6.6857135057449195,25.055555555555554,100,2,95.0
eval_at,"[0.24200518582541056, 4.5099778270509985, 280, 113, 877, 393]",7.215354175567623,25.055555555555554,100,2,95.5
eval_at,"[0.222990492653414, 3.911308203991131, 258, 98, 899, 356]",7.83076278686524,25.055555555555554,100,2,96.0
eval_at,"[0.20138288677614521, 3.4722838137472287, 233, 87, 924, 320]",8.631647710800156,25.055555555555554,100,2,96.5
eval_at,"[0.18755401901469318, 2.873614190687362, 217, 72, 940, 289]",9.527337903976429,25.055555555555554,100,2,97.0
eval_at,"[0.16248919619706137, 2.394678492239468, 188, 60, 969, 248]",10.682770276069643,25.055555555555554,100,2,97.5
eval_at,"[0.13223854796888504, 1.8758314855875833, 153, 47, 1004, 200]",11.837316417694073,25.055555555555554,100,2,98.0
eval_at,"[0.10198789974070872, 1.3170731707317074, 118, 33, 1039, 151]",13.59792195320129,25.055555555555554,100,2,98.5
eval_at,"[0.07173725151253241, 0.7184035476718404, 83, 18, 1074, 101]",16.664485721588136,25.055555555555554,100,2,99.0
eval_at,"[0.03025064822817632, 0.5188470066518848, 35, 13, 1122, 48]",21.879710445403973,25.055555555555554,100,2,99.5
eval_at,"[0.41745894554883317, 46.13747228381375, 483, 1156, 674, 1639]",0.06192919611930847,25.055555555555554,100,3,50.0
eval_at,"[0.4226447709593777, 45.85809312638581, 489, 1149, 668, 1638]",0.08503244750201697,25.055555555555554,100,3,50.5
eval_at,"[0.42523768366465, 45.97782705099779, 492, 1152, 665, 1644]",0.10433312207460424,25.055555555555554,100,3,51.0
eval_at,"[0.42955920484010374, 45.77827050997783, 497, 1147, 660, 1644]",0.12295501764863731,25.055555555555554,100,3,51.5
eval_at,"[0.42955920484010374, 46.17738359201774, 497, 1157, 660, 1654]",0.14554523944854736,25.055555555555554,100,3,52.0
eval_at,"[0.4278305963699222, 45.81818181818182, 495, 1148, 662, 1643]",0.1670934807509184,25.055555555555554,100,3,52.5
eval_at,"[0.42955920484010374, 45.65853658536586, 497, 1144, 660, 1641]",0.18946746826171879,25.055555555555554,100,3,53.0
eval_at,"[0.428694900605013, 46.21729490022173, 496, 1158, 661, 1654]",0.2111095718294382,25.055555555555554,100,3,53.5
eval_at,"[0.43042350907519444, 46.13747228381375, 498, 1156, 659, 1654]",0.2328815665841105,25.055555555555554,100,3,54.0
eval_at,"[0.43215211754537597, 46.09756097560976, 500, 1155, 657, 1655]",0.2554160372912884,25.055555555555554,100,3,54.5
eval_at,"[0.43215211754537597, 45.85809312638581, 500, 1149, 657, 1649]",0.27907906472682964,25.055555555555554,100,3,55.0
eval_at,"[0.43560933448573896, 45.85809312638581, 504, 1149, 653, 1653]",0.2994989001750948,25.055555555555554,100,3,55.5
eval_at,"[0.43820224719101125, 45.53880266075388, 507, 1141, 650, 1648]",0.32192758798599247,25.055555555555554,100,3,56.0
eval_at,"[0.43820224719101125, 45.37915742793792, 507, 1137, 650, 1644]",0.3433807051181789,25.055555555555554,100,3,56.5
eval_at,"[0.4373379429559205, 45.05986696230599, 506, 1129, 651, 1635]",0.3669753122329711,25.055555555555554,100,3,57.0
eval_at,"[0.43560933448573896, 45.019955654102, 504, 1128, 653, 1632]",0.3918901547789574,25.055555555555554,100,3,57.5
eval_at,"[0.43560933448573896, 44.86031042128604, 504, 1124, 653, 1628]",0.41486683487892123,25.055555555555554,100,3,58.0
eval_at,"[0.4373379429559205, 44.46119733924613, 506, 1114, 651, 1620]",0.43893104106187814,25.055555555555554,100,3,58.5
eval_at,"[0.439066551426102, 44.34146341463415, 508, 1111, 649, 1619]",0.4645895364880561,25.055555555555554,100,3,59.0
eval_at,"[0.43560933448573896, 44.34146341463415, 504, 1111, 653, 1615]",0.48759260267019267,25.055555555555554,100,3,59.5
eval_at,"[0.439066551426102, 44.18181818181819, 508, 1107, 649, 1615]",0.5100926756858821,25.055555555555554,100,3,60.0
eval_at,"[0.4407951598962835, 43.94235033259424, 510, 1101, 647, 1611]",0.5338631984591484,25.055555555555554,100,3,60.5
eval_at,"[0.44511668107173724, 44.02217294900222, 515, 1103, 642, 1618]",0.5602447271347046,25.055555555555554,100,3,61.0
eval_at,"[0.44857389801210024, 43.94235033259424, 519, 1101, 638, 1620]",0.5863028290867803,25.055555555555554,100,3,61.5
eval_at,"[0.45030250648228176, 43.463414634146346, 521, 1089, 636, 1610]",0.6114638376235964,25.055555555555554,100,3,62.0
eval_at,"[0.4546240276577355, 43.024390243902445, 526, 1078, 631, 1604]",0.6408297792077065,25.055555555555554,100,3,62.5
eval_at,"[0.45635263612791704, 43.024390243902445, 528, 1078, 629, 1606]",0.6665383106470107,25.055555555555554,100,3,63.0
eval_at,"[0.4580812445980985, 43.383592017738366, 530, 1087, 627, 1617]",0.6931654298305517,25.055555555555554,100,3,63.5
eval_at,"[0.4580812445980985, 43.064301552106436, 530, 1079, 627, 1609]",0.716026554107666,25.055555555555554,100,3,64.0
eval_at,"[0.4606741573033708, 43.024390243902445, 533, 1078, 624, 1611]",0.7398053839802742,25.055555555555554,100,3,64.5
eval_at,"[0.4606741573033708, 42.465631929046566, 533, 1064, 624, 1597]",0.7648566991090776,25.055555555555554,100,3,65.0
eval_at,"[0.4606741573033708, 42.345898004434595, 533, 1061, 624, 1594]",0.7970202746987346,25.055555555555554,100,3,65.5
eval_at,"[0.46326707000864303, 41.906873614190694, 536, 1050, 621, 1586]",0.8274812948703766,25.055555555555554,100,3,66.0
eval_at,"[0.46240276577355227, 41.427937915742795, 535, 1038, 622, 1573]",0.8544428527355196,25.055555555555554,100,3,66.5
eval_at,"[0.46326707000864303, 40.789356984478935, 536, 1022, 621, 1558]",0.8860970544815069,25.055555555555554,100,3,67.0
eval_at,"[0.4606741573033708, 40.43015521064302, 533, 1013, 624, 1546]",0.9168724954128266,25.055555555555554,100,3,67.5
eval_at,"[0.46240276577355227, 40.0709534368071, 535, 1004, 622, 1539]",0.9469897532463079,25.055555555555554,100,3,68.0
eval_at,"[0.46326707000864303, 39.83148558758315, 536, 998, 621, 1534]",0.9730525553226472,25.055555555555554,100,3,68.5
eval_at,"[0.4658599827139153, 39.312638580931264, 539, 985, 618, 1524]",1.0063563728332519,25.055555555555554,100,3,69.0
eval_at,"[0.4658599827139153, 38.67405764966741, 539, 969, 618, 1508]",1.0411415606737136,25.055555555555554,100,3,69.5
eval_at,"[0.4675885911840968, 37.91574279379158, 541, 950, 616, 1491]",1.0669339895248413,25.055555555555554,100,3,70.0
eval_at,"[0.46845289541918755, 37.11751662971175, 542, 930, 615, 1472]",1.0994399243593216,25.055555555555554,100,3,70.5
eval_at,"[0.4658599827139153, 36.75831485587583, 539, 921, 618, 1460]",1.1339132833480834,25.055555555555554,100,3,71.0
eval_at,"[0.4580812445980985, 35.96008869179601, 530, 901, 627, 1431]",1.1683045887947083,25.055555555555554,100,3,71.5
eval_at,"[0.46326707000864303, 35.24168514412417, 536, 883, 621, 1419]",1.201447548866272,25.055555555555554,100,3,72.0
eval_at,"[0.46240276577355227, 34.52328159645233, 535, 865, 622, 1400]",1.232213661074638,25.055555555555554,100,3,72.5
eval_at,"[0.4641313742437338, 33.72505543237251, 537, 845, 620, 1382]",1.2662822973728178,25.055555555555554,100,3,73.0
eval_at,"[0.46153846153846156, 33.286031042128606, 534, 834, 623, 1368]",1.304079293012619,25.055555555555554,100,3,73.5
eval_at,"[0.46240276577355227, 32.807095343680714, 535, 822, 622, 1357]",1.3479688000679018,25.055555555555554,100,3,74.0
eval_at,"[0.46326707000864303, 32.447893569844794, 536, 813, 621, 1349]",1.3878207325935352,25.055555555555554,100,3,74.5
eval_at,"[0.4658599827139153, 31.849223946784925, 539, 798, 618, 1337]",1.4337886571884155,25.055555555555554,100,3,75.0
eval_at,"[0.46672428694900603, 31.170731707317074, 540, 781, 617, 1321]",1.4740976446866998,25.055555555555554,100,3,75.5
eval_at,"[0.46499567847882456, 30.412416851441243, 538, 762, 619, 1300]",1.5235003042221058,25.055555555555554,100,3,76.0
eval_at,"[0.46240276577355227, 29.93348115299335, 535, 750, 622, 1285]",1.565368483066559,25.055555555555554,100,3,76.5
eval_at,"[0.4606741573033708, 29.454545454545457, 533, 738, 624, 1271]",1.6129464423656472,25.055555555555554,100,3,77.0
eval_at,"[0.46153846153846156, 28.776053215077606, 534, 721, 623, 1255]",1.6670242279767984,25.055555555555554,100,3,77.5
eval_at,"[0.46326707000864303, 28.13747228381375, 536, 705, 621, 1241]",1.7185764741897593,25.055555555555554,100,3,78.0
eval_at,"[0.45980985306828004, 27.41906873614191, 532, 687, 625, 1219]",1.770783640146256,25.055555555555554,100,3,78.5
eval_at,"[0.4546240276577355, 26.580931263858094, 526, 666, 631, 1192]",1.831781319379806,25.055555555555554,100,3,79.0
eval_at,"[0.4511668107173725, 25.942350332594238, 522, 650, 635, 1172]",1.889961794018746,25.055555555555554,100,3,79.5
eval_at,"[0.44770959377700953, 25.303769401330378, 518, 634, 639, 1152]",1.9483522891998297,25.055555555555554,100,3,80.0
eval_at,"[0.45030250648228176, 24.62527716186253, 521, 617, 636, 1138]",2.015882430076599,25.055555555555554,100,3,80.5
eval_at,"[0.44857389801210024, 23.90687361419069, 519, 599, 638, 1118]",2.0865271377563483,25.055555555555554,100,3,81.0
eval_at,"[0.44857389801210024, 23.028824833702885, 519, 577, 638, 1096]",2.1508542585372923,25.055555555555554,100,3,81.5
eval_at,"[0.44511668107173724, 22.54988913525499, 515, 565, 642, 1080]",2.222432312965393,25.055555555555554,100,3,82.0
eval_at,"[0.44165946413137425, 21.75166297117517, 511, 545, 646, 1056]",2.306737226247786,25.055555555555554,100,3,82.5
eval_at,"[0.4364736387208297, 21.152993348115302, 505, 530, 652, 1035]",2.3843584394454953,25.055555555555554,100,3,83.0
eval_at,"[0.4312878133102852, 20.235033259423506, 499, 507, 658, 1006]",2.4728406417369846,25.055555555555554,100,3,83.5
eval_at,"[0.4278305963699222, 19.875831485587586, 495, 498, 662, 993]",2.555980930328368,25.055555555555554,100,3,84.0
eval_at,"[0.4226447709593777, 19.07760532150776, 489, 478, 668, 967]",2.646849073171615,25.055555555555554,100,3,84.5
eval_at,"[0.4191875540190147, 18.31929046563193, 485, 459, 672, 944]",2.733322501182557,25.055555555555554,100,3,85.0
eval_at,"[0.4131374243733794, 17.121951219512198, 478, 429, 679, 907]",2.8355075109004955,25.055555555555554,100,3,85.5
eval_at,"[0.4079515989628349, 16.603104212860313, 472, 416, 685, 888]",2.944537487030029,25.055555555555554,100,3,86.0
eval_at,"[0.40881590319792566, 16.004434589800443, 473, 401, 684, 874]",3.062436175346378,25.055555555555554,100,3,86.5
eval_at,"[0.4070872947277442, 15.166297117516631, 471, 380, 686, 851]",3.173081943988799,25.055555555555554,100,3,87.0
eval_at,"[0.40190146931719967, 14.647450110864746, 465, 367, 692, 832]",3.2884576618671417,25.055555555555554,100,3,87.5
eval_at,"[0.39671564390665515, 13.849223946784923, 459, 347, 698, 806]",3.43206621170044,25.055555555555554,100,3,88.0
eval_at,"[0.38807260155574763, 13.290465631929047, 449, 333, 708, 782]",3.5757029747962945,25.055555555555554,100,3,88.5
eval_at,"[0.3811581676750216, 12.731707317073171, 441, 319, 716, 760]",3.731991322040558,25.055555555555554,100,3,89.0
eval_at,"[0.3742437337942956, 12.492239467849226, 433, 313, 724, 746]",3.8765029180049915,25.055555555555554,100,3,89.5
eval_at,"[0.3612791702679343, 11.893569844789358, 418, 298, 739, 716]",4.044860363006591,25.055555555555554,100,3,90.0
eval_at,"[0.35177182368193605, 11.29490022172949, 407, 283, 750, 690]",4.221194257736208,25.055555555555554,100,3,90.5
eval_at,"[0.33967156439066554, 10.496674057649669, 393, 263, 764, 656]",4.410771379470827,25.055555555555554,100,3,91.0
eval_at,"[0.3232497839239412, 9.85809312638581, 374, 247, 783, 621]",4.618261375427246,25.055555555555554,100,3,91.5
eval_at,"[0.31201382886776147, 9.019955654101997, 361, 226, 796, 587]",4.851910343170167,25.055555555555554,100,3,92.0
eval_at,"[0.3016421780466724, 8.541019955654102, 349, 214, 808, 563]",5.105978715419772,25.055555555555554,100,3,92.5
eval_at,"[0.2895419187554019, 7.902439024390245, 335, 198, 822, 533]",5.370359554290771,25.055555555555554,100,3,93.0
eval_at,"[0.2748487467588591, 6.745011086474501, 318, 169, 839, 487]",5.71934842586518,25.055555555555554,100,3,93.5
eval_at,"[0.25842696629213485, 6.226164079822617, 299, 156, 858, 455]",6.0962427043914795,25.055555555555554,100,3,94.0
eval_at,"[0.25237683664649957, 5.507760532150776, 292, 138, 865, 430]",6.536876151561738,25.055555555555554,100,3,94.5
eval_at,"[0.23249783923941228, 5.028824833702883, 269, 126, 888, 395]",7.03709094524383,25.055555555555554,100,3,95.0
eval_at,"[0.21780466724286948, 4.5099778270509985, 252, 113, 905, 365]",7.599615364074704,25.055555555555554,100,3,95.5
eval_at,"[0.1979256698357822, 3.87139689578714, 229, 97, 928, 326]",8.317604446411138,25.055555555555554,100,3,96.0
eval_at,"[0.17891097666378566, 3.312638580931264, 207, 83, 950, 290]",9.118752365112297,25.055555555555554,100,3,96.5
eval_at,"[0.1581676750216076, 2.7139689578713972, 183, 68, 974, 251]",10.052867889404292,25.055555555555554,100,3,97.0
eval_at,"[0.1348314606741573, 2.1951219512195124, 156, 55, 1001, 211]",11.639144897460943,25.055555555555554,100,3,97.5
eval_at,"[0.10803802938634399, 1.9157427937915745, 125, 48, 1032, 173]",13.603133811950674,25.055555555555554,100,3,98.0
eval_at,"[0.08210890233362143, 1.436807095343681, 95, 36, 1062, 131]",16.284150543212892,25.055555555555554,100,3,98.5
eval_at,"[0.058772687986171135, 1.0376940133037695, 68, 26, 1089, 94]",20.70901147842415,25.055555555555554,100,3,99.0
eval_at,"[0.03197925669835782, 0.4390243902439025, 37, 11, 1120, 48]",31.799377212524362,25.055555555555554,100,3,99.5
eval_at,"[0.4814174589455488, 45.09977827050998, 557, 1130, 600, 1687]",0.0752413235604763,25.055555555555554,100,4,50.0
eval_at,"[0.4822817631806396, 45.17960088691796, 558, 1132, 599, 1690]",0.09782035585492838,25.055555555555554,100,4,50.5
eval_at,"[0.48314606741573035, 45.17960088691796, 559, 1132, 598, 1691]",0.12002931930124773,25.055555555555554,100,4,51.0
eval_at,"[0.4840103716508211, 45.09977827050998, 560, 1130, 597, 1690]",0.14118951611220842,25.055555555555554,100,4,51.5
eval_at,"[0.4840103716508211, 45.4589800443459, 560, 1139, 597, 1699]",0.16333653330802897,25.055555555555554,100,4,52.0
eval_at,"[0.4848746758859118, 45.85809312638581, 561, 1149, 596, 1710]",0.1866052202880386,25.055555555555554,100,4,52.5
eval_at,"[0.4891961970613656, 46.01773835920178, 566, 1153, 591, 1719]",0.20792359918355943,25.055555555555554,100,4,53.0
eval_at,"[0.49006050129645634, 45.29933481152994, 567, 1135, 590, 1702]",0.22973169580101968,25.055555555555554,100,4,53.5
eval_at,"[0.4909248055315471, 45.37915742793792, 568, 1137, 589, 1705]",0.2538849347829822,25.055555555555554,100,4,54.0
eval_at,"[0.4909248055315471, 45.29933481152994, 568, 1135, 589, 1703]",0.27412951543927194,25.055555555555554,100,4,54.5
eval_at,"[0.4891961970613656, 44.98004434589801, 566, 1127, 591, 1693]",0.29448885768651967,25.055555555555554,100,4,55.0
eval_at,"[0.49178910976663787, 44.94013303769402, 569, 1126, 588, 1695]",0.31647121474146844,25.055555555555554,100,4,55.5
eval_at,"[0.49178910976663787, 44.78048780487805, 569, 1122, 588, 1691]",0.33590370416641235,25.055555555555554,100,4,56.0
eval_at,"[0.49178910976663787, 44.30155210643016, 569, 1110, 588, 1679]",0.35802888363599766,25.055555555555554,100,4,56.5
eval_at,"[0.4909248055315471, 44.22172949002218, 568, 1108, 589, 1676]",0.38130491733551025,25.055555555555554,100,4,57.0
eval_at,"[0.49006050129645634, 44.50110864745012, 567, 1115, 590, 1682]",0.40572265684604636,25.055555555555554,100,4,57.5
eval_at,"[0.48833189282627487, 44.42128603104213, 565, 1113, 592, 1678]",0.4299159324169158,25.055555555555554,100,4,58.0
eval_at,"[0.48833189282627487, 44.54101995565411, 565, 1116, 592, 1681]",0.4538985605537887,25.055555555555554,100,4,58.5
eval_at,"[0.48660328435609335, 44.18181818181819, 563, 1107, 594, 1670]",0.47391746789216993,25.055555555555554,100,4,59.0
eval_at,"[0.48660328435609335, 44.06208425720621, 563, 1104, 594, 1667]",0.4966483798623085,25.055555555555554,100,4,59.5
eval_at,"[0.4874675885911841, 43.6629711751663, 564, 1094, 593, 1658]",0.5153393983840943,25.055555555555554,100,4,60.0
eval_at,"[0.48833189282627487, 43.26385809312639, 565, 1084, 592, 1649]",0.5404009529948235,25.055555555555554,100,4,60.5
eval_at,"[0.48833189282627487, 43.064301552106436, 565, 1079, 592, 1644]",0.5672612988948822,25.055555555555554,100,4,61.0
eval_at,"[0.4857389801210026, 42.94456762749446, 562, 1076, 595, 1638]",0.5928843849897384,25.055555555555554,100,4,61.5
eval_at,"[0.4840103716508211, 42.784922394678496, 560, 1072, 597, 1632]",0.6145981919765473,25.055555555555554,100,4,62.0
eval_at,"[0.4857389801210026, 42.465631929046566, 562, 1064, 595, 1626]",0.6409497559070587,25.055555555555554,100,4,62.5
eval_at,"[0.4848746758859118, 42.345898004434595, 561, 1061, 596, 1622]",0.6683508640527726,25.055555555555554,100,4,63.0
eval_at,"[0.48660328435609335, 42.266075388026614, 563, 1059, 594, 1622]",0.6976900041103365,25.055555555555554,100,4,63.5
eval_at,"[0.4891961970613656, 41.627494456762754, 566, 1043, 591, 1609]",0.7254006433486939,25.055555555555554,100,4,64.0
eval_at,"[0.48660328435609335, 41.268292682926834, 563, 1034, 594, 1597]",0.754000750184059,25.055555555555554,100,4,64.5
eval_at,"[0.48833189282627487, 40.589800443458984, 565, 1017, 592, 1582]",0.7834332644939422,25.055555555555554,100,4,65.0
eval_at,"[0.4891961970613656, 40.0709534368071, 566, 1004, 591, 1570]",0.8094594433903696,25.055555555555554,100,4,65.5
eval_at,"[0.4874675885911841, 39.87139689578714, 564, 999, 593, 1563]",0.8346689403057098,25.055555555555554,100,4,66.0
eval_at,"[0.49006050129645634, 39.671840354767184, 567, 994, 590, 1561]",0.8631448984146123,25.055555555555554,100,4,66.5
eval_at,"[0.49006050129645634, 39.43237250554324, 567, 988, 590, 1555]",0.8920993602275856,25.055555555555554,100,4,67.0
eval_at,"[0.4909248055315471, 38.83370288248337, 568, 973, 589, 1541]",0.9225583851337433,25.055555555555554,100,4,67.5
eval_at,"[0.49006050129645634, 38.51441241685144, 567, 965, 590, 1532]",0.953549611568451,25.055555555555554,100,4,68.0
eval_at,"[0.48660328435609335, 37.99556541019956, 563, 952, 594, 1515]",0.9854387289285664,25.055555555555554,100,4,68.5
eval_at,"[0.4857389801210026, 37.43680709534368, 562, 938, 595, 1500]",1.016691300868988,25.055555555555554,100,4,69.0
eval_at,"[0.48660328435609335, 37.3569844789357, 563, 936, 594, 1499]",1.0436144000291816,25.055555555555554,100,4,69.5
eval_at,"[0.48660328435609335, 36.83813747228382, 563, 923, 594, 1486]",1.0764801263809203,25.055555555555554,100,4,70.0
eval_at,"[0.4857389801210026, 36.39911308203991, 562, 912, 595, 1474]",1.1072263020277022,25.055555555555554,100,4,70.5
eval_at,"[0.48314606741573035, 36.11973392461198, 559, 905, 598, 1464]",1.1422627913951873,25.055555555555554,100,4,71.0
eval_at,"[0.4840103716508211, 35.64079822616408, 560, 893, 597, 1453]",1.1741944688558579,25.055555555555554,100,4,71.5
eval_at,"[0.48314606741573035, 35.32150776053216, 559, 885, 598, 1444]",1.2102183628082273,25.055555555555554,100,4,72.0
eval_at,"[0.4848746758859118, 35.04212860310422, 561, 878, 596, 1439]",1.2438920885324474,25.055555555555554,100,4,72.5
eval_at,"[0.48314606741573035, 34.283813747228386, 559, 859, 598, 1418]",1.2769488489627832,25.055555555555554,100,4,73.0
eval_at,"[0.4814174589455488, 33.80487804878049, 557, 847, 600, 1404]",1.3153603136539458,25.055555555555554,100,4,73.5
eval_at,"[0.4822817631806396, 33.325942350332596, 558, 835, 599, 1393]",1.3534818601608285,25.055555555555554,100,4,74.0
eval_at,"[0.4788245462402766, 32.966740576496676, 554, 826, 603, 1380]",1.3905285608768456,25.055555555555554,100,4,74.5
eval_at,"[0.47796024200518583, 32.687361419068736, 553, 819, 604, 1372]",1.4335085153579712,25.055555555555554,100,4,75.0
eval_at,"[0.47536732929991354, 32.447893569844794, 550, 813, 607, 1363]",1.478615480065346,25.055555555555554,100,4,75.5
eval_at,"[0.4727744165946413, 31.64966740576497, 547, 793, 610, 1340]",1.5211352634429929,25.055555555555554,100,4,76.0
eval_at,"[0.4736387208297321, 31.130820399113084, 548, 780, 609, 1328]",1.5652310520410537,25.055555555555554,100,4,76.5
eval_at,"[0.47709593777009507, 30.372505543237253, 552, 761, 605, 1313]",1.6074284374713905,25.055555555555554,100,4,77.0
eval_at,"[0.47796024200518583, 29.773835920177387, 553, 746, 604, 1299]",1.653254449367523,25.055555555555554,100,4,77.5
eval_at,"[0.4736387208297321, 28.8159645232816, 548, 722, 609, 1270]",1.7040459966659547,25.055555555555554,100,4,78.0
eval_at,"[0.4727744165946413, 27.698447893569845, 547, 694, 610, 1241]",1.750941820740701,25.055555555555554,100,4,78.5
eval_at,"[0.4701815038893691, 27.339246119733925, 544, 685, 613, 1229]",1.8027496802806848,25.055555555555554,100,4,79.0
eval_at,"[0.46845289541918755, 26.461197339246123, 542, 663, 615, 1205]",1.8632975429296494,25.055555555555554,100,4,79.5
eval_at,"[0.4606741573033708, 25.782705099778273, 533, 646, 624, 1179]",1.9238731861114502,25.055555555555554,100,4,80.0
eval_at,"[0.4580812445980985, 25.423503325942352, 530, 637, 627, 1167]",1.983008050918579,25.055555555555554,100,4,80.5
eval_at,"[0.4554883318928263, 24.3059866962306, 527, 609, 630, 1136]",2.0498923945426943,25.055555555555554,100,4,81.0
eval_at,"[0.4520311149524633, 23.787139689578716, 523, 596, 634, 1119]",2.120588387250898,25.055555555555554,100,4,81.5
eval_at,"[0.445980985306828, 23.028824833702885, 516, 577, 641, 1093]",2.191095852851868,25.055555555555554,100,4,82.0
eval_at,"[0.44511668107173724, 22.43015521064302, 515, 562, 642, 1077]",2.25711712837219,25.055555555555554,100,4,82.5
eval_at,"[0.442523768366465, 22.230598669623063, 512, 557, 645, 1069]",2.3357912421226494,25.055555555555554,100,4,83.0
eval_at,"[0.44165946413137425, 21.79157427937916, 511, 546, 646, 1057]",2.416300488710404,25.055555555555554,100,4,83.5
eval_at,"[0.4347450302506482, 20.713968957871398, 503, 519, 654, 1022]",2.496871223449705,25.055555555555554,100,4,84.0
eval_at,"[0.43042350907519444, 20.155210643015522, 498, 505, 659, 1003]",2.586149536371231,25.055555555555554,100,4,84.5
eval_at,"[0.42523768366465, 19.636363636363637, 492, 492, 665, 984]",2.675999212265016,25.055555555555554,100,4,85.0
eval_at,"[0.4209161624891962, 18.95787139689579, 487, 475, 670, 962]",2.7738578045368163,25.055555555555554,100,4,85.5
eval_at,"[0.41486603284356094, 18.159645232815965, 480, 455, 677, 935]",2.876203145980835,25.055555555555554,100,4,86.0
eval_at,"[0.4105445116681072, 17.321507760532153, 475, 434, 682, 909]",2.9699063694477084,25.055555555555554,100,4,86.5
eval_at,"[0.4062229904926534, 16.363636363636363, 470, 410, 687, 880]",3.0838447213172895,25.055555555555554,100,4,87.0
eval_at,"[0.39671564390665515, 15.286031042128604, 459, 383, 698, 842]",3.1954961717128754,25.055555555555554,100,4,87.5
eval_at,"[0.39671564390665515, 14.647450110864746, 459, 367, 698, 826]",3.3299995326995853,25.055555555555554,100,4,88.0
eval_at,"[0.39066551426101986, 14.44789356984479, 452, 362, 705, 814]",3.4603800177574144,25.055555555555554,100,4,88.5
eval_at,"[0.3837510803802939, 13.809312638580932, 444, 346, 713, 790]",3.5927310752868653,25.055555555555554,100,4,89.0
eval_at,"[0.3811581676750216, 13.170731707317074, 441, 330, 716, 771]",3.7484688282012963,25.055555555555554,100,4,89.5
eval_at,"[0.36992221261884184, 12.532150776053216, 428, 314, 729, 742]",3.9266798257827737,25.055555555555554,100,4,90.0
eval_at,"[0.3621434745030251, 11.773835920177385, 419, 295, 738, 714]",4.107213382720948,25.055555555555554,100,4,90.5
eval_at,"[0.3543647363872083, 11.095343680709535, 410, 278, 747, 688]",4.301234388351444,25.055555555555554,100,4,91.0
eval_at,"[0.341400172860847, 10.376940133037694, 395, 260, 762, 655]",4.51396382331848,25.055555555555554,100,4,91.5
eval_at,"[0.3292999135695765, 9.778270509977828, 381, 245, 776, 626]",4.691572952270508,25.055555555555554,100,4,92.0
eval_at,"[0.32152117545375974, 9.059866962305987, 372, 227, 785, 599]",4.95859379768373,25.055555555555554,100,4,92.5
eval_at,"[0.3059636992221262, 8.461197339246121, 354, 212, 803, 566]",5.205435037612915,25.055555555555554,100,4,93.0
eval_at,"[0.2999135695764909, 7.902439024390245, 347, 198, 810, 545]",5.5237167263031015,25.055555555555554,100,4,93.5
eval_at,"[0.2912705272255834, 7.06430155210643, 337, 177, 820, 514]",5.854430398941035,25.055555555555554,100,4,94.0
eval_at,"[0.2696629213483146, 6.505543237250555, 312, 163, 845, 475]",6.209349284172059,25.055555555555554,100,4,94.5
eval_at,"[0.25583405358686256, 5.747228381374724, 296, 144, 861, 440]",6.61615097522735,25.055555555555554,100,4,95.0
eval_at,"[0.2428694900605013, 4.988913525498892, 281, 125, 876, 406]",7.085857427120205,25.055555555555554,100,4,95.5
eval_at,"[0.22212618841832324, 4.070953436807096, 257, 102, 900, 359]",7.6290502166748055,25.055555555555554,100,4,96.0
eval_at,"[0.19878997407087295, 3.312638580931264, 230, 83, 927, 313]",8.21617742538452,25.055555555555554,100,4,96.5
eval_at,"[0.1780466724286949, 3.1130820399113084, 206, 78, 951, 284]",9.150575389862054,25.055555555555554,100,4,97.0
eval_at,"[0.15384615384615385, 2.47450110864745, 178, 62, 979, 240]",10.143316650390625,25.055555555555554,100,4,97.5
eval_at,"[0.12273120138288678, 1.8359201773835923, 142, 46, 1015, 188]",11.542841606140135,25.055555555555554,100,4,98.0
eval_at,"[0.09507346585998272, 1.5565410199556542, 110, 39, 1047, 149]",13.579531526565537,25.055555555555554,100,4,98.5
eval_at,"[0.06050129645635264, 0.9977827050997784, 70, 25, 1087, 95]",16.801072444915814,25.055555555555554,100,4,99.0
eval_at,"[0.03111495246326707, 0.39911308203991136, 36, 10, 1121, 46]",25.036098957061558,25.055555555555554,100,4,99.5
eval_at,"[0.4727744165946413, 46.57649667405765, 547, 1167, 610, 1714]",0.08228937536478043,25.055555555555554,300,0,50.0
eval_at,"[0.47796024200518583, 46.57649667405765, 553, 1167, 604, 1720]",0.10052997220307586,25.055555555555554,300,0,50.5
eval_at,"[0.48055315471045806, 46.57649667405765, 556, 1167, 601, 1723]",0.11912850350141531,25.055555555555554,300,0,51.0
eval_at,"[0.48314606741573035, 46.21729490022173, 559, 1158, 598, 1717]",0.1418572021275759,25.055555555555554,300,0,51.5
eval_at,"[0.4840103716508211, 46.29711751662972, 560, 1160, 597, 1720]",0.16568556785583485,25.055555555555554,300,0,52.0
eval_at,"[0.4840103716508211, 46.29711751662972, 560, 1160, 597, 1720]",0.18516147397458554,25.055555555555554,300,0,52.5
eval_at,"[0.4891961970613656, 46.8159645232816, 566, 1173, 591, 1739]",0.20784718200564417,25.055555555555554,300,0,53.0
eval_at,"[0.4909248055315471, 46.69623059866963, 568, 1170, 589, 1738]",0.23355404689908027,25.055555555555554,300,0,53.5
eval_at,"[0.49351771823681934, 46.57649667405765, 571, 1167, 586, 1738]",0.25460040092468267,25.055555555555554,300,0,54.0
eval_at,"[0.49265341400172863, 46.45676274944568, 570, 1164, 587, 1734]",0.27850015521049526,25.055555555555554,300,0,54.5
eval_at,"[0.49265341400172863, 46.17738359201774, 570, 1157, 587, 1727]",0.3022251680493355,25.055555555555554,300,0,55.0
eval_at,"[0.4961106309420916, 46.3769401330377, 574, 1162, 583, 1736]",0.32291972637176547,25.055555555555554,300,0,55.5
eval_at,"[0.4961106309420916, 45.9379157427938, 574, 1151, 583, 1725]",0.3443240535259249,25.055555555555554,300,0,56.0
eval_at,"[0.4978392394122731, 45.73835920177384, 576, 1146, 581, 1722]",0.3647325734794139,25.055555555555554,300,0,56.5
eval_at,"[0.4978392394122731, 45.65853658536586, 576, 1144, 581, 1720]",0.3873238724470138,25.055555555555554,300,0,57.0
eval_at,"[0.5004321521175453, 45.33924611973393, 579, 1136, 578, 1715]",0.41046731323003766,25.055555555555554,300,0,57.5
eval_at,"[0.5021607605877269, 45.37915742793792, 581, 1137, 576, 1718]",0.4332928270101546,25.055555555555554,300,0,58.0
eval_at,"[0.5004321521175453, 45.29933481152994, 579, 1135, 578, 1714]",0.4560415107011795,25.055555555555554,300,0,58.5
eval_at,"[0.5021607605877269, 44.98004434589801, 581, 1127, 576, 1708]",0.48075758904218674,25.055555555555554,300,0,59.0
eval_at,"[0.5056179775280899, 44.26164079822617, 585, 1109, 572, 1694]",0.5049147275090217,25.055555555555554,300,0,59.5
eval_at,"[0.5056179775280899, 43.98226164079823, 585, 1102, 572, 1687]",0.5303510189056395,25.055555555555554,300,0,60.0
eval_at,"[0.5056179775280899, 43.6629711751663, 585, 1094, 572, 1679]",0.5551995146274566,25.055555555555554,300,0,60.5
eval_at,"[0.5064822817631807, 43.6629711751663, 586, 1094, 571, 1680]",0.5809037590026855,25.055555555555554,300,0,61.0
eval_at,"[0.5073465859982714, 43.6629711751663, 587, 1094, 570, 1681]",0.6072750222682951,25.055555555555554,300,0,61.5
eval_at,"[0.5082108902333622, 43.383592017738366, 588, 1087, 569, 1675]",0.6357867479324345,25.055555555555554,300,0,62.0
eval_at,"[0.5099394987035436, 42.86474501108648, 590, 1074, 567, 1664]",0.6638898178935051,25.055555555555554,300,0,62.5
eval_at,"[0.5108038029386344, 42.58536585365854, 591, 1067, 566, 1658]",0.6908562678098678,25.055555555555554,300,0,63.0
eval_at,"[0.5082108902333622, 42.026607538802665, 588, 1053, 569, 1641]",0.7178135642409326,25.055555555555554,300,0,63.5
eval_at,"[0.5108038029386344, 41.946784922394684, 591, 1051, 566, 1642]",0.7460084581375123,25.055555555555554,300,0,64.0
eval_at,"[0.5125324114088159, 41.467849223946786, 593, 1039, 564, 1632]",0.7755079486966133,25.055555555555554,300,0,64.5
eval_at,"[0.5116681071737251, 41.148558758314856, 592, 1031, 565, 1623]",0.8050333797931671,25.055555555555554,300,0,65.0
eval_at,"[0.5090751944684528, 40.589800443458984, 589, 1017, 568, 1606]",0.8338740438222886,25.055555555555554,300,0,65.5
eval_at,"[0.5073465859982714, 40.350332594235034, 587, 1011, 570, 1598]",0.8658510267734527,25.055555555555554,300,0,66.0
eval_at,"[0.5073465859982714, 40.0709534368071, 587, 1004, 570, 1591]",0.8994147861003877,25.055555555555554,300,0,66.5
eval_at,"[0.5073465859982714, 39.39246119733925, 587, 987, 570, 1574]",0.9295715689659122,25.055555555555554,300,0,67.0
eval_at,"[0.5099394987035436, 38.91352549889135, 590, 975, 567, 1565]",0.9625457003712656,25.055555555555554,300,0,67.5
eval_at,"[0.5090751944684528, 38.2749445676275, 589, 959, 568, 1548]",0.9923876523971558,25.055555555555554,300,0,68.0
eval_at,"[0.5116681071737251, 38.07538802660754, 592, 954, 565, 1546]",1.0281777876615528,25.055555555555554,300,0,68.5
eval_at,"[0.5142610198789974, 38.03547671840355, 595, 953, 562, 1548]",1.0650004386901852,25.055555555555554,300,0,69.0
eval_at,"[0.5133967156439067, 37.83592017738359, 594, 948, 563, 1542]",1.09825078010559,25.055555555555554,300,0,69.5
eval_at,"[0.5133967156439067, 37.43680709534368, 594, 938, 563, 1532]",1.1295095562934871,25.055555555555554,300,0,70.0
eval_at,"[0.5151253241140882, 36.95787139689579, 596, 926, 561, 1522]",1.1664077186584472,25.055555555555554,300,0,70.5
eval_at,"[0.5159896283491789, 36.39911308203991, 597, 912, 560, 1509]",1.2066169440746304,25.055555555555554,300,0,71.0
eval_at,"[0.5142610198789974, 35.80044345898005, 595, 897, 562, 1492]",1.2446639615297317,25.055555555555554,300,0,71.5
eval_at,"[0.5133967156439067, 35.40133037694014, 594, 887, 563, 1481]",1.2847250652313231,25.055555555555554,300,0,72.0
eval_at,"[0.5108038029386344, 34.84257206208426, 591, 873, 566, 1464]",1.3232304006814952,25.055555555555554,300,0,72.5
eval_at,"[0.5099394987035436, 34.52328159645233, 590, 865, 567, 1455]",1.3640628552436824,25.055555555555554,300,0,73.0
eval_at,"[0.5090751944684528, 34.08425720620843, 589, 854, 568, 1443]",1.4029632425308225,25.055555555555554,300,0,73.5
eval_at,"[0.5056179775280899, 33.325942350332596, 585, 835, 572, 1420]",1.4414820098876957,25.055555555555554,300,0,74.0
eval_at,"[0.5073465859982714, 32.767184035476724, 587, 821, 570, 1408]",1.483053089380264,25.055555555555554,300,0,74.5
eval_at,"[0.5090751944684528, 31.92904656319291, 589, 800, 568, 1389]",1.5284695625305176,25.055555555555554,300,0,75.0
eval_at,"[0.5082108902333622, 31.410199556541023, 588, 787, 569, 1375]",1.5719771373271947,25.055555555555554,300,0,75.5
eval_at,"[0.5073465859982714, 30.93126385809313, 587, 775, 570, 1362]",1.615347018241882,25.055555555555554,300,0,76.0
eval_at,"[0.5047536732929991, 30.452328159645234, 584, 763, 573, 1347]",1.6649644339084626,25.055555555555554,300,0,76.5
eval_at,"[0.5056179775280899, 30.053215077605323, 585, 753, 572, 1338]",1.7113925993442536,25.055555555555554,300,0,77.0
eval_at,"[0.5012964563526361, 29.374722838137476, 580, 736, 577, 1316]",1.7630199104547497,25.055555555555554,300,0,77.5
eval_at,"[0.49870354364736386, 28.975609756097562, 577, 726, 580, 1303]",1.816650633811951,25.055555555555554,300,0,78.0
eval_at,"[0.4995678478824546, 28.21729490022173, 578, 707, 579, 1285]",1.8688389682769775,25.055555555555554,300,0,78.5
eval_at,"[0.49524632670700086, 27.41906873614191, 573, 687, 584, 1260]",1.9172754061222075,25.055555555555554,300,0,79.0
eval_at,"[0.49006050129645634, 26.820399113082043, 567, 672, 590, 1239]",1.9710071295499805,25.055555555555554,300,0,79.5
eval_at,"[0.49178910976663787, 25.942350332594238, 569, 650, 588, 1219]",2.0322141647338903,25.055555555555554,300,0,80.0
eval_at,"[0.4891961970613656, 25.34368070953437, 566, 635, 591, 1201]",2.0923709547519684,25.055555555555554,300,0,80.5
eval_at,"[0.4874675885911841, 24.26607538802661, 564, 608, 593, 1172]",2.162971854209901,25.055555555555554,300,0,81.0
eval_at,"[0.4840103716508211, 23.58758314855876, 560, 591, 597, 1151]",2.2307424759864776,25.055555555555554,300,0,81.5
eval_at,"[0.48055315471045806, 22.709534368070955, 556, 569, 601, 1125]",2.303139190673828,25.055555555555554,300,0,82.0
eval_at,"[0.47796024200518583, 21.991130820399114, 553, 551, 604, 1104]",2.3734693646430967,25.055555555555554,300,0,82.5
eval_at,"[0.4736387208297321, 21.11308203991131, 548, 529, 609, 1077]",2.448582129478454,25.055555555555554,300,0,83.0
eval_at,"[0.47536732929991354, 20.713968957871398, 550, 519, 607, 1069]",2.5213577795028694,25.055555555555554,300,0,83.5
eval_at,"[0.47191011235955055, 20.07538802660754, 546, 503, 611, 1049]",2.610176858901975,25.055555555555554,300,0,84.0
eval_at,"[0.4693171996542783, 19.31707317073171, 543, 484, 614, 1027]",2.690935899019241,25.055555555555554,300,0,84.5
eval_at,"[0.46153846153846156, 18.67849223946785, 534, 468, 623, 1002]",2.775314819812775,25.055555555555554,300,0,85.0
eval_at,"[0.4554883318928263, 17.800443458980045, 527, 446, 630, 973]",2.867143867015838,25.055555555555554,300,0,85.5
eval_at,"[0.449438202247191, 17.042128603104214, 520, 427, 637, 947]",2.969913835525513,25.055555555555554,300,0,86.0
eval_at,"[0.4399308556611927, 16.363636363636363, 509, 410, 648, 919]",3.074438329935076,25.055555555555554,300,0,86.5
eval_at,"[0.43215211754537597, 15.565410199556542, 500, 390, 657, 890]",3.1950171875953663,25.055555555555554,300,0,87.0
eval_at,"[0.42523768366465, 14.886917960088693, 492, 373, 665, 865]",3.3107535541057587,25.055555555555554,300,0,87.5
eval_at,"[0.4191875540190147, 14.12860310421286, 485, 354, 672, 839]",3.4661957359313997,25.055555555555554,300,0,88.0
eval_at,"[0.40535868625756266, 13.290465631929047, 469, 333, 688, 802]",3.6033197796344756,25.055555555555554,300,0,88.5
eval_at,"[0.40190146931719967, 12.572062084257206, 465, 315, 692, 780]",3.7584227991104133,25.055555555555554,300,0,89.0
eval_at,"[0.39325842696629215, 11.813747228381375, 455, 296, 702, 751]",3.9132278120517774,25.055555555555554,300,0,89.5
eval_at,"[0.3828867761452031, 11.015521064301552, 443, 276, 714, 719]",4.1136785507202145,25.055555555555554,300,0,90.0
eval_at,"[0.3716508210890233, 10.496674057649669, 430, 263, 727, 693]",4.311170477867127,25.055555555555554,300,0,90.5
eval_at,"[0.36041486603284356, 10.017738359201775, 417, 251, 740, 668]",4.522565841674808,25.055555555555554,300,0,91.0
eval_at,"[0.3526361279170268, 8.900221729490022, 408, 223, 749, 631]",4.749696238040922,25.055555555555554,300,0,91.5
eval_at,"[0.34226447709593777, 8.101995565410201, 396, 203, 761, 599]",4.992398338317876,25.055555555555554,300,0,92.0
eval_at,"[0.33189282627484873, 7.144124168514413, 384, 179, 773, 563]",5.2955930948257475,25.055555555555554,300,0,92.5
eval_at,"[0.3076923076923077, 6.745011086474501, 356, 169, 801, 525]",5.652973856925964,25.055555555555554,300,0,93.0
eval_at,"[0.29213483146067415, 6.1862527716186255, 338, 155, 819, 493]",6.032290699481967,25.055555555555554,300,0,93.5
eval_at,"[0.2791702679343129, 5.747228381374724, 323, 144, 834, 467]",6.443104524612425,25.055555555555554,300,0,94.0
eval_at,"[0.26534140017286084, 5.188470066518847, 307, 130, 850, 437]",6.9891449332237245,25.055555555555554,300,0,94.5
eval_at,"[0.2480553154710458, 4.709534368070954, 287, 118, 870, 405]",7.514029264450063,25.055555555555554,300,0,95.0
eval_at,"[0.23076923076923078, 4.070953436807096, 267, 102, 890, 369]",8.087803540229787,25.055555555555554,300,0,95.5
eval_at,"[0.21866897147796024, 3.4722838137472287, 253, 87, 904, 340]",8.759808044433596,25.055555555555554,300,0,96.0
eval_at,"[0.19360414866032843, 3.0332594235033263, 224, 76, 933, 300]",9.566622939109791,25.055555555555554,300,0,96.5
eval_at,"[0.17113223854796888, 2.434589800443459, 198, 61, 959, 259]",10.436659002304074,25.055555555555554,300,0,97.0
eval_at,"[0.1495246326707001, 1.9157427937915745, 173, 48, 984, 221]",11.744475173950196,25.055555555555554,300,0,97.5
eval_at,"[0.11927398444252377, 1.436807095343681, 138, 36, 1019, 174]",13.492519378662108,25.055555555555554,300,0,98.0
eval_at,"[0.09766637856525497, 1.237250554323725, 113, 31, 1044, 144]",15.727189531326292,25.055555555555554,300,0,98.5
eval_at,"[0.06136560069144339, 0.9977827050997784, 71, 25, 1086, 96]",19.468654403686536,25.055555555555554,300,0,99.0
eval_at,"[0.029386343993085567, 0.6385809312638582, 34, 16, 1123, 50]",28.11404190063458,25.055555555555554,300,0,99.5
eval_at,"[0.4520311149524633, 42.86474501108648, 523, 1074, 634, 1597]",0.0833604596555233,25.055555555555554,300,1,50.0
eval_at,"[0.4520311149524633, 43.144124168514416, 523, 1081, 634, 1604]",0.10438234530389288,25.055555555555554,300,1,50.5
eval_at,"[0.4546240276577355, 43.18403547671841, 526, 1082, 631, 1608]",0.12608691200613983,25.055555555555554,300,1,51.0
eval_at,"[0.45721694036300775, 43.463414634146346, 529, 1089, 628, 1618]",0.14990992292761804,25.055555555555554,300,1,51.5
eval_at,"[0.45721694036300775, 43.26385809312639, 529, 1084, 628, 1613]",0.17131725072860707,25.055555555555554,300,1,52.0
eval_at,"[0.45635263612791704, 43.30376940133038, 528, 1085, 629, 1613]",0.19457156732678416,25.055555555555554,300,1,52.5
eval_at,"[0.45980985306828004, 43.383592017738366, 532, 1087, 625, 1619]",0.21696602791547775,25.055555555555554,300,1,53.0
eval_at,"[0.46326707000864303, 43.34368070953437, 536, 1086, 621, 1622]",0.24023381531238558,25.055555555555554,300,1,53.5
eval_at,"[0.4658599827139153, 43.064301552106436, 539, 1079, 618, 1618]",0.2663132494688036,25.055555555555554,300,1,54.0
eval_at,"[0.4710458081244598, 43.2239467849224, 545, 1083, 612, 1628]",0.2880863943696022,25.055555555555554,300,1,54.5
eval_at,"[0.47450302506482284, 43.2239467849224, 549, 1083, 608, 1632]",0.3094431579113007,25.055555555555554,300,1,55.0
eval_at,"[0.47709593777009507, 42.90465631929047, 552, 1075, 605, 1627]",0.3318354193866253,25.055555555555554,300,1,55.5
eval_at,"[0.4788245462402766, 43.104212860310426, 554, 1080, 603, 1634]",0.3535225248336795,25.055555555555554,300,1,56.0
eval_at,"[0.4788245462402766, 43.18403547671841, 554, 1082, 603, 1636]",0.37457085967063897,25.055555555555554,300,1,56.5
eval_at,"[0.4857389801210026, 43.104212860310426, 562, 1080, 595, 1642]",0.39942576348781555,25.055555555555554,300,1,57.0
eval_at,"[0.48833189282627487, 43.104212860310426, 565, 1080, 592, 1645]",0.42092121466994276,25.055555555555554,300,1,57.5
eval_at,"[0.4909248055315471, 42.98447893569845, 568, 1077, 589, 1645]",0.44873289167881003,25.055555555555554,300,1,58.0
eval_at,"[0.4943820224719101, 42.90465631929047, 572, 1075, 585, 1647]",0.4706165441870689,25.055555555555554,300,1,58.5
eval_at,"[0.4978392394122731, 42.784922394678496, 576, 1072, 581, 1648]",0.49286223739385604,25.055555555555554,300,1,59.0
eval_at,"[0.4995678478824546, 43.144124168514416, 578, 1081, 579, 1659]",0.5188205930590629,25.055555555555554,300,1,59.5
eval_at,"[0.5030250648228176, 43.104212860310426, 582, 1080, 575, 1662]",0.5429427385330199,25.055555555555554,300,1,60.0
eval_at,"[0.5056179775280899, 42.784922394678496, 585, 1072, 572, 1657]",0.5650713974237442,25.055555555555554,300,1,60.5
eval_at,"[0.5056179775280899, 42.385809312638585, 585, 1062, 572, 1647]",0.5911857104301452,25.055555555555554,300,1,61.0
eval_at,"[0.5082108902333622, 42.705099778270515, 588, 1070, 569, 1658]",0.6151418629288672,25.055555555555554,300,1,61.5
eval_at,"[0.5099394987035436, 42.146341463414636, 590, 1056, 567, 1646]",0.6405328965187074,25.055555555555554,300,1,62.0
eval_at,"[0.5125324114088159, 41.587583148558764, 593, 1042, 564, 1635]",0.6667725443840027,25.055555555555554,300,1,62.5
eval_at,"[0.5177182368193605, 41.268292682926834, 599, 1034, 558, 1633]",0.6926950228214263,25.055555555555554,300,1,63.0
eval_at,"[0.5185825410544511, 41.068736141906875, 600, 1029, 557, 1629]",0.7194825446605684,25.055555555555554,300,1,63.5
eval_at,"[0.5194468452895419, 40.86917960088692, 601, 1024, 556, 1625]",0.7426554965972901,25.055555555555554,300,1,64.0
eval_at,"[0.5185825410544511, 40.988913525498894, 600, 1027, 557, 1627]",0.7708212682604789,25.055555555555554,300,1,64.5
eval_at,"[0.5220397579948142, 40.589800443458984, 604, 1017, 553, 1621]",0.7980012178421021,25.055555555555554,300,1,65.0
eval_at,"[0.5254969749351772, 40.589800443458984, 608, 1017, 549, 1625]",0.8246267929673196,25.055555555555554,300,1,65.5
eval_at,"[0.5254969749351772, 39.991130820399114, 608, 1002, 549, 1610]",0.8539126121997833,25.055555555555554,300,1,66.0
eval_at,"[0.5254969749351772, 39.27272727272727, 608, 984, 549, 1592]",0.8815370309352877,25.055555555555554,300,1,66.5
eval_at,"[0.5254969749351772, 39.27272727272727, 608, 984, 549, 1592]",0.9097123432159424,25.055555555555554,300,1,67.0
eval_at,"[0.5280898876404494, 39.03325942350333, 611, 978, 546, 1589]",0.9358212143182759,25.055555555555554,300,1,67.5
eval_at,"[0.5237683664649957, 38.7139689578714, 606, 970, 551, 1576]",0.9652953791618353,25.055555555555554,300,1,68.0
eval_at,"[0.526361279170268, 38.47450110864745, 609, 964, 548, 1573]",0.9953105717897421,25.055555555555554,300,1,68.5
eval_at,"[0.5280898876404494, 38.39467849223947, 611, 962, 546, 1573]",1.0255241465568539,25.055555555555554,300,1,69.0
eval_at,"[0.5280898876404494, 38.07538802660754, 611, 954, 546, 1565]",1.053468683958053,25.055555555555554,300,1,69.5
eval_at,"[0.5272255834053586, 37.71618625277162, 610, 945, 547, 1555]",1.0841532468795776,25.055555555555554,300,1,70.0
eval_at,"[0.5272255834053586, 37.27716186252772, 610, 934, 547, 1544]",1.1169424569606778,25.055555555555554,300,1,70.5
eval_at,"[0.5272255834053586, 36.23946784922395, 610, 908, 547, 1518]",1.1490851831436155,25.055555555555554,300,1,71.0
eval_at,"[0.5229040622299049, 35.72062084257207, 605, 895, 552, 1500]",1.1813799571990966,25.055555555555554,300,1,71.5
eval_at,"[0.5203111495246326, 34.72283813747229, 602, 870, 555, 1472]",1.2150241088867186,25.055555555555554,300,1,72.0
eval_at,"[0.5220397579948142, 34.48337028824834, 604, 864, 553, 1468]",1.2522262036800378,25.055555555555554,300,1,72.5
eval_at,"[0.5229040622299049, 33.36585365853659, 605, 836, 552, 1441]",1.2854572391510009,25.055555555555554,300,1,73.0
eval_at,"[0.5254969749351772, 33.08647450110865, 608, 829, 549, 1437]",1.3204920721054076,25.055555555555554,300,1,73.5
eval_at,"[0.5237683664649957, 32.527716186252775, 606, 815, 551, 1421]",1.3560109806060794,25.055555555555554,300,1,74.0
eval_at,"[0.526361279170268, 31.9689578713969, 609, 801, 548, 1410]",1.3963558894395824,25.055555555555554,300,1,74.5
eval_at,"[0.5194468452895419, 31.490022172949004, 601, 789, 556, 1390]",1.436461478471756,25.055555555555554,300,1,75.0
eval_at,"[0.5194468452895419, 30.97117516629712, 601, 776, 556, 1377]",1.4761160987615587,25.055555555555554,300,1,75.5
eval_at,"[0.5185825410544511, 30.172949002217297, 600, 756, 557, 1356]",1.5155924797058098,25.055555555555554,300,1,76.0
eval_at,"[0.5177182368193605, 29.534368070953438, 599, 740, 558, 1339]",1.5673270934820176,25.055555555555554,300,1,76.5
eval_at,"[0.5177182368193605, 28.416851441241686, 599, 712, 558, 1311]",1.6113954293727881,25.055555555555554,300,1,77.0
eval_at,"[0.5159896283491789, 27.618625277161865, 597, 692, 560, 1289]",1.654366821050644,25.055555555555554,300,1,77.5
eval_at,"[0.5125324114088159, 26.860310421286034, 593, 673, 564, 1266]",1.6969639158248906,25.055555555555554,300,1,78.0
eval_at,"[0.5099394987035436, 25.902439024390247, 590, 649, 567, 1239]",1.7512617897987384,25.055555555555554,300,1,78.5
eval_at,"[0.5090751944684528, 25.064301552106432, 589, 628, 568, 1217]",1.8046916806697841,25.055555555555554,300,1,79.0
eval_at,"[0.5090751944684528, 24.585365853658537, 589, 616, 568, 1205]",1.8666416996717468,25.055555555555554,300,1,79.5
eval_at,"[0.5073465859982714, 23.866962305986696, 587, 598, 570, 1185]",1.9241999626159683,25.055555555555554,300,1,80.0
eval_at,"[0.5073465859982714, 23.30820399113082, 587, 584, 570, 1171]",1.9834966027736665,25.055555555555554,300,1,80.5
eval_at,"[0.5056179775280899, 22.86917960088692, 585, 573, 572, 1158]",2.049876403808594,25.055555555555554,300,1,81.0
eval_at,"[0.5021607605877269, 22.031042128603104, 581, 552, 576, 1133]",2.121537506580352,25.055555555555554,300,1,81.5
eval_at,"[0.4969749351771824, 21.272727272727273, 575, 533, 582, 1108]",2.19406964302063,25.055555555555554,300,1,82.0
eval_at,"[0.49351771823681934, 20.753880266075388, 571, 520, 586, 1091]",2.276346081495284,25.055555555555554,300,1,82.5
eval_at,"[0.48660328435609335, 19.875831485587586, 563, 498, 594, 1061]",2.347484600543976,25.055555555555554,300,1,83.0
eval_at,"[0.4874675885911841, 19.47671840354767, 564, 488, 593, 1052]",2.4204015266895293,25.055555555555554,300,1,83.5
eval_at,"[0.4848746758859118, 18.838137472283815, 561, 472, 596, 1033]",2.5052321338653547,25.055555555555554,300,1,84.0
eval_at,"[0.4822817631806396, 18.0, 558, 451, 599, 1009]",2.603496334552765,25.055555555555554,300,1,84.5
eval_at,"[0.47450302506482284, 16.962305986696233, 549, 425, 608, 974]",2.7034592032432583,25.055555555555554,300,1,85.0
eval_at,"[0.46845289541918755, 16.363636363636363, 542, 410, 615, 952]",2.7980152368545532,25.055555555555554,300,1,85.5
eval_at,"[0.46499567847882456, 15.884700665188472, 538, 398, 619, 936]",2.909965100288391,25.055555555555554,300,1,86.0
eval_at,"[0.4580812445980985, 15.086474501108649, 530, 378, 627, 908]",3.0304970633983617,25.055555555555554,300,1,86.5
eval_at,"[0.4589455488331893, 14.288248337028826, 531, 358, 626, 889]",3.152754430770874,25.055555555555554,300,1,87.0
eval_at,"[0.45375972342264476, 13.72949002217295, 525, 344, 632, 869]",3.291423797607422,25.055555555555554,300,1,87.5
eval_at,"[0.44511668107173724, 13.529933481152995, 515, 339, 642, 854]",3.419145402908328,25.055555555555554,300,1,88.0
eval_at,"[0.43560933448573896, 13.050997782705101, 504, 327, 653, 831]",3.561685903072356,25.055555555555554,300,1,88.5
eval_at,"[0.4226447709593777, 12.053215077605323, 489, 302, 668, 791]",3.7302336096763615,25.055555555555554,300,1,89.0
eval_at,"[0.4096802074330164, 11.374722838137473, 474, 285, 683, 759]",3.901267685890198,25.055555555555554,300,1,89.5
eval_at,"[0.39671564390665515, 10.815964523281597, 459, 271, 698, 730]",4.101065921783446,25.055555555555554,300,1,90.0
eval_at,"[0.38461538461538464, 10.337028824833704, 445, 259, 712, 704]",4.314653396606446,25.055555555555554,300,1,90.5
eval_at,"[0.37683664649956783, 9.618625277161863, 436, 241, 721, 677]",4.528219966888431,25.055555555555554,300,1,91.0
eval_at,"[0.3630077787381158, 8.900221729490022, 420, 223, 737, 643]",4.758756921291351,25.055555555555554,300,1,91.5
eval_at,"[0.3509075194468453, 8.062084257206209, 406, 202, 751, 608]",5.014727725982666,25.055555555555554,300,1,92.0
eval_at,"[0.3362143474503025, 7.623059866962307, 389, 191, 768, 580]",5.328509366512299,25.055555555555554,300,1,92.5
eval_at,"[0.3232497839239412, 6.745011086474501, 374, 169, 783, 543]",5.637104291915893,25.055555555555554,300,1,93.0
eval_at,"[0.30855661192739847, 6.3458980044345905, 357, 159, 800, 516]",6.020932614803317,25.055555555555554,300,1,93.5
eval_at,"[0.2904062229904927, 5.62749445676275, 336, 141, 821, 477]",6.410952405929561,25.055555555555554,300,1,94.0
eval_at,"[0.27657735522904064, 5.228381374722838, 320, 131, 837, 451]",6.850467989444734,25.055555555555554,300,1,94.5
eval_at,"[0.26793431287813313, 4.669623059866963, 310, 117, 847, 427]",7.409641432762138,25.055555555555554,300,1,95.0
eval_at,"[0.2480553154710458, 3.911308203991131, 287, 98, 870, 385]",7.956357927322375,25.055555555555554,300,1,95.5
eval_at,"[0.222990492653414, 3.4722838137472287, 258, 87, 899, 345]",8.676112823486331,25.055555555555554,300,1,96.0
eval_at,"[0.1996542783059637, 2.953436807095344, 231, 74, 926, 305]",9.467307882308953,25.055555555555554,300,1,96.5
eval_at,"[0.18063958513396716, 2.434589800443459, 209, 61, 948, 270]",10.37105584144592,25.055555555555554,300,1,97.0
eval_at,"[0.1529818496110631, 2.035476718403548, 177, 51, 980, 228]",11.70378983020784,25.055555555555554,300,1,97.5
eval_at,"[0.12445980985306827, 1.7161862527716187, 144, 43, 1013, 187]",13.214133491516089,25.055555555555554,300,1,98.0
eval_at,"[0.09766637856525497, 1.3968957871396896, 113, 35, 1044, 148]",14.973977527618404,25.055555555555554,300,1,98.5
eval_at,"[0.06309420916162489, 0.9977827050997784, 73, 25, 1084, 98]",17.78627449035645,25.055555555555554,300,1,99.0
eval_at,"[0.029386343993085567, 0.6385809312638582, 34, 16, 1123, 50]",24.75524884223928,25.055555555555554,300,1,99.5
eval_at,"[0.47191011235955055, 48.6119733924612, 546, 1218, 611, 1764]",0.08182059973478317,25.055555555555554,300,2,50.0
eval_at,"[0.4727744165946413, 48.6119733924612, 547, 1218, 610, 1765]",0.10260420233011243,25.055555555555554,300,2,50.5
eval_at,"[0.47796024200518583, 48.811529933481154, 553, 1223, 604, 1776]",0.12306751608848587,25.055555555555554,300,2,51.0
eval_at,"[0.4814174589455488, 48.6119733924612, 557, 1218, 600, 1775]",0.14082474142313003,25.055555555555554,300,2,51.5
eval_at,"[0.4840103716508211, 48.21286031042129, 560, 1208, 597, 1768]",0.1623417830467224,25.055555555555554,300,2,52.0
eval_at,"[0.4891961970613656, 48.41241685144124, 566, 1213, 591, 1779]",0.18399970047175893,25.055555555555554,300,2,52.5
eval_at,"[0.49265341400172863, 48.29268292682927, 570, 1210, 587, 1780]",0.2051621270179749,25.055555555555554,300,2,53.0
eval_at,"[0.4961106309420916, 48.69179600886918, 574, 1220, 583, 1794]",0.22879040285944938,25.055555555555554,300,2,53.5
eval_at,"[0.4978392394122731, 48.811529933481154, 576, 1223, 581, 1799]",0.24862822920084038,25.055555555555554,300,2,54.0
eval_at,"[0.5004321521175453, 48.65188470066519, 579, 1219, 578, 1798]",0.27099504172801975,25.055555555555554,300,2,54.5
eval_at,"[0.5030250648228176, 48.6119733924612, 582, 1218, 575, 1800]",0.29315315485000615,25.055555555555554,300,2,55.0
eval_at,"[0.5030250648228176, 48.53215077605322, 582, 1216, 575, 1798]",0.3183222794532776,25.055555555555554,300,2,55.5
eval_at,"[0.5038893690579084, 49.09090909090909, 583, 1230, 574, 1813]",0.3421073627471925,25.055555555555554,300,2,56.0
eval_at,"[0.5038893690579084, 48.97117516629712, 583, 1227, 574, 1810]",0.3647675189375877,25.055555555555554,300,2,56.5
eval_at,"[0.5038893690579084, 48.85144124168515, 583, 1224, 574, 1807]",0.3868745189905166,25.055555555555554,300,2,57.0
eval_at,"[0.5064822817631807, 48.37250554323725, 586, 1212, 571, 1798]",0.4070993222296238,25.055555555555554,300,2,57.5
eval_at,"[0.5099394987035436, 47.93348115299335, 590, 1201, 567, 1791]",0.42877798318862864,25.055555555555554,300,2,58.0
eval_at,"[0.5108038029386344, 47.61419068736142, 591, 1193, 566, 1784]",0.4540935094654559,25.055555555555554,300,2,58.5
eval_at,"[0.5099394987035436, 47.17516629711752, 590, 1182, 567, 1772]",0.4783128598332405,25.055555555555554,300,2,59.0
eval_at,"[0.5082108902333622, 46.73614190687362, 588, 1171, 569, 1759]",0.504671187698841,25.055555555555554,300,2,59.5
eval_at,"[0.5090751944684528, 46.69623059866963, 589, 1170, 568, 1759]",0.5287949204444885,25.055555555555554,300,2,60.0
eval_at,"[0.5116681071737251, 46.73614190687362, 592, 1171, 565, 1763]",0.5507790052890777,25.055555555555554,300,2,60.5
eval_at,"[0.5125324114088159, 46.73614190687362, 593, 1171, 564, 1764]",0.5759049397706985,25.055555555555554,300,2,61.0
eval_at,"[0.5090751944684528, 46.33702882483371, 589, 1161, 568, 1750]",0.5979898175597188,25.055555555555554,300,2,61.5
eval_at,"[0.5108038029386344, 46.05764966740577, 591, 1154, 566, 1745]",0.6213242876529694,25.055555555555554,300,2,62.0
eval_at,"[0.5142610198789974, 45.37915742793792, 595, 1137, 562, 1732]",0.6474231705069542,25.055555555555554,300,2,62.5
eval_at,"[0.5142610198789974, 44.94013303769402, 595, 1126, 562, 1721]",0.6732918554544448,25.055555555555554,300,2,63.0
eval_at,"[0.5125324114088159, 44.78048780487805, 593, 1122, 564, 1715]",0.7014575242996216,25.055555555555554,300,2,63.5
eval_at,"[0.5142610198789974, 44.86031042128604, 595, 1124, 562, 1719]",0.7295225334167481,25.055555555555554,300,2,64.0
eval_at,"[0.5133967156439067, 44.46119733924613, 594, 1114, 563, 1708]",0.7583906063437462,25.055555555555554,300,2,64.5
eval_at,"[0.5168539325842697, 44.101995565410206, 598, 1105, 559, 1703]",0.7858846426010132,25.055555555555554,300,2,65.0
eval_at,"[0.5194468452895419, 43.782705099778276, 601, 1097, 556, 1698]",0.812521232068539,25.055555555555554,300,2,65.5
eval_at,"[0.5177182368193605, 42.98447893569845, 599, 1077, 558, 1676]",0.8404837226867676,25.055555555555554,300,2,66.0
eval_at,"[0.5151253241140882, 42.745011086474506, 596, 1071, 561, 1667]",0.868685454130173,25.055555555555554,300,2,66.5
eval_at,"[0.5151253241140882, 42.86474501108648, 596, 1074, 561, 1670]",0.8957853525877003,25.055555555555554,300,2,67.0
eval_at,"[0.5159896283491789, 42.345898004434595, 597, 1061, 560, 1658]",0.9236375018954277,25.055555555555554,300,2,67.5
eval_at,"[0.5168539325842697, 42.066518847006655, 598, 1054, 559, 1652]",0.9541366934776309,25.055555555555554,300,2,68.0
eval_at,"[0.5168539325842697, 41.467849223946786, 598, 1039, 559, 1637]",0.9810569533705714,25.055555555555554,300,2,68.5
eval_at,"[0.5194468452895419, 40.909090909090914, 601, 1025, 556, 1626]",1.0135008215904235,25.055555555555554,300,2,69.0
eval_at,"[0.5185825410544511, 40.350332594235034, 600, 1011, 557, 1611]",1.0462115222215647,25.055555555555554,300,2,69.5
eval_at,"[0.5177182368193605, 39.55210643015521, 599, 991, 558, 1590]",1.0785618782043456,25.055555555555554,300,2,70.0
eval_at,"[0.5168539325842697, 39.23281596452328, 598, 983, 559, 1581]",1.1157357192039488,25.055555555555554,300,2,70.5
eval_at,"[0.5168539325842697, 38.35476718403548, 598, 961, 559, 1559]",1.148737163543701,25.055555555555554,300,2,71.0
eval_at,"[0.5177182368193605, 38.15521064301552, 599, 956, 558, 1555]",1.180832536816597,25.055555555555554,300,2,71.5
eval_at,"[0.5185825410544511, 37.47671840354767, 600, 939, 557, 1539]",1.2108661031723023,25.055555555555554,300,2,72.0
eval_at,"[0.5185825410544511, 37.47671840354767, 600, 939, 557, 1539]",1.242420536279678,25.055555555555554,300,2,72.5
eval_at,"[0.5177182368193605, 36.95787139689579, 599, 926, 558, 1525]",1.2764542460441588,25.055555555555554,300,2,73.0
eval_at,"[0.5177182368193605, 36.35920177383592, 599, 911, 558, 1510]",1.3165734696388245,25.055555555555554,300,2,73.5
eval_at,"[0.5168539325842697, 35.60088691796009, 598, 892, 559, 1490]",1.3526716780662549,25.055555555555554,300,2,74.0
eval_at,"[0.5185825410544511, 34.603104212860316, 600, 867, 557, 1467]",1.3883338612318037,25.055555555555554,300,2,74.5
eval_at,"[0.5151253241140882, 33.964523281596456, 596, 851, 561, 1447]",1.4304474890232086,25.055555555555554,300,2,75.0
eval_at,"[0.5142610198789974, 33.40576496674058, 595, 837, 562, 1432]",1.4724522292613986,25.055555555555554,300,2,75.5
eval_at,"[0.5133967156439067, 32.847006651884705, 594, 823, 563, 1417]",1.5260202121734618,25.055555555555554,300,2,76.0
eval_at,"[0.5090751944684528, 32.208425720620845, 589, 807, 568, 1396]",1.5715770512819291,25.055555555555554,300,2,76.5
eval_at,"[0.5064822817631807, 31.56984478935699, 586, 791, 571, 1377]",1.6167439830303196,25.055555555555554,300,2,77.0
eval_at,"[0.5038893690579084, 31.25055432372506, 583, 783, 574, 1366]",1.6666416138410562,25.055555555555554,300,2,77.5
eval_at,"[0.5056179775280899, 30.452328159645234, 585, 763, 572, 1348]",1.711959798336029,25.055555555555554,300,2,78.0
eval_at,"[0.5064822817631807, 29.454545454545457, 586, 738, 571, 1324]",1.7631002455949787,25.055555555555554,300,2,78.5
eval_at,"[0.5056179775280899, 28.89578713968958, 585, 724, 572, 1309]",1.8177164709568023,25.055555555555554,300,2,79.0
eval_at,"[0.5012964563526361, 27.898004434589804, 580, 699, 577, 1279]",1.8692143648862842,25.055555555555554,300,2,79.5
eval_at,"[0.5004321521175453, 27.05986696230599, 579, 678, 578, 1257]",1.9282878160476695,25.055555555555554,300,2,80.0
eval_at,"[0.5030250648228176, 26.580931263858094, 582, 666, 575, 1248]",1.9849336051940916,25.055555555555554,300,2,80.5
eval_at,"[0.5047536732929991, 25.982261640798228, 584, 651, 573, 1235]",2.0422536039352437,25.055555555555554,300,2,81.0
eval_at,"[0.5047536732929991, 25.303769401330378, 584, 634, 573, 1218]",2.1140510571002955,25.055555555555554,300,2,81.5
eval_at,"[0.5038893690579084, 24.465631929046566, 583, 613, 574, 1196]",2.1803514194488525,25.055555555555554,300,2,82.0
eval_at,"[0.5047536732929991, 23.827050997782706, 584, 597, 573, 1181]",2.252458477020263,25.055555555555554,300,2,82.5
eval_at,"[0.5030250648228176, 23.028824833702885, 582, 577, 575, 1159]",2.333756802082062,25.055555555555554,300,2,83.0
eval_at,"[0.49870354364736386, 22.230598669623063, 577, 557, 580, 1134]",2.4105168092250837,25.055555555555554,300,2,83.5
eval_at,"[0.49351771823681934, 21.152993348115302, 571, 530, 586, 1101]",2.493514251708983,25.055555555555554,300,2,84.0
eval_at,"[0.48833189282627487, 20.03547671840355, 565, 502, 592, 1067]",2.578869394063948,25.055555555555554,300,2,84.5
eval_at,"[0.4822817631806396, 19.07760532150776, 558, 478, 599, 1036]",2.6692051291465764,25.055555555555554,300,2,85.0
eval_at,"[0.47796024200518583, 18.31929046563193, 553, 459, 604, 1012]",2.756637971401214,25.055555555555554,300,2,85.5
eval_at,"[0.4727744165946413, 17.48115299334812, 547, 438, 610, 985]",2.855738749504089,25.055555555555554,300,2,86.0
eval_at,"[0.46672428694900603, 16.643015521064303, 540, 417, 617, 957]",2.956274158954621,25.055555555555554,300,2,86.5
eval_at,"[0.4554883318928263, 15.525498891352552, 527, 389, 630, 916]",3.0711600065231286,25.055555555555554,300,2,87.0
eval_at,"[0.4511668107173725, 14.807095343680711, 522, 371, 635, 893]",3.1924861073493958,25.055555555555554,300,2,87.5
eval_at,"[0.445980985306828, 14.04878048780488, 516, 352, 641, 868]",3.337087497711182,25.055555555555554,300,2,88.0
eval_at,"[0.43301642178046673, 13.050997782705101, 501, 327, 656, 828]",3.491414941549301,25.055555555555554,300,2,88.5
eval_at,"[0.42350907519446845, 11.97339246119734, 490, 300, 667, 790]",3.6685968899726875,25.055555555555554,300,2,89.0
eval_at,"[0.4261019878997407, 11.494456762749447, 493, 288, 664, 781]",3.8375689065456395,25.055555555555554,300,2,89.5
eval_at,"[0.41486603284356094, 11.055432372505544, 480, 277, 677, 757]",4.027442169189447,25.055555555555554,300,2,90.0
eval_at,"[0.4010371650821089, 9.977827050997783, 464, 250, 693, 714]",4.242793591022492,25.055555555555554,300,2,90.5
eval_at,"[0.3941227312013829, 9.259423503325943, 456, 232, 701, 688]",4.470562543869023,25.055555555555554,300,2,91.0
eval_at,"[0.38202247191011235, 8.78048780487805, 442, 220, 715, 662]",4.735250120162963,25.055555555555554,300,2,91.5
eval_at,"[0.37251512532411407, 8.022172949002218, 431, 201, 726, 632]",4.991160736083986,25.055555555555554,300,2,92.0
eval_at,"[0.3560933448573898, 7.144124168514413, 412, 179, 745, 591]",5.286857616901406,25.055555555555554,300,2,92.5
eval_at,"[0.33362143474503025, 6.385809312638582, 386, 160, 771, 546]",5.6411851167678835,25.055555555555554,300,2,93.0
eval_at,"[0.31892826274848746, 5.827050997782705, 369, 146, 788, 515]",6.028407926559455,25.055555555555554,300,2,93.5
eval_at,"[0.2964563526361279, 5.188470066518847, 343, 130, 814, 473]",6.452115831375122,25.055555555555554,300,2,94.0
eval_at,"[0.2817631806395851, 4.669623059866963, 326, 117, 831, 443]",6.963133063316346,25.055555555555554,300,2,94.5
eval_at,"[0.2636127917026793, 4.270509977827051, 305, 107, 852, 412]",7.588587403297396,25.055555555555554,300,2,95.0
eval_at,"[0.2515125324114088, 3.7117516629711753, 291, 93, 866, 384]",8.245536603927585,25.055555555555554,300,2,95.5
eval_at,"[0.23336214347450301, 3.3525498891352554, 270, 84, 887, 354]",9.094802703857422,25.055555555555554,300,2,96.0
eval_at,"[0.2143474503025065, 2.873614190687362, 248, 72, 909, 320]",9.958708314895619,25.055555555555554,300,2,96.5
eval_at,"[0.18236819360414866, 2.674057649667406, 211, 67, 946, 278]",10.915894165039061,25.055555555555554,300,2,97.0
eval_at,"[0.16248919619706137, 2.035476718403548, 188, 51, 969, 239]",12.288901376724246,25.055555555555554,300,2,97.5
eval_at,"[0.13742437337942956, 1.75609756097561, 159, 44, 998, 203]",13.998843097686713,25.055555555555554,300,2,98.0
eval_at,"[0.09853068280034573, 1.3170731707317074, 114, 33, 1043, 147]",16.069255714416503,25.055555555555554,300,2,98.5
eval_at,"[0.06050129645635264, 0.9578713968957873, 70, 24, 1087, 94]",19.092000293731694,25.055555555555554,300,2,99.0
eval_at,"[0.029386343993085567, 0.5188470066518848, 34, 13, 1123, 47]",27.046431369781175,25.055555555555554,300,2,99.5
eval_at,"[0.4520311149524633, 45.69844789356985, 523, 1145, 634, 1668]",0.07905622571706772,25.055555555555554,300,3,50.0
eval_at,"[0.4520311149524633, 45.61862527716187, 523, 1143, 634, 1666]",0.1021689032390712,25.055555555555554,300,3,50.5
eval_at,"[0.45375972342264476, 46.17738359201774, 525, 1157, 632, 1682]",0.12484945140779025,25.055555555555554,300,3,51.0
eval_at,"[0.4546240276577355, 46.09756097560976, 526, 1155, 631, 1681]",0.14574442453682424,25.055555555555554,300,3,51.5
eval_at,"[0.452895419187554, 46.13747228381375, 524, 1156, 633, 1680]",0.16794658958911893,25.055555555555554,300,3,52.0
eval_at,"[0.452895419187554, 45.97782705099779, 524, 1152, 633, 1676]",0.18808919861912735,25.055555555555554,300,3,52.5
eval_at,"[0.45375972342264476, 45.85809312638581, 525, 1149, 632, 1674]",0.2103218087553981,25.055555555555554,300,3,53.0
eval_at,"[0.45721694036300775, 45.69844789356985, 529, 1145, 628, 1674]",0.23279118090868,25.055555555555554,300,3,53.5
eval_at,"[0.4580812445980985, 45.49889135254989, 530, 1140, 627, 1670]",0.2572422081232081,25.055555555555554,300,3,54.0
eval_at,"[0.46240276577355227, 45.29933481152994, 535, 1135, 622, 1670]",0.2814370547235012,25.055555555555554,300,3,54.5
eval_at,"[0.46326707000864303, 45.41906873614191, 536, 1138, 621, 1674]",0.3018937572836876,25.055555555555554,300,3,55.0
eval_at,"[0.46326707000864303, 45.25942350332595, 536, 1134, 621, 1670]",0.3239230415225032,25.055555555555554,300,3,55.5
eval_at,"[0.46499567847882456, 45.33924611973393, 538, 1136, 619, 1674]",0.3455192828178407,25.055555555555554,300,3,56.0
eval_at,"[0.4658599827139153, 45.17960088691796, 539, 1132, 618, 1671]",0.37298394024372095,25.055555555555554,300,3,56.5
eval_at,"[0.4701815038893691, 45.21951219512196, 544, 1133, 613, 1677]",0.3947772458195684,25.055555555555554,300,3,57.0
eval_at,"[0.46845289541918755, 44.98004434589801, 542, 1127, 615, 1669]",0.4182405844330786,25.055555555555554,300,3,57.5
eval_at,"[0.47191011235955055, 44.50110864745012, 546, 1115, 611, 1661]",0.44111174046993196,25.055555555555554,300,3,58.0
eval_at,"[0.4762316335350043, 44.30155210643016, 551, 1110, 606, 1661]",0.46482389286160436,25.055555555555554,300,3,58.5
eval_at,"[0.47796024200518583, 44.26164079822617, 553, 1109, 604, 1662]",0.490150730907917,25.055555555555554,300,3,59.0
eval_at,"[0.48314606741573035, 44.02217294900222, 559, 1103, 598, 1662]",0.5148621967434883,25.055555555555554,300,3,59.5
eval_at,"[0.48314606741573035, 43.90243902439025, 559, 1100, 598, 1659]",0.5409022092819207,25.055555555555554,300,3,60.0
eval_at,"[0.4857389801210026, 43.82261640798227, 562, 1098, 595, 1660]",0.5646696195006371,25.055555555555554,300,3,60.5
eval_at,"[0.4874675885911841, 44.1419068736142, 564, 1106, 593, 1670]",0.589801201224327,25.055555555555554,300,3,61.0
eval_at,"[0.4909248055315471, 44.101995565410206, 568, 1105, 589, 1673]",0.6139455452561376,25.055555555555554,300,3,61.5
eval_at,"[0.49265341400172863, 43.94235033259424, 570, 1101, 587, 1671]",0.6387275230884553,25.055555555555554,300,3,62.0
eval_at,"[0.49265341400172863, 43.782705099778276, 570, 1097, 587, 1667]",0.6655602753162384,25.055555555555554,300,3,62.5
eval_at,"[0.49265341400172863, 43.423503325942356, 570, 1088, 587, 1658]",0.6917291134595867,25.055555555555554,300,3,63.0
eval_at,"[0.4943820224719101, 43.024390243902445, 572, 1078, 585, 1650]",0.7141608735919002,25.055555555555554,300,3,63.5
eval_at,"[0.4909248055315471, 42.54545454545455, 568, 1066, 589, 1634]",0.7445619106292726,25.055555555555554,300,3,64.0
eval_at,"[0.49351771823681934, 42.146341463414636, 571, 1056, 586, 1627]",0.7708840554952622,25.055555555555554,300,3,64.5
eval_at,"[0.49351771823681934, 41.906873614190694, 571, 1050, 586, 1621]",0.8022777795791628,25.055555555555554,300,3,65.0
eval_at,"[0.49351771823681934, 41.228381374722844, 571, 1033, 586, 1604]",0.831578623354435,25.055555555555554,300,3,65.5
eval_at,"[0.49351771823681934, 40.509977827051, 571, 1015, 586, 1586]",0.8608402085304261,25.055555555555554,300,3,66.0
eval_at,"[0.4969749351771824, 40.0709534368071, 575, 1004, 582, 1579]",0.8912614786624916,25.055555555555554,300,3,66.5
eval_at,"[0.4961106309420916, 39.79157427937916, 574, 997, 583, 1571]",0.9245969909429552,25.055555555555554,300,3,67.0
eval_at,"[0.4961106309420916, 39.71175166297118, 574, 995, 583, 1569]",0.9543747290968896,25.055555555555554,300,3,67.5
eval_at,"[0.49524632670700086, 39.71175166297118, 573, 995, 584, 1568]",0.9815504789352418,25.055555555555554,300,3,68.0
eval_at,"[0.4969749351771824, 39.23281596452328, 575, 983, 582, 1558]",1.0130304157733923,25.055555555555554,300,3,68.5
eval_at,"[0.5012964563526361, 38.51441241685144, 580, 965, 577, 1545]",1.0458641135692597,25.055555555555554,300,3,69.0
eval_at,"[0.5004321521175453, 38.19512195121951, 579, 957, 578, 1536]",1.077892522215843,25.055555555555554,300,3,69.5
eval_at,"[0.49870354364736386, 37.71618625277162, 577, 945, 580, 1522]",1.1106600761413574,25.055555555555554,300,3,70.0
eval_at,"[0.4978392394122731, 37.07760532150776, 576, 929, 581, 1505]",1.1419188719987865,25.055555555555554,300,3,70.5
eval_at,"[0.4978392394122731, 36.23946784922395, 576, 908, 581, 1484]",1.173496879339217,25.055555555555554,300,3,71.0
eval_at,"[0.4969749351771824, 35.40133037694014, 575, 887, 582, 1462]",1.2095374196767807,25.055555555555554,300,3,71.5
eval_at,"[0.4978392394122731, 34.72283813747229, 576, 870, 581, 1446]",1.2448114919662472,25.055555555555554,300,3,72.0
eval_at,"[0.4961106309420916, 34.32372505543238, 574, 860, 583, 1434]",1.2872688680887217,25.055555555555554,300,3,72.5
eval_at,"[0.49524632670700086, 34.00443458980045, 573, 852, 584, 1425]",1.3215577244758598,25.055555555555554,300,3,73.0
eval_at,"[0.4943820224719101, 33.7649667405765, 572, 846, 585, 1418]",1.361645381450653,25.055555555555554,300,3,73.5
eval_at,"[0.49178910976663787, 33.206208425720625, 569, 832, 588, 1401]",1.4034788227081298,25.055555555555554,300,3,74.0
eval_at,"[0.48833189282627487, 32.687361419068736, 565, 819, 592, 1384]",1.442292189002035,25.055555555555554,300,3,74.5
eval_at,"[0.4857389801210026, 32.088691796008874, 562, 804, 595, 1366]",1.4879689812660217,25.055555555555554,300,3,75.0
eval_at,"[0.48833189282627487, 31.29046563192905, 565, 784, 592, 1349]",1.5313253653049475,25.055555555555554,300,3,75.5
eval_at,"[0.4891961970613656, 30.6119733924612, 566, 767, 591, 1333]",1.5781351613998411,25.055555555555554,300,3,76.0
eval_at,"[0.4891961970613656, 30.053215077605323, 566, 753, 591, 1319]",1.6243645948171617,25.055555555555554,300,3,76.5
eval_at,"[0.48833189282627487, 29.135254988913527, 565, 730, 592, 1295]",1.6757095527648929,25.055555555555554,300,3,77.0
eval_at,"[0.4891961970613656, 28.49667405764967, 566, 714, 591, 1280]",1.7266489386558532,25.055555555555554,300,3,77.5
eval_at,"[0.48660328435609335, 27.618625277161865, 563, 692, 594, 1255]",1.7855835080146791,25.055555555555554,300,3,78.0
eval_at,"[0.47968885047536736, 26.66075388026608, 555, 668, 602, 1223]",1.8390421241521837,25.055555555555554,300,3,78.5
eval_at,"[0.47796024200518583, 26.06208425720621, 553, 653, 604, 1206]",1.8917412865161893,25.055555555555554,300,3,79.0
eval_at,"[0.47536732929991354, 25.463414634146343, 550, 638, 607, 1188]",1.9498438656330122,25.055555555555554,300,3,79.5
eval_at,"[0.4736387208297321, 25.144124168514413, 548, 630, 609, 1178]",2.007559776306157,25.055555555555554,300,3,80.0
eval_at,"[0.4736387208297321, 24.745011086474502, 548, 620, 609, 1168]",2.0683792376518246,25.055555555555554,300,3,80.5
eval_at,"[0.4675885911840968, 24.465631929046566, 541, 613, 616, 1154]",2.1356565308570876,25.055555555555554,300,3,81.0
eval_at,"[0.46499567847882456, 24.02660753880266, 538, 602, 619, 1140]",2.2004048919677732,25.055555555555554,300,3,81.5
eval_at,"[0.46326707000864303, 23.427937915742795, 536, 587, 621, 1123]",2.2721455574035647,25.055555555555554,300,3,82.0
eval_at,"[0.4606741573033708, 22.78935698447894, 533, 571, 624, 1104]",2.3412386298179624,25.055555555555554,300,3,82.5
eval_at,"[0.4589455488331893, 21.911308203991133, 531, 549, 626, 1080]",2.4137461328506467,25.055555555555554,300,3,83.0
eval_at,"[0.4511668107173725, 20.993348115299337, 522, 526, 635, 1048]",2.4895349359512333,25.055555555555554,300,3,83.5
eval_at,"[0.4442523768366465, 20.394678492239468, 514, 511, 643, 1025]",2.5670440864562973,25.055555555555554,300,3,84.0
eval_at,"[0.439066551426102, 19.67627494456763, 508, 493, 649, 1001]",2.659183374643325,25.055555555555554,300,3,84.5
eval_at,"[0.4347450302506482, 18.917960088691796, 503, 474, 654, 977]",2.757097518444062,25.055555555555554,300,3,85.0
eval_at,"[0.4278305963699222, 18.039911308203994, 495, 452, 662, 947]",2.846488053798675,25.055555555555554,300,3,85.5
eval_at,"[0.41486603284356094, 17.441241685144124, 480, 437, 677, 917]",2.950542798042297,25.055555555555554,300,3,86.0
eval_at,"[0.4105445116681072, 16.603104212860313, 475, 416, 682, 891]",3.051954092979432,25.055555555555554,300,3,86.5
eval_at,"[0.40190146931719967, 16.124168514412418, 465, 404, 692, 869]",3.178169522285459,25.055555555555554,300,3,87.0
eval_at,"[0.40276577355229043, 15.405764966740577, 466, 386, 691, 852]",3.313465267419815,25.055555555555554,300,3,87.5
eval_at,"[0.3949870354364736, 14.647450110864746, 457, 367, 700, 824]",3.4461129188537596,25.055555555555554,300,3,88.0
eval_at,"[0.38720829732065687, 13.450110864745012, 448, 337, 709, 785]",3.5888523757457707,25.055555555555554,300,3,88.5
eval_at,"[0.37856525496974935, 12.372505543237251, 438, 310, 719, 748]",3.762769927978516,25.055555555555554,300,3,89.0
eval_at,"[0.3716508210890233, 11.694013303769403, 430, 293, 727, 723]",3.942503575086596,25.055555555555554,300,3,89.5
eval_at,"[0.3656006914433881, 11.135254988913527, 423, 279, 734, 702]",4.132466173171995,25.055555555555554,300,3,90.0
eval_at,"[0.3560933448573898, 10.416851441241686, 412, 261, 745, 673]",4.366392590999603,25.055555555555554,300,3,90.5
eval_at,"[0.341400172860847, 9.818181818181818, 395, 246, 762, 641]",4.629699907302858,25.055555555555554,300,3,91.0
eval_at,"[0.33707865168539325, 8.940133037694014, 390, 224, 767, 614]",4.913138530254363,25.055555555555554,300,3,91.5
eval_at,"[0.32152117545375974, 8.062084257206209, 372, 202, 785, 574]",5.191414794921877,25.055555555555554,300,3,92.0
eval_at,"[0.31201382886776147, 7.583148558758316, 361, 190, 796, 551]",5.5408432483673105,25.055555555555554,300,3,92.5
eval_at,"[0.29818496110630943, 6.505543237250555, 345, 163, 812, 508]",5.911865258216857,25.055555555555554,300,3,93.0
eval_at,"[0.28349178910976663, 5.946784922394679, 328, 149, 829, 477]",6.333967337608341,25.055555555555554,300,3,93.5
eval_at,"[0.27052722558340536, 5.507760532150776, 313, 138, 844, 451]",6.828573503494261,25.055555555555554,300,3,94.0
eval_at,"[0.26188418323249785, 5.188470066518847, 303, 130, 854, 433]",7.380393278598786,25.055555555555554,300,3,94.5
eval_at,"[0.2497839239412273, 4.430155210643016, 289, 111, 868, 400]",8.02986245155334,25.055555555555554,300,3,95.0
eval_at,"[0.23768366464995677, 4.070953436807096, 275, 102, 882, 377]",8.685693154335015,25.055555555555554,300,3,95.5
eval_at,"[0.21866897147796024, 3.6718403547671845, 253, 92, 904, 345]",9.494810714721684,25.055555555555554,300,3,96.0
eval_at,"[0.19706136560069146, 3.272727272727273, 228, 82, 929, 310]",10.348303384780857,25.055555555555554,300,3,96.5
eval_at,"[0.1780466724286949, 2.9135254988913526, 206, 73, 951, 279]",11.451007270812989,25.055555555555554,300,3,97.0
eval_at,"[0.15903197925669835, 2.3148558758314857, 184, 58, 973, 242]",12.733054614067091,25.055555555555554,300,3,97.5
eval_at,"[0.12964563526361278, 1.8758314855875833, 150, 47, 1007, 197]",14.162993621826153,25.055555555555554,300,3,98.0
eval_at,"[0.10025929127052723, 1.476718403547672, 116, 37, 1041, 153]",15.871895599365224,25.055555555555554,300,3,98.5
eval_at,"[0.06395851339671564, 1.237250554323725, 74, 31, 1083, 105]",18.847194213867187,25.055555555555554,300,3,99.0
eval_at,"[0.027657735522904063, 0.8381374722838139, 32, 21, 1125, 53]",23.363357715606572,25.055555555555554,300,3,99.5
eval_at,"[0.45375972342264476, 45.9379157427938, 525, 1151, 632, 1676]",0.07829726487398148,25.055555555555554,300,4,50.0
eval_at,"[0.45635263612791704, 45.81818181818182, 528, 1148, 629, 1676]",0.09927950922399753,25.055555555555554,300,4,50.5
eval_at,"[0.4589455488331893, 45.77827050997783, 531, 1147, 626, 1678]",0.12132702179253113,25.055555555555554,300,4,51.0
eval_at,"[0.4554883318928263, 45.69844789356985, 527, 1145, 630, 1672]",0.14414538376033312,25.055555555555554,300,4,51.5
eval_at,"[0.45635263612791704, 45.57871396895788, 528, 1142, 629, 1670]",0.16779875040054315,25.055555555555554,300,4,52.0
eval_at,"[0.4589455488331893, 45.61862527716187, 531, 1143, 626, 1674]",0.1910559032112363,25.055555555555554,300,4,52.5
eval_at,"[0.4589455488331893, 45.57871396895788, 531, 1142, 626, 1673]",0.21419047832489016,25.055555555555554,300,4,53.0
eval_at,"[0.45980985306828004, 45.33924611973393, 532, 1136, 625, 1668]",0.23708515740931035,25.055555555555554,300,4,53.5
eval_at,"[0.4606741573033708, 45.29933481152994, 533, 1135, 624, 1668]",0.2598561567068103,25.055555555555554,300,4,54.0
eval_at,"[0.46499567847882456, 45.33924611973393, 538, 1136, 619, 1674]",0.28181616425514244,25.055555555555554,300,4,54.5
eval_at,"[0.4658599827139153, 45.09977827050998, 539, 1130, 618, 1669]",0.30850517153739937,25.055555555555554,300,4,55.0
eval_at,"[0.4658599827139153, 45.41906873614191, 539, 1138, 618, 1677]",0.333210726082325,25.055555555555554,300,4,55.5
eval_at,"[0.4693171996542783, 45.29933481152994, 543, 1135, 614, 1678]",0.3576796066761021,25.055555555555554,300,4,56.0
eval_at,"[0.4727744165946413, 45.17960088691796, 547, 1132, 610, 1679]",0.37875549599528296,25.055555555555554,300,4,56.5
eval_at,"[0.4727744165946413, 44.90022172949003, 547, 1125, 610, 1672]",0.40274731338024083,25.055555555555554,300,4,57.0
eval_at,"[0.47450302506482284, 44.38137472283814, 549, 1112, 608, 1661]",0.42422616183757783,25.055555555555554,300,4,57.5
eval_at,"[0.4727744165946413, 44.34146341463415, 547, 1111, 610, 1658]",0.44958608508110043,25.055555555555554,300,4,58.0
eval_at,"[0.4727744165946413, 44.06208425720621, 547, 1104, 610, 1651]",0.4763582175970076,25.055555555555554,300,4,58.5
eval_at,"[0.4762316335350043, 44.02217294900222, 551, 1103, 606, 1654]",0.5013300198316574,25.055555555555554,300,4,59.0
eval_at,"[0.4788245462402766, 43.782705099778276, 554, 1097, 603, 1651]",0.5273002713918685,25.055555555555554,300,4,59.5
eval_at,"[0.4788245462402766, 43.54323725055433, 554, 1091, 603, 1645]",0.5528657436370846,25.055555555555554,300,4,60.0
eval_at,"[0.4814174589455488, 43.30376940133038, 557, 1085, 600, 1642]",0.578248505294323,25.055555555555554,300,4,60.5
eval_at,"[0.4814174589455488, 43.144124168514416, 557, 1081, 600, 1638]",0.6047439908981322,25.055555555555554,300,4,61.0
eval_at,"[0.4822817631806396, 42.505543237250556, 558, 1065, 599, 1623]",0.630872713625431,25.055555555555554,300,4,61.5
eval_at,"[0.4848746758859118, 42.066518847006655, 561, 1054, 596, 1615]",0.6590802335739139,25.055555555555554,300,4,62.0
eval_at,"[0.4840103716508211, 41.946784922394684, 560, 1051, 597, 1611]",0.6890032589435577,25.055555555555554,300,4,62.5
eval_at,"[0.4848746758859118, 41.866962305986696, 561, 1049, 596, 1610]",0.714886372089386,25.055555555555554,300,4,63.0
eval_at,"[0.4840103716508211, 41.707317073170735, 560, 1045, 597, 1605]",0.7414777216315269,25.055555555555554,300,4,63.5
eval_at,"[0.4814174589455488, 41.148558758314856, 557, 1031, 600, 1588]",0.7704648685455322,25.055555555555554,300,4,64.0
eval_at,"[0.4822817631806396, 40.47006651884701, 558, 1014, 599, 1572]",0.8003309872746467,25.055555555555554,300,4,64.5
eval_at,"[0.4848746758859118, 40.350332594235034, 561, 1011, 596, 1572]",0.8248944520950319,25.055555555555554,300,4,65.0
eval_at,"[0.48833189282627487, 39.991130820399114, 565, 1002, 592, 1567]",0.8574232131242753,25.055555555555554,300,4,65.5
eval_at,"[0.49265341400172863, 39.75166297117517, 570, 996, 587, 1566]",0.8898426222801209,25.055555555555554,300,4,66.0
eval_at,"[0.4961106309420916, 39.35254988913526, 574, 986, 583, 1560]",0.920426999032499,25.055555555555554,300,4,66.5
eval_at,"[0.4943820224719101, 39.07317073170732, 572, 979, 585, 1551]",0.9506010586023331,25.055555555555554,300,4,67.0
eval_at,"[0.49351771823681934, 38.7139689578714, 571, 970, 586, 1541]",0.9821231633424761,25.055555555555554,300,4,67.5
eval_at,"[0.4969749351771824, 38.07538802660754, 575, 954, 582, 1529]",1.015588579177857,25.055555555555554,300,4,68.0
eval_at,"[0.4969749351771824, 37.83592017738359, 575, 948, 582, 1523]",1.0460945200920113,25.055555555555554,300,4,68.5
eval_at,"[0.4961106309420916, 37.63636363636364, 574, 943, 583, 1517]",1.0747655177116393,25.055555555555554,300,4,69.0
eval_at,"[0.49870354364736386, 37.15742793791575, 577, 931, 580, 1508]",1.109570732116699,25.055555555555554,300,4,69.5
eval_at,"[0.4961106309420916, 36.63858093126386, 574, 918, 583, 1492]",1.143638801574707,25.055555555555554,300,4,70.0
eval_at,"[0.49870354364736386, 36.4789356984479, 577, 914, 580, 1491]",1.1733336466550823,25.055555555555554,300,4,70.5
eval_at,"[0.49870354364736386, 35.68070953436808, 577, 894, 580, 1471]",1.2106352376937861,25.055555555555554,300,4,71.0
eval_at,"[0.49870354364736386, 35.32150776053216, 577, 885, 580, 1462]",1.2448272198438644,25.055555555555554,300,4,71.5
eval_at,"[0.4969749351771824, 35.08203991130821, 575, 879, 582, 1454]",1.2832375049591063,25.055555555555554,300,4,72.0
eval_at,"[0.4978392394122731, 34.32372505543238, 576, 860, 581, 1436]",1.323750704526901,25.055555555555554,300,4,72.5
eval_at,"[0.4943820224719101, 34.16407982261641, 572, 856, 585, 1428]",1.361754754781723,25.055555555555554,300,4,73.0
eval_at,"[0.49351771823681934, 33.645232815964526, 571, 843, 586, 1414]",1.407435653209686,25.055555555555554,300,4,73.5
eval_at,"[0.4969749351771824, 33.36585365853659, 575, 836, 582, 1411]",1.4498782587051395,25.055555555555554,300,4,74.0
eval_at,"[0.49351771823681934, 32.886917960088695, 571, 824, 586, 1395]",1.4896169787645337,25.055555555555554,300,4,74.5
eval_at,"[0.4909248055315471, 32.487804878048784, 568, 814, 589, 1382]",1.5330560803413391,25.055555555555554,300,4,75.0
eval_at,"[0.4909248055315471, 31.849223946784925, 568, 798, 589, 1366]",1.5771625518798835,25.055555555555554,300,4,75.5
eval_at,"[0.48833189282627487, 31.170731707317074, 565, 781, 592, 1346]",1.6224235343933093,25.055555555555554,300,4,76.0
eval_at,"[0.4874675885911841, 30.771618625277164, 564, 771, 593, 1335]",1.6715639573335648,25.055555555555554,300,4,76.5
eval_at,"[0.48055315471045806, 30.212860310421288, 556, 757, 601, 1313]",1.721218856573105,25.055555555555554,300,4,77.0
eval_at,"[0.47968885047536736, 29.454545454545457, 555, 738, 602, 1293]",1.771304470300674,25.055555555555554,300,4,77.5
eval_at,"[0.47796024200518583, 28.975609756097562, 553, 726, 604, 1279]",1.8265699553489685,25.055555555555554,300,4,78.0
eval_at,"[0.4762316335350043, 28.416851441241686, 551, 712, 606, 1263]",1.8761132085323367,25.055555555555554,300,4,78.5
eval_at,"[0.47450302506482284, 27.81818181818182, 549, 697, 608, 1246]",1.9302920293807981,25.055555555555554,300,4,79.0
eval_at,"[0.4736387208297321, 26.860310421286034, 548, 673, 609, 1221]",1.991099910736084,25.055555555555554,300,4,79.5
eval_at,"[0.47191011235955055, 26.34146341463415, 546, 660, 611, 1206]",2.049513959884645,25.055555555555554,300,4,80.0
eval_at,"[0.46845289541918755, 25.623059866962308, 542, 642, 615, 1184]",2.108355127573013,25.055555555555554,300,4,80.5
eval_at,"[0.46845289541918755, 24.545454545454547, 542, 615, 615, 1157]",2.1699580597877506,25.055555555555554,300,4,81.0
eval_at,"[0.46240276577355227, 23.94678492239468, 535, 600, 622, 1135]",2.240046700239181,25.055555555555554,300,4,81.5
eval_at,"[0.45721694036300775, 22.90909090909091, 529, 574, 628, 1103]",2.3125284051895143,25.055555555555554,300,4,82.0
eval_at,"[0.4546240276577355, 22.350332594235034, 526, 560, 631, 1086]",2.3851170241832715,25.055555555555554,300,4,82.5
eval_at,"[0.4520311149524633, 21.512195121951223, 523, 539, 634, 1062]",2.4642616772651658,25.055555555555554,300,4,83.0
eval_at,"[0.4546240276577355, 20.833702882483372, 526, 522, 631, 1048]",2.541373782157898,25.055555555555554,300,4,83.5
eval_at,"[0.44857389801210024, 19.955654101995567, 519, 500, 638, 1019]",2.616266317367552,25.055555555555554,300,4,84.0
eval_at,"[0.4442523768366465, 18.917960088691796, 514, 474, 643, 988]",2.699200835227966,25.055555555555554,300,4,84.5
eval_at,"[0.44165946413137425, 18.039911308203994, 511, 452, 646, 963]",2.781623816490175,25.055555555555554,300,4,85.0
eval_at,"[0.439066551426102, 17.20177383592018, 508, 431, 649, 939]",2.8882922828197466,25.055555555555554,300,4,85.5
eval_at,"[0.43215211754537597, 16.563192904656322, 500, 415, 657, 915]",3.001670312881469,25.055555555555554,300,4,86.0
eval_at,"[0.42523768366465, 15.884700665188472, 492, 398, 665, 890]",3.124835525751114,25.055555555555554,300,4,86.5
eval_at,"[0.42178046672428693, 15.286031042128604, 488, 383, 669, 871]",3.254124338626858,25.055555555555554,300,4,87.0
eval_at,"[0.41745894554883317, 14.767184035476719, 483, 370, 674, 853]",3.4130819439888,25.055555555555554,300,4,87.5
eval_at,"[0.4140017286084702, 14.12860310421286, 479, 354, 678, 833]",3.554770936965943,25.055555555555554,300,4,88.0
eval_at,"[0.40276577355229043, 13.090909090909092, 466, 328, 691, 794]",3.7107245624065386,25.055555555555554,300,4,88.5
eval_at,"[0.39066551426101986, 12.412416851441243, 452, 311, 705, 763]",3.885031578540802,25.055555555555554,300,4,89.0
eval_at,"[0.38547968885047534, 11.694013303769403, 446, 293, 711, 739]",4.055345458984379,25.055555555555554,300,4,89.5
eval_at,"[0.3802938634399309, 11.095343680709535, 440, 278, 717, 718]",4.263787984848022,25.055555555555554,300,4,90.0
eval_at,"[0.37337942955920483, 10.456762749445677, 432, 262, 725, 694]",4.495387892723084,25.055555555555554,300,4,90.5
eval_at,"[0.36041486603284356, 9.578713968957873, 417, 240, 740, 657]",4.697474279403689,25.055555555555554,300,4,91.0
eval_at,"[0.34917891097666376, 8.860310421286032, 404, 222, 753, 626]",4.973369066715239,25.055555555555554,300,4,91.5
eval_at,"[0.337942955920484, 8.261640798226164, 391, 207, 766, 598]",5.270018424987798,25.055555555555554,300,4,92.0
eval_at,"[0.33016421780466726, 7.463414634146342, 382, 187, 775, 569]",5.583289432525637,25.055555555555554,300,4,92.5
eval_at,"[0.31287813310285223, 6.904656319290466, 362, 173, 795, 535]",5.923091483116149,25.055555555555554,300,4,93.0
eval_at,"[0.3059636992221262, 6.3458980044345905, 354, 159, 803, 513]",6.366164755821228,25.055555555555554,300,4,93.5
eval_at,"[0.2929991356957649, 5.827050997782705, 339, 146, 818, 485]",6.763916311264035,25.055555555555554,300,4,94.0
eval_at,"[0.2808988764044944, 5.467849223946786, 325, 137, 832, 462]",7.305497584342957,25.055555555555554,300,4,94.5
eval_at,"[0.25929127052722556, 4.9490022172949, 300, 124, 857, 424]",7.848052859306328,25.055555555555554,300,4,95.0
eval_at,"[0.24373379429559205, 4.190687361419069, 282, 105, 875, 387]",8.493374576568602,25.055555555555554,300,4,95.5
eval_at,"[0.22817631806395852, 3.791574279379158, 264, 95, 893, 359]",9.234476013183604,25.055555555555554,300,4,96.0
eval_at,"[0.20397579948141745, 3.312638580931264, 236, 83, 921, 319]",10.098261718749999,25.055555555555554,300,4,96.5
eval_at,"[0.1780466724286949, 2.9135254988913526, 206, 73, 951, 279]",11.159388294219955,25.055555555555554,300,4,97.0
eval_at,"[0.1598962834917891, 2.434589800443459, 185, 61, 972, 246]",12.47403585910798,25.055555555555554,300,4,97.5
eval_at,"[0.13050993949870354, 2.035476718403548, 151, 51, 1006, 202]",13.8626021194458,25.055555555555554,300,4,98.0
eval_at,"[0.10285220397579949, 1.5565410199556542, 119, 39, 1038, 158]",15.797335219383235,25.055555555555554,300,4,98.5
eval_at,"[0.05790838375108038, 1.436807095343681, 67, 36, 1090, 103]",18.770242137908973,25.055555555555554,300,4,99.0
eval_at,"[0.03111495246326707, 0.6784922394678493, 36, 17, 1121, 53]",26.24506649971008,25.055555555555554,300,4,99.5
eval_at,"[0.48314606741573035, 48.25277161862528, 559, 1209, 598, 1768]",0.09077733382582664,25.055555555555554,1000,0,50.0
eval_at,"[0.4822817631806396, 48.25277161862528, 558, 1209, 599, 1767]",0.11212093323469155,25.055555555555554,1000,0,50.5
eval_at,"[0.48314606741573035, 48.33259423503326, 559, 1211, 598, 1770]",0.13464516386389755,25.055555555555554,1000,0,51.0
eval_at,"[0.4840103716508211, 48.09312638580931, 560, 1205, 597, 1765]",0.15403672441840174,25.055555555555554,1000,0,51.5
eval_at,"[0.4857389801210026, 48.1729490022173, 562, 1207, 595, 1769]",0.17796872973442074,25.055555555555554,1000,0,52.0
eval_at,"[0.49006050129645634, 48.09312638580931, 567, 1205, 590, 1772]",0.19627721086144476,25.055555555555554,1000,0,52.5
eval_at,"[0.49524632670700086, 47.85365853658537, 573, 1199, 584, 1772]",0.22048529401421563,25.055555555555554,1000,0,53.0
eval_at,"[0.4978392394122731, 48.05321507760532, 576, 1204, 581, 1780]",0.24122495941817762,25.055555555555554,1000,0,53.5
eval_at,"[0.4978392394122731, 48.25277161862528, 576, 1209, 581, 1785]",0.2610533964633942,25.055555555555554,1000,0,54.0
eval_at,"[0.5012964563526361, 48.01330376940133, 580, 1203, 577, 1783]",0.28204435005784095,25.055555555555554,1000,0,54.5
eval_at,"[0.5030250648228176, 47.93348115299335, 582, 1201, 575, 1783]",0.30234529823064815,25.055555555555554,1000,0,55.0
eval_at,"[0.5047536732929991, 48.01330376940133, 584, 1203, 573, 1787]",0.32569405794143685,25.055555555555554,1000,0,55.5
eval_at,"[0.5056179775280899, 47.89356984478936, 585, 1200, 572, 1785]",0.3478954076766968,25.055555555555554,1000,0,56.0
eval_at,"[0.5082108902333622, 47.61419068736142, 588, 1193, 569, 1781]",0.3691490027308463,25.055555555555554,1000,0,56.5
eval_at,"[0.5116681071737251, 47.53436807095344, 592, 1191, 565, 1783]",0.3913524010777473,25.055555555555554,1000,0,57.0
eval_at,"[0.5108038029386344, 47.57427937915743, 591, 1192, 566, 1783]",0.41571238785982123,25.055555555555554,1000,0,57.5
eval_at,"[0.5125324114088159, 47.57427937915743, 593, 1192, 564, 1785]",0.4399468266963957,25.055555555555554,1000,0,58.0
eval_at,"[0.5142610198789974, 47.41463414634147, 595, 1188, 562, 1783]",0.46726177960634213,25.055555555555554,1000,0,58.5
eval_at,"[0.5142610198789974, 46.85587583148559, 595, 1174, 562, 1769]",0.49008097410202023,25.055555555555554,1000,0,59.0
eval_at,"[0.5185825410544511, 46.3769401330377, 600, 1162, 557, 1762]",0.5134383669495581,25.055555555555554,1000,0,59.5
eval_at,"[0.5194468452895419, 46.29711751662972, 601, 1160, 556, 1761]",0.536166477203369,25.055555555555554,1000,0,60.0
eval_at,"[0.5203111495246326, 46.53658536585366, 602, 1166, 555, 1768]",0.5595470631122589,25.055555555555554,1000,0,60.5
eval_at,"[0.5229040622299049, 46.73614190687362, 605, 1171, 552, 1776]",0.5817095768451691,25.055555555555554,1000,0,61.0
eval_at,"[0.5229040622299049, 46.29711751662972, 605, 1160, 552, 1765]",0.6042246025800704,25.055555555555554,1000,0,61.5
eval_at,"[0.5229040622299049, 46.09756097560976, 605, 1155, 552, 1760]",0.6289117872714997,25.055555555555554,1000,0,62.0
eval_at,"[0.5229040622299049, 45.57871396895788, 605, 1142, 552, 1747]",0.6533820331096649,25.055555555555554,1000,0,62.5
eval_at,"[0.5211754537597234, 45.4589800443459, 603, 1139, 554, 1742]",0.6831670719385142,25.055555555555554,1000,0,63.0
eval_at,"[0.5229040622299049, 45.13968957871397, 605, 1131, 552, 1736]",0.7098419928550724,25.055555555555554,1000,0,63.5
eval_at,"[0.5229040622299049, 44.98004434589801, 605, 1127, 552, 1732]",0.7381514167785644,25.055555555555554,1000,0,64.0
eval_at,"[0.5220397579948142, 44.34146341463415, 604, 1111, 553, 1715]",0.764243181347847,25.055555555555554,1000,0,64.5
eval_at,"[0.5237683664649957, 44.02217294900222, 606, 1103, 551, 1709]",0.7910401135683061,25.055555555555554,1000,0,65.0
eval_at,"[0.5237683664649957, 43.62305986696231, 606, 1093, 551, 1699]",0.8190016227960588,25.055555555555554,1000,0,65.5
eval_at,"[0.5237683664649957, 43.104212860310426, 606, 1080, 551, 1686]",0.8498276674747467,25.055555555555554,1000,0,66.0
eval_at,"[0.526361279170268, 42.505543237250556, 609, 1065, 548, 1674]",0.878896164894104,25.055555555555554,1000,0,66.5
eval_at,"[0.5229040622299049, 42.186252771618626, 605, 1057, 552, 1662]",0.9106361728906633,25.055555555555554,1000,0,67.0
eval_at,"[0.5237683664649957, 41.906873614190694, 606, 1050, 551, 1656]",0.9385085552930833,25.055555555555554,1000,0,67.5
eval_at,"[0.5306828003457217, 41.308203991130824, 614, 1035, 543, 1649]",0.9666943550109866,25.055555555555554,1000,0,68.0
eval_at,"[0.5315471045808124, 40.789356984478935, 615, 1022, 542, 1637]",0.9929769545793534,25.055555555555554,1000,0,68.5
eval_at,"[0.5324114088159032, 40.031042128603104, 616, 1003, 541, 1619]",1.0231032216548914,25.055555555555554,1000,0,69.0
eval_at,"[0.5298184961106309, 39.1529933481153, 613, 981, 544, 1594]",1.0563565552234644,25.055555555555554,1000,0,69.5
eval_at,"[0.5298184961106309, 38.75388026607539, 613, 971, 544, 1584]",1.0908433079719542,25.055555555555554,1000,0,70.0
eval_at,"[0.5289541918755402, 38.07538802660754, 612, 954, 545, 1566]",1.1248327416181563,25.055555555555554,1000,0,70.5
eval_at,"[0.5306828003457217, 37.55654101995566, 614, 941, 543, 1555]",1.1584407019615157,25.055555555555554,1000,0,71.0
eval_at,"[0.5306828003457217, 36.79822616407983, 614, 922, 543, 1536]",1.1988615226745605,25.055555555555554,1000,0,71.5
eval_at,"[0.5324114088159032, 36.11973392461198, 616, 905, 541, 1521]",1.23315447807312,25.055555555555554,1000,0,72.0
eval_at,"[0.533275713050994, 35.20177383592018, 617, 882, 540, 1499]",1.2662764459848403,25.055555555555554,1000,0,72.5
eval_at,"[0.533275713050994, 35.00221729490023, 617, 877, 540, 1494]",1.3011794543266295,25.055555555555554,1000,0,73.0
eval_at,"[0.5289541918755402, 34.08425720620843, 612, 854, 545, 1466]",1.3419092965126038,25.055555555555554,1000,0,73.5
eval_at,"[0.5272255834053586, 33.166297117516635, 610, 831, 547, 1441]",1.37932553768158,25.055555555555554,1000,0,74.0
eval_at,"[0.5246326707000865, 32.088691796008874, 607, 804, 550, 1411]",1.4226888734102243,25.055555555555554,1000,0,74.5
eval_at,"[0.5220397579948142, 31.56984478935699, 604, 791, 553, 1395]",1.4639769792556763,25.055555555555554,1000,0,75.0
eval_at,"[0.5203111495246326, 30.731707317073173, 602, 770, 555, 1372]",1.5006821799278272,25.055555555555554,1000,0,75.5
eval_at,"[0.5177182368193605, 29.893569844789358, 599, 749, 558, 1348]",1.5416811180114744,25.055555555555554,1000,0,76.0
eval_at,"[0.5177182368193605, 29.095343680709536, 599, 729, 558, 1328]",1.590722234249115,25.055555555555554,1000,0,76.5
eval_at,"[0.5168539325842697, 27.898004434589804, 598, 699, 559, 1297]",1.6407452356815342,25.055555555555554,1000,0,77.0
eval_at,"[0.5133967156439067, 27.339246119733925, 594, 685, 563, 1279]",1.6886990547180165,25.055555555555554,1000,0,77.5
eval_at,"[0.5108038029386344, 26.42128603104213, 591, 662, 566, 1253]",1.7344632649421694,25.055555555555554,1000,0,78.0
eval_at,"[0.5056179775280899, 25.782705099778273, 585, 646, 572, 1231]",1.7916628944873827,25.055555555555554,1000,0,78.5
eval_at,"[0.4995678478824546, 25.223946784922397, 578, 632, 579, 1210]",1.8576587069034574,25.055555555555554,1000,0,79.0
eval_at,"[0.4978392394122731, 24.38580931263858, 576, 611, 581, 1187]",1.9154004043340684,25.055555555555554,1000,0,79.5
eval_at,"[0.4943820224719101, 23.54767184035477, 572, 590, 585, 1162]",1.9741851329803468,25.055555555555554,1000,0,80.0
eval_at,"[0.49524632670700086, 23.028824833702885, 573, 577, 584, 1150]",2.036969654560089,25.055555555555554,1000,0,80.5
eval_at,"[0.49178910976663787, 22.350332594235034, 569, 560, 588, 1129]",2.102254722118378,25.055555555555554,1000,0,81.0
eval_at,"[0.4874675885911841, 21.392461197339248, 564, 536, 593, 1100]",2.175994237661361,25.055555555555554,1000,0,81.5
eval_at,"[0.4822817631806396, 20.674057649667407, 558, 518, 599, 1076]",2.248897409439087,25.055555555555554,1000,0,82.0
eval_at,"[0.4814174589455488, 19.75609756097561, 557, 495, 600, 1052]",2.3326381504535667,25.055555555555554,1000,0,82.5
eval_at,"[0.47796024200518583, 19.237250554323726, 553, 482, 604, 1035]",2.425430073738098,25.055555555555554,1000,0,83.0
eval_at,"[0.47796024200518583, 18.399113082039914, 553, 461, 604, 1014]",2.5196004760265356,25.055555555555554,1000,0,83.5
eval_at,"[0.4762316335350043, 17.64079822616408, 551, 442, 606, 993]",2.6304725933074953,25.055555555555554,1000,0,84.0
eval_at,"[0.47450302506482284, 16.722838137472284, 549, 419, 608, 968]",2.7276616275310506,25.055555555555554,1000,0,84.5
eval_at,"[0.4710458081244598, 16.044345898004437, 545, 402, 612, 947]",2.8380211830139164,25.055555555555554,1000,0,85.0
eval_at,"[0.4658599827139153, 15.325942350332596, 539, 384, 618, 923]",2.955703905820846,25.055555555555554,1000,0,85.5
eval_at,"[0.46153846153846156, 14.567627494456763, 534, 365, 623, 899]",3.081022396087646,25.055555555555554,1000,0,86.0
eval_at,"[0.4606741573033708, 14.12860310421286, 533, 354, 624, 887]",3.2219283390045166,25.055555555555554,1000,0,86.5
eval_at,"[0.45635263612791704, 13.090909090909092, 528, 328, 629, 856]",3.3582502841949444,25.055555555555554,1000,0,87.0
eval_at,"[0.45030250648228176, 12.133037694013305, 521, 304, 636, 825]",3.52468004822731,25.055555555555554,1000,0,87.5
eval_at,"[0.4399308556611927, 11.694013303769403, 509, 293, 648, 802]",3.7051178741455093,25.055555555555554,1000,0,88.0
eval_at,"[0.4243733794295592, 11.095343680709535, 491, 278, 666, 769]",3.874412554502486,25.055555555555554,1000,0,88.5
eval_at,"[0.4105445116681072, 10.576496674057651, 475, 265, 682, 740]",4.0701590919494635,25.055555555555554,1000,0,89.0
eval_at,"[0.40881590319792566, 10.21729490022173, 473, 256, 684, 729]",4.255578207969666,25.055555555555554,1000,0,89.5
eval_at,"[0.3898012100259291, 9.85809312638581, 451, 247, 706, 698]",4.457726860046381,25.055555555555554,1000,0,90.0
eval_at,"[0.3759723422644771, 9.49889135254989, 435, 238, 722, 673]",4.675087914466858,25.055555555555554,1000,0,90.5
eval_at,"[0.3630077787381158, 8.940133037694014, 420, 224, 737, 644]",4.933004894256597,25.055555555555554,1000,0,91.0
eval_at,"[0.34831460674157305, 8.181818181818182, 403, 205, 754, 608]",5.220453071594238,25.055555555555554,1000,0,91.5
eval_at,"[0.3362143474503025, 7.583148558758316, 389, 190, 768, 579]",5.517267513275148,25.055555555555554,1000,0,92.0
eval_at,"[0.3197925669835782, 7.06430155210643, 370, 177, 787, 547]",5.841959142684942,25.055555555555554,1000,0,92.5
eval_at,"[0.3025064822817632, 6.705099778270511, 350, 168, 807, 518]",6.205128560066222,25.055555555555554,1000,0,93.0
eval_at,"[0.2904062229904927, 6.026607538802661, 336, 151, 821, 487]",6.654482979774491,25.055555555555554,1000,0,93.5
eval_at,"[0.27657735522904064, 5.667405764966741, 320, 142, 837, 462]",7.212375669479336,25.055555555555554,1000,0,94.0
eval_at,"[0.26707000864304237, 5.108647450110865, 309, 128, 848, 437]",7.794489538669587,25.055555555555554,1000,0,94.5
eval_at,"[0.25324114088159033, 4.549889135254989, 293, 114, 864, 407]",8.410855770111041,25.055555555555554,1000,0,95.0
eval_at,"[0.23595505617977527, 4.270509977827051, 273, 107, 884, 380]",9.304570846557606,25.055555555555554,1000,0,95.5
eval_at,"[0.222990492653414, 3.831485587583149, 258, 96, 899, 354]",10.050942497253422,25.055555555555554,1000,0,96.0
eval_at,"[0.2048401037165082, 3.3924611973392462, 237, 85, 920, 322]",10.904608006477345,25.055555555555554,1000,0,96.5
eval_at,"[0.18063958513396716, 2.753880266075388, 209, 69, 948, 278]",11.678171405792227,25.055555555555554,1000,0,97.0
eval_at,"[0.14779602420051857, 2.2749445676274944, 171, 57, 986, 228]",12.63719093799591,25.055555555555554,1000,0,97.5
eval_at,"[0.12186689714779603, 1.796008869179601, 141, 45, 1016, 186]",13.963846740722648,25.055555555555554,1000,0,98.0
eval_at,"[0.09766637856525497, 1.3569844789356986, 113, 34, 1044, 147]",16.57019313812255,25.055555555555554,1000,0,98.5
eval_at,"[0.06222990492653414, 0.8381374722838139, 72, 21, 1085, 93]",20.60003761291506,25.055555555555554,1000,0,99.0
eval_at,"[0.028522039757994815, 0.4390243902439025, 33, 11, 1124, 44]",28.334656648635683,25.055555555555554,1000,0,99.5
eval_at,"[0.48314606741573035, 48.25277161862528, 559, 1209, 598, 1768]",0.09077733382582664,25.055555555555554,1000,1,50.0
eval_at,"[0.4822817631806396, 48.25277161862528, 558, 1209, 599, 1767]",0.11212093323469155,25.055555555555554,1000,1,50.5
eval_at,"[0.48314606741573035, 48.33259423503326, 559, 1211, 598, 1770]",0.13464516386389755,25.055555555555554,1000,1,51.0
eval_at,"[0.4840103716508211, 48.09312638580931, 560, 1205, 597, 1765]",0.15403672441840174,25.055555555555554,1000,1,51.5
eval_at,"[0.4857389801210026, 48.1729490022173, 562, 1207, 595, 1769]",0.17796872973442074,25.055555555555554,1000,1,52.0
eval_at,"[0.49006050129645634, 48.09312638580931, 567, 1205, 590, 1772]",0.19627721086144476,25.055555555555554,1000,1,52.5
eval_at,"[0.49524632670700086, 47.85365853658537, 573, 1199, 584, 1772]",0.22048529401421563,25.055555555555554,1000,1,53.0
eval_at,"[0.4978392394122731, 48.05321507760532, 576, 1204, 581, 1780]",0.24122495941817762,25.055555555555554,1000,1,53.5
eval_at,"[0.4978392394122731, 48.25277161862528, 576, 1209, 581, 1785]",0.2610533964633942,25.055555555555554,1000,1,54.0
eval_at,"[0.5012964563526361, 48.01330376940133, 580, 1203, 577, 1783]",0.28204435005784095,25.055555555555554,1000,1,54.5
eval_at,"[0.5030250648228176, 47.93348115299335, 582, 1201, 575, 1783]",0.30234529823064815,25.055555555555554,1000,1,55.0
eval_at,"[0.5047536732929991, 48.01330376940133, 584, 1203, 573, 1787]",0.32569405794143685,25.055555555555554,1000,1,55.5
eval_at,"[0.5056179775280899, 47.89356984478936, 585, 1200, 572, 1785]",0.3478954076766968,25.055555555555554,1000,1,56.0
eval_at,"[0.5082108902333622, 47.61419068736142, 588, 1193, 569, 1781]",0.3691490027308463,25.055555555555554,1000,1,56.5
eval_at,"[0.5116681071737251, 47.53436807095344, 592, 1191, 565, 1783]",0.3913524010777473,25.055555555555554,1000,1,57.0
eval_at,"[0.5108038029386344, 47.57427937915743, 591, 1192, 566, 1783]",0.41571238785982123,25.055555555555554,1000,1,57.5
eval_at,"[0.5125324114088159, 47.57427937915743, 593, 1192, 564, 1785]",0.4399468266963957,25.055555555555554,1000,1,58.0
eval_at,"[0.5142610198789974, 47.41463414634147, 595, 1188, 562, 1783]",0.46726177960634213,25.055555555555554,1000,1,58.5
eval_at,"[0.5142610198789974, 46.85587583148559, 595, 1174, 562, 1769]",0.49008097410202023,25.055555555555554,1000,1,59.0
eval_at,"[0.5185825410544511, 46.3769401330377, 600, 1162, 557, 1762]",0.5134383669495581,25.055555555555554,1000,1,59.5
eval_at,"[0.5194468452895419, 46.29711751662972, 601, 1160, 556, 1761]",0.536166477203369,25.055555555555554,1000,1,60.0
eval_at,"[0.5203111495246326, 46.53658536585366, 602, 1166, 555, 1768]",0.5595470631122589,25.055555555555554,1000,1,60.5
eval_at,"[0.5229040622299049, 46.73614190687362, 605, 1171, 552, 1776]",0.5817095768451691,25.055555555555554,1000,1,61.0
eval_at,"[0.5229040622299049, 46.29711751662972, 605, 1160, 552, 1765]",0.6042246025800704,25.055555555555554,1000,1,61.5
eval_at,"[0.5229040622299049, 46.09756097560976, 605, 1155, 552, 1760]",0.6289117872714997,25.055555555555554,1000,1,62.0
eval_at,"[0.5229040622299049, 45.57871396895788, 605, 1142, 552, 1747]",0.6533820331096649,25.055555555555554,1000,1,62.5
eval_at,"[0.5211754537597234, 45.4589800443459, 603, 1139, 554, 1742]",0.6831670719385142,25.055555555555554,1000,1,63.0
eval_at,"[0.5229040622299049, 45.13968957871397, 605, 1131, 552, 1736]",0.7098419928550724,25.055555555555554,1000,1,63.5
eval_at,"[0.5229040622299049, 44.98004434589801, 605, 1127, 552, 1732]",0.7381514167785644,25.055555555555554,1000,1,64.0
eval_at,"[0.5220397579948142, 44.34146341463415, 604, 1111, 553, 1715]",0.764243181347847,25.055555555555554,1000,1,64.5
eval_at,"[0.5237683664649957, 44.02217294900222, 606, 1103, 551, 1709]",0.7910401135683061,25.055555555555554,1000,1,65.0
eval_at,"[0.5237683664649957, 43.62305986696231, 606, 1093, 551, 1699]",0.8190016227960588,25.055555555555554,1000,1,65.5
eval_at,"[0.5237683664649957, 43.104212860310426, 606, 1080, 551, 1686]",0.8498276674747467,25.055555555555554,1000,1,66.0
eval_at,"[0.526361279170268, 42.505543237250556, 609, 1065, 548, 1674]",0.878896164894104,25.055555555555554,1000,1,66.5
eval_at,"[0.5229040622299049, 42.186252771618626, 605, 1057, 552, 1662]",0.9106361728906633,25.055555555555554,1000,1,67.0
eval_at,"[0.5237683664649957, 41.906873614190694, 606, 1050, 551, 1656]",0.9385085552930833,25.055555555555554,1000,1,67.5
eval_at,"[0.5306828003457217, 41.308203991130824, 614, 1035, 543, 1649]",0.9666943550109866,25.055555555555554,1000,1,68.0
eval_at,"[0.5315471045808124, 40.789356984478935, 615, 1022, 542, 1637]",0.9929769545793534,25.055555555555554,1000,1,68.5
eval_at,"[0.5324114088159032, 40.031042128603104, 616, 1003, 541, 1619]",1.0231032216548914,25.055555555555554,1000,1,69.0
eval_at,"[0.5298184961106309, 39.1529933481153, 613, 981, 544, 1594]",1.0563565552234644,25.055555555555554,1000,1,69.5
eval_at,"[0.5298184961106309, 38.75388026607539, 613, 971, 544, 1584]",1.0908433079719542,25.055555555555554,1000,1,70.0
eval_at,"[0.5289541918755402, 38.07538802660754, 612, 954, 545, 1566]",1.1248327416181563,25.055555555555554,1000,1,70.5
eval_at,"[0.5306828003457217, 37.55654101995566, 614, 941, 543, 1555]",1.1584407019615157,25.055555555555554,1000,1,71.0
eval_at,"[0.5306828003457217, 36.79822616407983, 614, 922, 543, 1536]",1.1988615226745605,25.055555555555554,1000,1,71.5
eval_at,"[0.5324114088159032, 36.11973392461198, 616, 905, 541, 1521]",1.23315447807312,25.055555555555554,1000,1,72.0
eval_at,"[0.533275713050994, 35.20177383592018, 617, 882, 540, 1499]",1.2662764459848403,25.055555555555554,1000,1,72.5
eval_at,"[0.533275713050994, 35.00221729490023, 617, 877, 540, 1494]",1.3011794543266295,25.055555555555554,1000,1,73.0
eval_at,"[0.5289541918755402, 34.08425720620843, 612, 854, 545, 1466]",1.3419092965126038,25.055555555555554,1000,1,73.5
eval_at,"[0.5272255834053586, 33.166297117516635, 610, 831, 547, 1441]",1.37932553768158,25.055555555555554,1000,1,74.0
eval_at,"[0.5246326707000865, 32.088691796008874, 607, 804, 550, 1411]",1.4226888734102243,25.055555555555554,1000,1,74.5
eval_at,"[0.5220397579948142, 31.56984478935699, 604, 791, 553, 1395]",1.4639769792556763,25.055555555555554,1000,1,75.0
eval_at,"[0.5203111495246326, 30.731707317073173, 602, 770, 555, 1372]",1.5006821799278272,25.055555555555554,1000,1,75.5
eval_at,"[0.5177182368193605, 29.893569844789358, 599, 749, 558, 1348]",1.5416811180114744,25.055555555555554,1000,1,76.0
eval_at,"[0.5177182368193605, 29.095343680709536, 599, 729, 558, 1328]",1.590722234249115,25.055555555555554,1000,1,76.5
eval_at,"[0.5168539325842697, 27.898004434589804, 598, 699, 559, 1297]",1.6407452356815342,25.055555555555554,1000,1,77.0
eval_at,"[0.5133967156439067, 27.339246119733925, 594, 685, 563, 1279]",1.6886990547180165,25.055555555555554,1000,1,77.5
eval_at,"[0.5108038029386344, 26.42128603104213, 591, 662, 566, 1253]",1.7344632649421694,25.055555555555554,1000,1,78.0
eval_at,"[0.5056179775280899, 25.782705099778273, 585, 646, 572, 1231]",1.7916628944873827,25.055555555555554,1000,1,78.5
eval_at,"[0.4995678478824546, 25.223946784922397, 578, 632, 579, 1210]",1.8576587069034574,25.055555555555554,1000,1,79.0
eval_at,"[0.4978392394122731, 24.38580931263858, 576, 611, 581, 1187]",1.9154004043340684,25.055555555555554,1000,1,79.5
eval_at,"[0.4943820224719101, 23.54767184035477, 572, 590, 585, 1162]",1.9741851329803468,25.055555555555554,1000,1,80.0
eval_at,"[0.49524632670700086, 23.028824833702885, 573, 577, 584, 1150]",2.036969654560089,25.055555555555554,1000,1,80.5
eval_at,"[0.49178910976663787, 22.350332594235034, 569, 560, 588, 1129]",2.102254722118378,25.055555555555554,1000,1,81.0
eval_at,"[0.4874675885911841, 21.392461197339248, 564, 536, 593, 1100]",2.175994237661361,25.055555555555554,1000,1,81.5
eval_at,"[0.4822817631806396, 20.674057649667407, 558, 518, 599, 1076]",2.248897409439087,25.055555555555554,1000,1,82.0
eval_at,"[0.4814174589455488, 19.75609756097561, 557, 495, 600, 1052]",2.3326381504535667,25.055555555555554,1000,1,82.5
eval_at,"[0.47796024200518583, 19.237250554323726, 553, 482, 604, 1035]",2.425430073738098,25.055555555555554,1000,1,83.0
eval_at,"[0.47796024200518583, 18.399113082039914, 553, 461, 604, 1014]",2.5196004760265356,25.055555555555554,1000,1,83.5
eval_at,"[0.4762316335350043, 17.64079822616408, 551, 442, 606, 993]",2.6304725933074953,25.055555555555554,1000,1,84.0
eval_at,"[0.47450302506482284, 16.722838137472284, 549, 419, 608, 968]",2.7276616275310506,25.055555555555554,1000,1,84.5
eval_at,"[0.4710458081244598, 16.044345898004437, 545, 402, 612, 947]",2.8380211830139164,25.055555555555554,1000,1,85.0
eval_at,"[0.4658599827139153, 15.325942350332596, 539, 384, 618, 923]",2.955703905820846,25.055555555555554,1000,1,85.5
eval_at,"[0.46153846153846156, 14.567627494456763, 534, 365, 623, 899]",3.081022396087646,25.055555555555554,1000,1,86.0
eval_at,"[0.4606741573033708, 14.12860310421286, 533, 354, 624, 887]",3.2219283390045166,25.055555555555554,1000,1,86.5
eval_at,"[0.45635263612791704, 13.090909090909092, 528, 328, 629, 856]",3.3582502841949444,25.055555555555554,1000,1,87.0
eval_at,"[0.45030250648228176, 12.133037694013305, 521, 304, 636, 825]",3.52468004822731,25.055555555555554,1000,1,87.5
eval_at,"[0.4399308556611927, 11.694013303769403, 509, 293, 648, 802]",3.7051178741455093,25.055555555555554,1000,1,88.0
eval_at,"[0.4243733794295592, 11.095343680709535, 491, 278, 666, 769]",3.874412554502486,25.055555555555554,1000,1,88.5
eval_at,"[0.4105445116681072, 10.576496674057651, 475, 265, 682, 740]",4.0701590919494635,25.055555555555554,1000,1,89.0
eval_at,"[0.40881590319792566, 10.21729490022173, 473, 256, 684, 729]",4.255578207969666,25.055555555555554,1000,1,89.5
eval_at,"[0.3898012100259291, 9.85809312638581, 451, 247, 706, 698]",4.457726860046381,25.055555555555554,1000,1,90.0
eval_at,"[0.3759723422644771, 9.49889135254989, 435, 238, 722, 673]",4.675087914466858,25.055555555555554,1000,1,90.5
eval_at,"[0.3630077787381158, 8.940133037694014, 420, 224, 737, 644]",4.933004894256597,25.055555555555554,1000,1,91.0
eval_at,"[0.34831460674157305, 8.181818181818182, 403, 205, 754, 608]",5.220453071594238,25.055555555555554,1000,1,91.5
eval_at,"[0.3362143474503025, 7.583148558758316, 389, 190, 768, 579]",5.517267513275148,25.055555555555554,1000,1,92.0
eval_at,"[0.3197925669835782, 7.06430155210643, 370, 177, 787, 547]",5.841959142684942,25.055555555555554,1000,1,92.5
eval_at,"[0.3025064822817632, 6.705099778270511, 350, 168, 807, 518]",6.205128560066222,25.055555555555554,1000,1,93.0
eval_at,"[0.2904062229904927, 6.026607538802661, 336, 151, 821, 487]",6.654482979774491,25.055555555555554,1000,1,93.5
eval_at,"[0.27657735522904064, 5.667405764966741, 320, 142, 837, 462]",7.212375669479336,25.055555555555554,1000,1,94.0
eval_at,"[0.26707000864304237, 5.108647450110865, 309, 128, 848, 437]",7.794489538669587,25.055555555555554,1000,1,94.5
eval_at,"[0.25324114088159033, 4.549889135254989, 293, 114, 864, 407]",8.410855770111041,25.055555555555554,1000,1,95.0
eval_at,"[0.23595505617977527, 4.270509977827051, 273, 107, 884, 380]",9.304570846557606,25.055555555555554,1000,1,95.5
eval_at,"[0.222990492653414, 3.831485587583149, 258, 96, 899, 354]",10.050942497253422,25.055555555555554,1000,1,96.0
eval_at,"[0.2048401037165082, 3.3924611973392462, 237, 85, 920, 322]",10.904608006477345,25.055555555555554,1000,1,96.5
eval_at,"[0.18063958513396716, 2.753880266075388, 209, 69, 948, 278]",11.678171405792227,25.055555555555554,1000,1,97.0
eval_at,"[0.14779602420051857, 2.2749445676274944, 171, 57, 986, 228]",12.63719093799591,25.055555555555554,1000,1,97.5
eval_at,"[0.12186689714779603, 1.796008869179601, 141, 45, 1016, 186]",13.963846740722648,25.055555555555554,1000,1,98.0
eval_at,"[0.09766637856525497, 1.3569844789356986, 113, 34, 1044, 147]",16.57019313812255,25.055555555555554,1000,1,98.5
eval_at,"[0.06222990492653414, 0.8381374722838139, 72, 21, 1085, 93]",20.60003761291506,25.055555555555554,1000,1,99.0
eval_at,"[0.028522039757994815, 0.4390243902439025, 33, 11, 1124, 44]",28.334656648635683,25.055555555555554,1000,1,99.5
eval_at,"[0.48314606741573035, 48.25277161862528, 559, 1209, 598, 1768]",0.09077733382582664,25.055555555555554,1000,2,50.0
eval_at,"[0.4822817631806396, 48.25277161862528, 558, 1209, 599, 1767]",0.11212093323469155,25.055555555555554,1000,2,50.5
eval_at,"[0.48314606741573035, 48.33259423503326, 559, 1211, 598, 1770]",0.13464516386389755,25.055555555555554,1000,2,51.0
eval_at,"[0.4840103716508211, 48.09312638580931, 560, 1205, 597, 1765]",0.15403672441840174,25.055555555555554,1000,2,51.5
eval_at,"[0.4857389801210026, 48.1729490022173, 562, 1207, 595, 1769]",0.17796872973442074,25.055555555555554,1000,2,52.0
eval_at,"[0.49006050129645634, 48.09312638580931, 567, 1205, 590, 1772]",0.19627721086144476,25.055555555555554,1000,2,52.5
eval_at,"[0.49524632670700086, 47.85365853658537, 573, 1199, 584, 1772]",0.22048529401421563,25.055555555555554,1000,2,53.0
eval_at,"[0.4978392394122731, 48.05321507760532, 576, 1204, 581, 1780]",0.24122495941817762,25.055555555555554,1000,2,53.5
eval_at,"[0.4978392394122731, 48.25277161862528, 576, 1209, 581, 1785]",0.2610533964633942,25.055555555555554,1000,2,54.0
eval_at,"[0.5012964563526361, 48.01330376940133, 580, 1203, 577, 1783]",0.28204435005784095,25.055555555555554,1000,2,54.5
eval_at,"[0.5030250648228176, 47.93348115299335, 582, 1201, 575, 1783]",0.30234529823064815,25.055555555555554,1000,2,55.0
eval_at,"[0.5047536732929991, 48.01330376940133, 584, 1203, 573, 1787]",0.32569405794143685,25.055555555555554,1000,2,55.5
eval_at,"[0.5056179775280899, 47.89356984478936, 585, 1200, 572, 1785]",0.3478954076766968,25.055555555555554,1000,2,56.0
eval_at,"[0.5082108902333622, 47.61419068736142, 588, 1193, 569, 1781]",0.3691490027308463,25.055555555555554,1000,2,56.5
eval_at,"[0.5116681071737251, 47.53436807095344, 592, 1191, 565, 1783]",0.3913524010777473,25.055555555555554,1000,2,57.0
eval_at,"[0.5108038029386344, 47.57427937915743, 591, 1192, 566, 1783]",0.41571238785982123,25.055555555555554,1000,2,57.5
eval_at,"[0.5125324114088159, 47.57427937915743, 593, 1192, 564, 1785]",0.4399468266963957,25.055555555555554,1000,2,58.0
eval_at,"[0.5142610198789974, 47.41463414634147, 595, 1188, 562, 1783]",0.46726177960634213,25.055555555555554,1000,2,58.5
eval_at,"[0.5142610198789974, 46.85587583148559, 595, 1174, 562, 1769]",0.49008097410202023,25.055555555555554,1000,2,59.0
eval_at,"[0.5185825410544511, 46.3769401330377, 600, 1162, 557, 1762]",0.5134383669495581,25.055555555555554,1000,2,59.5
eval_at,"[0.5194468452895419, 46.29711751662972, 601, 1160, 556, 1761]",0.536166477203369,25.055555555555554,1000,2,60.0
eval_at,"[0.5203111495246326, 46.53658536585366, 602, 1166, 555, 1768]",0.5595470631122589,25.055555555555554,1000,2,60.5
eval_at,"[0.5229040622299049, 46.73614190687362, 605, 1171, 552, 1776]",0.5817095768451691,25.055555555555554,1000,2,61.0
eval_at,"[0.5229040622299049, 46.29711751662972, 605, 1160, 552, 1765]",0.6042246025800704,25.055555555555554,1000,2,61.5
eval_at,"[0.5229040622299049, 46.09756097560976, 605, 1155, 552, 1760]",0.6289117872714997,25.055555555555554,1000,2,62.0
eval_at,"[0.5229040622299049, 45.57871396895788, 605, 1142, 552, 1747]",0.6533820331096649,25.055555555555554,1000,2,62.5
eval_at,"[0.5211754537597234, 45.4589800443459, 603, 1139, 554, 1742]",0.6831670719385142,25.055555555555554,1000,2,63.0
eval_at,"[0.5229040622299049, 45.13968957871397, 605, 1131, 552, 1736]",0.7098419928550724,25.055555555555554,1000,2,63.5
eval_at,"[0.5229040622299049, 44.98004434589801, 605, 1127, 552, 1732]",0.7381514167785644,25.055555555555554,1000,2,64.0
eval_at,"[0.5220397579948142, 44.34146341463415, 604, 1111, 553, 1715]",0.764243181347847,25.055555555555554,1000,2,64.5
eval_at,"[0.5237683664649957, 44.02217294900222, 606, 1103, 551, 1709]",0.7910401135683061,25.055555555555554,1000,2,65.0
eval_at,"[0.5237683664649957, 43.62305986696231, 606, 1093, 551, 1699]",0.8190016227960588,25.055555555555554,1000,2,65.5
eval_at,"[0.5237683664649957, 43.104212860310426, 606, 1080, 551, 1686]",0.8498276674747467,25.055555555555554,1000,2,66.0
eval_at,"[0.526361279170268, 42.505543237250556, 609, 1065, 548, 1674]",0.878896164894104,25.055555555555554,1000,2,66.5
eval_at,"[0.5229040622299049, 42.186252771618626, 605, 1057, 552, 1662]",0.9106361728906633,25.055555555555554,1000,2,67.0
eval_at,"[0.5237683664649957, 41.906873614190694, 606, 1050, 551, 1656]",0.9385085552930833,25.055555555555554,1000,2,67.5
eval_at,"[0.5306828003457217, 41.308203991130824, 614, 1035, 543, 1649]",0.9666943550109866,25.055555555555554,1000,2,68.0
eval_at,"[0.5315471045808124, 40.789356984478935, 615, 1022, 542, 1637]",0.9929769545793534,25.055555555555554,1000,2,68.5
eval_at,"[0.5324114088159032, 40.031042128603104, 616, 1003, 541, 1619]",1.0231032216548914,25.055555555555554,1000,2,69.0
eval_at,"[0.5298184961106309, 39.1529933481153, 613, 981, 544, 1594]",1.0563565552234644,25.055555555555554,1000,2,69.5
eval_at,"[0.5298184961106309, 38.75388026607539, 613, 971, 544, 1584]",1.0908433079719542,25.055555555555554,1000,2,70.0
eval_at,"[0.5289541918755402, 38.07538802660754, 612, 954, 545, 1566]",1.1248327416181563,25.055555555555554,1000,2,70.5
eval_at,"[0.5306828003457217, 37.55654101995566, 614, 941, 543, 1555]",1.1584407019615157,25.055555555555554,1000,2,71.0
eval_at,"[0.5306828003457217, 36.79822616407983, 614, 922, 543, 1536]",1.1988615226745605,25.055555555555554,1000,2,71.5
eval_at,"[0.5324114088159032, 36.11973392461198, 616, 905, 541, 1521]",1.23315447807312,25.055555555555554,1000,2,72.0
eval_at,"[0.533275713050994, 35.20177383592018, 617, 882, 540, 1499]",1.2662764459848403,25.055555555555554,1000,2,72.5
eval_at,"[0.533275713050994, 35.00221729490023, 617, 877, 540, 1494]",1.3011794543266295,25.055555555555554,1000,2,73.0
eval_at,"[0.5289541918755402, 34.08425720620843, 612, 854, 545, 1466]",1.3419092965126038,25.055555555555554,1000,2,73.5
eval_at,"[0.5272255834053586, 33.166297117516635, 610, 831, 547, 1441]",1.37932553768158,25.055555555555554,1000,2,74.0
eval_at,"[0.5246326707000865, 32.088691796008874, 607, 804, 550, 1411]",1.4226888734102243,25.055555555555554,1000,2,74.5
eval_at,"[0.5220397579948142, 31.56984478935699, 604, 791, 553, 1395]",1.4639769792556763,25.055555555555554,1000,2,75.0
eval_at,"[0.5203111495246326, 30.731707317073173, 602, 770, 555, 1372]",1.5006821799278272,25.055555555555554,1000,2,75.5
eval_at,"[0.5177182368193605, 29.893569844789358, 599, 749, 558, 1348]",1.5416811180114744,25.055555555555554,1000,2,76.0
eval_at,"[0.5177182368193605, 29.095343680709536, 599, 729, 558, 1328]",1.590722234249115,25.055555555555554,1000,2,76.5
eval_at,"[0.5168539325842697, 27.898004434589804, 598, 699, 559, 1297]",1.6407452356815342,25.055555555555554,1000,2,77.0
eval_at,"[0.5133967156439067, 27.339246119733925, 594, 685, 563, 1279]",1.6886990547180165,25.055555555555554,1000,2,77.5
eval_at,"[0.5108038029386344, 26.42128603104213, 591, 662, 566, 1253]",1.7344632649421694,25.055555555555554,1000,2,78.0
eval_at,"[0.5056179775280899, 25.782705099778273, 585, 646, 572, 1231]",1.7916628944873827,25.055555555555554,1000,2,78.5
eval_at,"[0.4995678478824546, 25.223946784922397, 578, 632, 579, 1210]",1.8576587069034574,25.055555555555554,1000,2,79.0
eval_at,"[0.4978392394122731, 24.38580931263858, 576, 611, 581, 1187]",1.9154004043340684,25.055555555555554,1000,2,79.5
eval_at,"[0.4943820224719101, 23.54767184035477, 572, 590, 585, 1162]",1.9741851329803468,25.055555555555554,1000,2,80.0
eval_at,"[0.49524632670700086, 23.028824833702885, 573, 577, 584, 1150]",2.036969654560089,25.055555555555554,1000,2,80.5
eval_at,"[0.49178910976663787, 22.350332594235034, 569, 560, 588, 1129]",2.102254722118378,25.055555555555554,1000,2,81.0
eval_at,"[0.4874675885911841, 21.392461197339248, 564, 536, 593, 1100]",2.175994237661361,25.055555555555554,1000,2,81.5
eval_at,"[0.4822817631806396, 20.674057649667407, 558, 518, 599, 1076]",2.248897409439087,25.055555555555554,1000,2,82.0
eval_at,"[0.4814174589455488, 19.75609756097561, 557, 495, 600, 1052]",2.3326381504535667,25.055555555555554,1000,2,82.5
eval_at,"[0.47796024200518583, 19.237250554323726, 553, 482, 604, 1035]",2.425430073738098,25.055555555555554,1000,2,83.0
eval_at,"[0.47796024200518583, 18.399113082039914, 553, 461, 604, 1014]",2.5196004760265356,25.055555555555554,1000,2,83.5
eval_at,"[0.4762316335350043, 17.64079822616408, 551, 442, 606, 993]",2.6304725933074953,25.055555555555554,1000,2,84.0
eval_at,"[0.47450302506482284, 16.722838137472284, 549, 419, 608, 968]",2.7276616275310506,25.055555555555554,1000,2,84.5
eval_at,"[0.4710458081244598, 16.044345898004437, 545, 402, 612, 947]",2.8380211830139164,25.055555555555554,1000,2,85.0
eval_at,"[0.4658599827139153, 15.325942350332596, 539, 384, 618, 923]",2.955703905820846,25.055555555555554,1000,2,85.5
eval_at,"[0.46153846153846156, 14.567627494456763, 534, 365, 623, 899]",3.081022396087646,25.055555555555554,1000,2,86.0
eval_at,"[0.4606741573033708, 14.12860310421286, 533, 354, 624, 887]",3.2219283390045166,25.055555555555554,1000,2,86.5
eval_at,"[0.45635263612791704, 13.090909090909092, 528, 328, 629, 856]",3.3582502841949444,25.055555555555554,1000,2,87.0
eval_at,"[0.45030250648228176, 12.133037694013305, 521, 304, 636, 825]",3.52468004822731,25.055555555555554,1000,2,87.5
eval_at,"[0.4399308556611927, 11.694013303769403, 509, 293, 648, 802]",3.7051178741455093,25.055555555555554,1000,2,88.0
eval_at,"[0.4243733794295592, 11.095343680709535, 491, 278, 666, 769]",3.874412554502486,25.055555555555554,1000,2,88.5
eval_at,"[0.4105445116681072, 10.576496674057651, 475, 265, 682, 740]",4.0701590919494635,25.055555555555554,1000,2,89.0
eval_at,"[0.40881590319792566, 10.21729490022173, 473, 256, 684, 729]",4.255578207969666,25.055555555555554,1000,2,89.5
eval_at,"[0.3898012100259291, 9.85809312638581, 451, 247, 706, 698]",4.457726860046381,25.055555555555554,1000,2,90.0
eval_at,"[0.3759723422644771, 9.49889135254989, 435, 238, 722, 673]",4.675087914466858,25.055555555555554,1000,2,90.5
eval_at,"[0.3630077787381158, 8.940133037694014, 420, 224, 737, 644]",4.933004894256597,25.055555555555554,1000,2,91.0
eval_at,"[0.34831460674157305, 8.181818181818182, 403, 205, 754, 608]",5.220453071594238,25.055555555555554,1000,2,91.5
eval_at,"[0.3362143474503025, 7.583148558758316, 389, 190, 768, 579]",5.517267513275148,25.055555555555554,1000,2,92.0
eval_at,"[0.3197925669835782, 7.06430155210643, 370, 177, 787, 547]",5.841959142684942,25.055555555555554,1000,2,92.5
eval_at,"[0.3025064822817632, 6.705099778270511, 350, 168, 807, 518]",6.205128560066222,25.055555555555554,1000,2,93.0
eval_at,"[0.2904062229904927, 6.026607538802661, 336, 151, 821, 487]",6.654482979774491,25.055555555555554,1000,2,93.5
eval_at,"[0.27657735522904064, 5.667405764966741, 320, 142, 837, 462]",7.212375669479336,25.055555555555554,1000,2,94.0
eval_at,"[0.26707000864304237, 5.108647450110865, 309, 128, 848, 437]",7.794489538669587,25.055555555555554,1000,2,94.5
eval_at,"[0.25324114088159033, 4.549889135254989, 293, 114, 864, 407]",8.410855770111041,25.055555555555554,1000,2,95.0
eval_at,"[0.23595505617977527, 4.270509977827051, 273, 107, 884, 380]",9.304570846557606,25.055555555555554,1000,2,95.5
eval_at,"[0.222990492653414, 3.831485587583149, 258, 96, 899, 354]",10.050942497253422,25.055555555555554,1000,2,96.0
eval_at,"[0.2048401037165082, 3.3924611973392462, 237, 85, 920, 322]",10.904608006477345,25.055555555555554,1000,2,96.5
eval_at,"[0.18063958513396716, 2.753880266075388, 209, 69, 948, 278]",11.678171405792227,25.055555555555554,1000,2,97.0
eval_at,"[0.14779602420051857, 2.2749445676274944, 171, 57, 986, 228]",12.63719093799591,25.055555555555554,1000,2,97.5
eval_at,"[0.12186689714779603, 1.796008869179601, 141, 45, 1016, 186]",13.963846740722648,25.055555555555554,1000,2,98.0
eval_at,"[0.09766637856525497, 1.3569844789356986, 113, 34, 1044, 147]",16.57019313812255,25.055555555555554,1000,2,98.5
eval_at,"[0.06222990492653414, 0.8381374722838139, 72, 21, 1085, 93]",20.60003761291506,25.055555555555554,1000,2,99.0
eval_at,"[0.028522039757994815, 0.4390243902439025, 33, 11, 1124, 44]",28.334656648635683,25.055555555555554,1000,2,99.5
eval_at,"[0.48314606741573035, 48.25277161862528, 559, 1209, 598, 1768]",0.09077733382582664,25.055555555555554,1000,3,50.0
eval_at,"[0.4822817631806396, 48.25277161862528, 558, 1209, 599, 1767]",0.11212093323469155,25.055555555555554,1000,3,50.5
eval_at,"[0.48314606741573035, 48.33259423503326, 559, 1211, 598, 1770]",0.13464516386389755,25.055555555555554,1000,3,51.0
eval_at,"[0.4840103716508211, 48.09312638580931, 560, 1205, 597, 1765]",0.15403672441840174,25.055555555555554,1000,3,51.5
eval_at,"[0.4857389801210026, 48.1729490022173, 562, 1207, 595, 1769]",0.17796872973442074,25.055555555555554,1000,3,52.0
eval_at,"[0.49006050129645634, 48.09312638580931, 567, 1205, 590, 1772]",0.19627721086144476,25.055555555555554,1000,3,52.5
eval_at,"[0.49524632670700086, 47.85365853658537, 573, 1199, 584, 1772]",0.22048529401421563,25.055555555555554,1000,3,53.0
eval_at,"[0.4978392394122731, 48.05321507760532, 576, 1204, 581, 1780]",0.24122495941817762,25.055555555555554,1000,3,53.5
eval_at,"[0.4978392394122731, 48.25277161862528, 576, 1209, 581, 1785]",0.2610533964633942,25.055555555555554,1000,3,54.0
eval_at,"[0.5012964563526361, 48.01330376940133, 580, 1203, 577, 1783]",0.28204435005784095,25.055555555555554,1000,3,54.5
eval_at,"[0.5030250648228176, 47.93348115299335, 582, 1201, 575, 1783]",0.30234529823064815,25.055555555555554,1000,3,55.0
eval_at,"[0.5047536732929991, 48.01330376940133, 584, 1203, 573, 1787]",0.32569405794143685,25.055555555555554,1000,3,55.5
eval_at,"[0.5056179775280899, 47.89356984478936, 585, 1200, 572, 1785]",0.3478954076766968,25.055555555555554,1000,3,56.0
eval_at,"[0.5082108902333622, 47.61419068736142, 588, 1193, 569, 1781]",0.3691490027308463,25.055555555555554,1000,3,56.5
eval_at,"[0.5116681071737251, 47.53436807095344, 592, 1191, 565, 1783]",0.3913524010777473,25.055555555555554,1000,3,57.0
eval_at,"[0.5108038029386344, 47.57427937915743, 591, 1192, 566, 1783]",0.41571238785982123,25.055555555555554,1000,3,57.5
eval_at,"[0.5125324114088159, 47.57427937915743, 593, 1192, 564, 1785]",0.4399468266963957,25.055555555555554,1000,3,58.0
eval_at,"[0.5142610198789974, 47.41463414634147, 595, 1188, 562, 1783]",0.46726177960634213,25.055555555555554,1000,3,58.5
eval_at,"[0.5142610198789974, 46.85587583148559, 595, 1174, 562, 1769]",0.49008097410202023,25.055555555555554,1000,3,59.0
eval_at,"[0.5185825410544511, 46.3769401330377, 600, 1162, 557, 1762]",0.5134383669495581,25.055555555555554,1000,3,59.5
eval_at,"[0.5194468452895419, 46.29711751662972, 601, 1160, 556, 1761]",0.536166477203369,25.055555555555554,1000,3,60.0
eval_at,"[0.5203111495246326, 46.53658536585366, 602, 1166, 555, 1768]",0.5595470631122589,25.055555555555554,1000,3,60.5
eval_at,"[0.5229040622299049, 46.73614190687362, 605, 1171, 552, 1776]",0.5817095768451691,25.055555555555554,1000,3,61.0
eval_at,"[0.5229040622299049, 46.29711751662972, 605, 1160, 552, 1765]",0.6042246025800704,25.055555555555554,1000,3,61.5
eval_at,"[0.5229040622299049, 46.09756097560976, 605, 1155, 552, 1760]",0.6289117872714997,25.055555555555554,1000,3,62.0
eval_at,"[0.5229040622299049, 45.57871396895788, 605, 1142, 552, 1747]",0.6533820331096649,25.055555555555554,1000,3,62.5
eval_at,"[0.5211754537597234, 45.4589800443459, 603, 1139, 554, 1742]",0.6831670719385142,25.055555555555554,1000,3,63.0
eval_at,"[0.5229040622299049, 45.13968957871397, 605, 1131, 552, 1736]",0.7098419928550724,25.055555555555554,1000,3,63.5
eval_at,"[0.5229040622299049, 44.98004434589801, 605, 1127, 552, 1732]",0.7381514167785644,25.055555555555554,1000,3,64.0
eval_at,"[0.5220397579948142, 44.34146341463415, 604, 1111, 553, 1715]",0.764243181347847,25.055555555555554,1000,3,64.5
eval_at,"[0.5237683664649957, 44.02217294900222, 606, 1103, 551, 1709]",0.7910401135683061,25.055555555555554,1000,3,65.0
eval_at,"[0.5237683664649957, 43.62305986696231, 606, 1093, 551, 1699]",0.8190016227960588,25.055555555555554,1000,3,65.5
eval_at,"[0.5237683664649957, 43.104212860310426, 606, 1080, 551, 1686]",0.8498276674747467,25.055555555555554,1000,3,66.0
eval_at,"[0.526361279170268, 42.505543237250556, 609, 1065, 548, 1674]",0.878896164894104,25.055555555555554,1000,3,66.5
eval_at,"[0.5229040622299049, 42.186252771618626, 605, 1057, 552, 1662]",0.9106361728906633,25.055555555555554,1000,3,67.0
eval_at,"[0.5237683664649957, 41.906873614190694, 606, 1050, 551, 1656]",0.9385085552930833,25.055555555555554,1000,3,67.5
eval_at,"[0.5306828003457217, 41.308203991130824, 614, 1035, 543, 1649]",0.9666943550109866,25.055555555555554,1000,3,68.0
eval_at,"[0.5315471045808124, 40.789356984478935, 615, 1022, 542, 1637]",0.9929769545793534,25.055555555555554,1000,3,68.5
eval_at,"[0.5324114088159032, 40.031042128603104, 616, 1003, 541, 1619]",1.0231032216548914,25.055555555555554,1000,3,69.0
eval_at,"[0.5298184961106309, 39.1529933481153, 613, 981, 544, 1594]",1.0563565552234644,25.055555555555554,1000,3,69.5
eval_at,"[0.5298184961106309, 38.75388026607539, 613, 971, 544, 1584]",1.0908433079719542,25.055555555555554,1000,3,70.0
eval_at,"[0.5289541918755402, 38.07538802660754, 612, 954, 545, 1566]",1.1248327416181563,25.055555555555554,1000,3,70.5
eval_at,"[0.5306828003457217, 37.55654101995566, 614, 941, 543, 1555]",1.1584407019615157,25.055555555555554,1000,3,71.0
eval_at,"[0.5306828003457217, 36.79822616407983, 614, 922, 543, 1536]",1.1988615226745605,25.055555555555554,1000,3,71.5
eval_at,"[0.5324114088159032, 36.11973392461198, 616, 905, 541, 1521]",1.23315447807312,25.055555555555554,1000,3,72.0
eval_at,"[0.533275713050994, 35.20177383592018, 617, 882, 540, 1499]",1.2662764459848403,25.055555555555554,1000,3,72.5
eval_at,"[0.533275713050994, 35.00221729490023, 617, 877, 540, 1494]",1.3011794543266295,25.055555555555554,1000,3,73.0
eval_at,"[0.5289541918755402, 34.08425720620843, 612, 854, 545, 1466]",1.3419092965126038,25.055555555555554,1000,3,73.5
eval_at,"[0.5272255834053586, 33.166297117516635, 610, 831, 547, 1441]",1.37932553768158,25.055555555555554,1000,3,74.0
eval_at,"[0.5246326707000865, 32.088691796008874, 607, 804, 550, 1411]",1.4226888734102243,25.055555555555554,1000,3,74.5
eval_at,"[0.5220397579948142, 31.56984478935699, 604, 791, 553, 1395]",1.4639769792556763,25.055555555555554,1000,3,75.0
eval_at,"[0.5203111495246326, 30.731707317073173, 602, 770, 555, 1372]",1.5006821799278272,25.055555555555554,1000,3,75.5
eval_at,"[0.5177182368193605, 29.893569844789358, 599, 749, 558, 1348]",1.5416811180114744,25.055555555555554,1000,3,76.0
eval_at,"[0.5177182368193605, 29.095343680709536, 599, 729, 558, 1328]",1.590722234249115,25.055555555555554,1000,3,76.5
eval_at,"[0.5168539325842697, 27.898004434589804, 598, 699, 559, 1297]",1.6407452356815342,25.055555555555554,1000,3,77.0
eval_at,"[0.5133967156439067, 27.339246119733925, 594, 685, 563, 1279]",1.6886990547180165,25.055555555555554,1000,3,77.5
eval_at,"[0.5108038029386344, 26.42128603104213, 591, 662, 566, 1253]",1.7344632649421694,25.055555555555554,1000,3,78.0
eval_at,"[0.5056179775280899, 25.782705099778273, 585, 646, 572, 1231]",1.7916628944873827,25.055555555555554,1000,3,78.5
eval_at,"[0.4995678478824546, 25.223946784922397, 578, 632, 579, 1210]",1.8576587069034574,25.055555555555554,1000,3,79.0
eval_at,"[0.4978392394122731, 24.38580931263858, 576, 611, 581, 1187]",1.9154004043340684,25.055555555555554,1000,3,79.5
eval_at,"[0.4943820224719101, 23.54767184035477, 572, 590, 585, 1162]",1.9741851329803468,25.055555555555554,1000,3,80.0
eval_at,"[0.49524632670700086, 23.028824833702885, 573, 577, 584, 1150]",2.036969654560089,25.055555555555554,1000,3,80.5
eval_at,"[0.49178910976663787, 22.350332594235034, 569, 560, 588, 1129]",2.102254722118378,25.055555555555554,1000,3,81.0
eval_at,"[0.4874675885911841, 21.392461197339248, 564, 536, 593, 1100]",2.175994237661361,25.055555555555554,1000,3,81.5
eval_at,"[0.4822817631806396, 20.674057649667407, 558, 518, 599, 1076]",2.248897409439087,25.055555555555554,1000,3,82.0
eval_at,"[0.4814174589455488, 19.75609756097561, 557, 495, 600, 1052]",2.3326381504535667,25.055555555555554,1000,3,82.5
eval_at,"[0.47796024200518583, 19.237250554323726, 553, 482, 604, 1035]",2.425430073738098,25.055555555555554,1000,3,83.0
eval_at,"[0.47796024200518583, 18.399113082039914, 553, 461, 604, 1014]",2.5196004760265356,25.055555555555554,1000,3,83.5
eval_at,"[0.4762316335350043, 17.64079822616408, 551, 442, 606, 993]",2.6304725933074953,25.055555555555554,1000,3,84.0
eval_at,"[0.47450302506482284, 16.722838137472284, 549, 419, 608, 968]",2.7276616275310506,25.055555555555554,1000,3,84.5
eval_at,"[0.4710458081244598, 16.044345898004437, 545, 402, 612, 947]",2.8380211830139164,25.055555555555554,1000,3,85.0
eval_at,"[0.4658599827139153, 15.325942350332596, 539, 384, 618, 923]",2.955703905820846,25.055555555555554,1000,3,85.5
eval_at,"[0.46153846153846156, 14.567627494456763, 534, 365, 623, 899]",3.081022396087646,25.055555555555554,1000,3,86.0
eval_at,"[0.4606741573033708, 14.12860310421286, 533, 354, 624, 887]",3.2219283390045166,25.055555555555554,1000,3,86.5
eval_at,"[0.45635263612791704, 13.090909090909092, 528, 328, 629, 856]",3.3582502841949444,25.055555555555554,1000,3,87.0
eval_at,"[0.45030250648228176, 12.133037694013305, 521, 304, 636, 825]",3.52468004822731,25.055555555555554,1000,3,87.5
eval_at,"[0.4399308556611927, 11.694013303769403, 509, 293, 648, 802]",3.7051178741455093,25.055555555555554,1000,3,88.0
eval_at,"[0.4243733794295592, 11.095343680709535, 491, 278, 666, 769]",3.874412554502486,25.055555555555554,1000,3,88.5
eval_at,"[0.4105445116681072, 10.576496674057651, 475, 265, 682, 740]",4.0701590919494635,25.055555555555554,1000,3,89.0
eval_at,"[0.40881590319792566, 10.21729490022173, 473, 256, 684, 729]",4.255578207969666,25.055555555555554,1000,3,89.5
eval_at,"[0.3898012100259291, 9.85809312638581, 451, 247, 706, 698]",4.457726860046381,25.055555555555554,1000,3,90.0
eval_at,"[0.3759723422644771, 9.49889135254989, 435, 238, 722, 673]",4.675087914466858,25.055555555555554,1000,3,90.5
eval_at,"[0.3630077787381158, 8.940133037694014, 420, 224, 737, 644]",4.933004894256597,25.055555555555554,1000,3,91.0
eval_at,"[0.34831460674157305, 8.181818181818182, 403, 205, 754, 608]",5.220453071594238,25.055555555555554,1000,3,91.5
eval_at,"[0.3362143474503025, 7.583148558758316, 389, 190, 768, 579]",5.517267513275148,25.055555555555554,1000,3,92.0
eval_at,"[0.3197925669835782, 7.06430155210643, 370, 177, 787, 547]",5.841959142684942,25.055555555555554,1000,3,92.5
eval_at,"[0.3025064822817632, 6.705099778270511, 350, 168, 807, 518]",6.205128560066222,25.055555555555554,1000,3,93.0
eval_at,"[0.2904062229904927, 6.026607538802661, 336, 151, 821, 487]",6.654482979774491,25.055555555555554,1000,3,93.5
eval_at,"[0.27657735522904064, 5.667405764966741, 320, 142, 837, 462]",7.212375669479336,25.055555555555554,1000,3,94.0
eval_at,"[0.26707000864304237, 5.108647450110865, 309, 128, 848, 437]",7.794489538669587,25.055555555555554,1000,3,94.5
eval_at,"[0.25324114088159033, 4.549889135254989, 293, 114, 864, 407]",8.410855770111041,25.055555555555554,1000,3,95.0
eval_at,"[0.23595505617977527, 4.270509977827051, 273, 107, 884, 380]",9.304570846557606,25.055555555555554,1000,3,95.5
eval_at,"[0.222990492653414, 3.831485587583149, 258, 96, 899, 354]",10.050942497253422,25.055555555555554,1000,3,96.0
eval_at,"[0.2048401037165082, 3.3924611973392462, 237, 85, 920, 322]",10.904608006477345,25.055555555555554,1000,3,96.5
eval_at,"[0.18063958513396716, 2.753880266075388, 209, 69, 948, 278]",11.678171405792227,25.055555555555554,1000,3,97.0
eval_at,"[0.14779602420051857, 2.2749445676274944, 171, 57, 986, 228]",12.63719093799591,25.055555555555554,1000,3,97.5
eval_at,"[0.12186689714779603, 1.796008869179601, 141, 45, 1016, 186]",13.963846740722648,25.055555555555554,1000,3,98.0
eval_at,"[0.09766637856525497, 1.3569844789356986, 113, 34, 1044, 147]",16.57019313812255,25.055555555555554,1000,3,98.5
eval_at,"[0.06222990492653414, 0.8381374722838139, 72, 21, 1085, 93]",20.60003761291506,25.055555555555554,1000,3,99.0
eval_at,"[0.028522039757994815, 0.4390243902439025, 33, 11, 1124, 44]",28.334656648635683,25.055555555555554,1000,3,99.5
eval_at,"[0.48314606741573035, 48.25277161862528, 559, 1209, 598, 1768]",0.09077733382582664,25.055555555555554,1000,4,50.0
eval_at,"[0.4822817631806396, 48.25277161862528, 558, 1209, 599, 1767]",0.11212093323469155,25.055555555555554,1000,4,50.5
eval_at,"[0.48314606741573035, 48.33259423503326, 559, 1211, 598, 1770]",0.13464516386389755,25.055555555555554,1000,4,51.0
eval_at,"[0.4840103716508211, 48.09312638580931, 560, 1205, 597, 1765]",0.15403672441840174,25.055555555555554,1000,4,51.5
eval_at,"[0.4857389801210026, 48.1729490022173, 562, 1207, 595, 1769]",0.17796872973442074,25.055555555555554,1000,4,52.0
eval_at,"[0.49006050129645634, 48.09312638580931, 567, 1205, 590, 1772]",0.19627721086144476,25.055555555555554,1000,4,52.5
eval_at,"[0.49524632670700086, 47.85365853658537, 573, 1199, 584, 1772]",0.22048529401421563,25.055555555555554,1000,4,53.0
eval_at,"[0.4978392394122731, 48.05321507760532, 576, 1204, 581, 1780]",0.24122495941817762,25.055555555555554,1000,4,53.5
eval_at,"[0.4978392394122731, 48.25277161862528, 576, 1209, 581, 1785]",0.2610533964633942,25.055555555555554,1000,4,54.0
eval_at,"[0.5012964563526361, 48.01330376940133, 580, 1203, 577, 1783]",0.28204435005784095,25.055555555555554,1000,4,54.5
eval_at,"[0.5030250648228176, 47.93348115299335, 582, 1201, 575, 1783]",0.30234529823064815,25.055555555555554,1000,4,55.0
eval_at,"[0.5047536732929991, 48.01330376940133, 584, 1203, 573, 1787]",0.32569405794143685,25.055555555555554,1000,4,55.5
eval_at,"[0.5056179775280899, 47.89356984478936, 585, 1200, 572, 1785]",0.3478954076766968,25.055555555555554,1000,4,56.0
eval_at,"[0.5082108902333622, 47.61419068736142, 588, 1193, 569, 1781]",0.3691490027308463,25.055555555555554,1000,4,56.5
eval_at,"[0.5116681071737251, 47.53436807095344, 592, 1191, 565, 1783]",0.3913524010777473,25.055555555555554,1000,4,57.0
eval_at,"[0.5108038029386344, 47.57427937915743, 591, 1192, 566, 1783]",0.41571238785982123,25.055555555555554,1000,4,57.5
eval_at,"[0.5125324114088159, 47.57427937915743, 593, 1192, 564, 1785]",0.4399468266963957,25.055555555555554,1000,4,58.0
eval_at,"[0.5142610198789974, 47.41463414634147, 595, 1188, 562, 1783]",0.46726177960634213,25.055555555555554,1000,4,58.5
eval_at,"[0.5142610198789974, 46.85587583148559, 595, 1174, 562, 1769]",0.49008097410202023,25.055555555555554,1000,4,59.0
eval_at,"[0.5185825410544511, 46.3769401330377, 600, 1162, 557, 1762]",0.5134383669495581,25.055555555555554,1000,4,59.5
eval_at,"[0.5194468452895419, 46.29711751662972, 601, 1160, 556, 1761]",0.536166477203369,25.055555555555554,1000,4,60.0
eval_at,"[0.5203111495246326, 46.53658536585366, 602, 1166, 555, 1768]",0.5595470631122589,25.055555555555554,1000,4,60.5
eval_at,"[0.5229040622299049, 46.73614190687362, 605, 1171, 552, 1776]",0.5817095768451691,25.055555555555554,1000,4,61.0
eval_at,"[0.5229040622299049, 46.29711751662972, 605, 1160, 552, 1765]",0.6042246025800704,25.055555555555554,1000,4,61.5
eval_at,"[0.5229040622299049, 46.09756097560976, 605, 1155, 552, 1760]",0.6289117872714997,25.055555555555554,1000,4,62.0
eval_at,"[0.5229040622299049, 45.57871396895788, 605, 1142, 552, 1747]",0.6533820331096649,25.055555555555554,1000,4,62.5
eval_at,"[0.5211754537597234, 45.4589800443459, 603, 1139, 554, 1742]",0.6831670719385142,25.055555555555554,1000,4,63.0
eval_at,"[0.5229040622299049, 45.13968957871397, 605, 1131, 552, 1736]",0.7098419928550724,25.055555555555554,1000,4,63.5
eval_at,"[0.5229040622299049, 44.98004434589801, 605, 1127, 552, 1732]",0.7381514167785644,25.055555555555554,1000,4,64.0
eval_at,"[0.5220397579948142, 44.34146341463415, 604, 1111, 553, 1715]",0.764243181347847,25.055555555555554,1000,4,64.5
eval_at,"[0.5237683664649957, 44.02217294900222, 606, 1103, 551, 1709]",0.7910401135683061,25.055555555555554,1000,4,65.0
eval_at,"[0.5237683664649957, 43.62305986696231, 606, 1093, 551, 1699]",0.8190016227960588,25.055555555555554,1000,4,65.5
eval_at,"[0.5237683664649957, 43.104212860310426, 606, 1080, 551, 1686]",0.8498276674747467,25.055555555555554,1000,4,66.0
eval_at,"[0.526361279170268, 42.505543237250556, 609, 1065, 548, 1674]",0.878896164894104,25.055555555555554,1000,4,66.5
eval_at,"[0.5229040622299049, 42.186252771618626, 605, 1057, 552, 1662]",0.9106361728906633,25.055555555555554,1000,4,67.0
eval_at,"[0.5237683664649957, 41.906873614190694, 606, 1050, 551, 1656]",0.9385085552930833,25.055555555555554,1000,4,67.5
eval_at,"[0.5306828003457217, 41.308203991130824, 614, 1035, 543, 1649]",0.9666943550109866,25.055555555555554,1000,4,68.0
eval_at,"[0.5315471045808124, 40.789356984478935, 615, 1022, 542, 1637]",0.9929769545793534,25.055555555555554,1000,4,68.5
eval_at,"[0.5324114088159032, 40.031042128603104, 616, 1003, 541, 1619]",1.0231032216548914,25.055555555555554,1000,4,69.0
eval_at,"[0.5298184961106309, 39.1529933481153, 613, 981, 544, 1594]",1.0563565552234644,25.055555555555554,1000,4,69.5
eval_at,"[0.5298184961106309, 38.75388026607539, 613, 971, 544, 1584]",1.0908433079719542,25.055555555555554,1000,4,70.0
eval_at,"[0.5289541918755402, 38.07538802660754, 612, 954, 545, 1566]",1.1248327416181563,25.055555555555554,1000,4,70.5
eval_at,"[0.5306828003457217, 37.55654101995566, 614, 941, 543, 1555]",1.1584407019615157,25.055555555555554,1000,4,71.0
eval_at,"[0.5306828003457217, 36.79822616407983, 614, 922, 543, 1536]",1.1988615226745605,25.055555555555554,1000,4,71.5
eval_at,"[0.5324114088159032, 36.11973392461198, 616, 905, 541, 1521]",1.23315447807312,25.055555555555554,1000,4,72.0
eval_at,"[0.533275713050994, 35.20177383592018, 617, 882, 540, 1499]",1.2662764459848403,25.055555555555554,1000,4,72.5
eval_at,"[0.533275713050994, 35.00221729490023, 617, 877, 540, 1494]",1.3011794543266295,25.055555555555554,1000,4,73.0
eval_at,"[0.5289541918755402, 34.08425720620843, 612, 854, 545, 1466]",1.3419092965126038,25.055555555555554,1000,4,73.5
eval_at,"[0.5272255834053586, 33.166297117516635, 610, 831, 547, 1441]",1.37932553768158,25.055555555555554,1000,4,74.0
eval_at,"[0.5246326707000865, 32.088691796008874, 607, 804, 550, 1411]",1.4226888734102243,25.055555555555554,1000,4,74.5
eval_at,"[0.5220397579948142, 31.56984478935699, 604, 791, 553, 1395]",1.4639769792556763,25.055555555555554,1000,4,75.0
eval_at,"[0.5203111495246326, 30.731707317073173, 602, 770, 555, 1372]",1.5006821799278272,25.055555555555554,1000,4,75.5
eval_at,"[0.5177182368193605, 29.893569844789358, 599, 749, 558, 1348]",1.5416811180114744,25.055555555555554,1000,4,76.0
eval_at,"[0.5177182368193605, 29.095343680709536, 599, 729, 558, 1328]",1.590722234249115,25.055555555555554,1000,4,76.5
eval_at,"[0.5168539325842697, 27.898004434589804, 598, 699, 559, 1297]",1.6407452356815342,25.055555555555554,1000,4,77.0
eval_at,"[0.5133967156439067, 27.339246119733925, 594, 685, 563, 1279]",1.6886990547180165,25.055555555555554,1000,4,77.5
eval_at,"[0.5108038029386344, 26.42128603104213, 591, 662, 566, 1253]",1.7344632649421694,25.055555555555554,1000,4,78.0
eval_at,"[0.5056179775280899, 25.782705099778273, 585, 646, 572, 1231]",1.7916628944873827,25.055555555555554,1000,4,78.5
eval_at,"[0.4995678478824546, 25.223946784922397, 578, 632, 579, 1210]",1.8576587069034574,25.055555555555554,1000,4,79.0
eval_at,"[0.4978392394122731, 24.38580931263858, 576, 611, 581, 1187]",1.9154004043340684,25.055555555555554,1000,4,79.5
eval_at,"[0.4943820224719101, 23.54767184035477, 572, 590, 585, 1162]",1.9741851329803468,25.055555555555554,1000,4,80.0
eval_at,"[0.49524632670700086, 23.028824833702885, 573, 577, 584, 1150]",2.036969654560089,25.055555555555554,1000,4,80.5
eval_at,"[0.49178910976663787, 22.350332594235034, 569, 560, 588, 1129]",2.102254722118378,25.055555555555554,1000,4,81.0
eval_at,"[0.4874675885911841, 21.392461197339248, 564, 536, 593, 1100]",2.175994237661361,25.055555555555554,1000,4,81.5
eval_at,"[0.4822817631806396, 20.674057649667407, 558, 518, 599, 1076]",2.248897409439087,25.055555555555554,1000,4,82.0
eval_at,"[0.4814174589455488, 19.75609756097561, 557, 495, 600, 1052]",2.3326381504535667,25.055555555555554,1000,4,82.5
eval_at,"[0.47796024200518583, 19.237250554323726, 553, 482, 604, 1035]",2.425430073738098,25.055555555555554,1000,4,83.0
eval_at,"[0.47796024200518583, 18.399113082039914, 553, 461, 604, 1014]",2.5196004760265356,25.055555555555554,1000,4,83.5
eval_at,"[0.4762316335350043, 17.64079822616408, 551, 442, 606, 993]",2.6304725933074953,25.055555555555554,1000,4,84.0
eval_at,"[0.47450302506482284, 16.722838137472284, 549, 419, 608, 968]",2.7276616275310506,25.055555555555554,1000,4,84.5
eval_at,"[0.4710458081244598, 16.044345898004437, 545, 402, 612, 947]",2.8380211830139164,25.055555555555554,1000,4,85.0
eval_at,"[0.4658599827139153, 15.325942350332596, 539, 384, 618, 923]",2.955703905820846,25.055555555555554,1000,4,85.5
eval_at,"[0.46153846153846156, 14.567627494456763, 534, 365, 623, 899]",3.081022396087646,25.055555555555554,1000,4,86.0
eval_at,"[0.4606741573033708, 14.12860310421286, 533, 354, 624, 887]",3.2219283390045166,25.055555555555554,1000,4,86.5
eval_at,"[0.45635263612791704, 13.090909090909092, 528, 328, 629, 856]",3.3582502841949444,25.055555555555554,1000,4,87.0
eval_at,"[0.45030250648228176, 12.133037694013305, 521, 304, 636, 825]",3.52468004822731,25.055555555555554,1000,4,87.5
eval_at,"[0.4399308556611927, 11.694013303769403, 509, 293, 648, 802]",3.7051178741455093,25.055555555555554,1000,4,88.0
eval_at,"[0.4243733794295592, 11.095343680709535, 491, 278, 666, 769]",3.874412554502486,25.055555555555554,1000,4,88.5
eval_at,"[0.4105445116681072, 10.576496674057651, 475, 265, 682, 740]",4.0701590919494635,25.055555555555554,1000,4,89.0
eval_at,"[0.40881590319792566, 10.21729490022173, 473, 256, 684, 729]",4.255578207969666,25.055555555555554,1000,4,89.5
eval_at,"[0.3898012100259291, 9.85809312638581, 451, 247, 706, 698]",4.457726860046381,25.055555555555554,1000,4,90.0
eval_at,"[0.3759723422644771, 9.49889135254989, 435, 238, 722, 673]",4.675087914466858,25.055555555555554,1000,4,90.5
eval_at,"[0.3630077787381158, 8.940133037694014, 420, 224, 737, 644]",4.933004894256597,25.055555555555554,1000,4,91.0
eval_at,"[0.34831460674157305, 8.181818181818182, 403, 205, 754, 608]",5.220453071594238,25.055555555555554,1000,4,91.5
eval_at,"[0.3362143474503025, 7.583148558758316, 389, 190, 768, 579]",5.517267513275148,25.055555555555554,1000,4,92.0
eval_at,"[0.3197925669835782, 7.06430155210643, 370, 177, 787, 547]",5.841959142684942,25.055555555555554,1000,4,92.5
eval_at,"[0.3025064822817632, 6.705099778270511, 350, 168, 807, 518]",6.205128560066222,25.055555555555554,1000,4,93.0
eval_at,"[0.2904062229904927, 6.026607538802661, 336, 151, 821, 487]",6.654482979774491,25.055555555555554,1000,4,93.5
eval_at,"[0.27657735522904064, 5.667405764966741, 320, 142, 837, 462]",7.212375669479336,25.055555555555554,1000,4,94.0
eval_at,"[0.26707000864304237, 5.108647450110865, 309, 128, 848, 437]",7.794489538669587,25.055555555555554,1000,4,94.5
eval_at,"[0.25324114088159033, 4.549889135254989, 293, 114, 864, 407]",8.410855770111041,25.055555555555554,1000,4,95.0
eval_at,"[0.23595505617977527, 4.270509977827051, 273, 107, 884, 380]",9.304570846557606,25.055555555555554,1000,4,95.5
eval_at,"[0.222990492653414, 3.831485587583149, 258, 96, 899, 354]",10.050942497253422,25.055555555555554,1000,4,96.0
eval_at,"[0.2048401037165082, 3.3924611973392462, 237, 85, 920, 322]",10.904608006477345,25.055555555555554,1000,4,96.5
eval_at,"[0.18063958513396716, 2.753880266075388, 209, 69, 948, 278]",11.678171405792227,25.055555555555554,1000,4,97.0
eval_at,"[0.14779602420051857, 2.2749445676274944, 171, 57, 986, 228]",12.63719093799591,25.055555555555554,1000,4,97.5
eval_at,"[0.12186689714779603, 1.796008869179601, 141, 45, 1016, 186]",13.963846740722648,25.055555555555554,1000,4,98.0
eval_at,"[0.09766637856525497, 1.3569844789356986, 113, 34, 1044, 147]",16.57019313812255,25.055555555555554,1000,4,98.5
eval_at,"[0.06222990492653414, 0.8381374722838139, 72, 21, 1085, 93]",20.60003761291506,25.055555555555554,1000,4,99.0
eval_at,"[0.028522039757994815, 0.4390243902439025, 33, 11, 1124, 44]",28.334656648635683,25.055555555555554,1000,4,99.5
eval_at,"[0.48314606741573035, 48.25277161862528, 559, 1209, 598, 1768]",0.09077733382582664,25.055555555555554,all,0,50.0
eval_at,"[0.4822817631806396, 48.25277161862528, 558, 1209, 599, 1767]",0.11212093323469155,25.055555555555554,all,0,50.5
eval_at,"[0.48314606741573035, 48.33259423503326, 559, 1211, 598, 1770]",0.13464516386389755,25.055555555555554,all,0,51.0
eval_at,"[0.4840103716508211, 48.09312638580931, 560, 1205, 597, 1765]",0.15403672441840174,25.055555555555554,all,0,51.5
eval_at,"[0.4857389801210026, 48.1729490022173, 562, 1207, 595, 1769]",0.17796872973442074,25.055555555555554,all,0,52.0
eval_at,"[0.49006050129645634, 48.09312638580931, 567, 1205, 590, 1772]",0.19627721086144476,25.055555555555554,all,0,52.5
eval_at,"[0.49524632670700086, 47.85365853658537, 573, 1199, 584, 1772]",0.22048529401421563,25.055555555555554,all,0,53.0
eval_at,"[0.4978392394122731, 48.05321507760532, 576, 1204, 581, 1780]",0.24122495941817762,25.055555555555554,all,0,53.5
eval_at,"[0.4978392394122731, 48.25277161862528, 576, 1209, 581, 1785]",0.2610533964633942,25.055555555555554,all,0,54.0
eval_at,"[0.5012964563526361, 48.01330376940133, 580, 1203, 577, 1783]",0.28204435005784095,25.055555555555554,all,0,54.5
eval_at,"[0.5030250648228176, 47.93348115299335, 582, 1201, 575, 1783]",0.30234529823064815,25.055555555555554,all,0,55.0
eval_at,"[0.5047536732929991, 48.01330376940133, 584, 1203, 573, 1787]",0.32569405794143685,25.055555555555554,all,0,55.5
eval_at,"[0.5056179775280899, 47.89356984478936, 585, 1200, 572, 1785]",0.3478954076766968,25.055555555555554,all,0,56.0
eval_at,"[0.5082108902333622, 47.61419068736142, 588, 1193, 569, 1781]",0.3691490027308463,25.055555555555554,all,0,56.5
eval_at,"[0.5116681071737251, 47.53436807095344, 592, 1191, 565, 1783]",0.3913524010777473,25.055555555555554,all,0,57.0
eval_at,"[0.5108038029386344, 47.57427937915743, 591, 1192, 566, 1783]",0.41571238785982123,25.055555555555554,all,0,57.5
eval_at,"[0.5125324114088159, 47.57427937915743, 593, 1192, 564, 1785]",0.4399468266963957,25.055555555555554,all,0,58.0
eval_at,"[0.5142610198789974, 47.41463414634147, 595, 1188, 562, 1783]",0.46726177960634213,25.055555555555554,all,0,58.5
eval_at,"[0.5142610198789974, 46.85587583148559, 595, 1174, 562, 1769]",0.49008097410202023,25.055555555555554,all,0,59.0
eval_at,"[0.5185825410544511, 46.3769401330377, 600, 1162, 557, 1762]",0.5134383669495581,25.055555555555554,all,0,59.5
eval_at,"[0.5194468452895419, 46.29711751662972, 601, 1160, 556, 1761]",0.536166477203369,25.055555555555554,all,0,60.0
eval_at,"[0.5203111495246326, 46.53658536585366, 602, 1166, 555, 1768]",0.5595470631122589,25.055555555555554,all,0,60.5
eval_at,"[0.5229040622299049, 46.73614190687362, 605, 1171, 552, 1776]",0.5817095768451691,25.055555555555554,all,0,61.0
eval_at,"[0.5229040622299049, 46.29711751662972, 605, 1160, 552, 1765]",0.6042246025800704,25.055555555555554,all,0,61.5
eval_at,"[0.5229040622299049, 46.09756097560976, 605, 1155, 552, 1760]",0.6289117872714997,25.055555555555554,all,0,62.0
eval_at,"[0.5229040622299049, 45.57871396895788, 605, 1142, 552, 1747]",0.6533820331096649,25.055555555555554,all,0,62.5
eval_at,"[0.5211754537597234, 45.4589800443459, 603, 1139, 554, 1742]",0.6831670719385142,25.055555555555554,all,0,63.0
eval_at,"[0.5229040622299049, 45.13968957871397, 605, 1131, 552, 1736]",0.7098419928550724,25.055555555555554,all,0,63.5
eval_at,"[0.5229040622299049, 44.98004434589801, 605, 1127, 552, 1732]",0.7381514167785644,25.055555555555554,all,0,64.0
eval_at,"[0.5220397579948142, 44.34146341463415, 604, 1111, 553, 1715]",0.764243181347847,25.055555555555554,all,0,64.5
eval_at,"[0.5237683664649957, 44.02217294900222, 606, 1103, 551, 1709]",0.7910401135683061,25.055555555555554,all,0,65.0
eval_at,"[0.5237683664649957, 43.62305986696231, 606, 1093, 551, 1699]",0.8190016227960588,25.055555555555554,all,0,65.5
eval_at,"[0.5237683664649957, 43.104212860310426, 606, 1080, 551, 1686]",0.8498276674747467,25.055555555555554,all,0,66.0
eval_at,"[0.526361279170268, 42.505543237250556, 609, 1065, 548, 1674]",0.878896164894104,25.055555555555554,all,0,66.5
eval_at,"[0.5229040622299049, 42.186252771618626, 605, 1057, 552, 1662]",0.9106361728906633,25.055555555555554,all,0,67.0
eval_at,"[0.5237683664649957, 41.906873614190694, 606, 1050, 551, 1656]",0.9385085552930833,25.055555555555554,all,0,67.5
eval_at,"[0.5306828003457217, 41.308203991130824, 614, 1035, 543, 1649]",0.9666943550109866,25.055555555555554,all,0,68.0
eval_at,"[0.5315471045808124, 40.789356984478935, 615, 1022, 542, 1637]",0.9929769545793534,25.055555555555554,all,0,68.5
eval_at,"[0.5324114088159032, 40.031042128603104, 616, 1003, 541, 1619]",1.0231032216548914,25.055555555555554,all,0,69.0
eval_at,"[0.5298184961106309, 39.1529933481153, 613, 981, 544, 1594]",1.0563565552234644,25.055555555555554,all,0,69.5
eval_at,"[0.5298184961106309, 38.75388026607539, 613, 971, 544, 1584]",1.0908433079719542,25.055555555555554,all,0,70.0
eval_at,"[0.5289541918755402, 38.07538802660754, 612, 954, 545, 1566]",1.1248327416181563,25.055555555555554,all,0,70.5
eval_at,"[0.5306828003457217, 37.55654101995566, 614, 941, 543, 1555]",1.1584407019615157,25.055555555555554,all,0,71.0
eval_at,"[0.5306828003457217, 36.79822616407983, 614, 922, 543, 1536]",1.1988615226745605,25.055555555555554,all,0,71.5
eval_at,"[0.5324114088159032, 36.11973392461198, 616, 905, 541, 1521]",1.23315447807312,25.055555555555554,all,0,72.0
eval_at,"[0.533275713050994, 35.20177383592018, 617, 882, 540, 1499]",1.2662764459848403,25.055555555555554,all,0,72.5
eval_at,"[0.533275713050994, 35.00221729490023, 617, 877, 540, 1494]",1.3011794543266295,25.055555555555554,all,0,73.0
eval_at,"[0.5289541918755402, 34.08425720620843, 612, 854, 545, 1466]",1.3419092965126038,25.055555555555554,all,0,73.5
eval_at,"[0.5272255834053586, 33.166297117516635, 610, 831, 547, 1441]",1.37932553768158,25.055555555555554,all,0,74.0
eval_at,"[0.5246326707000865, 32.088691796008874, 607, 804, 550, 1411]",1.4226888734102243,25.055555555555554,all,0,74.5
eval_at,"[0.5220397579948142, 31.56984478935699, 604, 791, 553, 1395]",1.4639769792556763,25.055555555555554,all,0,75.0
eval_at,"[0.5203111495246326, 30.731707317073173, 602, 770, 555, 1372]",1.5006821799278272,25.055555555555554,all,0,75.5
eval_at,"[0.5177182368193605, 29.893569844789358, 599, 749, 558, 1348]",1.5416811180114744,25.055555555555554,all,0,76.0
eval_at,"[0.5177182368193605, 29.095343680709536, 599, 729, 558, 1328]",1.590722234249115,25.055555555555554,all,0,76.5
eval_at,"[0.5168539325842697, 27.898004434589804, 598, 699, 559, 1297]",1.6407452356815342,25.055555555555554,all,0,77.0
eval_at,"[0.5133967156439067, 27.339246119733925, 594, 685, 563, 1279]",1.6886990547180165,25.055555555555554,all,0,77.5
eval_at,"[0.5108038029386344, 26.42128603104213, 591, 662, 566, 1253]",1.7344632649421694,25.055555555555554,all,0,78.0
eval_at,"[0.5056179775280899, 25.782705099778273, 585, 646, 572, 1231]",1.7916628944873827,25.055555555555554,all,0,78.5
eval_at,"[0.4995678478824546, 25.223946784922397, 578, 632, 579, 1210]",1.8576587069034574,25.055555555555554,all,0,79.0
eval_at,"[0.4978392394122731, 24.38580931263858, 576, 611, 581, 1187]",1.9154004043340684,25.055555555555554,all,0,79.5
eval_at,"[0.4943820224719101, 23.54767184035477, 572, 590, 585, 1162]",1.9741851329803468,25.055555555555554,all,0,80.0
eval_at,"[0.49524632670700086, 23.028824833702885, 573, 577, 584, 1150]",2.036969654560089,25.055555555555554,all,0,80.5
eval_at,"[0.49178910976663787, 22.350332594235034, 569, 560, 588, 1129]",2.102254722118378,25.055555555555554,all,0,81.0
eval_at,"[0.4874675885911841, 21.392461197339248, 564, 536, 593, 1100]",2.175994237661361,25.055555555555554,all,0,81.5
eval_at,"[0.4822817631806396, 20.674057649667407, 558, 518, 599, 1076]",2.248897409439087,25.055555555555554,all,0,82.0
eval_at,"[0.4814174589455488, 19.75609756097561, 557, 495, 600, 1052]",2.3326381504535667,25.055555555555554,all,0,82.5
eval_at,"[0.47796024200518583, 19.237250554323726, 553, 482, 604, 1035]",2.425430073738098,25.055555555555554,all,0,83.0
eval_at,"[0.47796024200518583, 18.399113082039914, 553, 461, 604, 1014]",2.5196004760265356,25.055555555555554,all,0,83.5
eval_at,"[0.4762316335350043, 17.64079822616408, 551, 442, 606, 993]",2.6304725933074953,25.055555555555554,all,0,84.0
eval_at,"[0.47450302506482284, 16.722838137472284, 549, 419, 608, 968]",2.7276616275310506,25.055555555555554,all,0,84.5
eval_at,"[0.4710458081244598, 16.044345898004437, 545, 402, 612, 947]",2.8380211830139164,25.055555555555554,all,0,85.0
eval_at,"[0.4658599827139153, 15.325942350332596, 539, 384, 618, 923]",2.955703905820846,25.055555555555554,all,0,85.5
eval_at,"[0.46153846153846156, 14.567627494456763, 534, 365, 623, 899]",3.081022396087646,25.055555555555554,all,0,86.0
eval_at,"[0.4606741573033708, 14.12860310421286, 533, 354, 624, 887]",3.2219283390045166,25.055555555555554,all,0,86.5
eval_at,"[0.45635263612791704, 13.090909090909092, 528, 328, 629, 856]",3.3582502841949444,25.055555555555554,all,0,87.0
eval_at,"[0.45030250648228176, 12.133037694013305, 521, 304, 636, 825]",3.52468004822731,25.055555555555554,all,0,87.5
eval_at,"[0.4399308556611927, 11.694013303769403, 509, 293, 648, 802]",3.7051178741455093,25.055555555555554,all,0,88.0
eval_at,"[0.4243733794295592, 11.095343680709535, 491, 278, 666, 769]",3.874412554502486,25.055555555555554,all,0,88.5
eval_at,"[0.4105445116681072, 10.576496674057651, 475, 265, 682, 740]",4.0701590919494635,25.055555555555554,all,0,89.0
eval_at,"[0.40881590319792566, 10.21729490022173, 473, 256, 684, 729]",4.255578207969666,25.055555555555554,all,0,89.5
eval_at,"[0.3898012100259291, 9.85809312638581, 451, 247, 706, 698]",4.457726860046381,25.055555555555554,all,0,90.0
eval_at,"[0.3759723422644771, 9.49889135254989, 435, 238, 722, 673]",4.675087914466858,25.055555555555554,all,0,90.5
eval_at,"[0.3630077787381158, 8.940133037694014, 420, 224, 737, 644]",4.933004894256597,25.055555555555554,all,0,91.0
eval_at,"[0.34831460674157305, 8.181818181818182, 403, 205, 754, 608]",5.220453071594238,25.055555555555554,all,0,91.5
eval_at,"[0.3362143474503025, 7.583148558758316, 389, 190, 768, 579]",5.517267513275148,25.055555555555554,all,0,92.0
eval_at,"[0.3197925669835782, 7.06430155210643, 370, 177, 787, 547]",5.841959142684942,25.055555555555554,all,0,92.5
eval_at,"[0.3025064822817632, 6.705099778270511, 350, 168, 807, 518]",6.205128560066222,25.055555555555554,all,0,93.0
eval_at,"[0.2904062229904927, 6.026607538802661, 336, 151, 821, 487]",6.654482979774491,25.055555555555554,all,0,93.5
eval_at,"[0.27657735522904064, 5.667405764966741, 320, 142, 837, 462]",7.212375669479336,25.055555555555554,all,0,94.0
eval_at,"[0.26707000864304237, 5.108647450110865, 309, 128, 848, 437]",7.794489538669587,25.055555555555554,all,0,94.5
eval_at,"[0.25324114088159033, 4.549889135254989, 293, 114, 864, 407]",8.410855770111041,25.055555555555554,all,0,95.0
eval_at,"[0.23595505617977527, 4.270509977827051, 273, 107, 884, 380]",9.304570846557606,25.055555555555554,all,0,95.5
eval_at,"[0.222990492653414, 3.831485587583149, 258, 96, 899, 354]",10.050942497253422,25.055555555555554,all,0,96.0
eval_at,"[0.2048401037165082, 3.3924611973392462, 237, 85, 920, 322]",10.904608006477345,25.055555555555554,all,0,96.5
eval_at,"[0.18063958513396716, 2.753880266075388, 209, 69, 948, 278]",11.678171405792227,25.055555555555554,all,0,97.0
eval_at,"[0.14779602420051857, 2.2749445676274944, 171, 57, 986, 228]",12.63719093799591,25.055555555555554,all,0,97.5
eval_at,"[0.12186689714779603, 1.796008869179601, 141, 45, 1016, 186]",13.963846740722648,25.055555555555554,all,0,98.0
eval_at,"[0.09766637856525497, 1.3569844789356986, 113, 34, 1044, 147]",16.57019313812255,25.055555555555554,all,0,98.5
eval_at,"[0.06222990492653414, 0.8381374722838139, 72, 21, 1085, 93]",20.60003761291506,25.055555555555554,all,0,99.0
eval_at,"[0.028522039757994815, 0.4390243902439025, 33, 11, 1124, 44]",28.334656648635683,25.055555555555554,all,0,99.5
